
 /----------------------------------------------------------------------------\
 |  yosys -- Yosys Open SYnthesis Suite                                       |
 |  Copyright (C) 2012 - 2025  Claire Xenia Wolf <claire@yosyshq.com>         |
 |  Distributed under an ISC-like license, type "license" to see terms        |
 \----------------------------------------------------------------------------/
 Yosys 0.54+29 (git sha1 7b0c1fe49, clang++ 18.1.8 -fPIC -O3)

-- Executing script file `/workspace/scripts/synth/work/blocks/vibe_bcrc/vibe_bcrc.ys' --
Disabled timestamp in logs.
echo on

yosys> read_verilog -sv -I /workspace/rtl/common /workspace/rtl/dll/vibe_bcrc.sv

1. Executing Verilog-2005 frontend: /workspace/rtl/dll/vibe_bcrc.sv
Parsing SystemVerilog input from `/workspace/rtl/dll/vibe_bcrc.sv' to AST representation.
Generating RTLIL representation for module `\vibe_bcrc'.
Successfully finished Verilog frontend.

yosys> synth -top vibe_bcrc -run :fine

2. Executing SYNTH pass.

yosys> hierarchy -check -top vibe_bcrc

2.1. Executing HIERARCHY pass (managing design hierarchy).

2.1.1. Analyzing design hierarchy..
Top module:  \vibe_bcrc

2.1.2. Analyzing design hierarchy..
Top module:  \vibe_bcrc
Removed 0 unused modules.

yosys> proc

2.2. Executing PROC pass (convert processes to netlists).

yosys> proc_clean

2.2.1. Executing PROC_CLEAN pass (remove empty switches from decision trees).
Cleaned up 0 empty switches.

yosys> proc_rmdead

2.2.2. Executing PROC_RMDEAD pass (remove dead branches from decision trees).
Marked 3 switch rules as full_case in process $proc$/workspace/rtl/dll/vibe_bcrc.sv:28$162 in module vibe_bcrc.
Removed a total of 0 dead cases.

yosys> proc_prune

2.2.3. Executing PROC_PRUNE pass (remove redundant assignments in processes).
Removed 1 redundant assignment.
Promoted 642 assignments to connections.

yosys> proc_init

2.2.4. Executing PROC_INIT pass (extract init attributes).

yosys> proc_arst

2.2.5. Executing PROC_ARST pass (detect async resets in processes).
Found async reset \rst_n in `\vibe_bcrc.$proc$/workspace/rtl/dll/vibe_bcrc.sv:28$162'.

yosys> proc_rom

2.2.6. Executing PROC_ROM pass (convert switches to ROMs).
Converted 0 switches.
<suppressed ~3 debug messages>

yosys> proc_mux

2.2.7. Executing PROC_MUX pass (convert decision trees to multiplexers).
Creating decoders for process `\vibe_bcrc.$proc$/workspace/rtl/dll/vibe_bcrc.sv:28$162'.
     1/1929: $3\i[31:0]
     2/1929: $3\eat.t[29:0]
     3/1929: $3\crc30_step$func$/workspace/rtl/dll/vibe_bcrc.sv:42$161.$result[29:0]$2720
     4/1929: $3\crc30_step$func$/workspace/rtl/dll/vibe_bcrc.sv:42$161.fb[0:0]$2723
     5/1929: $3\crc30_step$func$/workspace/rtl/dll/vibe_bcrc.sv:42$161.b[0:0]$2722
     6/1929: $3\crc30_step$func$/workspace/rtl/dll/vibe_bcrc.sv:42$161.c[29:0]$2721
     7/1929: $3\crc30_step$func$/workspace/rtl/dll/vibe_bcrc.sv:42$160.$result[29:0]$2716
     8/1929: $3\crc30_step$func$/workspace/rtl/dll/vibe_bcrc.sv:42$160.fb[0:0]$2719
     9/1929: $3\crc30_step$func$/workspace/rtl/dll/vibe_bcrc.sv:42$160.b[0:0]$2718
    10/1929: $3\crc30_step$func$/workspace/rtl/dll/vibe_bcrc.sv:42$160.c[29:0]$2717
    11/1929: $3\crc30_step$func$/workspace/rtl/dll/vibe_bcrc.sv:42$159.$result[29:0]$2712
    12/1929: $3\crc30_step$func$/workspace/rtl/dll/vibe_bcrc.sv:42$159.fb[0:0]$2715
    13/1929: $3\crc30_step$func$/workspace/rtl/dll/vibe_bcrc.sv:42$159.b[0:0]$2714
    14/1929: $3\crc30_step$func$/workspace/rtl/dll/vibe_bcrc.sv:42$159.c[29:0]$2713
    15/1929: $3\crc30_step$func$/workspace/rtl/dll/vibe_bcrc.sv:42$158.$result[29:0]$2708
    16/1929: $3\crc30_step$func$/workspace/rtl/dll/vibe_bcrc.sv:42$158.fb[0:0]$2711
    17/1929: $3\crc30_step$func$/workspace/rtl/dll/vibe_bcrc.sv:42$158.b[0:0]$2710
    18/1929: $3\crc30_step$func$/workspace/rtl/dll/vibe_bcrc.sv:42$158.c[29:0]$2709
    19/1929: $3\crc30_step$func$/workspace/rtl/dll/vibe_bcrc.sv:42$157.$result[29:0]$2704
    20/1929: $3\crc30_step$func$/workspace/rtl/dll/vibe_bcrc.sv:42$157.fb[0:0]$2707
    21/1929: $3\crc30_step$func$/workspace/rtl/dll/vibe_bcrc.sv:42$157.b[0:0]$2706
    22/1929: $3\crc30_step$func$/workspace/rtl/dll/vibe_bcrc.sv:42$157.c[29:0]$2705
    23/1929: $3\crc30_step$func$/workspace/rtl/dll/vibe_bcrc.sv:42$156.$result[29:0]$2700
    24/1929: $3\crc30_step$func$/workspace/rtl/dll/vibe_bcrc.sv:42$156.fb[0:0]$2703
    25/1929: $3\crc30_step$func$/workspace/rtl/dll/vibe_bcrc.sv:42$156.b[0:0]$2702
    26/1929: $3\crc30_step$func$/workspace/rtl/dll/vibe_bcrc.sv:42$156.c[29:0]$2701
    27/1929: $3\crc30_step$func$/workspace/rtl/dll/vibe_bcrc.sv:42$155.$result[29:0]$2696
    28/1929: $3\crc30_step$func$/workspace/rtl/dll/vibe_bcrc.sv:42$155.fb[0:0]$2699
    29/1929: $3\crc30_step$func$/workspace/rtl/dll/vibe_bcrc.sv:42$155.b[0:0]$2698
    30/1929: $3\crc30_step$func$/workspace/rtl/dll/vibe_bcrc.sv:42$155.c[29:0]$2697
    31/1929: $3\crc30_step$func$/workspace/rtl/dll/vibe_bcrc.sv:42$154.$result[29:0]$2692
    32/1929: $3\crc30_step$func$/workspace/rtl/dll/vibe_bcrc.sv:42$154.fb[0:0]$2695
    33/1929: $3\crc30_step$func$/workspace/rtl/dll/vibe_bcrc.sv:42$154.b[0:0]$2694
    34/1929: $3\crc30_step$func$/workspace/rtl/dll/vibe_bcrc.sv:42$154.c[29:0]$2693
    35/1929: $3\crc30_step$func$/workspace/rtl/dll/vibe_bcrc.sv:42$153.$result[29:0]$2688
    36/1929: $3\crc30_step$func$/workspace/rtl/dll/vibe_bcrc.sv:42$153.fb[0:0]$2691
    37/1929: $3\crc30_step$func$/workspace/rtl/dll/vibe_bcrc.sv:42$153.b[0:0]$2690
    38/1929: $3\crc30_step$func$/workspace/rtl/dll/vibe_bcrc.sv:42$153.c[29:0]$2689
    39/1929: $3\crc30_step$func$/workspace/rtl/dll/vibe_bcrc.sv:42$152.$result[29:0]$2684
    40/1929: $3\crc30_step$func$/workspace/rtl/dll/vibe_bcrc.sv:42$152.fb[0:0]$2687
    41/1929: $3\crc30_step$func$/workspace/rtl/dll/vibe_bcrc.sv:42$152.b[0:0]$2686
    42/1929: $3\crc30_step$func$/workspace/rtl/dll/vibe_bcrc.sv:42$152.c[29:0]$2685
    43/1929: $3\crc30_step$func$/workspace/rtl/dll/vibe_bcrc.sv:42$151.$result[29:0]$2680
    44/1929: $3\crc30_step$func$/workspace/rtl/dll/vibe_bcrc.sv:42$151.fb[0:0]$2683
    45/1929: $3\crc30_step$func$/workspace/rtl/dll/vibe_bcrc.sv:42$151.b[0:0]$2682
    46/1929: $3\crc30_step$func$/workspace/rtl/dll/vibe_bcrc.sv:42$151.c[29:0]$2681
    47/1929: $3\crc30_step$func$/workspace/rtl/dll/vibe_bcrc.sv:42$150.$result[29:0]$2676
    48/1929: $3\crc30_step$func$/workspace/rtl/dll/vibe_bcrc.sv:42$150.fb[0:0]$2679
    49/1929: $3\crc30_step$func$/workspace/rtl/dll/vibe_bcrc.sv:42$150.b[0:0]$2678
    50/1929: $3\crc30_step$func$/workspace/rtl/dll/vibe_bcrc.sv:42$150.c[29:0]$2677
    51/1929: $3\crc30_step$func$/workspace/rtl/dll/vibe_bcrc.sv:42$149.$result[29:0]$2672
    52/1929: $3\crc30_step$func$/workspace/rtl/dll/vibe_bcrc.sv:42$149.fb[0:0]$2675
    53/1929: $3\crc30_step$func$/workspace/rtl/dll/vibe_bcrc.sv:42$149.b[0:0]$2674
    54/1929: $3\crc30_step$func$/workspace/rtl/dll/vibe_bcrc.sv:42$149.c[29:0]$2673
    55/1929: $3\crc30_step$func$/workspace/rtl/dll/vibe_bcrc.sv:42$148.$result[29:0]$2668
    56/1929: $3\crc30_step$func$/workspace/rtl/dll/vibe_bcrc.sv:42$148.fb[0:0]$2671
    57/1929: $3\crc30_step$func$/workspace/rtl/dll/vibe_bcrc.sv:42$148.b[0:0]$2670
    58/1929: $3\crc30_step$func$/workspace/rtl/dll/vibe_bcrc.sv:42$148.c[29:0]$2669
    59/1929: $3\crc30_step$func$/workspace/rtl/dll/vibe_bcrc.sv:42$147.$result[29:0]$2664
    60/1929: $3\crc30_step$func$/workspace/rtl/dll/vibe_bcrc.sv:42$147.fb[0:0]$2667
    61/1929: $3\crc30_step$func$/workspace/rtl/dll/vibe_bcrc.sv:42$147.b[0:0]$2666
    62/1929: $3\crc30_step$func$/workspace/rtl/dll/vibe_bcrc.sv:42$147.c[29:0]$2665
    63/1929: $3\crc30_step$func$/workspace/rtl/dll/vibe_bcrc.sv:42$146.$result[29:0]$2660
    64/1929: $3\crc30_step$func$/workspace/rtl/dll/vibe_bcrc.sv:42$146.fb[0:0]$2663
    65/1929: $3\crc30_step$func$/workspace/rtl/dll/vibe_bcrc.sv:42$146.b[0:0]$2662
    66/1929: $3\crc30_step$func$/workspace/rtl/dll/vibe_bcrc.sv:42$146.c[29:0]$2661
    67/1929: $3\crc30_step$func$/workspace/rtl/dll/vibe_bcrc.sv:42$145.$result[29:0]$2656
    68/1929: $3\crc30_step$func$/workspace/rtl/dll/vibe_bcrc.sv:42$145.fb[0:0]$2659
    69/1929: $3\crc30_step$func$/workspace/rtl/dll/vibe_bcrc.sv:42$145.b[0:0]$2658
    70/1929: $3\crc30_step$func$/workspace/rtl/dll/vibe_bcrc.sv:42$145.c[29:0]$2657
    71/1929: $3\crc30_step$func$/workspace/rtl/dll/vibe_bcrc.sv:42$144.$result[29:0]$2652
    72/1929: $3\crc30_step$func$/workspace/rtl/dll/vibe_bcrc.sv:42$144.fb[0:0]$2655
    73/1929: $3\crc30_step$func$/workspace/rtl/dll/vibe_bcrc.sv:42$144.b[0:0]$2654
    74/1929: $3\crc30_step$func$/workspace/rtl/dll/vibe_bcrc.sv:42$144.c[29:0]$2653
    75/1929: $3\crc30_step$func$/workspace/rtl/dll/vibe_bcrc.sv:42$143.$result[29:0]$2648
    76/1929: $3\crc30_step$func$/workspace/rtl/dll/vibe_bcrc.sv:42$143.fb[0:0]$2651
    77/1929: $3\crc30_step$func$/workspace/rtl/dll/vibe_bcrc.sv:42$143.b[0:0]$2650
    78/1929: $3\crc30_step$func$/workspace/rtl/dll/vibe_bcrc.sv:42$143.c[29:0]$2649
    79/1929: $3\crc30_step$func$/workspace/rtl/dll/vibe_bcrc.sv:42$142.$result[29:0]$2644
    80/1929: $3\crc30_step$func$/workspace/rtl/dll/vibe_bcrc.sv:42$142.fb[0:0]$2647
    81/1929: $3\crc30_step$func$/workspace/rtl/dll/vibe_bcrc.sv:42$142.b[0:0]$2646
    82/1929: $3\crc30_step$func$/workspace/rtl/dll/vibe_bcrc.sv:42$142.c[29:0]$2645
    83/1929: $3\crc30_step$func$/workspace/rtl/dll/vibe_bcrc.sv:42$141.$result[29:0]$2640
    84/1929: $3\crc30_step$func$/workspace/rtl/dll/vibe_bcrc.sv:42$141.fb[0:0]$2643
    85/1929: $3\crc30_step$func$/workspace/rtl/dll/vibe_bcrc.sv:42$141.b[0:0]$2642
    86/1929: $3\crc30_step$func$/workspace/rtl/dll/vibe_bcrc.sv:42$141.c[29:0]$2641
    87/1929: $3\crc30_step$func$/workspace/rtl/dll/vibe_bcrc.sv:42$140.$result[29:0]$2636
    88/1929: $3\crc30_step$func$/workspace/rtl/dll/vibe_bcrc.sv:42$140.fb[0:0]$2639
    89/1929: $3\crc30_step$func$/workspace/rtl/dll/vibe_bcrc.sv:42$140.b[0:0]$2638
    90/1929: $3\crc30_step$func$/workspace/rtl/dll/vibe_bcrc.sv:42$140.c[29:0]$2637
    91/1929: $3\crc30_step$func$/workspace/rtl/dll/vibe_bcrc.sv:42$139.$result[29:0]$2632
    92/1929: $3\crc30_step$func$/workspace/rtl/dll/vibe_bcrc.sv:42$139.fb[0:0]$2635
    93/1929: $3\crc30_step$func$/workspace/rtl/dll/vibe_bcrc.sv:42$139.b[0:0]$2634
    94/1929: $3\crc30_step$func$/workspace/rtl/dll/vibe_bcrc.sv:42$139.c[29:0]$2633
    95/1929: $3\crc30_step$func$/workspace/rtl/dll/vibe_bcrc.sv:42$138.$result[29:0]$2628
    96/1929: $3\crc30_step$func$/workspace/rtl/dll/vibe_bcrc.sv:42$138.fb[0:0]$2631
    97/1929: $3\crc30_step$func$/workspace/rtl/dll/vibe_bcrc.sv:42$138.b[0:0]$2630
    98/1929: $3\crc30_step$func$/workspace/rtl/dll/vibe_bcrc.sv:42$138.c[29:0]$2629
    99/1929: $3\crc30_step$func$/workspace/rtl/dll/vibe_bcrc.sv:42$137.$result[29:0]$2624
   100/1929: $3\crc30_step$func$/workspace/rtl/dll/vibe_bcrc.sv:42$137.fb[0:0]$2627
   101/1929: $3\crc30_step$func$/workspace/rtl/dll/vibe_bcrc.sv:42$137.b[0:0]$2626
   102/1929: $3\crc30_step$func$/workspace/rtl/dll/vibe_bcrc.sv:42$137.c[29:0]$2625
   103/1929: $3\crc30_step$func$/workspace/rtl/dll/vibe_bcrc.sv:42$136.$result[29:0]$2620
   104/1929: $3\crc30_step$func$/workspace/rtl/dll/vibe_bcrc.sv:42$136.fb[0:0]$2623
   105/1929: $3\crc30_step$func$/workspace/rtl/dll/vibe_bcrc.sv:42$136.b[0:0]$2622
   106/1929: $3\crc30_step$func$/workspace/rtl/dll/vibe_bcrc.sv:42$136.c[29:0]$2621
   107/1929: $3\crc30_step$func$/workspace/rtl/dll/vibe_bcrc.sv:42$135.$result[29:0]$2616
   108/1929: $3\crc30_step$func$/workspace/rtl/dll/vibe_bcrc.sv:42$135.fb[0:0]$2619
   109/1929: $3\crc30_step$func$/workspace/rtl/dll/vibe_bcrc.sv:42$135.b[0:0]$2618
   110/1929: $3\crc30_step$func$/workspace/rtl/dll/vibe_bcrc.sv:42$135.c[29:0]$2617
   111/1929: $3\crc30_step$func$/workspace/rtl/dll/vibe_bcrc.sv:42$134.$result[29:0]$2612
   112/1929: $3\crc30_step$func$/workspace/rtl/dll/vibe_bcrc.sv:42$134.fb[0:0]$2615
   113/1929: $3\crc30_step$func$/workspace/rtl/dll/vibe_bcrc.sv:42$134.b[0:0]$2614
   114/1929: $3\crc30_step$func$/workspace/rtl/dll/vibe_bcrc.sv:42$134.c[29:0]$2613
   115/1929: $3\crc30_step$func$/workspace/rtl/dll/vibe_bcrc.sv:42$133.$result[29:0]$2608
   116/1929: $3\crc30_step$func$/workspace/rtl/dll/vibe_bcrc.sv:42$133.fb[0:0]$2611
   117/1929: $3\crc30_step$func$/workspace/rtl/dll/vibe_bcrc.sv:42$133.b[0:0]$2610
   118/1929: $3\crc30_step$func$/workspace/rtl/dll/vibe_bcrc.sv:42$133.c[29:0]$2609
   119/1929: $3\crc30_step$func$/workspace/rtl/dll/vibe_bcrc.sv:42$132.$result[29:0]$2604
   120/1929: $3\crc30_step$func$/workspace/rtl/dll/vibe_bcrc.sv:42$132.fb[0:0]$2607
   121/1929: $3\crc30_step$func$/workspace/rtl/dll/vibe_bcrc.sv:42$132.b[0:0]$2606
   122/1929: $3\crc30_step$func$/workspace/rtl/dll/vibe_bcrc.sv:42$132.c[29:0]$2605
   123/1929: $3\crc30_step$func$/workspace/rtl/dll/vibe_bcrc.sv:42$131.$result[29:0]$2600
   124/1929: $3\crc30_step$func$/workspace/rtl/dll/vibe_bcrc.sv:42$131.fb[0:0]$2603
   125/1929: $3\crc30_step$func$/workspace/rtl/dll/vibe_bcrc.sv:42$131.b[0:0]$2602
   126/1929: $3\crc30_step$func$/workspace/rtl/dll/vibe_bcrc.sv:42$131.c[29:0]$2601
   127/1929: $3\crc30_step$func$/workspace/rtl/dll/vibe_bcrc.sv:42$130.$result[29:0]$2596
   128/1929: $3\crc30_step$func$/workspace/rtl/dll/vibe_bcrc.sv:42$130.fb[0:0]$2599
   129/1929: $3\crc30_step$func$/workspace/rtl/dll/vibe_bcrc.sv:42$130.b[0:0]$2598
   130/1929: $3\crc30_step$func$/workspace/rtl/dll/vibe_bcrc.sv:42$130.c[29:0]$2597
   131/1929: $3\crc30_step$func$/workspace/rtl/dll/vibe_bcrc.sv:42$129.$result[29:0]$2592
   132/1929: $3\crc30_step$func$/workspace/rtl/dll/vibe_bcrc.sv:42$129.fb[0:0]$2595
   133/1929: $3\crc30_step$func$/workspace/rtl/dll/vibe_bcrc.sv:42$129.b[0:0]$2594
   134/1929: $3\crc30_step$func$/workspace/rtl/dll/vibe_bcrc.sv:42$129.c[29:0]$2593
   135/1929: $3\crc30_step$func$/workspace/rtl/dll/vibe_bcrc.sv:42$128.$result[29:0]$2588
   136/1929: $3\crc30_step$func$/workspace/rtl/dll/vibe_bcrc.sv:42$128.fb[0:0]$2591
   137/1929: $3\crc30_step$func$/workspace/rtl/dll/vibe_bcrc.sv:42$128.b[0:0]$2590
   138/1929: $3\crc30_step$func$/workspace/rtl/dll/vibe_bcrc.sv:42$128.c[29:0]$2589
   139/1929: $3\crc30_step$func$/workspace/rtl/dll/vibe_bcrc.sv:42$127.$result[29:0]$2584
   140/1929: $3\crc30_step$func$/workspace/rtl/dll/vibe_bcrc.sv:42$127.fb[0:0]$2587
   141/1929: $3\crc30_step$func$/workspace/rtl/dll/vibe_bcrc.sv:42$127.b[0:0]$2586
   142/1929: $3\crc30_step$func$/workspace/rtl/dll/vibe_bcrc.sv:42$127.c[29:0]$2585
   143/1929: $3\crc30_step$func$/workspace/rtl/dll/vibe_bcrc.sv:42$126.$result[29:0]$2580
   144/1929: $3\crc30_step$func$/workspace/rtl/dll/vibe_bcrc.sv:42$126.fb[0:0]$2583
   145/1929: $3\crc30_step$func$/workspace/rtl/dll/vibe_bcrc.sv:42$126.b[0:0]$2582
   146/1929: $3\crc30_step$func$/workspace/rtl/dll/vibe_bcrc.sv:42$126.c[29:0]$2581
   147/1929: $3\crc30_step$func$/workspace/rtl/dll/vibe_bcrc.sv:42$125.$result[29:0]$2576
   148/1929: $3\crc30_step$func$/workspace/rtl/dll/vibe_bcrc.sv:42$125.fb[0:0]$2579
   149/1929: $3\crc30_step$func$/workspace/rtl/dll/vibe_bcrc.sv:42$125.b[0:0]$2578
   150/1929: $3\crc30_step$func$/workspace/rtl/dll/vibe_bcrc.sv:42$125.c[29:0]$2577
   151/1929: $3\crc30_step$func$/workspace/rtl/dll/vibe_bcrc.sv:42$124.$result[29:0]$2572
   152/1929: $3\crc30_step$func$/workspace/rtl/dll/vibe_bcrc.sv:42$124.fb[0:0]$2575
   153/1929: $3\crc30_step$func$/workspace/rtl/dll/vibe_bcrc.sv:42$124.b[0:0]$2574
   154/1929: $3\crc30_step$func$/workspace/rtl/dll/vibe_bcrc.sv:42$124.c[29:0]$2573
   155/1929: $3\crc30_step$func$/workspace/rtl/dll/vibe_bcrc.sv:42$123.$result[29:0]$2568
   156/1929: $3\crc30_step$func$/workspace/rtl/dll/vibe_bcrc.sv:42$123.fb[0:0]$2571
   157/1929: $3\crc30_step$func$/workspace/rtl/dll/vibe_bcrc.sv:42$123.b[0:0]$2570
   158/1929: $3\crc30_step$func$/workspace/rtl/dll/vibe_bcrc.sv:42$123.c[29:0]$2569
   159/1929: $3\crc30_step$func$/workspace/rtl/dll/vibe_bcrc.sv:42$122.$result[29:0]$2564
   160/1929: $3\crc30_step$func$/workspace/rtl/dll/vibe_bcrc.sv:42$122.fb[0:0]$2567
   161/1929: $3\crc30_step$func$/workspace/rtl/dll/vibe_bcrc.sv:42$122.b[0:0]$2566
   162/1929: $3\crc30_step$func$/workspace/rtl/dll/vibe_bcrc.sv:42$122.c[29:0]$2565
   163/1929: $3\crc30_step$func$/workspace/rtl/dll/vibe_bcrc.sv:42$121.$result[29:0]$2560
   164/1929: $3\crc30_step$func$/workspace/rtl/dll/vibe_bcrc.sv:42$121.fb[0:0]$2563
   165/1929: $3\crc30_step$func$/workspace/rtl/dll/vibe_bcrc.sv:42$121.b[0:0]$2562
   166/1929: $3\crc30_step$func$/workspace/rtl/dll/vibe_bcrc.sv:42$121.c[29:0]$2561
   167/1929: $3\crc30_step$func$/workspace/rtl/dll/vibe_bcrc.sv:42$120.$result[29:0]$2556
   168/1929: $3\crc30_step$func$/workspace/rtl/dll/vibe_bcrc.sv:42$120.fb[0:0]$2559
   169/1929: $3\crc30_step$func$/workspace/rtl/dll/vibe_bcrc.sv:42$120.b[0:0]$2558
   170/1929: $3\crc30_step$func$/workspace/rtl/dll/vibe_bcrc.sv:42$120.c[29:0]$2557
   171/1929: $3\crc30_step$func$/workspace/rtl/dll/vibe_bcrc.sv:42$119.$result[29:0]$2552
   172/1929: $3\crc30_step$func$/workspace/rtl/dll/vibe_bcrc.sv:42$119.fb[0:0]$2555
   173/1929: $3\crc30_step$func$/workspace/rtl/dll/vibe_bcrc.sv:42$119.b[0:0]$2554
   174/1929: $3\crc30_step$func$/workspace/rtl/dll/vibe_bcrc.sv:42$119.c[29:0]$2553
   175/1929: $3\crc30_step$func$/workspace/rtl/dll/vibe_bcrc.sv:42$118.$result[29:0]$2548
   176/1929: $3\crc30_step$func$/workspace/rtl/dll/vibe_bcrc.sv:42$118.fb[0:0]$2551
   177/1929: $3\crc30_step$func$/workspace/rtl/dll/vibe_bcrc.sv:42$118.b[0:0]$2550
   178/1929: $3\crc30_step$func$/workspace/rtl/dll/vibe_bcrc.sv:42$118.c[29:0]$2549
   179/1929: $3\crc30_step$func$/workspace/rtl/dll/vibe_bcrc.sv:42$117.$result[29:0]$2544
   180/1929: $3\crc30_step$func$/workspace/rtl/dll/vibe_bcrc.sv:42$117.fb[0:0]$2547
   181/1929: $3\crc30_step$func$/workspace/rtl/dll/vibe_bcrc.sv:42$117.b[0:0]$2546
   182/1929: $3\crc30_step$func$/workspace/rtl/dll/vibe_bcrc.sv:42$117.c[29:0]$2545
   183/1929: $3\crc30_step$func$/workspace/rtl/dll/vibe_bcrc.sv:42$116.$result[29:0]$2540
   184/1929: $3\crc30_step$func$/workspace/rtl/dll/vibe_bcrc.sv:42$116.fb[0:0]$2543
   185/1929: $3\crc30_step$func$/workspace/rtl/dll/vibe_bcrc.sv:42$116.b[0:0]$2542
   186/1929: $3\crc30_step$func$/workspace/rtl/dll/vibe_bcrc.sv:42$116.c[29:0]$2541
   187/1929: $3\crc30_step$func$/workspace/rtl/dll/vibe_bcrc.sv:42$115.$result[29:0]$2536
   188/1929: $3\crc30_step$func$/workspace/rtl/dll/vibe_bcrc.sv:42$115.fb[0:0]$2539
   189/1929: $3\crc30_step$func$/workspace/rtl/dll/vibe_bcrc.sv:42$115.b[0:0]$2538
   190/1929: $3\crc30_step$func$/workspace/rtl/dll/vibe_bcrc.sv:42$115.c[29:0]$2537
   191/1929: $3\crc30_step$func$/workspace/rtl/dll/vibe_bcrc.sv:42$114.$result[29:0]$2532
   192/1929: $3\crc30_step$func$/workspace/rtl/dll/vibe_bcrc.sv:42$114.fb[0:0]$2535
   193/1929: $3\crc30_step$func$/workspace/rtl/dll/vibe_bcrc.sv:42$114.b[0:0]$2534
   194/1929: $3\crc30_step$func$/workspace/rtl/dll/vibe_bcrc.sv:42$114.c[29:0]$2533
   195/1929: $3\crc30_step$func$/workspace/rtl/dll/vibe_bcrc.sv:42$113.$result[29:0]$2528
   196/1929: $3\crc30_step$func$/workspace/rtl/dll/vibe_bcrc.sv:42$113.fb[0:0]$2531
   197/1929: $3\crc30_step$func$/workspace/rtl/dll/vibe_bcrc.sv:42$113.b[0:0]$2530
   198/1929: $3\crc30_step$func$/workspace/rtl/dll/vibe_bcrc.sv:42$113.c[29:0]$2529
   199/1929: $3\crc30_step$func$/workspace/rtl/dll/vibe_bcrc.sv:42$112.$result[29:0]$2524
   200/1929: $3\crc30_step$func$/workspace/rtl/dll/vibe_bcrc.sv:42$112.fb[0:0]$2527
   201/1929: $3\crc30_step$func$/workspace/rtl/dll/vibe_bcrc.sv:42$112.b[0:0]$2526
   202/1929: $3\crc30_step$func$/workspace/rtl/dll/vibe_bcrc.sv:42$112.c[29:0]$2525
   203/1929: $3\crc30_step$func$/workspace/rtl/dll/vibe_bcrc.sv:42$111.$result[29:0]$2520
   204/1929: $3\crc30_step$func$/workspace/rtl/dll/vibe_bcrc.sv:42$111.fb[0:0]$2523
   205/1929: $3\crc30_step$func$/workspace/rtl/dll/vibe_bcrc.sv:42$111.b[0:0]$2522
   206/1929: $3\crc30_step$func$/workspace/rtl/dll/vibe_bcrc.sv:42$111.c[29:0]$2521
   207/1929: $3\crc30_step$func$/workspace/rtl/dll/vibe_bcrc.sv:42$110.$result[29:0]$2516
   208/1929: $3\crc30_step$func$/workspace/rtl/dll/vibe_bcrc.sv:42$110.fb[0:0]$2519
   209/1929: $3\crc30_step$func$/workspace/rtl/dll/vibe_bcrc.sv:42$110.b[0:0]$2518
   210/1929: $3\crc30_step$func$/workspace/rtl/dll/vibe_bcrc.sv:42$110.c[29:0]$2517
   211/1929: $3\crc30_step$func$/workspace/rtl/dll/vibe_bcrc.sv:42$109.$result[29:0]$2512
   212/1929: $3\crc30_step$func$/workspace/rtl/dll/vibe_bcrc.sv:42$109.fb[0:0]$2515
   213/1929: $3\crc30_step$func$/workspace/rtl/dll/vibe_bcrc.sv:42$109.b[0:0]$2514
   214/1929: $3\crc30_step$func$/workspace/rtl/dll/vibe_bcrc.sv:42$109.c[29:0]$2513
   215/1929: $3\crc30_step$func$/workspace/rtl/dll/vibe_bcrc.sv:42$108.$result[29:0]$2508
   216/1929: $3\crc30_step$func$/workspace/rtl/dll/vibe_bcrc.sv:42$108.fb[0:0]$2511
   217/1929: $3\crc30_step$func$/workspace/rtl/dll/vibe_bcrc.sv:42$108.b[0:0]$2510
   218/1929: $3\crc30_step$func$/workspace/rtl/dll/vibe_bcrc.sv:42$108.c[29:0]$2509
   219/1929: $3\crc30_step$func$/workspace/rtl/dll/vibe_bcrc.sv:42$107.$result[29:0]$2504
   220/1929: $3\crc30_step$func$/workspace/rtl/dll/vibe_bcrc.sv:42$107.fb[0:0]$2507
   221/1929: $3\crc30_step$func$/workspace/rtl/dll/vibe_bcrc.sv:42$107.b[0:0]$2506
   222/1929: $3\crc30_step$func$/workspace/rtl/dll/vibe_bcrc.sv:42$107.c[29:0]$2505
   223/1929: $3\crc30_step$func$/workspace/rtl/dll/vibe_bcrc.sv:42$106.$result[29:0]$2500
   224/1929: $3\crc30_step$func$/workspace/rtl/dll/vibe_bcrc.sv:42$106.fb[0:0]$2503
   225/1929: $3\crc30_step$func$/workspace/rtl/dll/vibe_bcrc.sv:42$106.b[0:0]$2502
   226/1929: $3\crc30_step$func$/workspace/rtl/dll/vibe_bcrc.sv:42$106.c[29:0]$2501
   227/1929: $3\crc30_step$func$/workspace/rtl/dll/vibe_bcrc.sv:42$105.$result[29:0]$2496
   228/1929: $3\crc30_step$func$/workspace/rtl/dll/vibe_bcrc.sv:42$105.fb[0:0]$2499
   229/1929: $3\crc30_step$func$/workspace/rtl/dll/vibe_bcrc.sv:42$105.b[0:0]$2498
   230/1929: $3\crc30_step$func$/workspace/rtl/dll/vibe_bcrc.sv:42$105.c[29:0]$2497
   231/1929: $3\crc30_step$func$/workspace/rtl/dll/vibe_bcrc.sv:42$104.$result[29:0]$2492
   232/1929: $3\crc30_step$func$/workspace/rtl/dll/vibe_bcrc.sv:42$104.fb[0:0]$2495
   233/1929: $3\crc30_step$func$/workspace/rtl/dll/vibe_bcrc.sv:42$104.b[0:0]$2494
   234/1929: $3\crc30_step$func$/workspace/rtl/dll/vibe_bcrc.sv:42$104.c[29:0]$2493
   235/1929: $3\crc30_step$func$/workspace/rtl/dll/vibe_bcrc.sv:42$103.$result[29:0]$2488
   236/1929: $3\crc30_step$func$/workspace/rtl/dll/vibe_bcrc.sv:42$103.fb[0:0]$2491
   237/1929: $3\crc30_step$func$/workspace/rtl/dll/vibe_bcrc.sv:42$103.b[0:0]$2490
   238/1929: $3\crc30_step$func$/workspace/rtl/dll/vibe_bcrc.sv:42$103.c[29:0]$2489
   239/1929: $3\crc30_step$func$/workspace/rtl/dll/vibe_bcrc.sv:42$102.$result[29:0]$2484
   240/1929: $3\crc30_step$func$/workspace/rtl/dll/vibe_bcrc.sv:42$102.fb[0:0]$2487
   241/1929: $3\crc30_step$func$/workspace/rtl/dll/vibe_bcrc.sv:42$102.b[0:0]$2486
   242/1929: $3\crc30_step$func$/workspace/rtl/dll/vibe_bcrc.sv:42$102.c[29:0]$2485
   243/1929: $3\crc30_step$func$/workspace/rtl/dll/vibe_bcrc.sv:42$101.$result[29:0]$2480
   244/1929: $3\crc30_step$func$/workspace/rtl/dll/vibe_bcrc.sv:42$101.fb[0:0]$2483
   245/1929: $3\crc30_step$func$/workspace/rtl/dll/vibe_bcrc.sv:42$101.b[0:0]$2482
   246/1929: $3\crc30_step$func$/workspace/rtl/dll/vibe_bcrc.sv:42$101.c[29:0]$2481
   247/1929: $3\crc30_step$func$/workspace/rtl/dll/vibe_bcrc.sv:42$100.$result[29:0]$2476
   248/1929: $3\crc30_step$func$/workspace/rtl/dll/vibe_bcrc.sv:42$100.fb[0:0]$2479
   249/1929: $3\crc30_step$func$/workspace/rtl/dll/vibe_bcrc.sv:42$100.b[0:0]$2478
   250/1929: $3\crc30_step$func$/workspace/rtl/dll/vibe_bcrc.sv:42$100.c[29:0]$2477
   251/1929: $3\crc30_step$func$/workspace/rtl/dll/vibe_bcrc.sv:42$99.$result[29:0]$2472
   252/1929: $3\crc30_step$func$/workspace/rtl/dll/vibe_bcrc.sv:42$99.fb[0:0]$2475
   253/1929: $3\crc30_step$func$/workspace/rtl/dll/vibe_bcrc.sv:42$99.b[0:0]$2474
   254/1929: $3\crc30_step$func$/workspace/rtl/dll/vibe_bcrc.sv:42$99.c[29:0]$2473
   255/1929: $3\crc30_step$func$/workspace/rtl/dll/vibe_bcrc.sv:42$98.$result[29:0]$2468
   256/1929: $3\crc30_step$func$/workspace/rtl/dll/vibe_bcrc.sv:42$98.fb[0:0]$2471
   257/1929: $3\crc30_step$func$/workspace/rtl/dll/vibe_bcrc.sv:42$98.b[0:0]$2470
   258/1929: $3\crc30_step$func$/workspace/rtl/dll/vibe_bcrc.sv:42$98.c[29:0]$2469
   259/1929: $3\crc30_step$func$/workspace/rtl/dll/vibe_bcrc.sv:42$97.$result[29:0]$2464
   260/1929: $3\crc30_step$func$/workspace/rtl/dll/vibe_bcrc.sv:42$97.fb[0:0]$2467
   261/1929: $3\crc30_step$func$/workspace/rtl/dll/vibe_bcrc.sv:42$97.b[0:0]$2466
   262/1929: $3\crc30_step$func$/workspace/rtl/dll/vibe_bcrc.sv:42$97.c[29:0]$2465
   263/1929: $3\crc30_step$func$/workspace/rtl/dll/vibe_bcrc.sv:42$96.$result[29:0]$2460
   264/1929: $3\crc30_step$func$/workspace/rtl/dll/vibe_bcrc.sv:42$96.fb[0:0]$2463
   265/1929: $3\crc30_step$func$/workspace/rtl/dll/vibe_bcrc.sv:42$96.b[0:0]$2462
   266/1929: $3\crc30_step$func$/workspace/rtl/dll/vibe_bcrc.sv:42$96.c[29:0]$2461
   267/1929: $3\crc30_step$func$/workspace/rtl/dll/vibe_bcrc.sv:42$95.$result[29:0]$2456
   268/1929: $3\crc30_step$func$/workspace/rtl/dll/vibe_bcrc.sv:42$95.fb[0:0]$2459
   269/1929: $3\crc30_step$func$/workspace/rtl/dll/vibe_bcrc.sv:42$95.b[0:0]$2458
   270/1929: $3\crc30_step$func$/workspace/rtl/dll/vibe_bcrc.sv:42$95.c[29:0]$2457
   271/1929: $3\crc30_step$func$/workspace/rtl/dll/vibe_bcrc.sv:42$94.$result[29:0]$2452
   272/1929: $3\crc30_step$func$/workspace/rtl/dll/vibe_bcrc.sv:42$94.fb[0:0]$2455
   273/1929: $3\crc30_step$func$/workspace/rtl/dll/vibe_bcrc.sv:42$94.b[0:0]$2454
   274/1929: $3\crc30_step$func$/workspace/rtl/dll/vibe_bcrc.sv:42$94.c[29:0]$2453
   275/1929: $3\crc30_step$func$/workspace/rtl/dll/vibe_bcrc.sv:42$93.$result[29:0]$2448
   276/1929: $3\crc30_step$func$/workspace/rtl/dll/vibe_bcrc.sv:42$93.fb[0:0]$2451
   277/1929: $3\crc30_step$func$/workspace/rtl/dll/vibe_bcrc.sv:42$93.b[0:0]$2450
   278/1929: $3\crc30_step$func$/workspace/rtl/dll/vibe_bcrc.sv:42$93.c[29:0]$2449
   279/1929: $3\crc30_step$func$/workspace/rtl/dll/vibe_bcrc.sv:42$92.$result[29:0]$2444
   280/1929: $3\crc30_step$func$/workspace/rtl/dll/vibe_bcrc.sv:42$92.fb[0:0]$2447
   281/1929: $3\crc30_step$func$/workspace/rtl/dll/vibe_bcrc.sv:42$92.b[0:0]$2446
   282/1929: $3\crc30_step$func$/workspace/rtl/dll/vibe_bcrc.sv:42$92.c[29:0]$2445
   283/1929: $3\crc30_step$func$/workspace/rtl/dll/vibe_bcrc.sv:42$91.$result[29:0]$2440
   284/1929: $3\crc30_step$func$/workspace/rtl/dll/vibe_bcrc.sv:42$91.fb[0:0]$2443
   285/1929: $3\crc30_step$func$/workspace/rtl/dll/vibe_bcrc.sv:42$91.b[0:0]$2442
   286/1929: $3\crc30_step$func$/workspace/rtl/dll/vibe_bcrc.sv:42$91.c[29:0]$2441
   287/1929: $3\crc30_step$func$/workspace/rtl/dll/vibe_bcrc.sv:42$90.$result[29:0]$2436
   288/1929: $3\crc30_step$func$/workspace/rtl/dll/vibe_bcrc.sv:42$90.fb[0:0]$2439
   289/1929: $3\crc30_step$func$/workspace/rtl/dll/vibe_bcrc.sv:42$90.b[0:0]$2438
   290/1929: $3\crc30_step$func$/workspace/rtl/dll/vibe_bcrc.sv:42$90.c[29:0]$2437
   291/1929: $3\crc30_step$func$/workspace/rtl/dll/vibe_bcrc.sv:42$89.$result[29:0]$2432
   292/1929: $3\crc30_step$func$/workspace/rtl/dll/vibe_bcrc.sv:42$89.fb[0:0]$2435
   293/1929: $3\crc30_step$func$/workspace/rtl/dll/vibe_bcrc.sv:42$89.b[0:0]$2434
   294/1929: $3\crc30_step$func$/workspace/rtl/dll/vibe_bcrc.sv:42$89.c[29:0]$2433
   295/1929: $3\crc30_step$func$/workspace/rtl/dll/vibe_bcrc.sv:42$88.$result[29:0]$2428
   296/1929: $3\crc30_step$func$/workspace/rtl/dll/vibe_bcrc.sv:42$88.fb[0:0]$2431
   297/1929: $3\crc30_step$func$/workspace/rtl/dll/vibe_bcrc.sv:42$88.b[0:0]$2430
   298/1929: $3\crc30_step$func$/workspace/rtl/dll/vibe_bcrc.sv:42$88.c[29:0]$2429
   299/1929: $3\crc30_step$func$/workspace/rtl/dll/vibe_bcrc.sv:42$87.$result[29:0]$2424
   300/1929: $3\crc30_step$func$/workspace/rtl/dll/vibe_bcrc.sv:42$87.fb[0:0]$2427
   301/1929: $3\crc30_step$func$/workspace/rtl/dll/vibe_bcrc.sv:42$87.b[0:0]$2426
   302/1929: $3\crc30_step$func$/workspace/rtl/dll/vibe_bcrc.sv:42$87.c[29:0]$2425
   303/1929: $3\crc30_step$func$/workspace/rtl/dll/vibe_bcrc.sv:42$86.$result[29:0]$2420
   304/1929: $3\crc30_step$func$/workspace/rtl/dll/vibe_bcrc.sv:42$86.fb[0:0]$2423
   305/1929: $3\crc30_step$func$/workspace/rtl/dll/vibe_bcrc.sv:42$86.b[0:0]$2422
   306/1929: $3\crc30_step$func$/workspace/rtl/dll/vibe_bcrc.sv:42$86.c[29:0]$2421
   307/1929: $3\crc30_step$func$/workspace/rtl/dll/vibe_bcrc.sv:42$85.$result[29:0]$2416
   308/1929: $3\crc30_step$func$/workspace/rtl/dll/vibe_bcrc.sv:42$85.fb[0:0]$2419
   309/1929: $3\crc30_step$func$/workspace/rtl/dll/vibe_bcrc.sv:42$85.b[0:0]$2418
   310/1929: $3\crc30_step$func$/workspace/rtl/dll/vibe_bcrc.sv:42$85.c[29:0]$2417
   311/1929: $3\crc30_step$func$/workspace/rtl/dll/vibe_bcrc.sv:42$84.$result[29:0]$2412
   312/1929: $3\crc30_step$func$/workspace/rtl/dll/vibe_bcrc.sv:42$84.fb[0:0]$2415
   313/1929: $3\crc30_step$func$/workspace/rtl/dll/vibe_bcrc.sv:42$84.b[0:0]$2414
   314/1929: $3\crc30_step$func$/workspace/rtl/dll/vibe_bcrc.sv:42$84.c[29:0]$2413
   315/1929: $3\crc30_step$func$/workspace/rtl/dll/vibe_bcrc.sv:42$83.$result[29:0]$2408
   316/1929: $3\crc30_step$func$/workspace/rtl/dll/vibe_bcrc.sv:42$83.fb[0:0]$2411
   317/1929: $3\crc30_step$func$/workspace/rtl/dll/vibe_bcrc.sv:42$83.b[0:0]$2410
   318/1929: $3\crc30_step$func$/workspace/rtl/dll/vibe_bcrc.sv:42$83.c[29:0]$2409
   319/1929: $3\crc30_step$func$/workspace/rtl/dll/vibe_bcrc.sv:42$82.$result[29:0]$2404
   320/1929: $3\crc30_step$func$/workspace/rtl/dll/vibe_bcrc.sv:42$82.fb[0:0]$2407
   321/1929: $3\crc30_step$func$/workspace/rtl/dll/vibe_bcrc.sv:42$82.b[0:0]$2406
   322/1929: $3\crc30_step$func$/workspace/rtl/dll/vibe_bcrc.sv:42$82.c[29:0]$2405
   323/1929: $3\crc30_step$func$/workspace/rtl/dll/vibe_bcrc.sv:42$81.$result[29:0]$2400
   324/1929: $3\crc30_step$func$/workspace/rtl/dll/vibe_bcrc.sv:42$81.fb[0:0]$2403
   325/1929: $3\crc30_step$func$/workspace/rtl/dll/vibe_bcrc.sv:42$81.b[0:0]$2402
   326/1929: $3\crc30_step$func$/workspace/rtl/dll/vibe_bcrc.sv:42$81.c[29:0]$2401
   327/1929: $3\crc30_step$func$/workspace/rtl/dll/vibe_bcrc.sv:42$80.$result[29:0]$2396
   328/1929: $3\crc30_step$func$/workspace/rtl/dll/vibe_bcrc.sv:42$80.fb[0:0]$2399
   329/1929: $3\crc30_step$func$/workspace/rtl/dll/vibe_bcrc.sv:42$80.b[0:0]$2398
   330/1929: $3\crc30_step$func$/workspace/rtl/dll/vibe_bcrc.sv:42$80.c[29:0]$2397
   331/1929: $3\crc30_step$func$/workspace/rtl/dll/vibe_bcrc.sv:42$79.$result[29:0]$2392
   332/1929: $3\crc30_step$func$/workspace/rtl/dll/vibe_bcrc.sv:42$79.fb[0:0]$2395
   333/1929: $3\crc30_step$func$/workspace/rtl/dll/vibe_bcrc.sv:42$79.b[0:0]$2394
   334/1929: $3\crc30_step$func$/workspace/rtl/dll/vibe_bcrc.sv:42$79.c[29:0]$2393
   335/1929: $3\crc30_step$func$/workspace/rtl/dll/vibe_bcrc.sv:42$78.$result[29:0]$2388
   336/1929: $3\crc30_step$func$/workspace/rtl/dll/vibe_bcrc.sv:42$78.fb[0:0]$2391
   337/1929: $3\crc30_step$func$/workspace/rtl/dll/vibe_bcrc.sv:42$78.b[0:0]$2390
   338/1929: $3\crc30_step$func$/workspace/rtl/dll/vibe_bcrc.sv:42$78.c[29:0]$2389
   339/1929: $3\crc30_step$func$/workspace/rtl/dll/vibe_bcrc.sv:42$77.$result[29:0]$2384
   340/1929: $3\crc30_step$func$/workspace/rtl/dll/vibe_bcrc.sv:42$77.fb[0:0]$2387
   341/1929: $3\crc30_step$func$/workspace/rtl/dll/vibe_bcrc.sv:42$77.b[0:0]$2386
   342/1929: $3\crc30_step$func$/workspace/rtl/dll/vibe_bcrc.sv:42$77.c[29:0]$2385
   343/1929: $3\crc30_step$func$/workspace/rtl/dll/vibe_bcrc.sv:42$76.$result[29:0]$2380
   344/1929: $3\crc30_step$func$/workspace/rtl/dll/vibe_bcrc.sv:42$76.fb[0:0]$2383
   345/1929: $3\crc30_step$func$/workspace/rtl/dll/vibe_bcrc.sv:42$76.b[0:0]$2382
   346/1929: $3\crc30_step$func$/workspace/rtl/dll/vibe_bcrc.sv:42$76.c[29:0]$2381
   347/1929: $3\crc30_step$func$/workspace/rtl/dll/vibe_bcrc.sv:42$75.$result[29:0]$2376
   348/1929: $3\crc30_step$func$/workspace/rtl/dll/vibe_bcrc.sv:42$75.fb[0:0]$2379
   349/1929: $3\crc30_step$func$/workspace/rtl/dll/vibe_bcrc.sv:42$75.b[0:0]$2378
   350/1929: $3\crc30_step$func$/workspace/rtl/dll/vibe_bcrc.sv:42$75.c[29:0]$2377
   351/1929: $3\crc30_step$func$/workspace/rtl/dll/vibe_bcrc.sv:42$74.$result[29:0]$2372
   352/1929: $3\crc30_step$func$/workspace/rtl/dll/vibe_bcrc.sv:42$74.fb[0:0]$2375
   353/1929: $3\crc30_step$func$/workspace/rtl/dll/vibe_bcrc.sv:42$74.b[0:0]$2374
   354/1929: $3\crc30_step$func$/workspace/rtl/dll/vibe_bcrc.sv:42$74.c[29:0]$2373
   355/1929: $3\crc30_step$func$/workspace/rtl/dll/vibe_bcrc.sv:42$73.$result[29:0]$2368
   356/1929: $3\crc30_step$func$/workspace/rtl/dll/vibe_bcrc.sv:42$73.fb[0:0]$2371
   357/1929: $3\crc30_step$func$/workspace/rtl/dll/vibe_bcrc.sv:42$73.b[0:0]$2370
   358/1929: $3\crc30_step$func$/workspace/rtl/dll/vibe_bcrc.sv:42$73.c[29:0]$2369
   359/1929: $3\crc30_step$func$/workspace/rtl/dll/vibe_bcrc.sv:42$72.$result[29:0]$2364
   360/1929: $3\crc30_step$func$/workspace/rtl/dll/vibe_bcrc.sv:42$72.fb[0:0]$2367
   361/1929: $3\crc30_step$func$/workspace/rtl/dll/vibe_bcrc.sv:42$72.b[0:0]$2366
   362/1929: $3\crc30_step$func$/workspace/rtl/dll/vibe_bcrc.sv:42$72.c[29:0]$2365
   363/1929: $3\crc30_step$func$/workspace/rtl/dll/vibe_bcrc.sv:42$71.$result[29:0]$2360
   364/1929: $3\crc30_step$func$/workspace/rtl/dll/vibe_bcrc.sv:42$71.fb[0:0]$2363
   365/1929: $3\crc30_step$func$/workspace/rtl/dll/vibe_bcrc.sv:42$71.b[0:0]$2362
   366/1929: $3\crc30_step$func$/workspace/rtl/dll/vibe_bcrc.sv:42$71.c[29:0]$2361
   367/1929: $3\crc30_step$func$/workspace/rtl/dll/vibe_bcrc.sv:42$70.$result[29:0]$2356
   368/1929: $3\crc30_step$func$/workspace/rtl/dll/vibe_bcrc.sv:42$70.fb[0:0]$2359
   369/1929: $3\crc30_step$func$/workspace/rtl/dll/vibe_bcrc.sv:42$70.b[0:0]$2358
   370/1929: $3\crc30_step$func$/workspace/rtl/dll/vibe_bcrc.sv:42$70.c[29:0]$2357
   371/1929: $3\crc30_step$func$/workspace/rtl/dll/vibe_bcrc.sv:42$69.$result[29:0]$2352
   372/1929: $3\crc30_step$func$/workspace/rtl/dll/vibe_bcrc.sv:42$69.fb[0:0]$2355
   373/1929: $3\crc30_step$func$/workspace/rtl/dll/vibe_bcrc.sv:42$69.b[0:0]$2354
   374/1929: $3\crc30_step$func$/workspace/rtl/dll/vibe_bcrc.sv:42$69.c[29:0]$2353
   375/1929: $3\crc30_step$func$/workspace/rtl/dll/vibe_bcrc.sv:42$68.$result[29:0]$2348
   376/1929: $3\crc30_step$func$/workspace/rtl/dll/vibe_bcrc.sv:42$68.fb[0:0]$2351
   377/1929: $3\crc30_step$func$/workspace/rtl/dll/vibe_bcrc.sv:42$68.b[0:0]$2350
   378/1929: $3\crc30_step$func$/workspace/rtl/dll/vibe_bcrc.sv:42$68.c[29:0]$2349
   379/1929: $3\crc30_step$func$/workspace/rtl/dll/vibe_bcrc.sv:42$67.$result[29:0]$2344
   380/1929: $3\crc30_step$func$/workspace/rtl/dll/vibe_bcrc.sv:42$67.fb[0:0]$2347
   381/1929: $3\crc30_step$func$/workspace/rtl/dll/vibe_bcrc.sv:42$67.b[0:0]$2346
   382/1929: $3\crc30_step$func$/workspace/rtl/dll/vibe_bcrc.sv:42$67.c[29:0]$2345
   383/1929: $3\crc30_step$func$/workspace/rtl/dll/vibe_bcrc.sv:42$66.$result[29:0]$2340
   384/1929: $3\crc30_step$func$/workspace/rtl/dll/vibe_bcrc.sv:42$66.fb[0:0]$2343
   385/1929: $3\crc30_step$func$/workspace/rtl/dll/vibe_bcrc.sv:42$66.b[0:0]$2342
   386/1929: $3\crc30_step$func$/workspace/rtl/dll/vibe_bcrc.sv:42$66.c[29:0]$2341
   387/1929: $3\crc30_step$func$/workspace/rtl/dll/vibe_bcrc.sv:42$65.$result[29:0]$2336
   388/1929: $3\crc30_step$func$/workspace/rtl/dll/vibe_bcrc.sv:42$65.fb[0:0]$2339
   389/1929: $3\crc30_step$func$/workspace/rtl/dll/vibe_bcrc.sv:42$65.b[0:0]$2338
   390/1929: $3\crc30_step$func$/workspace/rtl/dll/vibe_bcrc.sv:42$65.c[29:0]$2337
   391/1929: $3\crc30_step$func$/workspace/rtl/dll/vibe_bcrc.sv:42$64.$result[29:0]$2332
   392/1929: $3\crc30_step$func$/workspace/rtl/dll/vibe_bcrc.sv:42$64.fb[0:0]$2335
   393/1929: $3\crc30_step$func$/workspace/rtl/dll/vibe_bcrc.sv:42$64.b[0:0]$2334
   394/1929: $3\crc30_step$func$/workspace/rtl/dll/vibe_bcrc.sv:42$64.c[29:0]$2333
   395/1929: $3\crc30_step$func$/workspace/rtl/dll/vibe_bcrc.sv:42$63.$result[29:0]$2328
   396/1929: $3\crc30_step$func$/workspace/rtl/dll/vibe_bcrc.sv:42$63.fb[0:0]$2331
   397/1929: $3\crc30_step$func$/workspace/rtl/dll/vibe_bcrc.sv:42$63.b[0:0]$2330
   398/1929: $3\crc30_step$func$/workspace/rtl/dll/vibe_bcrc.sv:42$63.c[29:0]$2329
   399/1929: $3\crc30_step$func$/workspace/rtl/dll/vibe_bcrc.sv:42$62.$result[29:0]$2324
   400/1929: $3\crc30_step$func$/workspace/rtl/dll/vibe_bcrc.sv:42$62.fb[0:0]$2327
   401/1929: $3\crc30_step$func$/workspace/rtl/dll/vibe_bcrc.sv:42$62.b[0:0]$2326
   402/1929: $3\crc30_step$func$/workspace/rtl/dll/vibe_bcrc.sv:42$62.c[29:0]$2325
   403/1929: $3\crc30_step$func$/workspace/rtl/dll/vibe_bcrc.sv:42$61.$result[29:0]$2320
   404/1929: $3\crc30_step$func$/workspace/rtl/dll/vibe_bcrc.sv:42$61.fb[0:0]$2323
   405/1929: $3\crc30_step$func$/workspace/rtl/dll/vibe_bcrc.sv:42$61.b[0:0]$2322
   406/1929: $3\crc30_step$func$/workspace/rtl/dll/vibe_bcrc.sv:42$61.c[29:0]$2321
   407/1929: $3\crc30_step$func$/workspace/rtl/dll/vibe_bcrc.sv:42$60.$result[29:0]$2316
   408/1929: $3\crc30_step$func$/workspace/rtl/dll/vibe_bcrc.sv:42$60.fb[0:0]$2319
   409/1929: $3\crc30_step$func$/workspace/rtl/dll/vibe_bcrc.sv:42$60.b[0:0]$2318
   410/1929: $3\crc30_step$func$/workspace/rtl/dll/vibe_bcrc.sv:42$60.c[29:0]$2317
   411/1929: $3\crc30_step$func$/workspace/rtl/dll/vibe_bcrc.sv:42$59.$result[29:0]$2312
   412/1929: $3\crc30_step$func$/workspace/rtl/dll/vibe_bcrc.sv:42$59.fb[0:0]$2315
   413/1929: $3\crc30_step$func$/workspace/rtl/dll/vibe_bcrc.sv:42$59.b[0:0]$2314
   414/1929: $3\crc30_step$func$/workspace/rtl/dll/vibe_bcrc.sv:42$59.c[29:0]$2313
   415/1929: $3\crc30_step$func$/workspace/rtl/dll/vibe_bcrc.sv:42$58.$result[29:0]$2308
   416/1929: $3\crc30_step$func$/workspace/rtl/dll/vibe_bcrc.sv:42$58.fb[0:0]$2311
   417/1929: $3\crc30_step$func$/workspace/rtl/dll/vibe_bcrc.sv:42$58.b[0:0]$2310
   418/1929: $3\crc30_step$func$/workspace/rtl/dll/vibe_bcrc.sv:42$58.c[29:0]$2309
   419/1929: $3\crc30_step$func$/workspace/rtl/dll/vibe_bcrc.sv:42$57.$result[29:0]$2304
   420/1929: $3\crc30_step$func$/workspace/rtl/dll/vibe_bcrc.sv:42$57.fb[0:0]$2307
   421/1929: $3\crc30_step$func$/workspace/rtl/dll/vibe_bcrc.sv:42$57.b[0:0]$2306
   422/1929: $3\crc30_step$func$/workspace/rtl/dll/vibe_bcrc.sv:42$57.c[29:0]$2305
   423/1929: $3\crc30_step$func$/workspace/rtl/dll/vibe_bcrc.sv:42$56.$result[29:0]$2300
   424/1929: $3\crc30_step$func$/workspace/rtl/dll/vibe_bcrc.sv:42$56.fb[0:0]$2303
   425/1929: $3\crc30_step$func$/workspace/rtl/dll/vibe_bcrc.sv:42$56.b[0:0]$2302
   426/1929: $3\crc30_step$func$/workspace/rtl/dll/vibe_bcrc.sv:42$56.c[29:0]$2301
   427/1929: $3\crc30_step$func$/workspace/rtl/dll/vibe_bcrc.sv:42$55.$result[29:0]$2296
   428/1929: $3\crc30_step$func$/workspace/rtl/dll/vibe_bcrc.sv:42$55.fb[0:0]$2299
   429/1929: $3\crc30_step$func$/workspace/rtl/dll/vibe_bcrc.sv:42$55.b[0:0]$2298
   430/1929: $3\crc30_step$func$/workspace/rtl/dll/vibe_bcrc.sv:42$55.c[29:0]$2297
   431/1929: $3\crc30_step$func$/workspace/rtl/dll/vibe_bcrc.sv:42$54.$result[29:0]$2292
   432/1929: $3\crc30_step$func$/workspace/rtl/dll/vibe_bcrc.sv:42$54.fb[0:0]$2295
   433/1929: $3\crc30_step$func$/workspace/rtl/dll/vibe_bcrc.sv:42$54.b[0:0]$2294
   434/1929: $3\crc30_step$func$/workspace/rtl/dll/vibe_bcrc.sv:42$54.c[29:0]$2293
   435/1929: $3\crc30_step$func$/workspace/rtl/dll/vibe_bcrc.sv:42$53.$result[29:0]$2288
   436/1929: $3\crc30_step$func$/workspace/rtl/dll/vibe_bcrc.sv:42$53.fb[0:0]$2291
   437/1929: $3\crc30_step$func$/workspace/rtl/dll/vibe_bcrc.sv:42$53.b[0:0]$2290
   438/1929: $3\crc30_step$func$/workspace/rtl/dll/vibe_bcrc.sv:42$53.c[29:0]$2289
   439/1929: $3\crc30_step$func$/workspace/rtl/dll/vibe_bcrc.sv:42$52.$result[29:0]$2284
   440/1929: $3\crc30_step$func$/workspace/rtl/dll/vibe_bcrc.sv:42$52.fb[0:0]$2287
   441/1929: $3\crc30_step$func$/workspace/rtl/dll/vibe_bcrc.sv:42$52.b[0:0]$2286
   442/1929: $3\crc30_step$func$/workspace/rtl/dll/vibe_bcrc.sv:42$52.c[29:0]$2285
   443/1929: $3\crc30_step$func$/workspace/rtl/dll/vibe_bcrc.sv:42$51.$result[29:0]$2280
   444/1929: $3\crc30_step$func$/workspace/rtl/dll/vibe_bcrc.sv:42$51.fb[0:0]$2283
   445/1929: $3\crc30_step$func$/workspace/rtl/dll/vibe_bcrc.sv:42$51.b[0:0]$2282
   446/1929: $3\crc30_step$func$/workspace/rtl/dll/vibe_bcrc.sv:42$51.c[29:0]$2281
   447/1929: $3\crc30_step$func$/workspace/rtl/dll/vibe_bcrc.sv:42$50.$result[29:0]$2276
   448/1929: $3\crc30_step$func$/workspace/rtl/dll/vibe_bcrc.sv:42$50.fb[0:0]$2279
   449/1929: $3\crc30_step$func$/workspace/rtl/dll/vibe_bcrc.sv:42$50.b[0:0]$2278
   450/1929: $3\crc30_step$func$/workspace/rtl/dll/vibe_bcrc.sv:42$50.c[29:0]$2277
   451/1929: $3\crc30_step$func$/workspace/rtl/dll/vibe_bcrc.sv:42$49.$result[29:0]$2272
   452/1929: $3\crc30_step$func$/workspace/rtl/dll/vibe_bcrc.sv:42$49.fb[0:0]$2275
   453/1929: $3\crc30_step$func$/workspace/rtl/dll/vibe_bcrc.sv:42$49.b[0:0]$2274
   454/1929: $3\crc30_step$func$/workspace/rtl/dll/vibe_bcrc.sv:42$49.c[29:0]$2273
   455/1929: $3\crc30_step$func$/workspace/rtl/dll/vibe_bcrc.sv:42$48.$result[29:0]$2268
   456/1929: $3\crc30_step$func$/workspace/rtl/dll/vibe_bcrc.sv:42$48.fb[0:0]$2271
   457/1929: $3\crc30_step$func$/workspace/rtl/dll/vibe_bcrc.sv:42$48.b[0:0]$2270
   458/1929: $3\crc30_step$func$/workspace/rtl/dll/vibe_bcrc.sv:42$48.c[29:0]$2269
   459/1929: $3\crc30_step$func$/workspace/rtl/dll/vibe_bcrc.sv:42$47.$result[29:0]$2264
   460/1929: $3\crc30_step$func$/workspace/rtl/dll/vibe_bcrc.sv:42$47.fb[0:0]$2267
   461/1929: $3\crc30_step$func$/workspace/rtl/dll/vibe_bcrc.sv:42$47.b[0:0]$2266
   462/1929: $3\crc30_step$func$/workspace/rtl/dll/vibe_bcrc.sv:42$47.c[29:0]$2265
   463/1929: $3\crc30_step$func$/workspace/rtl/dll/vibe_bcrc.sv:42$46.$result[29:0]$2260
   464/1929: $3\crc30_step$func$/workspace/rtl/dll/vibe_bcrc.sv:42$46.fb[0:0]$2263
   465/1929: $3\crc30_step$func$/workspace/rtl/dll/vibe_bcrc.sv:42$46.b[0:0]$2262
   466/1929: $3\crc30_step$func$/workspace/rtl/dll/vibe_bcrc.sv:42$46.c[29:0]$2261
   467/1929: $3\crc30_step$func$/workspace/rtl/dll/vibe_bcrc.sv:42$45.$result[29:0]$2256
   468/1929: $3\crc30_step$func$/workspace/rtl/dll/vibe_bcrc.sv:42$45.fb[0:0]$2259
   469/1929: $3\crc30_step$func$/workspace/rtl/dll/vibe_bcrc.sv:42$45.b[0:0]$2258
   470/1929: $3\crc30_step$func$/workspace/rtl/dll/vibe_bcrc.sv:42$45.c[29:0]$2257
   471/1929: $3\crc30_step$func$/workspace/rtl/dll/vibe_bcrc.sv:42$44.$result[29:0]$2252
   472/1929: $3\crc30_step$func$/workspace/rtl/dll/vibe_bcrc.sv:42$44.fb[0:0]$2255
   473/1929: $3\crc30_step$func$/workspace/rtl/dll/vibe_bcrc.sv:42$44.b[0:0]$2254
   474/1929: $3\crc30_step$func$/workspace/rtl/dll/vibe_bcrc.sv:42$44.c[29:0]$2253
   475/1929: $3\crc30_step$func$/workspace/rtl/dll/vibe_bcrc.sv:42$43.$result[29:0]$2248
   476/1929: $3\crc30_step$func$/workspace/rtl/dll/vibe_bcrc.sv:42$43.fb[0:0]$2251
   477/1929: $3\crc30_step$func$/workspace/rtl/dll/vibe_bcrc.sv:42$43.b[0:0]$2250
   478/1929: $3\crc30_step$func$/workspace/rtl/dll/vibe_bcrc.sv:42$43.c[29:0]$2249
   479/1929: $3\crc30_step$func$/workspace/rtl/dll/vibe_bcrc.sv:42$42.$result[29:0]$2244
   480/1929: $3\crc30_step$func$/workspace/rtl/dll/vibe_bcrc.sv:42$42.fb[0:0]$2247
   481/1929: $3\crc30_step$func$/workspace/rtl/dll/vibe_bcrc.sv:42$42.b[0:0]$2246
   482/1929: $3\crc30_step$func$/workspace/rtl/dll/vibe_bcrc.sv:42$42.c[29:0]$2245
   483/1929: $3\crc30_step$func$/workspace/rtl/dll/vibe_bcrc.sv:42$41.$result[29:0]$2240
   484/1929: $3\crc30_step$func$/workspace/rtl/dll/vibe_bcrc.sv:42$41.fb[0:0]$2243
   485/1929: $3\crc30_step$func$/workspace/rtl/dll/vibe_bcrc.sv:42$41.b[0:0]$2242
   486/1929: $3\crc30_step$func$/workspace/rtl/dll/vibe_bcrc.sv:42$41.c[29:0]$2241
   487/1929: $3\crc30_step$func$/workspace/rtl/dll/vibe_bcrc.sv:42$40.$result[29:0]$2236
   488/1929: $3\crc30_step$func$/workspace/rtl/dll/vibe_bcrc.sv:42$40.fb[0:0]$2239
   489/1929: $3\crc30_step$func$/workspace/rtl/dll/vibe_bcrc.sv:42$40.b[0:0]$2238
   490/1929: $3\crc30_step$func$/workspace/rtl/dll/vibe_bcrc.sv:42$40.c[29:0]$2237
   491/1929: $3\crc30_step$func$/workspace/rtl/dll/vibe_bcrc.sv:42$39.$result[29:0]$2232
   492/1929: $3\crc30_step$func$/workspace/rtl/dll/vibe_bcrc.sv:42$39.fb[0:0]$2235
   493/1929: $3\crc30_step$func$/workspace/rtl/dll/vibe_bcrc.sv:42$39.b[0:0]$2234
   494/1929: $3\crc30_step$func$/workspace/rtl/dll/vibe_bcrc.sv:42$39.c[29:0]$2233
   495/1929: $3\crc30_step$func$/workspace/rtl/dll/vibe_bcrc.sv:42$38.$result[29:0]$2228
   496/1929: $3\crc30_step$func$/workspace/rtl/dll/vibe_bcrc.sv:42$38.fb[0:0]$2231
   497/1929: $3\crc30_step$func$/workspace/rtl/dll/vibe_bcrc.sv:42$38.b[0:0]$2230
   498/1929: $3\crc30_step$func$/workspace/rtl/dll/vibe_bcrc.sv:42$38.c[29:0]$2229
   499/1929: $3\crc30_step$func$/workspace/rtl/dll/vibe_bcrc.sv:42$37.$result[29:0]$2224
   500/1929: $3\crc30_step$func$/workspace/rtl/dll/vibe_bcrc.sv:42$37.fb[0:0]$2227
   501/1929: $3\crc30_step$func$/workspace/rtl/dll/vibe_bcrc.sv:42$37.b[0:0]$2226
   502/1929: $3\crc30_step$func$/workspace/rtl/dll/vibe_bcrc.sv:42$37.c[29:0]$2225
   503/1929: $3\crc30_step$func$/workspace/rtl/dll/vibe_bcrc.sv:42$36.$result[29:0]$2220
   504/1929: $3\crc30_step$func$/workspace/rtl/dll/vibe_bcrc.sv:42$36.fb[0:0]$2223
   505/1929: $3\crc30_step$func$/workspace/rtl/dll/vibe_bcrc.sv:42$36.b[0:0]$2222
   506/1929: $3\crc30_step$func$/workspace/rtl/dll/vibe_bcrc.sv:42$36.c[29:0]$2221
   507/1929: $3\crc30_step$func$/workspace/rtl/dll/vibe_bcrc.sv:42$35.$result[29:0]$2216
   508/1929: $3\crc30_step$func$/workspace/rtl/dll/vibe_bcrc.sv:42$35.fb[0:0]$2219
   509/1929: $3\crc30_step$func$/workspace/rtl/dll/vibe_bcrc.sv:42$35.b[0:0]$2218
   510/1929: $3\crc30_step$func$/workspace/rtl/dll/vibe_bcrc.sv:42$35.c[29:0]$2217
   511/1929: $3\crc30_step$func$/workspace/rtl/dll/vibe_bcrc.sv:42$34.$result[29:0]$2212
   512/1929: $3\crc30_step$func$/workspace/rtl/dll/vibe_bcrc.sv:42$34.fb[0:0]$2215
   513/1929: $3\crc30_step$func$/workspace/rtl/dll/vibe_bcrc.sv:42$34.b[0:0]$2214
   514/1929: $3\crc30_step$func$/workspace/rtl/dll/vibe_bcrc.sv:42$34.c[29:0]$2213
   515/1929: $3\crc30_step$func$/workspace/rtl/dll/vibe_bcrc.sv:42$33.$result[29:0]$2208
   516/1929: $3\crc30_step$func$/workspace/rtl/dll/vibe_bcrc.sv:42$33.fb[0:0]$2211
   517/1929: $3\crc30_step$func$/workspace/rtl/dll/vibe_bcrc.sv:42$33.b[0:0]$2210
   518/1929: $3\crc30_step$func$/workspace/rtl/dll/vibe_bcrc.sv:42$33.c[29:0]$2209
   519/1929: $3\crc30_step$func$/workspace/rtl/dll/vibe_bcrc.sv:42$32.$result[29:0]$2204
   520/1929: $3\crc30_step$func$/workspace/rtl/dll/vibe_bcrc.sv:42$32.fb[0:0]$2207
   521/1929: $3\crc30_step$func$/workspace/rtl/dll/vibe_bcrc.sv:42$32.b[0:0]$2206
   522/1929: $3\crc30_step$func$/workspace/rtl/dll/vibe_bcrc.sv:42$32.c[29:0]$2205
   523/1929: $3\crc30_step$func$/workspace/rtl/dll/vibe_bcrc.sv:42$31.$result[29:0]$2200
   524/1929: $3\crc30_step$func$/workspace/rtl/dll/vibe_bcrc.sv:42$31.fb[0:0]$2203
   525/1929: $3\crc30_step$func$/workspace/rtl/dll/vibe_bcrc.sv:42$31.b[0:0]$2202
   526/1929: $3\crc30_step$func$/workspace/rtl/dll/vibe_bcrc.sv:42$31.c[29:0]$2201
   527/1929: $3\crc30_step$func$/workspace/rtl/dll/vibe_bcrc.sv:42$30.$result[29:0]$2196
   528/1929: $3\crc30_step$func$/workspace/rtl/dll/vibe_bcrc.sv:42$30.fb[0:0]$2199
   529/1929: $3\crc30_step$func$/workspace/rtl/dll/vibe_bcrc.sv:42$30.b[0:0]$2198
   530/1929: $3\crc30_step$func$/workspace/rtl/dll/vibe_bcrc.sv:42$30.c[29:0]$2197
   531/1929: $3\crc30_step$func$/workspace/rtl/dll/vibe_bcrc.sv:42$29.$result[29:0]$2192
   532/1929: $3\crc30_step$func$/workspace/rtl/dll/vibe_bcrc.sv:42$29.fb[0:0]$2195
   533/1929: $3\crc30_step$func$/workspace/rtl/dll/vibe_bcrc.sv:42$29.b[0:0]$2194
   534/1929: $3\crc30_step$func$/workspace/rtl/dll/vibe_bcrc.sv:42$29.c[29:0]$2193
   535/1929: $3\crc30_step$func$/workspace/rtl/dll/vibe_bcrc.sv:42$28.$result[29:0]$2188
   536/1929: $3\crc30_step$func$/workspace/rtl/dll/vibe_bcrc.sv:42$28.fb[0:0]$2191
   537/1929: $3\crc30_step$func$/workspace/rtl/dll/vibe_bcrc.sv:42$28.b[0:0]$2190
   538/1929: $3\crc30_step$func$/workspace/rtl/dll/vibe_bcrc.sv:42$28.c[29:0]$2189
   539/1929: $3\crc30_step$func$/workspace/rtl/dll/vibe_bcrc.sv:42$27.$result[29:0]$2184
   540/1929: $3\crc30_step$func$/workspace/rtl/dll/vibe_bcrc.sv:42$27.fb[0:0]$2187
   541/1929: $3\crc30_step$func$/workspace/rtl/dll/vibe_bcrc.sv:42$27.b[0:0]$2186
   542/1929: $3\crc30_step$func$/workspace/rtl/dll/vibe_bcrc.sv:42$27.c[29:0]$2185
   543/1929: $3\crc30_step$func$/workspace/rtl/dll/vibe_bcrc.sv:42$26.$result[29:0]$2180
   544/1929: $3\crc30_step$func$/workspace/rtl/dll/vibe_bcrc.sv:42$26.fb[0:0]$2183
   545/1929: $3\crc30_step$func$/workspace/rtl/dll/vibe_bcrc.sv:42$26.b[0:0]$2182
   546/1929: $3\crc30_step$func$/workspace/rtl/dll/vibe_bcrc.sv:42$26.c[29:0]$2181
   547/1929: $3\crc30_step$func$/workspace/rtl/dll/vibe_bcrc.sv:42$25.$result[29:0]$2176
   548/1929: $3\crc30_step$func$/workspace/rtl/dll/vibe_bcrc.sv:42$25.fb[0:0]$2179
   549/1929: $3\crc30_step$func$/workspace/rtl/dll/vibe_bcrc.sv:42$25.b[0:0]$2178
   550/1929: $3\crc30_step$func$/workspace/rtl/dll/vibe_bcrc.sv:42$25.c[29:0]$2177
   551/1929: $3\crc30_step$func$/workspace/rtl/dll/vibe_bcrc.sv:42$24.$result[29:0]$2172
   552/1929: $3\crc30_step$func$/workspace/rtl/dll/vibe_bcrc.sv:42$24.fb[0:0]$2175
   553/1929: $3\crc30_step$func$/workspace/rtl/dll/vibe_bcrc.sv:42$24.b[0:0]$2174
   554/1929: $3\crc30_step$func$/workspace/rtl/dll/vibe_bcrc.sv:42$24.c[29:0]$2173
   555/1929: $3\crc30_step$func$/workspace/rtl/dll/vibe_bcrc.sv:42$23.$result[29:0]$2168
   556/1929: $3\crc30_step$func$/workspace/rtl/dll/vibe_bcrc.sv:42$23.fb[0:0]$2171
   557/1929: $3\crc30_step$func$/workspace/rtl/dll/vibe_bcrc.sv:42$23.b[0:0]$2170
   558/1929: $3\crc30_step$func$/workspace/rtl/dll/vibe_bcrc.sv:42$23.c[29:0]$2169
   559/1929: $3\crc30_step$func$/workspace/rtl/dll/vibe_bcrc.sv:42$22.$result[29:0]$2164
   560/1929: $3\crc30_step$func$/workspace/rtl/dll/vibe_bcrc.sv:42$22.fb[0:0]$2167
   561/1929: $3\crc30_step$func$/workspace/rtl/dll/vibe_bcrc.sv:42$22.b[0:0]$2166
   562/1929: $3\crc30_step$func$/workspace/rtl/dll/vibe_bcrc.sv:42$22.c[29:0]$2165
   563/1929: $3\crc30_step$func$/workspace/rtl/dll/vibe_bcrc.sv:42$21.$result[29:0]$2160
   564/1929: $3\crc30_step$func$/workspace/rtl/dll/vibe_bcrc.sv:42$21.fb[0:0]$2163
   565/1929: $3\crc30_step$func$/workspace/rtl/dll/vibe_bcrc.sv:42$21.b[0:0]$2162
   566/1929: $3\crc30_step$func$/workspace/rtl/dll/vibe_bcrc.sv:42$21.c[29:0]$2161
   567/1929: $3\crc30_step$func$/workspace/rtl/dll/vibe_bcrc.sv:42$20.$result[29:0]$2156
   568/1929: $3\crc30_step$func$/workspace/rtl/dll/vibe_bcrc.sv:42$20.fb[0:0]$2159
   569/1929: $3\crc30_step$func$/workspace/rtl/dll/vibe_bcrc.sv:42$20.b[0:0]$2158
   570/1929: $3\crc30_step$func$/workspace/rtl/dll/vibe_bcrc.sv:42$20.c[29:0]$2157
   571/1929: $3\crc30_step$func$/workspace/rtl/dll/vibe_bcrc.sv:42$19.$result[29:0]$2152
   572/1929: $3\crc30_step$func$/workspace/rtl/dll/vibe_bcrc.sv:42$19.fb[0:0]$2155
   573/1929: $3\crc30_step$func$/workspace/rtl/dll/vibe_bcrc.sv:42$19.b[0:0]$2154
   574/1929: $3\crc30_step$func$/workspace/rtl/dll/vibe_bcrc.sv:42$19.c[29:0]$2153
   575/1929: $3\crc30_step$func$/workspace/rtl/dll/vibe_bcrc.sv:42$18.$result[29:0]$2148
   576/1929: $3\crc30_step$func$/workspace/rtl/dll/vibe_bcrc.sv:42$18.fb[0:0]$2151
   577/1929: $3\crc30_step$func$/workspace/rtl/dll/vibe_bcrc.sv:42$18.b[0:0]$2150
   578/1929: $3\crc30_step$func$/workspace/rtl/dll/vibe_bcrc.sv:42$18.c[29:0]$2149
   579/1929: $3\crc30_step$func$/workspace/rtl/dll/vibe_bcrc.sv:42$17.$result[29:0]$2144
   580/1929: $3\crc30_step$func$/workspace/rtl/dll/vibe_bcrc.sv:42$17.fb[0:0]$2147
   581/1929: $3\crc30_step$func$/workspace/rtl/dll/vibe_bcrc.sv:42$17.b[0:0]$2146
   582/1929: $3\crc30_step$func$/workspace/rtl/dll/vibe_bcrc.sv:42$17.c[29:0]$2145
   583/1929: $3\crc30_step$func$/workspace/rtl/dll/vibe_bcrc.sv:42$16.$result[29:0]$2140
   584/1929: $3\crc30_step$func$/workspace/rtl/dll/vibe_bcrc.sv:42$16.fb[0:0]$2143
   585/1929: $3\crc30_step$func$/workspace/rtl/dll/vibe_bcrc.sv:42$16.b[0:0]$2142
   586/1929: $3\crc30_step$func$/workspace/rtl/dll/vibe_bcrc.sv:42$16.c[29:0]$2141
   587/1929: $3\crc30_step$func$/workspace/rtl/dll/vibe_bcrc.sv:42$15.$result[29:0]$2136
   588/1929: $3\crc30_step$func$/workspace/rtl/dll/vibe_bcrc.sv:42$15.fb[0:0]$2139
   589/1929: $3\crc30_step$func$/workspace/rtl/dll/vibe_bcrc.sv:42$15.b[0:0]$2138
   590/1929: $3\crc30_step$func$/workspace/rtl/dll/vibe_bcrc.sv:42$15.c[29:0]$2137
   591/1929: $3\crc30_step$func$/workspace/rtl/dll/vibe_bcrc.sv:42$14.$result[29:0]$2132
   592/1929: $3\crc30_step$func$/workspace/rtl/dll/vibe_bcrc.sv:42$14.fb[0:0]$2135
   593/1929: $3\crc30_step$func$/workspace/rtl/dll/vibe_bcrc.sv:42$14.b[0:0]$2134
   594/1929: $3\crc30_step$func$/workspace/rtl/dll/vibe_bcrc.sv:42$14.c[29:0]$2133
   595/1929: $3\crc30_step$func$/workspace/rtl/dll/vibe_bcrc.sv:42$13.$result[29:0]$2128
   596/1929: $3\crc30_step$func$/workspace/rtl/dll/vibe_bcrc.sv:42$13.fb[0:0]$2131
   597/1929: $3\crc30_step$func$/workspace/rtl/dll/vibe_bcrc.sv:42$13.b[0:0]$2130
   598/1929: $3\crc30_step$func$/workspace/rtl/dll/vibe_bcrc.sv:42$13.c[29:0]$2129
   599/1929: $3\crc30_step$func$/workspace/rtl/dll/vibe_bcrc.sv:42$12.$result[29:0]$2124
   600/1929: $3\crc30_step$func$/workspace/rtl/dll/vibe_bcrc.sv:42$12.fb[0:0]$2127
   601/1929: $3\crc30_step$func$/workspace/rtl/dll/vibe_bcrc.sv:42$12.b[0:0]$2126
   602/1929: $3\crc30_step$func$/workspace/rtl/dll/vibe_bcrc.sv:42$12.c[29:0]$2125
   603/1929: $3\crc30_step$func$/workspace/rtl/dll/vibe_bcrc.sv:42$11.$result[29:0]$2120
   604/1929: $3\crc30_step$func$/workspace/rtl/dll/vibe_bcrc.sv:42$11.fb[0:0]$2123
   605/1929: $3\crc30_step$func$/workspace/rtl/dll/vibe_bcrc.sv:42$11.b[0:0]$2122
   606/1929: $3\crc30_step$func$/workspace/rtl/dll/vibe_bcrc.sv:42$11.c[29:0]$2121
   607/1929: $3\crc30_step$func$/workspace/rtl/dll/vibe_bcrc.sv:42$10.$result[29:0]$2116
   608/1929: $3\crc30_step$func$/workspace/rtl/dll/vibe_bcrc.sv:42$10.fb[0:0]$2119
   609/1929: $3\crc30_step$func$/workspace/rtl/dll/vibe_bcrc.sv:42$10.b[0:0]$2118
   610/1929: $3\crc30_step$func$/workspace/rtl/dll/vibe_bcrc.sv:42$10.c[29:0]$2117
   611/1929: $3\crc30_step$func$/workspace/rtl/dll/vibe_bcrc.sv:42$9.$result[29:0]$2112
   612/1929: $3\crc30_step$func$/workspace/rtl/dll/vibe_bcrc.sv:42$9.fb[0:0]$2115
   613/1929: $3\crc30_step$func$/workspace/rtl/dll/vibe_bcrc.sv:42$9.b[0:0]$2114
   614/1929: $3\crc30_step$func$/workspace/rtl/dll/vibe_bcrc.sv:42$9.c[29:0]$2113
   615/1929: $3\crc30_step$func$/workspace/rtl/dll/vibe_bcrc.sv:42$8.$result[29:0]$2108
   616/1929: $3\crc30_step$func$/workspace/rtl/dll/vibe_bcrc.sv:42$8.fb[0:0]$2111
   617/1929: $3\crc30_step$func$/workspace/rtl/dll/vibe_bcrc.sv:42$8.b[0:0]$2110
   618/1929: $3\crc30_step$func$/workspace/rtl/dll/vibe_bcrc.sv:42$8.c[29:0]$2109
   619/1929: $3\crc30_step$func$/workspace/rtl/dll/vibe_bcrc.sv:42$7.$result[29:0]$2104
   620/1929: $3\crc30_step$func$/workspace/rtl/dll/vibe_bcrc.sv:42$7.fb[0:0]$2107
   621/1929: $3\crc30_step$func$/workspace/rtl/dll/vibe_bcrc.sv:42$7.b[0:0]$2106
   622/1929: $3\crc30_step$func$/workspace/rtl/dll/vibe_bcrc.sv:42$7.c[29:0]$2105
   623/1929: $3\crc30_step$func$/workspace/rtl/dll/vibe_bcrc.sv:42$6.$result[29:0]$2100
   624/1929: $3\crc30_step$func$/workspace/rtl/dll/vibe_bcrc.sv:42$6.fb[0:0]$2103
   625/1929: $3\crc30_step$func$/workspace/rtl/dll/vibe_bcrc.sv:42$6.b[0:0]$2102
   626/1929: $3\crc30_step$func$/workspace/rtl/dll/vibe_bcrc.sv:42$6.c[29:0]$2101
   627/1929: $3\crc30_step$func$/workspace/rtl/dll/vibe_bcrc.sv:42$5.$result[29:0]$2096
   628/1929: $3\crc30_step$func$/workspace/rtl/dll/vibe_bcrc.sv:42$5.fb[0:0]$2099
   629/1929: $3\crc30_step$func$/workspace/rtl/dll/vibe_bcrc.sv:42$5.b[0:0]$2098
   630/1929: $3\crc30_step$func$/workspace/rtl/dll/vibe_bcrc.sv:42$5.c[29:0]$2097
   631/1929: $3\crc30_step$func$/workspace/rtl/dll/vibe_bcrc.sv:42$4.$result[29:0]$2092
   632/1929: $3\crc30_step$func$/workspace/rtl/dll/vibe_bcrc.sv:42$4.fb[0:0]$2095
   633/1929: $3\crc30_step$func$/workspace/rtl/dll/vibe_bcrc.sv:42$4.b[0:0]$2094
   634/1929: $3\crc30_step$func$/workspace/rtl/dll/vibe_bcrc.sv:42$4.c[29:0]$2093
   635/1929: $3\crc30_step$func$/workspace/rtl/dll/vibe_bcrc.sv:42$3.$result[29:0]$2088
   636/1929: $3\crc30_step$func$/workspace/rtl/dll/vibe_bcrc.sv:42$3.fb[0:0]$2091
   637/1929: $3\crc30_step$func$/workspace/rtl/dll/vibe_bcrc.sv:42$3.b[0:0]$2090
   638/1929: $3\crc30_step$func$/workspace/rtl/dll/vibe_bcrc.sv:42$3.c[29:0]$2089
   639/1929: $3\crc30_step$func$/workspace/rtl/dll/vibe_bcrc.sv:42$2.$result[29:0]$2084
   640/1929: $3\crc30_step$func$/workspace/rtl/dll/vibe_bcrc.sv:42$2.fb[0:0]$2087
   641/1929: $3\crc30_step$func$/workspace/rtl/dll/vibe_bcrc.sv:42$2.b[0:0]$2086
   642/1929: $3\crc30_step$func$/workspace/rtl/dll/vibe_bcrc.sv:42$2.c[29:0]$2085
   643/1929: $2\crc30_step$func$/workspace/rtl/dll/vibe_bcrc.sv:42$161.fb[0:0]$2083
   644/1929: $2\crc30_step$func$/workspace/rtl/dll/vibe_bcrc.sv:42$161.b[0:0]$2082
   645/1929: $2\crc30_step$func$/workspace/rtl/dll/vibe_bcrc.sv:42$161.c[29:0]$2081
   646/1929: $2\crc30_step$func$/workspace/rtl/dll/vibe_bcrc.sv:42$161.$result[29:0]$2080
   647/1929: $2\crc30_step$func$/workspace/rtl/dll/vibe_bcrc.sv:42$160.fb[0:0]$2079
   648/1929: $2\crc30_step$func$/workspace/rtl/dll/vibe_bcrc.sv:42$160.b[0:0]$2078
   649/1929: $2\crc30_step$func$/workspace/rtl/dll/vibe_bcrc.sv:42$160.c[29:0]$2077
   650/1929: $2\crc30_step$func$/workspace/rtl/dll/vibe_bcrc.sv:42$160.$result[29:0]$2076
   651/1929: $2\crc30_step$func$/workspace/rtl/dll/vibe_bcrc.sv:42$159.fb[0:0]$2075
   652/1929: $2\crc30_step$func$/workspace/rtl/dll/vibe_bcrc.sv:42$159.b[0:0]$2074
   653/1929: $2\crc30_step$func$/workspace/rtl/dll/vibe_bcrc.sv:42$159.c[29:0]$2073
   654/1929: $2\crc30_step$func$/workspace/rtl/dll/vibe_bcrc.sv:42$159.$result[29:0]$2072
   655/1929: $2\crc30_step$func$/workspace/rtl/dll/vibe_bcrc.sv:42$158.fb[0:0]$2071
   656/1929: $2\crc30_step$func$/workspace/rtl/dll/vibe_bcrc.sv:42$158.b[0:0]$2070
   657/1929: $2\crc30_step$func$/workspace/rtl/dll/vibe_bcrc.sv:42$158.c[29:0]$2069
   658/1929: $2\crc30_step$func$/workspace/rtl/dll/vibe_bcrc.sv:42$158.$result[29:0]$2068
   659/1929: $2\crc30_step$func$/workspace/rtl/dll/vibe_bcrc.sv:42$157.fb[0:0]$2067
   660/1929: $2\crc30_step$func$/workspace/rtl/dll/vibe_bcrc.sv:42$157.b[0:0]$2066
   661/1929: $2\crc30_step$func$/workspace/rtl/dll/vibe_bcrc.sv:42$157.c[29:0]$2065
   662/1929: $2\crc30_step$func$/workspace/rtl/dll/vibe_bcrc.sv:42$157.$result[29:0]$2064
   663/1929: $2\crc30_step$func$/workspace/rtl/dll/vibe_bcrc.sv:42$156.fb[0:0]$2063
   664/1929: $2\crc30_step$func$/workspace/rtl/dll/vibe_bcrc.sv:42$156.b[0:0]$2062
   665/1929: $2\crc30_step$func$/workspace/rtl/dll/vibe_bcrc.sv:42$156.c[29:0]$2061
   666/1929: $2\crc30_step$func$/workspace/rtl/dll/vibe_bcrc.sv:42$156.$result[29:0]$2060
   667/1929: $2\crc30_step$func$/workspace/rtl/dll/vibe_bcrc.sv:42$155.fb[0:0]$2059
   668/1929: $2\crc30_step$func$/workspace/rtl/dll/vibe_bcrc.sv:42$155.b[0:0]$2058
   669/1929: $2\crc30_step$func$/workspace/rtl/dll/vibe_bcrc.sv:42$155.c[29:0]$2057
   670/1929: $2\crc30_step$func$/workspace/rtl/dll/vibe_bcrc.sv:42$155.$result[29:0]$2056
   671/1929: $2\crc30_step$func$/workspace/rtl/dll/vibe_bcrc.sv:42$154.fb[0:0]$2055
   672/1929: $2\crc30_step$func$/workspace/rtl/dll/vibe_bcrc.sv:42$154.b[0:0]$2054
   673/1929: $2\crc30_step$func$/workspace/rtl/dll/vibe_bcrc.sv:42$154.c[29:0]$2053
   674/1929: $2\crc30_step$func$/workspace/rtl/dll/vibe_bcrc.sv:42$154.$result[29:0]$2052
   675/1929: $2\crc30_step$func$/workspace/rtl/dll/vibe_bcrc.sv:42$153.fb[0:0]$2051
   676/1929: $2\crc30_step$func$/workspace/rtl/dll/vibe_bcrc.sv:42$153.b[0:0]$2050
   677/1929: $2\crc30_step$func$/workspace/rtl/dll/vibe_bcrc.sv:42$153.c[29:0]$2049
   678/1929: $2\crc30_step$func$/workspace/rtl/dll/vibe_bcrc.sv:42$153.$result[29:0]$2048
   679/1929: $2\crc30_step$func$/workspace/rtl/dll/vibe_bcrc.sv:42$152.fb[0:0]$2047
   680/1929: $2\crc30_step$func$/workspace/rtl/dll/vibe_bcrc.sv:42$152.b[0:0]$2046
   681/1929: $2\crc30_step$func$/workspace/rtl/dll/vibe_bcrc.sv:42$152.c[29:0]$2045
   682/1929: $2\crc30_step$func$/workspace/rtl/dll/vibe_bcrc.sv:42$152.$result[29:0]$2044
   683/1929: $2\crc30_step$func$/workspace/rtl/dll/vibe_bcrc.sv:42$151.fb[0:0]$2043
   684/1929: $2\crc30_step$func$/workspace/rtl/dll/vibe_bcrc.sv:42$151.b[0:0]$2042
   685/1929: $2\crc30_step$func$/workspace/rtl/dll/vibe_bcrc.sv:42$151.c[29:0]$2041
   686/1929: $2\crc30_step$func$/workspace/rtl/dll/vibe_bcrc.sv:42$151.$result[29:0]$2040
   687/1929: $2\crc30_step$func$/workspace/rtl/dll/vibe_bcrc.sv:42$150.fb[0:0]$2039
   688/1929: $2\crc30_step$func$/workspace/rtl/dll/vibe_bcrc.sv:42$150.b[0:0]$2038
   689/1929: $2\crc30_step$func$/workspace/rtl/dll/vibe_bcrc.sv:42$150.c[29:0]$2037
   690/1929: $2\crc30_step$func$/workspace/rtl/dll/vibe_bcrc.sv:42$150.$result[29:0]$2036
   691/1929: $2\crc30_step$func$/workspace/rtl/dll/vibe_bcrc.sv:42$149.fb[0:0]$2035
   692/1929: $2\crc30_step$func$/workspace/rtl/dll/vibe_bcrc.sv:42$149.b[0:0]$2034
   693/1929: $2\crc30_step$func$/workspace/rtl/dll/vibe_bcrc.sv:42$149.c[29:0]$2033
   694/1929: $2\crc30_step$func$/workspace/rtl/dll/vibe_bcrc.sv:42$149.$result[29:0]$2032
   695/1929: $2\crc30_step$func$/workspace/rtl/dll/vibe_bcrc.sv:42$148.fb[0:0]$2031
   696/1929: $2\crc30_step$func$/workspace/rtl/dll/vibe_bcrc.sv:42$148.b[0:0]$2030
   697/1929: $2\crc30_step$func$/workspace/rtl/dll/vibe_bcrc.sv:42$148.c[29:0]$2029
   698/1929: $2\crc30_step$func$/workspace/rtl/dll/vibe_bcrc.sv:42$148.$result[29:0]$2028
   699/1929: $2\crc30_step$func$/workspace/rtl/dll/vibe_bcrc.sv:42$147.fb[0:0]$2027
   700/1929: $2\crc30_step$func$/workspace/rtl/dll/vibe_bcrc.sv:42$147.b[0:0]$2026
   701/1929: $2\crc30_step$func$/workspace/rtl/dll/vibe_bcrc.sv:42$147.c[29:0]$2025
   702/1929: $2\crc30_step$func$/workspace/rtl/dll/vibe_bcrc.sv:42$147.$result[29:0]$2024
   703/1929: $2\crc30_step$func$/workspace/rtl/dll/vibe_bcrc.sv:42$146.fb[0:0]$2023
   704/1929: $2\crc30_step$func$/workspace/rtl/dll/vibe_bcrc.sv:42$146.b[0:0]$2022
   705/1929: $2\crc30_step$func$/workspace/rtl/dll/vibe_bcrc.sv:42$146.c[29:0]$2021
   706/1929: $2\crc30_step$func$/workspace/rtl/dll/vibe_bcrc.sv:42$146.$result[29:0]$2020
   707/1929: $2\crc30_step$func$/workspace/rtl/dll/vibe_bcrc.sv:42$145.fb[0:0]$2019
   708/1929: $2\crc30_step$func$/workspace/rtl/dll/vibe_bcrc.sv:42$145.b[0:0]$2018
   709/1929: $2\crc30_step$func$/workspace/rtl/dll/vibe_bcrc.sv:42$145.c[29:0]$2017
   710/1929: $2\crc30_step$func$/workspace/rtl/dll/vibe_bcrc.sv:42$145.$result[29:0]$2016
   711/1929: $2\crc30_step$func$/workspace/rtl/dll/vibe_bcrc.sv:42$144.fb[0:0]$2015
   712/1929: $2\crc30_step$func$/workspace/rtl/dll/vibe_bcrc.sv:42$144.b[0:0]$2014
   713/1929: $2\crc30_step$func$/workspace/rtl/dll/vibe_bcrc.sv:42$144.c[29:0]$2013
   714/1929: $2\crc30_step$func$/workspace/rtl/dll/vibe_bcrc.sv:42$144.$result[29:0]$2012
   715/1929: $2\crc30_step$func$/workspace/rtl/dll/vibe_bcrc.sv:42$143.fb[0:0]$2011
   716/1929: $2\crc30_step$func$/workspace/rtl/dll/vibe_bcrc.sv:42$143.b[0:0]$2010
   717/1929: $2\crc30_step$func$/workspace/rtl/dll/vibe_bcrc.sv:42$143.c[29:0]$2009
   718/1929: $2\crc30_step$func$/workspace/rtl/dll/vibe_bcrc.sv:42$143.$result[29:0]$2008
   719/1929: $2\crc30_step$func$/workspace/rtl/dll/vibe_bcrc.sv:42$142.fb[0:0]$2007
   720/1929: $2\crc30_step$func$/workspace/rtl/dll/vibe_bcrc.sv:42$142.b[0:0]$2006
   721/1929: $2\crc30_step$func$/workspace/rtl/dll/vibe_bcrc.sv:42$142.c[29:0]$2005
   722/1929: $2\crc30_step$func$/workspace/rtl/dll/vibe_bcrc.sv:42$142.$result[29:0]$2004
   723/1929: $2\crc30_step$func$/workspace/rtl/dll/vibe_bcrc.sv:42$141.fb[0:0]$2003
   724/1929: $2\crc30_step$func$/workspace/rtl/dll/vibe_bcrc.sv:42$141.b[0:0]$2002
   725/1929: $2\crc30_step$func$/workspace/rtl/dll/vibe_bcrc.sv:42$141.c[29:0]$2001
   726/1929: $2\crc30_step$func$/workspace/rtl/dll/vibe_bcrc.sv:42$141.$result[29:0]$2000
   727/1929: $2\crc30_step$func$/workspace/rtl/dll/vibe_bcrc.sv:42$140.fb[0:0]$1999
   728/1929: $2\crc30_step$func$/workspace/rtl/dll/vibe_bcrc.sv:42$140.b[0:0]$1998
   729/1929: $2\crc30_step$func$/workspace/rtl/dll/vibe_bcrc.sv:42$140.c[29:0]$1997
   730/1929: $2\crc30_step$func$/workspace/rtl/dll/vibe_bcrc.sv:42$140.$result[29:0]$1996
   731/1929: $2\crc30_step$func$/workspace/rtl/dll/vibe_bcrc.sv:42$139.fb[0:0]$1995
   732/1929: $2\crc30_step$func$/workspace/rtl/dll/vibe_bcrc.sv:42$139.b[0:0]$1994
   733/1929: $2\crc30_step$func$/workspace/rtl/dll/vibe_bcrc.sv:42$139.c[29:0]$1993
   734/1929: $2\crc30_step$func$/workspace/rtl/dll/vibe_bcrc.sv:42$139.$result[29:0]$1992
   735/1929: $2\crc30_step$func$/workspace/rtl/dll/vibe_bcrc.sv:42$138.fb[0:0]$1991
   736/1929: $2\crc30_step$func$/workspace/rtl/dll/vibe_bcrc.sv:42$138.b[0:0]$1990
   737/1929: $2\crc30_step$func$/workspace/rtl/dll/vibe_bcrc.sv:42$138.c[29:0]$1989
   738/1929: $2\crc30_step$func$/workspace/rtl/dll/vibe_bcrc.sv:42$138.$result[29:0]$1988
   739/1929: $2\crc30_step$func$/workspace/rtl/dll/vibe_bcrc.sv:42$137.fb[0:0]$1987
   740/1929: $2\crc30_step$func$/workspace/rtl/dll/vibe_bcrc.sv:42$137.b[0:0]$1986
   741/1929: $2\crc30_step$func$/workspace/rtl/dll/vibe_bcrc.sv:42$137.c[29:0]$1985
   742/1929: $2\crc30_step$func$/workspace/rtl/dll/vibe_bcrc.sv:42$137.$result[29:0]$1984
   743/1929: $2\crc30_step$func$/workspace/rtl/dll/vibe_bcrc.sv:42$136.fb[0:0]$1983
   744/1929: $2\crc30_step$func$/workspace/rtl/dll/vibe_bcrc.sv:42$136.b[0:0]$1982
   745/1929: $2\crc30_step$func$/workspace/rtl/dll/vibe_bcrc.sv:42$136.c[29:0]$1981
   746/1929: $2\crc30_step$func$/workspace/rtl/dll/vibe_bcrc.sv:42$136.$result[29:0]$1980
   747/1929: $2\crc30_step$func$/workspace/rtl/dll/vibe_bcrc.sv:42$135.fb[0:0]$1979
   748/1929: $2\crc30_step$func$/workspace/rtl/dll/vibe_bcrc.sv:42$135.b[0:0]$1978
   749/1929: $2\crc30_step$func$/workspace/rtl/dll/vibe_bcrc.sv:42$135.c[29:0]$1977
   750/1929: $2\crc30_step$func$/workspace/rtl/dll/vibe_bcrc.sv:42$135.$result[29:0]$1976
   751/1929: $2\crc30_step$func$/workspace/rtl/dll/vibe_bcrc.sv:42$134.fb[0:0]$1975
   752/1929: $2\crc30_step$func$/workspace/rtl/dll/vibe_bcrc.sv:42$134.b[0:0]$1974
   753/1929: $2\crc30_step$func$/workspace/rtl/dll/vibe_bcrc.sv:42$134.c[29:0]$1973
   754/1929: $2\crc30_step$func$/workspace/rtl/dll/vibe_bcrc.sv:42$134.$result[29:0]$1972
   755/1929: $2\crc30_step$func$/workspace/rtl/dll/vibe_bcrc.sv:42$133.fb[0:0]$1971
   756/1929: $2\crc30_step$func$/workspace/rtl/dll/vibe_bcrc.sv:42$133.b[0:0]$1970
   757/1929: $2\crc30_step$func$/workspace/rtl/dll/vibe_bcrc.sv:42$133.c[29:0]$1969
   758/1929: $2\crc30_step$func$/workspace/rtl/dll/vibe_bcrc.sv:42$133.$result[29:0]$1968
   759/1929: $2\crc30_step$func$/workspace/rtl/dll/vibe_bcrc.sv:42$132.fb[0:0]$1967
   760/1929: $2\crc30_step$func$/workspace/rtl/dll/vibe_bcrc.sv:42$132.b[0:0]$1966
   761/1929: $2\crc30_step$func$/workspace/rtl/dll/vibe_bcrc.sv:42$132.c[29:0]$1965
   762/1929: $2\crc30_step$func$/workspace/rtl/dll/vibe_bcrc.sv:42$132.$result[29:0]$1964
   763/1929: $2\crc30_step$func$/workspace/rtl/dll/vibe_bcrc.sv:42$131.fb[0:0]$1963
   764/1929: $2\crc30_step$func$/workspace/rtl/dll/vibe_bcrc.sv:42$131.b[0:0]$1962
   765/1929: $2\crc30_step$func$/workspace/rtl/dll/vibe_bcrc.sv:42$131.c[29:0]$1961
   766/1929: $2\crc30_step$func$/workspace/rtl/dll/vibe_bcrc.sv:42$131.$result[29:0]$1960
   767/1929: $2\crc30_step$func$/workspace/rtl/dll/vibe_bcrc.sv:42$130.fb[0:0]$1959
   768/1929: $2\crc30_step$func$/workspace/rtl/dll/vibe_bcrc.sv:42$130.b[0:0]$1958
   769/1929: $2\crc30_step$func$/workspace/rtl/dll/vibe_bcrc.sv:42$130.c[29:0]$1957
   770/1929: $2\crc30_step$func$/workspace/rtl/dll/vibe_bcrc.sv:42$130.$result[29:0]$1956
   771/1929: $2\crc30_step$func$/workspace/rtl/dll/vibe_bcrc.sv:42$129.fb[0:0]$1955
   772/1929: $2\crc30_step$func$/workspace/rtl/dll/vibe_bcrc.sv:42$129.b[0:0]$1954
   773/1929: $2\crc30_step$func$/workspace/rtl/dll/vibe_bcrc.sv:42$129.c[29:0]$1953
   774/1929: $2\crc30_step$func$/workspace/rtl/dll/vibe_bcrc.sv:42$129.$result[29:0]$1952
   775/1929: $2\crc30_step$func$/workspace/rtl/dll/vibe_bcrc.sv:42$128.fb[0:0]$1951
   776/1929: $2\crc30_step$func$/workspace/rtl/dll/vibe_bcrc.sv:42$128.b[0:0]$1950
   777/1929: $2\crc30_step$func$/workspace/rtl/dll/vibe_bcrc.sv:42$128.c[29:0]$1949
   778/1929: $2\crc30_step$func$/workspace/rtl/dll/vibe_bcrc.sv:42$128.$result[29:0]$1948
   779/1929: $2\crc30_step$func$/workspace/rtl/dll/vibe_bcrc.sv:42$127.fb[0:0]$1947
   780/1929: $2\crc30_step$func$/workspace/rtl/dll/vibe_bcrc.sv:42$127.b[0:0]$1946
   781/1929: $2\crc30_step$func$/workspace/rtl/dll/vibe_bcrc.sv:42$127.c[29:0]$1945
   782/1929: $2\crc30_step$func$/workspace/rtl/dll/vibe_bcrc.sv:42$127.$result[29:0]$1944
   783/1929: $2\crc30_step$func$/workspace/rtl/dll/vibe_bcrc.sv:42$126.fb[0:0]$1943
   784/1929: $2\crc30_step$func$/workspace/rtl/dll/vibe_bcrc.sv:42$126.b[0:0]$1942
   785/1929: $2\crc30_step$func$/workspace/rtl/dll/vibe_bcrc.sv:42$126.c[29:0]$1941
   786/1929: $2\crc30_step$func$/workspace/rtl/dll/vibe_bcrc.sv:42$126.$result[29:0]$1940
   787/1929: $2\crc30_step$func$/workspace/rtl/dll/vibe_bcrc.sv:42$125.fb[0:0]$1939
   788/1929: $2\crc30_step$func$/workspace/rtl/dll/vibe_bcrc.sv:42$125.b[0:0]$1938
   789/1929: $2\crc30_step$func$/workspace/rtl/dll/vibe_bcrc.sv:42$125.c[29:0]$1937
   790/1929: $2\crc30_step$func$/workspace/rtl/dll/vibe_bcrc.sv:42$125.$result[29:0]$1936
   791/1929: $2\crc30_step$func$/workspace/rtl/dll/vibe_bcrc.sv:42$124.fb[0:0]$1935
   792/1929: $2\crc30_step$func$/workspace/rtl/dll/vibe_bcrc.sv:42$124.b[0:0]$1934
   793/1929: $2\crc30_step$func$/workspace/rtl/dll/vibe_bcrc.sv:42$124.c[29:0]$1933
   794/1929: $2\crc30_step$func$/workspace/rtl/dll/vibe_bcrc.sv:42$124.$result[29:0]$1932
   795/1929: $2\crc30_step$func$/workspace/rtl/dll/vibe_bcrc.sv:42$123.fb[0:0]$1931
   796/1929: $2\crc30_step$func$/workspace/rtl/dll/vibe_bcrc.sv:42$123.b[0:0]$1930
   797/1929: $2\crc30_step$func$/workspace/rtl/dll/vibe_bcrc.sv:42$123.c[29:0]$1929
   798/1929: $2\crc30_step$func$/workspace/rtl/dll/vibe_bcrc.sv:42$123.$result[29:0]$1928
   799/1929: $2\crc30_step$func$/workspace/rtl/dll/vibe_bcrc.sv:42$122.fb[0:0]$1927
   800/1929: $2\crc30_step$func$/workspace/rtl/dll/vibe_bcrc.sv:42$122.b[0:0]$1926
   801/1929: $2\crc30_step$func$/workspace/rtl/dll/vibe_bcrc.sv:42$122.c[29:0]$1925
   802/1929: $2\crc30_step$func$/workspace/rtl/dll/vibe_bcrc.sv:42$122.$result[29:0]$1924
   803/1929: $2\crc30_step$func$/workspace/rtl/dll/vibe_bcrc.sv:42$121.fb[0:0]$1923
   804/1929: $2\crc30_step$func$/workspace/rtl/dll/vibe_bcrc.sv:42$121.b[0:0]$1922
   805/1929: $2\crc30_step$func$/workspace/rtl/dll/vibe_bcrc.sv:42$121.c[29:0]$1921
   806/1929: $2\crc30_step$func$/workspace/rtl/dll/vibe_bcrc.sv:42$121.$result[29:0]$1920
   807/1929: $2\crc30_step$func$/workspace/rtl/dll/vibe_bcrc.sv:42$120.fb[0:0]$1919
   808/1929: $2\crc30_step$func$/workspace/rtl/dll/vibe_bcrc.sv:42$120.b[0:0]$1918
   809/1929: $2\crc30_step$func$/workspace/rtl/dll/vibe_bcrc.sv:42$120.c[29:0]$1917
   810/1929: $2\crc30_step$func$/workspace/rtl/dll/vibe_bcrc.sv:42$120.$result[29:0]$1916
   811/1929: $2\crc30_step$func$/workspace/rtl/dll/vibe_bcrc.sv:42$119.fb[0:0]$1915
   812/1929: $2\crc30_step$func$/workspace/rtl/dll/vibe_bcrc.sv:42$119.b[0:0]$1914
   813/1929: $2\crc30_step$func$/workspace/rtl/dll/vibe_bcrc.sv:42$119.c[29:0]$1913
   814/1929: $2\crc30_step$func$/workspace/rtl/dll/vibe_bcrc.sv:42$119.$result[29:0]$1912
   815/1929: $2\crc30_step$func$/workspace/rtl/dll/vibe_bcrc.sv:42$118.fb[0:0]$1911
   816/1929: $2\crc30_step$func$/workspace/rtl/dll/vibe_bcrc.sv:42$118.b[0:0]$1910
   817/1929: $2\crc30_step$func$/workspace/rtl/dll/vibe_bcrc.sv:42$118.c[29:0]$1909
   818/1929: $2\crc30_step$func$/workspace/rtl/dll/vibe_bcrc.sv:42$118.$result[29:0]$1908
   819/1929: $2\crc30_step$func$/workspace/rtl/dll/vibe_bcrc.sv:42$117.fb[0:0]$1907
   820/1929: $2\crc30_step$func$/workspace/rtl/dll/vibe_bcrc.sv:42$117.b[0:0]$1906
   821/1929: $2\crc30_step$func$/workspace/rtl/dll/vibe_bcrc.sv:42$117.c[29:0]$1905
   822/1929: $2\crc30_step$func$/workspace/rtl/dll/vibe_bcrc.sv:42$117.$result[29:0]$1904
   823/1929: $2\crc30_step$func$/workspace/rtl/dll/vibe_bcrc.sv:42$116.fb[0:0]$1903
   824/1929: $2\crc30_step$func$/workspace/rtl/dll/vibe_bcrc.sv:42$116.b[0:0]$1902
   825/1929: $2\crc30_step$func$/workspace/rtl/dll/vibe_bcrc.sv:42$116.c[29:0]$1901
   826/1929: $2\crc30_step$func$/workspace/rtl/dll/vibe_bcrc.sv:42$116.$result[29:0]$1900
   827/1929: $2\crc30_step$func$/workspace/rtl/dll/vibe_bcrc.sv:42$115.fb[0:0]$1899
   828/1929: $2\crc30_step$func$/workspace/rtl/dll/vibe_bcrc.sv:42$115.b[0:0]$1898
   829/1929: $2\crc30_step$func$/workspace/rtl/dll/vibe_bcrc.sv:42$115.c[29:0]$1897
   830/1929: $2\crc30_step$func$/workspace/rtl/dll/vibe_bcrc.sv:42$115.$result[29:0]$1896
   831/1929: $2\crc30_step$func$/workspace/rtl/dll/vibe_bcrc.sv:42$114.fb[0:0]$1895
   832/1929: $2\crc30_step$func$/workspace/rtl/dll/vibe_bcrc.sv:42$114.b[0:0]$1894
   833/1929: $2\crc30_step$func$/workspace/rtl/dll/vibe_bcrc.sv:42$114.c[29:0]$1893
   834/1929: $2\crc30_step$func$/workspace/rtl/dll/vibe_bcrc.sv:42$114.$result[29:0]$1892
   835/1929: $2\crc30_step$func$/workspace/rtl/dll/vibe_bcrc.sv:42$113.fb[0:0]$1891
   836/1929: $2\crc30_step$func$/workspace/rtl/dll/vibe_bcrc.sv:42$113.b[0:0]$1890
   837/1929: $2\crc30_step$func$/workspace/rtl/dll/vibe_bcrc.sv:42$113.c[29:0]$1889
   838/1929: $2\crc30_step$func$/workspace/rtl/dll/vibe_bcrc.sv:42$113.$result[29:0]$1888
   839/1929: $2\crc30_step$func$/workspace/rtl/dll/vibe_bcrc.sv:42$112.fb[0:0]$1887
   840/1929: $2\crc30_step$func$/workspace/rtl/dll/vibe_bcrc.sv:42$112.b[0:0]$1886
   841/1929: $2\crc30_step$func$/workspace/rtl/dll/vibe_bcrc.sv:42$112.c[29:0]$1885
   842/1929: $2\crc30_step$func$/workspace/rtl/dll/vibe_bcrc.sv:42$112.$result[29:0]$1884
   843/1929: $2\crc30_step$func$/workspace/rtl/dll/vibe_bcrc.sv:42$111.fb[0:0]$1883
   844/1929: $2\crc30_step$func$/workspace/rtl/dll/vibe_bcrc.sv:42$111.b[0:0]$1882
   845/1929: $2\crc30_step$func$/workspace/rtl/dll/vibe_bcrc.sv:42$111.c[29:0]$1881
   846/1929: $2\crc30_step$func$/workspace/rtl/dll/vibe_bcrc.sv:42$111.$result[29:0]$1880
   847/1929: $2\crc30_step$func$/workspace/rtl/dll/vibe_bcrc.sv:42$110.fb[0:0]$1879
   848/1929: $2\crc30_step$func$/workspace/rtl/dll/vibe_bcrc.sv:42$110.b[0:0]$1878
   849/1929: $2\crc30_step$func$/workspace/rtl/dll/vibe_bcrc.sv:42$110.c[29:0]$1877
   850/1929: $2\crc30_step$func$/workspace/rtl/dll/vibe_bcrc.sv:42$110.$result[29:0]$1876
   851/1929: $2\crc30_step$func$/workspace/rtl/dll/vibe_bcrc.sv:42$109.fb[0:0]$1875
   852/1929: $2\crc30_step$func$/workspace/rtl/dll/vibe_bcrc.sv:42$109.b[0:0]$1874
   853/1929: $2\crc30_step$func$/workspace/rtl/dll/vibe_bcrc.sv:42$109.c[29:0]$1873
   854/1929: $2\crc30_step$func$/workspace/rtl/dll/vibe_bcrc.sv:42$109.$result[29:0]$1872
   855/1929: $2\crc30_step$func$/workspace/rtl/dll/vibe_bcrc.sv:42$108.fb[0:0]$1871
   856/1929: $2\crc30_step$func$/workspace/rtl/dll/vibe_bcrc.sv:42$108.b[0:0]$1870
   857/1929: $2\crc30_step$func$/workspace/rtl/dll/vibe_bcrc.sv:42$108.c[29:0]$1869
   858/1929: $2\crc30_step$func$/workspace/rtl/dll/vibe_bcrc.sv:42$108.$result[29:0]$1868
   859/1929: $2\crc30_step$func$/workspace/rtl/dll/vibe_bcrc.sv:42$107.fb[0:0]$1867
   860/1929: $2\crc30_step$func$/workspace/rtl/dll/vibe_bcrc.sv:42$107.b[0:0]$1866
   861/1929: $2\crc30_step$func$/workspace/rtl/dll/vibe_bcrc.sv:42$107.c[29:0]$1865
   862/1929: $2\crc30_step$func$/workspace/rtl/dll/vibe_bcrc.sv:42$107.$result[29:0]$1864
   863/1929: $2\crc30_step$func$/workspace/rtl/dll/vibe_bcrc.sv:42$106.fb[0:0]$1863
   864/1929: $2\crc30_step$func$/workspace/rtl/dll/vibe_bcrc.sv:42$106.b[0:0]$1862
   865/1929: $2\crc30_step$func$/workspace/rtl/dll/vibe_bcrc.sv:42$106.c[29:0]$1861
   866/1929: $2\crc30_step$func$/workspace/rtl/dll/vibe_bcrc.sv:42$106.$result[29:0]$1860
   867/1929: $2\crc30_step$func$/workspace/rtl/dll/vibe_bcrc.sv:42$105.fb[0:0]$1859
   868/1929: $2\crc30_step$func$/workspace/rtl/dll/vibe_bcrc.sv:42$105.b[0:0]$1858
   869/1929: $2\crc30_step$func$/workspace/rtl/dll/vibe_bcrc.sv:42$105.c[29:0]$1857
   870/1929: $2\crc30_step$func$/workspace/rtl/dll/vibe_bcrc.sv:42$105.$result[29:0]$1856
   871/1929: $2\crc30_step$func$/workspace/rtl/dll/vibe_bcrc.sv:42$104.fb[0:0]$1855
   872/1929: $2\crc30_step$func$/workspace/rtl/dll/vibe_bcrc.sv:42$104.b[0:0]$1854
   873/1929: $2\crc30_step$func$/workspace/rtl/dll/vibe_bcrc.sv:42$104.c[29:0]$1853
   874/1929: $2\crc30_step$func$/workspace/rtl/dll/vibe_bcrc.sv:42$104.$result[29:0]$1852
   875/1929: $2\crc30_step$func$/workspace/rtl/dll/vibe_bcrc.sv:42$103.fb[0:0]$1851
   876/1929: $2\crc30_step$func$/workspace/rtl/dll/vibe_bcrc.sv:42$103.b[0:0]$1850
   877/1929: $2\crc30_step$func$/workspace/rtl/dll/vibe_bcrc.sv:42$103.c[29:0]$1849
   878/1929: $2\crc30_step$func$/workspace/rtl/dll/vibe_bcrc.sv:42$103.$result[29:0]$1848
   879/1929: $2\crc30_step$func$/workspace/rtl/dll/vibe_bcrc.sv:42$102.fb[0:0]$1847
   880/1929: $2\crc30_step$func$/workspace/rtl/dll/vibe_bcrc.sv:42$102.b[0:0]$1846
   881/1929: $2\crc30_step$func$/workspace/rtl/dll/vibe_bcrc.sv:42$102.c[29:0]$1845
   882/1929: $2\crc30_step$func$/workspace/rtl/dll/vibe_bcrc.sv:42$102.$result[29:0]$1844
   883/1929: $2\crc30_step$func$/workspace/rtl/dll/vibe_bcrc.sv:42$101.fb[0:0]$1843
   884/1929: $2\crc30_step$func$/workspace/rtl/dll/vibe_bcrc.sv:42$101.b[0:0]$1842
   885/1929: $2\crc30_step$func$/workspace/rtl/dll/vibe_bcrc.sv:42$101.c[29:0]$1841
   886/1929: $2\crc30_step$func$/workspace/rtl/dll/vibe_bcrc.sv:42$101.$result[29:0]$1840
   887/1929: $2\crc30_step$func$/workspace/rtl/dll/vibe_bcrc.sv:42$100.fb[0:0]$1839
   888/1929: $2\crc30_step$func$/workspace/rtl/dll/vibe_bcrc.sv:42$100.b[0:0]$1838
   889/1929: $2\crc30_step$func$/workspace/rtl/dll/vibe_bcrc.sv:42$100.c[29:0]$1837
   890/1929: $2\crc30_step$func$/workspace/rtl/dll/vibe_bcrc.sv:42$100.$result[29:0]$1836
   891/1929: $2\crc30_step$func$/workspace/rtl/dll/vibe_bcrc.sv:42$99.fb[0:0]$1835
   892/1929: $2\crc30_step$func$/workspace/rtl/dll/vibe_bcrc.sv:42$99.b[0:0]$1834
   893/1929: $2\crc30_step$func$/workspace/rtl/dll/vibe_bcrc.sv:42$99.c[29:0]$1833
   894/1929: $2\crc30_step$func$/workspace/rtl/dll/vibe_bcrc.sv:42$99.$result[29:0]$1832
   895/1929: $2\crc30_step$func$/workspace/rtl/dll/vibe_bcrc.sv:42$98.fb[0:0]$1831
   896/1929: $2\crc30_step$func$/workspace/rtl/dll/vibe_bcrc.sv:42$98.b[0:0]$1830
   897/1929: $2\crc30_step$func$/workspace/rtl/dll/vibe_bcrc.sv:42$98.c[29:0]$1829
   898/1929: $2\crc30_step$func$/workspace/rtl/dll/vibe_bcrc.sv:42$98.$result[29:0]$1828
   899/1929: $2\crc30_step$func$/workspace/rtl/dll/vibe_bcrc.sv:42$97.fb[0:0]$1827
   900/1929: $2\crc30_step$func$/workspace/rtl/dll/vibe_bcrc.sv:42$97.b[0:0]$1826
   901/1929: $2\crc30_step$func$/workspace/rtl/dll/vibe_bcrc.sv:42$97.c[29:0]$1825
   902/1929: $2\crc30_step$func$/workspace/rtl/dll/vibe_bcrc.sv:42$97.$result[29:0]$1824
   903/1929: $2\crc30_step$func$/workspace/rtl/dll/vibe_bcrc.sv:42$96.fb[0:0]$1823
   904/1929: $2\crc30_step$func$/workspace/rtl/dll/vibe_bcrc.sv:42$96.b[0:0]$1822
   905/1929: $2\crc30_step$func$/workspace/rtl/dll/vibe_bcrc.sv:42$96.c[29:0]$1821
   906/1929: $2\crc30_step$func$/workspace/rtl/dll/vibe_bcrc.sv:42$96.$result[29:0]$1820
   907/1929: $2\crc30_step$func$/workspace/rtl/dll/vibe_bcrc.sv:42$95.fb[0:0]$1819
   908/1929: $2\crc30_step$func$/workspace/rtl/dll/vibe_bcrc.sv:42$95.b[0:0]$1818
   909/1929: $2\crc30_step$func$/workspace/rtl/dll/vibe_bcrc.sv:42$95.c[29:0]$1817
   910/1929: $2\crc30_step$func$/workspace/rtl/dll/vibe_bcrc.sv:42$95.$result[29:0]$1816
   911/1929: $2\crc30_step$func$/workspace/rtl/dll/vibe_bcrc.sv:42$94.fb[0:0]$1815
   912/1929: $2\crc30_step$func$/workspace/rtl/dll/vibe_bcrc.sv:42$94.b[0:0]$1814
   913/1929: $2\crc30_step$func$/workspace/rtl/dll/vibe_bcrc.sv:42$94.c[29:0]$1813
   914/1929: $2\crc30_step$func$/workspace/rtl/dll/vibe_bcrc.sv:42$94.$result[29:0]$1812
   915/1929: $2\crc30_step$func$/workspace/rtl/dll/vibe_bcrc.sv:42$93.fb[0:0]$1811
   916/1929: $2\crc30_step$func$/workspace/rtl/dll/vibe_bcrc.sv:42$93.b[0:0]$1810
   917/1929: $2\crc30_step$func$/workspace/rtl/dll/vibe_bcrc.sv:42$93.c[29:0]$1809
   918/1929: $2\crc30_step$func$/workspace/rtl/dll/vibe_bcrc.sv:42$93.$result[29:0]$1808
   919/1929: $2\crc30_step$func$/workspace/rtl/dll/vibe_bcrc.sv:42$92.fb[0:0]$1807
   920/1929: $2\crc30_step$func$/workspace/rtl/dll/vibe_bcrc.sv:42$92.b[0:0]$1806
   921/1929: $2\crc30_step$func$/workspace/rtl/dll/vibe_bcrc.sv:42$92.c[29:0]$1805
   922/1929: $2\crc30_step$func$/workspace/rtl/dll/vibe_bcrc.sv:42$92.$result[29:0]$1804
   923/1929: $2\crc30_step$func$/workspace/rtl/dll/vibe_bcrc.sv:42$91.fb[0:0]$1803
   924/1929: $2\crc30_step$func$/workspace/rtl/dll/vibe_bcrc.sv:42$91.b[0:0]$1802
   925/1929: $2\crc30_step$func$/workspace/rtl/dll/vibe_bcrc.sv:42$91.c[29:0]$1801
   926/1929: $2\crc30_step$func$/workspace/rtl/dll/vibe_bcrc.sv:42$91.$result[29:0]$1800
   927/1929: $2\crc30_step$func$/workspace/rtl/dll/vibe_bcrc.sv:42$90.fb[0:0]$1799
   928/1929: $2\crc30_step$func$/workspace/rtl/dll/vibe_bcrc.sv:42$90.b[0:0]$1798
   929/1929: $2\crc30_step$func$/workspace/rtl/dll/vibe_bcrc.sv:42$90.c[29:0]$1797
   930/1929: $2\crc30_step$func$/workspace/rtl/dll/vibe_bcrc.sv:42$90.$result[29:0]$1796
   931/1929: $2\crc30_step$func$/workspace/rtl/dll/vibe_bcrc.sv:42$89.fb[0:0]$1795
   932/1929: $2\crc30_step$func$/workspace/rtl/dll/vibe_bcrc.sv:42$89.b[0:0]$1794
   933/1929: $2\crc30_step$func$/workspace/rtl/dll/vibe_bcrc.sv:42$89.c[29:0]$1793
   934/1929: $2\crc30_step$func$/workspace/rtl/dll/vibe_bcrc.sv:42$89.$result[29:0]$1792
   935/1929: $2\crc30_step$func$/workspace/rtl/dll/vibe_bcrc.sv:42$88.fb[0:0]$1791
   936/1929: $2\crc30_step$func$/workspace/rtl/dll/vibe_bcrc.sv:42$88.b[0:0]$1790
   937/1929: $2\crc30_step$func$/workspace/rtl/dll/vibe_bcrc.sv:42$88.c[29:0]$1789
   938/1929: $2\crc30_step$func$/workspace/rtl/dll/vibe_bcrc.sv:42$88.$result[29:0]$1788
   939/1929: $2\crc30_step$func$/workspace/rtl/dll/vibe_bcrc.sv:42$87.fb[0:0]$1787
   940/1929: $2\crc30_step$func$/workspace/rtl/dll/vibe_bcrc.sv:42$87.b[0:0]$1786
   941/1929: $2\crc30_step$func$/workspace/rtl/dll/vibe_bcrc.sv:42$87.c[29:0]$1785
   942/1929: $2\crc30_step$func$/workspace/rtl/dll/vibe_bcrc.sv:42$87.$result[29:0]$1784
   943/1929: $2\crc30_step$func$/workspace/rtl/dll/vibe_bcrc.sv:42$86.fb[0:0]$1783
   944/1929: $2\crc30_step$func$/workspace/rtl/dll/vibe_bcrc.sv:42$86.b[0:0]$1782
   945/1929: $2\crc30_step$func$/workspace/rtl/dll/vibe_bcrc.sv:42$86.c[29:0]$1781
   946/1929: $2\crc30_step$func$/workspace/rtl/dll/vibe_bcrc.sv:42$86.$result[29:0]$1780
   947/1929: $2\crc30_step$func$/workspace/rtl/dll/vibe_bcrc.sv:42$85.fb[0:0]$1779
   948/1929: $2\crc30_step$func$/workspace/rtl/dll/vibe_bcrc.sv:42$85.b[0:0]$1778
   949/1929: $2\crc30_step$func$/workspace/rtl/dll/vibe_bcrc.sv:42$85.c[29:0]$1777
   950/1929: $2\crc30_step$func$/workspace/rtl/dll/vibe_bcrc.sv:42$85.$result[29:0]$1776
   951/1929: $2\crc30_step$func$/workspace/rtl/dll/vibe_bcrc.sv:42$84.fb[0:0]$1775
   952/1929: $2\crc30_step$func$/workspace/rtl/dll/vibe_bcrc.sv:42$84.b[0:0]$1774
   953/1929: $2\crc30_step$func$/workspace/rtl/dll/vibe_bcrc.sv:42$84.c[29:0]$1773
   954/1929: $2\crc30_step$func$/workspace/rtl/dll/vibe_bcrc.sv:42$84.$result[29:0]$1772
   955/1929: $2\crc30_step$func$/workspace/rtl/dll/vibe_bcrc.sv:42$83.fb[0:0]$1771
   956/1929: $2\crc30_step$func$/workspace/rtl/dll/vibe_bcrc.sv:42$83.b[0:0]$1770
   957/1929: $2\crc30_step$func$/workspace/rtl/dll/vibe_bcrc.sv:42$83.c[29:0]$1769
   958/1929: $2\crc30_step$func$/workspace/rtl/dll/vibe_bcrc.sv:42$83.$result[29:0]$1768
   959/1929: $2\crc30_step$func$/workspace/rtl/dll/vibe_bcrc.sv:42$82.fb[0:0]$1767
   960/1929: $2\crc30_step$func$/workspace/rtl/dll/vibe_bcrc.sv:42$82.b[0:0]$1766
   961/1929: $2\crc30_step$func$/workspace/rtl/dll/vibe_bcrc.sv:42$82.c[29:0]$1765
   962/1929: $2\crc30_step$func$/workspace/rtl/dll/vibe_bcrc.sv:42$82.$result[29:0]$1764
   963/1929: $2\crc30_step$func$/workspace/rtl/dll/vibe_bcrc.sv:42$81.fb[0:0]$1763
   964/1929: $2\crc30_step$func$/workspace/rtl/dll/vibe_bcrc.sv:42$81.b[0:0]$1762
   965/1929: $2\crc30_step$func$/workspace/rtl/dll/vibe_bcrc.sv:42$81.c[29:0]$1761
   966/1929: $2\crc30_step$func$/workspace/rtl/dll/vibe_bcrc.sv:42$81.$result[29:0]$1760
   967/1929: $2\crc30_step$func$/workspace/rtl/dll/vibe_bcrc.sv:42$80.fb[0:0]$1759
   968/1929: $2\crc30_step$func$/workspace/rtl/dll/vibe_bcrc.sv:42$80.b[0:0]$1758
   969/1929: $2\crc30_step$func$/workspace/rtl/dll/vibe_bcrc.sv:42$80.c[29:0]$1757
   970/1929: $2\crc30_step$func$/workspace/rtl/dll/vibe_bcrc.sv:42$80.$result[29:0]$1756
   971/1929: $2\crc30_step$func$/workspace/rtl/dll/vibe_bcrc.sv:42$79.fb[0:0]$1755
   972/1929: $2\crc30_step$func$/workspace/rtl/dll/vibe_bcrc.sv:42$79.b[0:0]$1754
   973/1929: $2\crc30_step$func$/workspace/rtl/dll/vibe_bcrc.sv:42$79.c[29:0]$1753
   974/1929: $2\crc30_step$func$/workspace/rtl/dll/vibe_bcrc.sv:42$79.$result[29:0]$1752
   975/1929: $2\crc30_step$func$/workspace/rtl/dll/vibe_bcrc.sv:42$78.fb[0:0]$1751
   976/1929: $2\crc30_step$func$/workspace/rtl/dll/vibe_bcrc.sv:42$78.b[0:0]$1750
   977/1929: $2\crc30_step$func$/workspace/rtl/dll/vibe_bcrc.sv:42$78.c[29:0]$1749
   978/1929: $2\crc30_step$func$/workspace/rtl/dll/vibe_bcrc.sv:42$78.$result[29:0]$1748
   979/1929: $2\crc30_step$func$/workspace/rtl/dll/vibe_bcrc.sv:42$77.fb[0:0]$1747
   980/1929: $2\crc30_step$func$/workspace/rtl/dll/vibe_bcrc.sv:42$77.b[0:0]$1746
   981/1929: $2\crc30_step$func$/workspace/rtl/dll/vibe_bcrc.sv:42$77.c[29:0]$1745
   982/1929: $2\crc30_step$func$/workspace/rtl/dll/vibe_bcrc.sv:42$77.$result[29:0]$1744
   983/1929: $2\crc30_step$func$/workspace/rtl/dll/vibe_bcrc.sv:42$76.fb[0:0]$1743
   984/1929: $2\crc30_step$func$/workspace/rtl/dll/vibe_bcrc.sv:42$76.b[0:0]$1742
   985/1929: $2\crc30_step$func$/workspace/rtl/dll/vibe_bcrc.sv:42$76.c[29:0]$1741
   986/1929: $2\crc30_step$func$/workspace/rtl/dll/vibe_bcrc.sv:42$76.$result[29:0]$1740
   987/1929: $2\crc30_step$func$/workspace/rtl/dll/vibe_bcrc.sv:42$75.fb[0:0]$1739
   988/1929: $2\crc30_step$func$/workspace/rtl/dll/vibe_bcrc.sv:42$75.b[0:0]$1738
   989/1929: $2\crc30_step$func$/workspace/rtl/dll/vibe_bcrc.sv:42$75.c[29:0]$1737
   990/1929: $2\crc30_step$func$/workspace/rtl/dll/vibe_bcrc.sv:42$75.$result[29:0]$1736
   991/1929: $2\crc30_step$func$/workspace/rtl/dll/vibe_bcrc.sv:42$74.fb[0:0]$1735
   992/1929: $2\crc30_step$func$/workspace/rtl/dll/vibe_bcrc.sv:42$74.b[0:0]$1734
   993/1929: $2\crc30_step$func$/workspace/rtl/dll/vibe_bcrc.sv:42$74.c[29:0]$1733
   994/1929: $2\crc30_step$func$/workspace/rtl/dll/vibe_bcrc.sv:42$74.$result[29:0]$1732
   995/1929: $2\crc30_step$func$/workspace/rtl/dll/vibe_bcrc.sv:42$73.fb[0:0]$1731
   996/1929: $2\crc30_step$func$/workspace/rtl/dll/vibe_bcrc.sv:42$73.b[0:0]$1730
   997/1929: $2\crc30_step$func$/workspace/rtl/dll/vibe_bcrc.sv:42$73.c[29:0]$1729
   998/1929: $2\crc30_step$func$/workspace/rtl/dll/vibe_bcrc.sv:42$73.$result[29:0]$1728
   999/1929: $2\crc30_step$func$/workspace/rtl/dll/vibe_bcrc.sv:42$72.fb[0:0]$1727
  1000/1929: $2\crc30_step$func$/workspace/rtl/dll/vibe_bcrc.sv:42$72.b[0:0]$1726
  1001/1929: $2\crc30_step$func$/workspace/rtl/dll/vibe_bcrc.sv:42$72.c[29:0]$1725
  1002/1929: $2\crc30_step$func$/workspace/rtl/dll/vibe_bcrc.sv:42$72.$result[29:0]$1724
  1003/1929: $2\crc30_step$func$/workspace/rtl/dll/vibe_bcrc.sv:42$71.fb[0:0]$1723
  1004/1929: $2\crc30_step$func$/workspace/rtl/dll/vibe_bcrc.sv:42$71.b[0:0]$1722
  1005/1929: $2\crc30_step$func$/workspace/rtl/dll/vibe_bcrc.sv:42$71.c[29:0]$1721
  1006/1929: $2\crc30_step$func$/workspace/rtl/dll/vibe_bcrc.sv:42$71.$result[29:0]$1720
  1007/1929: $2\crc30_step$func$/workspace/rtl/dll/vibe_bcrc.sv:42$70.fb[0:0]$1719
  1008/1929: $2\crc30_step$func$/workspace/rtl/dll/vibe_bcrc.sv:42$70.b[0:0]$1718
  1009/1929: $2\crc30_step$func$/workspace/rtl/dll/vibe_bcrc.sv:42$70.c[29:0]$1717
  1010/1929: $2\crc30_step$func$/workspace/rtl/dll/vibe_bcrc.sv:42$70.$result[29:0]$1716
  1011/1929: $2\crc30_step$func$/workspace/rtl/dll/vibe_bcrc.sv:42$69.fb[0:0]$1715
  1012/1929: $2\crc30_step$func$/workspace/rtl/dll/vibe_bcrc.sv:42$69.b[0:0]$1714
  1013/1929: $2\crc30_step$func$/workspace/rtl/dll/vibe_bcrc.sv:42$69.c[29:0]$1713
  1014/1929: $2\crc30_step$func$/workspace/rtl/dll/vibe_bcrc.sv:42$69.$result[29:0]$1712
  1015/1929: $2\crc30_step$func$/workspace/rtl/dll/vibe_bcrc.sv:42$68.fb[0:0]$1711
  1016/1929: $2\crc30_step$func$/workspace/rtl/dll/vibe_bcrc.sv:42$68.b[0:0]$1710
  1017/1929: $2\crc30_step$func$/workspace/rtl/dll/vibe_bcrc.sv:42$68.c[29:0]$1709
  1018/1929: $2\crc30_step$func$/workspace/rtl/dll/vibe_bcrc.sv:42$68.$result[29:0]$1708
  1019/1929: $2\crc30_step$func$/workspace/rtl/dll/vibe_bcrc.sv:42$67.fb[0:0]$1707
  1020/1929: $2\crc30_step$func$/workspace/rtl/dll/vibe_bcrc.sv:42$67.b[0:0]$1706
  1021/1929: $2\crc30_step$func$/workspace/rtl/dll/vibe_bcrc.sv:42$67.c[29:0]$1705
  1022/1929: $2\crc30_step$func$/workspace/rtl/dll/vibe_bcrc.sv:42$67.$result[29:0]$1704
  1023/1929: $2\crc30_step$func$/workspace/rtl/dll/vibe_bcrc.sv:42$66.fb[0:0]$1703
  1024/1929: $2\crc30_step$func$/workspace/rtl/dll/vibe_bcrc.sv:42$66.b[0:0]$1702
  1025/1929: $2\crc30_step$func$/workspace/rtl/dll/vibe_bcrc.sv:42$66.c[29:0]$1701
  1026/1929: $2\crc30_step$func$/workspace/rtl/dll/vibe_bcrc.sv:42$66.$result[29:0]$1700
  1027/1929: $2\crc30_step$func$/workspace/rtl/dll/vibe_bcrc.sv:42$65.fb[0:0]$1699
  1028/1929: $2\crc30_step$func$/workspace/rtl/dll/vibe_bcrc.sv:42$65.b[0:0]$1698
  1029/1929: $2\crc30_step$func$/workspace/rtl/dll/vibe_bcrc.sv:42$65.c[29:0]$1697
  1030/1929: $2\crc30_step$func$/workspace/rtl/dll/vibe_bcrc.sv:42$65.$result[29:0]$1696
  1031/1929: $2\crc30_step$func$/workspace/rtl/dll/vibe_bcrc.sv:42$64.fb[0:0]$1695
  1032/1929: $2\crc30_step$func$/workspace/rtl/dll/vibe_bcrc.sv:42$64.b[0:0]$1694
  1033/1929: $2\crc30_step$func$/workspace/rtl/dll/vibe_bcrc.sv:42$64.c[29:0]$1693
  1034/1929: $2\crc30_step$func$/workspace/rtl/dll/vibe_bcrc.sv:42$64.$result[29:0]$1692
  1035/1929: $2\crc30_step$func$/workspace/rtl/dll/vibe_bcrc.sv:42$63.fb[0:0]$1691
  1036/1929: $2\crc30_step$func$/workspace/rtl/dll/vibe_bcrc.sv:42$63.b[0:0]$1690
  1037/1929: $2\crc30_step$func$/workspace/rtl/dll/vibe_bcrc.sv:42$63.c[29:0]$1689
  1038/1929: $2\crc30_step$func$/workspace/rtl/dll/vibe_bcrc.sv:42$63.$result[29:0]$1688
  1039/1929: $2\crc30_step$func$/workspace/rtl/dll/vibe_bcrc.sv:42$62.fb[0:0]$1687
  1040/1929: $2\crc30_step$func$/workspace/rtl/dll/vibe_bcrc.sv:42$62.b[0:0]$1686
  1041/1929: $2\crc30_step$func$/workspace/rtl/dll/vibe_bcrc.sv:42$62.c[29:0]$1685
  1042/1929: $2\crc30_step$func$/workspace/rtl/dll/vibe_bcrc.sv:42$62.$result[29:0]$1684
  1043/1929: $2\crc30_step$func$/workspace/rtl/dll/vibe_bcrc.sv:42$61.fb[0:0]$1683
  1044/1929: $2\crc30_step$func$/workspace/rtl/dll/vibe_bcrc.sv:42$61.b[0:0]$1682
  1045/1929: $2\crc30_step$func$/workspace/rtl/dll/vibe_bcrc.sv:42$61.c[29:0]$1681
  1046/1929: $2\crc30_step$func$/workspace/rtl/dll/vibe_bcrc.sv:42$61.$result[29:0]$1680
  1047/1929: $2\crc30_step$func$/workspace/rtl/dll/vibe_bcrc.sv:42$60.fb[0:0]$1679
  1048/1929: $2\crc30_step$func$/workspace/rtl/dll/vibe_bcrc.sv:42$60.b[0:0]$1678
  1049/1929: $2\crc30_step$func$/workspace/rtl/dll/vibe_bcrc.sv:42$60.c[29:0]$1677
  1050/1929: $2\crc30_step$func$/workspace/rtl/dll/vibe_bcrc.sv:42$60.$result[29:0]$1676
  1051/1929: $2\crc30_step$func$/workspace/rtl/dll/vibe_bcrc.sv:42$59.fb[0:0]$1675
  1052/1929: $2\crc30_step$func$/workspace/rtl/dll/vibe_bcrc.sv:42$59.b[0:0]$1674
  1053/1929: $2\crc30_step$func$/workspace/rtl/dll/vibe_bcrc.sv:42$59.c[29:0]$1673
  1054/1929: $2\crc30_step$func$/workspace/rtl/dll/vibe_bcrc.sv:42$59.$result[29:0]$1672
  1055/1929: $2\crc30_step$func$/workspace/rtl/dll/vibe_bcrc.sv:42$58.fb[0:0]$1671
  1056/1929: $2\crc30_step$func$/workspace/rtl/dll/vibe_bcrc.sv:42$58.b[0:0]$1670
  1057/1929: $2\crc30_step$func$/workspace/rtl/dll/vibe_bcrc.sv:42$58.c[29:0]$1669
  1058/1929: $2\crc30_step$func$/workspace/rtl/dll/vibe_bcrc.sv:42$58.$result[29:0]$1668
  1059/1929: $2\crc30_step$func$/workspace/rtl/dll/vibe_bcrc.sv:42$57.fb[0:0]$1667
  1060/1929: $2\crc30_step$func$/workspace/rtl/dll/vibe_bcrc.sv:42$57.b[0:0]$1666
  1061/1929: $2\crc30_step$func$/workspace/rtl/dll/vibe_bcrc.sv:42$57.c[29:0]$1665
  1062/1929: $2\crc30_step$func$/workspace/rtl/dll/vibe_bcrc.sv:42$57.$result[29:0]$1664
  1063/1929: $2\crc30_step$func$/workspace/rtl/dll/vibe_bcrc.sv:42$56.fb[0:0]$1663
  1064/1929: $2\crc30_step$func$/workspace/rtl/dll/vibe_bcrc.sv:42$56.b[0:0]$1662
  1065/1929: $2\crc30_step$func$/workspace/rtl/dll/vibe_bcrc.sv:42$56.c[29:0]$1661
  1066/1929: $2\crc30_step$func$/workspace/rtl/dll/vibe_bcrc.sv:42$56.$result[29:0]$1660
  1067/1929: $2\crc30_step$func$/workspace/rtl/dll/vibe_bcrc.sv:42$55.fb[0:0]$1659
  1068/1929: $2\crc30_step$func$/workspace/rtl/dll/vibe_bcrc.sv:42$55.b[0:0]$1658
  1069/1929: $2\crc30_step$func$/workspace/rtl/dll/vibe_bcrc.sv:42$55.c[29:0]$1657
  1070/1929: $2\crc30_step$func$/workspace/rtl/dll/vibe_bcrc.sv:42$55.$result[29:0]$1656
  1071/1929: $2\crc30_step$func$/workspace/rtl/dll/vibe_bcrc.sv:42$54.fb[0:0]$1655
  1072/1929: $2\crc30_step$func$/workspace/rtl/dll/vibe_bcrc.sv:42$54.b[0:0]$1654
  1073/1929: $2\crc30_step$func$/workspace/rtl/dll/vibe_bcrc.sv:42$54.c[29:0]$1653
  1074/1929: $2\crc30_step$func$/workspace/rtl/dll/vibe_bcrc.sv:42$54.$result[29:0]$1652
  1075/1929: $2\crc30_step$func$/workspace/rtl/dll/vibe_bcrc.sv:42$53.fb[0:0]$1651
  1076/1929: $2\crc30_step$func$/workspace/rtl/dll/vibe_bcrc.sv:42$53.b[0:0]$1650
  1077/1929: $2\crc30_step$func$/workspace/rtl/dll/vibe_bcrc.sv:42$53.c[29:0]$1649
  1078/1929: $2\crc30_step$func$/workspace/rtl/dll/vibe_bcrc.sv:42$53.$result[29:0]$1648
  1079/1929: $2\crc30_step$func$/workspace/rtl/dll/vibe_bcrc.sv:42$52.fb[0:0]$1647
  1080/1929: $2\crc30_step$func$/workspace/rtl/dll/vibe_bcrc.sv:42$52.b[0:0]$1646
  1081/1929: $2\crc30_step$func$/workspace/rtl/dll/vibe_bcrc.sv:42$52.c[29:0]$1645
  1082/1929: $2\crc30_step$func$/workspace/rtl/dll/vibe_bcrc.sv:42$52.$result[29:0]$1644
  1083/1929: $2\crc30_step$func$/workspace/rtl/dll/vibe_bcrc.sv:42$51.fb[0:0]$1643
  1084/1929: $2\crc30_step$func$/workspace/rtl/dll/vibe_bcrc.sv:42$51.b[0:0]$1642
  1085/1929: $2\crc30_step$func$/workspace/rtl/dll/vibe_bcrc.sv:42$51.c[29:0]$1641
  1086/1929: $2\crc30_step$func$/workspace/rtl/dll/vibe_bcrc.sv:42$51.$result[29:0]$1640
  1087/1929: $2\crc30_step$func$/workspace/rtl/dll/vibe_bcrc.sv:42$50.fb[0:0]$1639
  1088/1929: $2\crc30_step$func$/workspace/rtl/dll/vibe_bcrc.sv:42$50.b[0:0]$1638
  1089/1929: $2\crc30_step$func$/workspace/rtl/dll/vibe_bcrc.sv:42$50.c[29:0]$1637
  1090/1929: $2\crc30_step$func$/workspace/rtl/dll/vibe_bcrc.sv:42$50.$result[29:0]$1636
  1091/1929: $2\crc30_step$func$/workspace/rtl/dll/vibe_bcrc.sv:42$49.fb[0:0]$1635
  1092/1929: $2\crc30_step$func$/workspace/rtl/dll/vibe_bcrc.sv:42$49.b[0:0]$1634
  1093/1929: $2\crc30_step$func$/workspace/rtl/dll/vibe_bcrc.sv:42$49.c[29:0]$1633
  1094/1929: $2\crc30_step$func$/workspace/rtl/dll/vibe_bcrc.sv:42$49.$result[29:0]$1632
  1095/1929: $2\crc30_step$func$/workspace/rtl/dll/vibe_bcrc.sv:42$48.fb[0:0]$1631
  1096/1929: $2\crc30_step$func$/workspace/rtl/dll/vibe_bcrc.sv:42$48.b[0:0]$1630
  1097/1929: $2\crc30_step$func$/workspace/rtl/dll/vibe_bcrc.sv:42$48.c[29:0]$1629
  1098/1929: $2\crc30_step$func$/workspace/rtl/dll/vibe_bcrc.sv:42$48.$result[29:0]$1628
  1099/1929: $2\crc30_step$func$/workspace/rtl/dll/vibe_bcrc.sv:42$47.fb[0:0]$1627
  1100/1929: $2\crc30_step$func$/workspace/rtl/dll/vibe_bcrc.sv:42$47.b[0:0]$1626
  1101/1929: $2\crc30_step$func$/workspace/rtl/dll/vibe_bcrc.sv:42$47.c[29:0]$1625
  1102/1929: $2\crc30_step$func$/workspace/rtl/dll/vibe_bcrc.sv:42$47.$result[29:0]$1624
  1103/1929: $2\crc30_step$func$/workspace/rtl/dll/vibe_bcrc.sv:42$46.fb[0:0]$1623
  1104/1929: $2\crc30_step$func$/workspace/rtl/dll/vibe_bcrc.sv:42$46.b[0:0]$1622
  1105/1929: $2\crc30_step$func$/workspace/rtl/dll/vibe_bcrc.sv:42$46.c[29:0]$1621
  1106/1929: $2\crc30_step$func$/workspace/rtl/dll/vibe_bcrc.sv:42$46.$result[29:0]$1620
  1107/1929: $2\crc30_step$func$/workspace/rtl/dll/vibe_bcrc.sv:42$45.fb[0:0]$1619
  1108/1929: $2\crc30_step$func$/workspace/rtl/dll/vibe_bcrc.sv:42$45.b[0:0]$1618
  1109/1929: $2\crc30_step$func$/workspace/rtl/dll/vibe_bcrc.sv:42$45.c[29:0]$1617
  1110/1929: $2\crc30_step$func$/workspace/rtl/dll/vibe_bcrc.sv:42$45.$result[29:0]$1616
  1111/1929: $2\crc30_step$func$/workspace/rtl/dll/vibe_bcrc.sv:42$44.fb[0:0]$1615
  1112/1929: $2\crc30_step$func$/workspace/rtl/dll/vibe_bcrc.sv:42$44.b[0:0]$1614
  1113/1929: $2\crc30_step$func$/workspace/rtl/dll/vibe_bcrc.sv:42$44.c[29:0]$1613
  1114/1929: $2\crc30_step$func$/workspace/rtl/dll/vibe_bcrc.sv:42$44.$result[29:0]$1612
  1115/1929: $2\crc30_step$func$/workspace/rtl/dll/vibe_bcrc.sv:42$43.fb[0:0]$1611
  1116/1929: $2\crc30_step$func$/workspace/rtl/dll/vibe_bcrc.sv:42$43.b[0:0]$1610
  1117/1929: $2\crc30_step$func$/workspace/rtl/dll/vibe_bcrc.sv:42$43.c[29:0]$1609
  1118/1929: $2\crc30_step$func$/workspace/rtl/dll/vibe_bcrc.sv:42$43.$result[29:0]$1608
  1119/1929: $2\crc30_step$func$/workspace/rtl/dll/vibe_bcrc.sv:42$42.fb[0:0]$1607
  1120/1929: $2\crc30_step$func$/workspace/rtl/dll/vibe_bcrc.sv:42$42.b[0:0]$1606
  1121/1929: $2\crc30_step$func$/workspace/rtl/dll/vibe_bcrc.sv:42$42.c[29:0]$1605
  1122/1929: $2\crc30_step$func$/workspace/rtl/dll/vibe_bcrc.sv:42$42.$result[29:0]$1604
  1123/1929: $2\crc30_step$func$/workspace/rtl/dll/vibe_bcrc.sv:42$41.fb[0:0]$1603
  1124/1929: $2\crc30_step$func$/workspace/rtl/dll/vibe_bcrc.sv:42$41.b[0:0]$1602
  1125/1929: $2\crc30_step$func$/workspace/rtl/dll/vibe_bcrc.sv:42$41.c[29:0]$1601
  1126/1929: $2\crc30_step$func$/workspace/rtl/dll/vibe_bcrc.sv:42$41.$result[29:0]$1600
  1127/1929: $2\crc30_step$func$/workspace/rtl/dll/vibe_bcrc.sv:42$40.fb[0:0]$1599
  1128/1929: $2\crc30_step$func$/workspace/rtl/dll/vibe_bcrc.sv:42$40.b[0:0]$1598
  1129/1929: $2\crc30_step$func$/workspace/rtl/dll/vibe_bcrc.sv:42$40.c[29:0]$1597
  1130/1929: $2\crc30_step$func$/workspace/rtl/dll/vibe_bcrc.sv:42$40.$result[29:0]$1596
  1131/1929: $2\crc30_step$func$/workspace/rtl/dll/vibe_bcrc.sv:42$39.fb[0:0]$1595
  1132/1929: $2\crc30_step$func$/workspace/rtl/dll/vibe_bcrc.sv:42$39.b[0:0]$1594
  1133/1929: $2\crc30_step$func$/workspace/rtl/dll/vibe_bcrc.sv:42$39.c[29:0]$1593
  1134/1929: $2\crc30_step$func$/workspace/rtl/dll/vibe_bcrc.sv:42$39.$result[29:0]$1592
  1135/1929: $2\crc30_step$func$/workspace/rtl/dll/vibe_bcrc.sv:42$38.fb[0:0]$1591
  1136/1929: $2\crc30_step$func$/workspace/rtl/dll/vibe_bcrc.sv:42$38.b[0:0]$1590
  1137/1929: $2\crc30_step$func$/workspace/rtl/dll/vibe_bcrc.sv:42$38.c[29:0]$1589
  1138/1929: $2\crc30_step$func$/workspace/rtl/dll/vibe_bcrc.sv:42$38.$result[29:0]$1588
  1139/1929: $2\crc30_step$func$/workspace/rtl/dll/vibe_bcrc.sv:42$37.fb[0:0]$1587
  1140/1929: $2\crc30_step$func$/workspace/rtl/dll/vibe_bcrc.sv:42$37.b[0:0]$1586
  1141/1929: $2\crc30_step$func$/workspace/rtl/dll/vibe_bcrc.sv:42$37.c[29:0]$1585
  1142/1929: $2\crc30_step$func$/workspace/rtl/dll/vibe_bcrc.sv:42$37.$result[29:0]$1584
  1143/1929: $2\crc30_step$func$/workspace/rtl/dll/vibe_bcrc.sv:42$36.fb[0:0]$1583
  1144/1929: $2\crc30_step$func$/workspace/rtl/dll/vibe_bcrc.sv:42$36.b[0:0]$1582
  1145/1929: $2\crc30_step$func$/workspace/rtl/dll/vibe_bcrc.sv:42$36.c[29:0]$1581
  1146/1929: $2\crc30_step$func$/workspace/rtl/dll/vibe_bcrc.sv:42$36.$result[29:0]$1580
  1147/1929: $2\crc30_step$func$/workspace/rtl/dll/vibe_bcrc.sv:42$35.fb[0:0]$1579
  1148/1929: $2\crc30_step$func$/workspace/rtl/dll/vibe_bcrc.sv:42$35.b[0:0]$1578
  1149/1929: $2\crc30_step$func$/workspace/rtl/dll/vibe_bcrc.sv:42$35.c[29:0]$1577
  1150/1929: $2\crc30_step$func$/workspace/rtl/dll/vibe_bcrc.sv:42$35.$result[29:0]$1576
  1151/1929: $2\crc30_step$func$/workspace/rtl/dll/vibe_bcrc.sv:42$34.fb[0:0]$1575
  1152/1929: $2\crc30_step$func$/workspace/rtl/dll/vibe_bcrc.sv:42$34.b[0:0]$1574
  1153/1929: $2\crc30_step$func$/workspace/rtl/dll/vibe_bcrc.sv:42$34.c[29:0]$1573
  1154/1929: $2\crc30_step$func$/workspace/rtl/dll/vibe_bcrc.sv:42$34.$result[29:0]$1572
  1155/1929: $2\crc30_step$func$/workspace/rtl/dll/vibe_bcrc.sv:42$33.fb[0:0]$1571
  1156/1929: $2\crc30_step$func$/workspace/rtl/dll/vibe_bcrc.sv:42$33.b[0:0]$1570
  1157/1929: $2\crc30_step$func$/workspace/rtl/dll/vibe_bcrc.sv:42$33.c[29:0]$1569
  1158/1929: $2\crc30_step$func$/workspace/rtl/dll/vibe_bcrc.sv:42$33.$result[29:0]$1568
  1159/1929: $2\crc30_step$func$/workspace/rtl/dll/vibe_bcrc.sv:42$32.fb[0:0]$1567
  1160/1929: $2\crc30_step$func$/workspace/rtl/dll/vibe_bcrc.sv:42$32.b[0:0]$1566
  1161/1929: $2\crc30_step$func$/workspace/rtl/dll/vibe_bcrc.sv:42$32.c[29:0]$1565
  1162/1929: $2\crc30_step$func$/workspace/rtl/dll/vibe_bcrc.sv:42$32.$result[29:0]$1564
  1163/1929: $2\crc30_step$func$/workspace/rtl/dll/vibe_bcrc.sv:42$31.fb[0:0]$1563
  1164/1929: $2\crc30_step$func$/workspace/rtl/dll/vibe_bcrc.sv:42$31.b[0:0]$1562
  1165/1929: $2\crc30_step$func$/workspace/rtl/dll/vibe_bcrc.sv:42$31.c[29:0]$1561
  1166/1929: $2\crc30_step$func$/workspace/rtl/dll/vibe_bcrc.sv:42$31.$result[29:0]$1560
  1167/1929: $2\crc30_step$func$/workspace/rtl/dll/vibe_bcrc.sv:42$30.fb[0:0]$1559
  1168/1929: $2\crc30_step$func$/workspace/rtl/dll/vibe_bcrc.sv:42$30.b[0:0]$1558
  1169/1929: $2\crc30_step$func$/workspace/rtl/dll/vibe_bcrc.sv:42$30.c[29:0]$1557
  1170/1929: $2\crc30_step$func$/workspace/rtl/dll/vibe_bcrc.sv:42$30.$result[29:0]$1556
  1171/1929: $2\crc30_step$func$/workspace/rtl/dll/vibe_bcrc.sv:42$29.fb[0:0]$1555
  1172/1929: $2\crc30_step$func$/workspace/rtl/dll/vibe_bcrc.sv:42$29.b[0:0]$1554
  1173/1929: $2\crc30_step$func$/workspace/rtl/dll/vibe_bcrc.sv:42$29.c[29:0]$1553
  1174/1929: $2\crc30_step$func$/workspace/rtl/dll/vibe_bcrc.sv:42$29.$result[29:0]$1552
  1175/1929: $2\crc30_step$func$/workspace/rtl/dll/vibe_bcrc.sv:42$28.fb[0:0]$1551
  1176/1929: $2\crc30_step$func$/workspace/rtl/dll/vibe_bcrc.sv:42$28.b[0:0]$1550
  1177/1929: $2\crc30_step$func$/workspace/rtl/dll/vibe_bcrc.sv:42$28.c[29:0]$1549
  1178/1929: $2\crc30_step$func$/workspace/rtl/dll/vibe_bcrc.sv:42$28.$result[29:0]$1548
  1179/1929: $2\crc30_step$func$/workspace/rtl/dll/vibe_bcrc.sv:42$27.fb[0:0]$1547
  1180/1929: $2\crc30_step$func$/workspace/rtl/dll/vibe_bcrc.sv:42$27.b[0:0]$1546
  1181/1929: $2\crc30_step$func$/workspace/rtl/dll/vibe_bcrc.sv:42$27.c[29:0]$1545
  1182/1929: $2\crc30_step$func$/workspace/rtl/dll/vibe_bcrc.sv:42$27.$result[29:0]$1544
  1183/1929: $2\crc30_step$func$/workspace/rtl/dll/vibe_bcrc.sv:42$26.fb[0:0]$1543
  1184/1929: $2\crc30_step$func$/workspace/rtl/dll/vibe_bcrc.sv:42$26.b[0:0]$1542
  1185/1929: $2\crc30_step$func$/workspace/rtl/dll/vibe_bcrc.sv:42$26.c[29:0]$1541
  1186/1929: $2\crc30_step$func$/workspace/rtl/dll/vibe_bcrc.sv:42$26.$result[29:0]$1540
  1187/1929: $2\crc30_step$func$/workspace/rtl/dll/vibe_bcrc.sv:42$25.fb[0:0]$1539
  1188/1929: $2\crc30_step$func$/workspace/rtl/dll/vibe_bcrc.sv:42$25.b[0:0]$1538
  1189/1929: $2\crc30_step$func$/workspace/rtl/dll/vibe_bcrc.sv:42$25.c[29:0]$1537
  1190/1929: $2\crc30_step$func$/workspace/rtl/dll/vibe_bcrc.sv:42$25.$result[29:0]$1536
  1191/1929: $2\crc30_step$func$/workspace/rtl/dll/vibe_bcrc.sv:42$24.fb[0:0]$1535
  1192/1929: $2\crc30_step$func$/workspace/rtl/dll/vibe_bcrc.sv:42$24.b[0:0]$1534
  1193/1929: $2\crc30_step$func$/workspace/rtl/dll/vibe_bcrc.sv:42$24.c[29:0]$1533
  1194/1929: $2\crc30_step$func$/workspace/rtl/dll/vibe_bcrc.sv:42$24.$result[29:0]$1532
  1195/1929: $2\crc30_step$func$/workspace/rtl/dll/vibe_bcrc.sv:42$23.fb[0:0]$1531
  1196/1929: $2\crc30_step$func$/workspace/rtl/dll/vibe_bcrc.sv:42$23.b[0:0]$1530
  1197/1929: $2\crc30_step$func$/workspace/rtl/dll/vibe_bcrc.sv:42$23.c[29:0]$1529
  1198/1929: $2\crc30_step$func$/workspace/rtl/dll/vibe_bcrc.sv:42$23.$result[29:0]$1528
  1199/1929: $2\crc30_step$func$/workspace/rtl/dll/vibe_bcrc.sv:42$22.fb[0:0]$1527
  1200/1929: $2\crc30_step$func$/workspace/rtl/dll/vibe_bcrc.sv:42$22.b[0:0]$1526
  1201/1929: $2\crc30_step$func$/workspace/rtl/dll/vibe_bcrc.sv:42$22.c[29:0]$1525
  1202/1929: $2\crc30_step$func$/workspace/rtl/dll/vibe_bcrc.sv:42$22.$result[29:0]$1524
  1203/1929: $2\crc30_step$func$/workspace/rtl/dll/vibe_bcrc.sv:42$21.fb[0:0]$1523
  1204/1929: $2\crc30_step$func$/workspace/rtl/dll/vibe_bcrc.sv:42$21.b[0:0]$1522
  1205/1929: $2\crc30_step$func$/workspace/rtl/dll/vibe_bcrc.sv:42$21.c[29:0]$1521
  1206/1929: $2\crc30_step$func$/workspace/rtl/dll/vibe_bcrc.sv:42$21.$result[29:0]$1520
  1207/1929: $2\crc30_step$func$/workspace/rtl/dll/vibe_bcrc.sv:42$20.fb[0:0]$1519
  1208/1929: $2\crc30_step$func$/workspace/rtl/dll/vibe_bcrc.sv:42$20.b[0:0]$1518
  1209/1929: $2\crc30_step$func$/workspace/rtl/dll/vibe_bcrc.sv:42$20.c[29:0]$1517
  1210/1929: $2\crc30_step$func$/workspace/rtl/dll/vibe_bcrc.sv:42$20.$result[29:0]$1516
  1211/1929: $2\crc30_step$func$/workspace/rtl/dll/vibe_bcrc.sv:42$19.fb[0:0]$1515
  1212/1929: $2\crc30_step$func$/workspace/rtl/dll/vibe_bcrc.sv:42$19.b[0:0]$1514
  1213/1929: $2\crc30_step$func$/workspace/rtl/dll/vibe_bcrc.sv:42$19.c[29:0]$1513
  1214/1929: $2\crc30_step$func$/workspace/rtl/dll/vibe_bcrc.sv:42$19.$result[29:0]$1512
  1215/1929: $2\crc30_step$func$/workspace/rtl/dll/vibe_bcrc.sv:42$18.fb[0:0]$1511
  1216/1929: $2\crc30_step$func$/workspace/rtl/dll/vibe_bcrc.sv:42$18.b[0:0]$1510
  1217/1929: $2\crc30_step$func$/workspace/rtl/dll/vibe_bcrc.sv:42$18.c[29:0]$1509
  1218/1929: $2\crc30_step$func$/workspace/rtl/dll/vibe_bcrc.sv:42$18.$result[29:0]$1508
  1219/1929: $2\crc30_step$func$/workspace/rtl/dll/vibe_bcrc.sv:42$17.fb[0:0]$1507
  1220/1929: $2\crc30_step$func$/workspace/rtl/dll/vibe_bcrc.sv:42$17.b[0:0]$1506
  1221/1929: $2\crc30_step$func$/workspace/rtl/dll/vibe_bcrc.sv:42$17.c[29:0]$1505
  1222/1929: $2\crc30_step$func$/workspace/rtl/dll/vibe_bcrc.sv:42$17.$result[29:0]$1504
  1223/1929: $2\crc30_step$func$/workspace/rtl/dll/vibe_bcrc.sv:42$16.fb[0:0]$1503
  1224/1929: $2\crc30_step$func$/workspace/rtl/dll/vibe_bcrc.sv:42$16.b[0:0]$1502
  1225/1929: $2\crc30_step$func$/workspace/rtl/dll/vibe_bcrc.sv:42$16.c[29:0]$1501
  1226/1929: $2\crc30_step$func$/workspace/rtl/dll/vibe_bcrc.sv:42$16.$result[29:0]$1500
  1227/1929: $2\crc30_step$func$/workspace/rtl/dll/vibe_bcrc.sv:42$15.fb[0:0]$1499
  1228/1929: $2\crc30_step$func$/workspace/rtl/dll/vibe_bcrc.sv:42$15.b[0:0]$1498
  1229/1929: $2\crc30_step$func$/workspace/rtl/dll/vibe_bcrc.sv:42$15.c[29:0]$1497
  1230/1929: $2\crc30_step$func$/workspace/rtl/dll/vibe_bcrc.sv:42$15.$result[29:0]$1496
  1231/1929: $2\crc30_step$func$/workspace/rtl/dll/vibe_bcrc.sv:42$14.fb[0:0]$1495
  1232/1929: $2\crc30_step$func$/workspace/rtl/dll/vibe_bcrc.sv:42$14.b[0:0]$1494
  1233/1929: $2\crc30_step$func$/workspace/rtl/dll/vibe_bcrc.sv:42$14.c[29:0]$1493
  1234/1929: $2\crc30_step$func$/workspace/rtl/dll/vibe_bcrc.sv:42$14.$result[29:0]$1492
  1235/1929: $2\crc30_step$func$/workspace/rtl/dll/vibe_bcrc.sv:42$13.fb[0:0]$1491
  1236/1929: $2\crc30_step$func$/workspace/rtl/dll/vibe_bcrc.sv:42$13.b[0:0]$1490
  1237/1929: $2\crc30_step$func$/workspace/rtl/dll/vibe_bcrc.sv:42$13.c[29:0]$1489
  1238/1929: $2\crc30_step$func$/workspace/rtl/dll/vibe_bcrc.sv:42$13.$result[29:0]$1488
  1239/1929: $2\crc30_step$func$/workspace/rtl/dll/vibe_bcrc.sv:42$12.fb[0:0]$1487
  1240/1929: $2\crc30_step$func$/workspace/rtl/dll/vibe_bcrc.sv:42$12.b[0:0]$1486
  1241/1929: $2\crc30_step$func$/workspace/rtl/dll/vibe_bcrc.sv:42$12.c[29:0]$1485
  1242/1929: $2\crc30_step$func$/workspace/rtl/dll/vibe_bcrc.sv:42$12.$result[29:0]$1484
  1243/1929: $2\crc30_step$func$/workspace/rtl/dll/vibe_bcrc.sv:42$11.fb[0:0]$1483
  1244/1929: $2\crc30_step$func$/workspace/rtl/dll/vibe_bcrc.sv:42$11.b[0:0]$1482
  1245/1929: $2\crc30_step$func$/workspace/rtl/dll/vibe_bcrc.sv:42$11.c[29:0]$1481
  1246/1929: $2\crc30_step$func$/workspace/rtl/dll/vibe_bcrc.sv:42$11.$result[29:0]$1480
  1247/1929: $2\crc30_step$func$/workspace/rtl/dll/vibe_bcrc.sv:42$10.fb[0:0]$1479
  1248/1929: $2\crc30_step$func$/workspace/rtl/dll/vibe_bcrc.sv:42$10.b[0:0]$1478
  1249/1929: $2\crc30_step$func$/workspace/rtl/dll/vibe_bcrc.sv:42$10.c[29:0]$1477
  1250/1929: $2\crc30_step$func$/workspace/rtl/dll/vibe_bcrc.sv:42$10.$result[29:0]$1476
  1251/1929: $2\crc30_step$func$/workspace/rtl/dll/vibe_bcrc.sv:42$9.fb[0:0]$1475
  1252/1929: $2\crc30_step$func$/workspace/rtl/dll/vibe_bcrc.sv:42$9.b[0:0]$1474
  1253/1929: $2\crc30_step$func$/workspace/rtl/dll/vibe_bcrc.sv:42$9.c[29:0]$1473
  1254/1929: $2\crc30_step$func$/workspace/rtl/dll/vibe_bcrc.sv:42$9.$result[29:0]$1472
  1255/1929: $2\crc30_step$func$/workspace/rtl/dll/vibe_bcrc.sv:42$8.fb[0:0]$1471
  1256/1929: $2\crc30_step$func$/workspace/rtl/dll/vibe_bcrc.sv:42$8.b[0:0]$1470
  1257/1929: $2\crc30_step$func$/workspace/rtl/dll/vibe_bcrc.sv:42$8.c[29:0]$1469
  1258/1929: $2\crc30_step$func$/workspace/rtl/dll/vibe_bcrc.sv:42$8.$result[29:0]$1468
  1259/1929: $2\crc30_step$func$/workspace/rtl/dll/vibe_bcrc.sv:42$7.fb[0:0]$1467
  1260/1929: $2\crc30_step$func$/workspace/rtl/dll/vibe_bcrc.sv:42$7.b[0:0]$1466
  1261/1929: $2\crc30_step$func$/workspace/rtl/dll/vibe_bcrc.sv:42$7.c[29:0]$1465
  1262/1929: $2\crc30_step$func$/workspace/rtl/dll/vibe_bcrc.sv:42$7.$result[29:0]$1464
  1263/1929: $2\crc30_step$func$/workspace/rtl/dll/vibe_bcrc.sv:42$6.fb[0:0]$1463
  1264/1929: $2\crc30_step$func$/workspace/rtl/dll/vibe_bcrc.sv:42$6.b[0:0]$1462
  1265/1929: $2\crc30_step$func$/workspace/rtl/dll/vibe_bcrc.sv:42$6.c[29:0]$1461
  1266/1929: $2\crc30_step$func$/workspace/rtl/dll/vibe_bcrc.sv:42$6.$result[29:0]$1460
  1267/1929: $2\crc30_step$func$/workspace/rtl/dll/vibe_bcrc.sv:42$5.fb[0:0]$1459
  1268/1929: $2\crc30_step$func$/workspace/rtl/dll/vibe_bcrc.sv:42$5.b[0:0]$1458
  1269/1929: $2\crc30_step$func$/workspace/rtl/dll/vibe_bcrc.sv:42$5.c[29:0]$1457
  1270/1929: $2\crc30_step$func$/workspace/rtl/dll/vibe_bcrc.sv:42$5.$result[29:0]$1456
  1271/1929: $2\crc30_step$func$/workspace/rtl/dll/vibe_bcrc.sv:42$4.fb[0:0]$1455
  1272/1929: $2\crc30_step$func$/workspace/rtl/dll/vibe_bcrc.sv:42$4.b[0:0]$1454
  1273/1929: $2\crc30_step$func$/workspace/rtl/dll/vibe_bcrc.sv:42$4.c[29:0]$1453
  1274/1929: $2\crc30_step$func$/workspace/rtl/dll/vibe_bcrc.sv:42$4.$result[29:0]$1452
  1275/1929: $2\crc30_step$func$/workspace/rtl/dll/vibe_bcrc.sv:42$3.fb[0:0]$1451
  1276/1929: $2\crc30_step$func$/workspace/rtl/dll/vibe_bcrc.sv:42$3.b[0:0]$1450
  1277/1929: $2\crc30_step$func$/workspace/rtl/dll/vibe_bcrc.sv:42$3.c[29:0]$1449
  1278/1929: $2\crc30_step$func$/workspace/rtl/dll/vibe_bcrc.sv:42$3.$result[29:0]$1448
  1279/1929: $2\crc30_step$func$/workspace/rtl/dll/vibe_bcrc.sv:42$2.fb[0:0]$1447
  1280/1929: $2\crc30_step$func$/workspace/rtl/dll/vibe_bcrc.sv:42$2.b[0:0]$1446
  1281/1929: $2\crc30_step$func$/workspace/rtl/dll/vibe_bcrc.sv:42$2.c[29:0]$1445
  1282/1929: $2\crc30_step$func$/workspace/rtl/dll/vibe_bcrc.sv:42$2.$result[29:0]$1444
  1283/1929: $2\eat.t[29:0]
  1284/1929: $2\i[31:0]
  1285/1929: $1\crc30_step$func$/workspace/rtl/dll/vibe_bcrc.sv:42$161.fb[0:0]$1443
  1286/1929: $1\crc30_step$func$/workspace/rtl/dll/vibe_bcrc.sv:42$161.b[0:0]$1442
  1287/1929: $1\crc30_step$func$/workspace/rtl/dll/vibe_bcrc.sv:42$161.c[29:0]$1441
  1288/1929: $1\crc30_step$func$/workspace/rtl/dll/vibe_bcrc.sv:42$161.$result[29:0]$1440
  1289/1929: $1\crc30_step$func$/workspace/rtl/dll/vibe_bcrc.sv:42$160.fb[0:0]$1439
  1290/1929: $1\crc30_step$func$/workspace/rtl/dll/vibe_bcrc.sv:42$160.b[0:0]$1438
  1291/1929: $1\crc30_step$func$/workspace/rtl/dll/vibe_bcrc.sv:42$160.c[29:0]$1437
  1292/1929: $1\crc30_step$func$/workspace/rtl/dll/vibe_bcrc.sv:42$160.$result[29:0]$1436
  1293/1929: $1\crc30_step$func$/workspace/rtl/dll/vibe_bcrc.sv:42$159.fb[0:0]$1435
  1294/1929: $1\crc30_step$func$/workspace/rtl/dll/vibe_bcrc.sv:42$159.b[0:0]$1434
  1295/1929: $1\crc30_step$func$/workspace/rtl/dll/vibe_bcrc.sv:42$159.c[29:0]$1433
  1296/1929: $1\crc30_step$func$/workspace/rtl/dll/vibe_bcrc.sv:42$159.$result[29:0]$1432
  1297/1929: $1\crc30_step$func$/workspace/rtl/dll/vibe_bcrc.sv:42$158.fb[0:0]$1431
  1298/1929: $1\crc30_step$func$/workspace/rtl/dll/vibe_bcrc.sv:42$158.b[0:0]$1430
  1299/1929: $1\crc30_step$func$/workspace/rtl/dll/vibe_bcrc.sv:42$158.c[29:0]$1429
  1300/1929: $1\crc30_step$func$/workspace/rtl/dll/vibe_bcrc.sv:42$158.$result[29:0]$1428
  1301/1929: $1\crc30_step$func$/workspace/rtl/dll/vibe_bcrc.sv:42$157.fb[0:0]$1427
  1302/1929: $1\crc30_step$func$/workspace/rtl/dll/vibe_bcrc.sv:42$157.b[0:0]$1426
  1303/1929: $1\crc30_step$func$/workspace/rtl/dll/vibe_bcrc.sv:42$157.c[29:0]$1425
  1304/1929: $1\crc30_step$func$/workspace/rtl/dll/vibe_bcrc.sv:42$157.$result[29:0]$1424
  1305/1929: $1\crc30_step$func$/workspace/rtl/dll/vibe_bcrc.sv:42$156.fb[0:0]$1423
  1306/1929: $1\crc30_step$func$/workspace/rtl/dll/vibe_bcrc.sv:42$156.b[0:0]$1422
  1307/1929: $1\crc30_step$func$/workspace/rtl/dll/vibe_bcrc.sv:42$156.c[29:0]$1421
  1308/1929: $1\crc30_step$func$/workspace/rtl/dll/vibe_bcrc.sv:42$156.$result[29:0]$1420
  1309/1929: $1\crc30_step$func$/workspace/rtl/dll/vibe_bcrc.sv:42$155.fb[0:0]$1419
  1310/1929: $1\crc30_step$func$/workspace/rtl/dll/vibe_bcrc.sv:42$155.b[0:0]$1418
  1311/1929: $1\crc30_step$func$/workspace/rtl/dll/vibe_bcrc.sv:42$155.c[29:0]$1417
  1312/1929: $1\crc30_step$func$/workspace/rtl/dll/vibe_bcrc.sv:42$155.$result[29:0]$1416
  1313/1929: $1\crc30_step$func$/workspace/rtl/dll/vibe_bcrc.sv:42$154.fb[0:0]$1415
  1314/1929: $1\crc30_step$func$/workspace/rtl/dll/vibe_bcrc.sv:42$154.b[0:0]$1414
  1315/1929: $1\crc30_step$func$/workspace/rtl/dll/vibe_bcrc.sv:42$154.c[29:0]$1413
  1316/1929: $1\crc30_step$func$/workspace/rtl/dll/vibe_bcrc.sv:42$154.$result[29:0]$1412
  1317/1929: $1\crc30_step$func$/workspace/rtl/dll/vibe_bcrc.sv:42$153.fb[0:0]$1411
  1318/1929: $1\crc30_step$func$/workspace/rtl/dll/vibe_bcrc.sv:42$153.b[0:0]$1410
  1319/1929: $1\crc30_step$func$/workspace/rtl/dll/vibe_bcrc.sv:42$153.c[29:0]$1409
  1320/1929: $1\crc30_step$func$/workspace/rtl/dll/vibe_bcrc.sv:42$153.$result[29:0]$1408
  1321/1929: $1\crc30_step$func$/workspace/rtl/dll/vibe_bcrc.sv:42$152.fb[0:0]$1407
  1322/1929: $1\crc30_step$func$/workspace/rtl/dll/vibe_bcrc.sv:42$152.b[0:0]$1406
  1323/1929: $1\crc30_step$func$/workspace/rtl/dll/vibe_bcrc.sv:42$152.c[29:0]$1405
  1324/1929: $1\crc30_step$func$/workspace/rtl/dll/vibe_bcrc.sv:42$152.$result[29:0]$1404
  1325/1929: $1\crc30_step$func$/workspace/rtl/dll/vibe_bcrc.sv:42$151.fb[0:0]$1403
  1326/1929: $1\crc30_step$func$/workspace/rtl/dll/vibe_bcrc.sv:42$151.b[0:0]$1402
  1327/1929: $1\crc30_step$func$/workspace/rtl/dll/vibe_bcrc.sv:42$151.c[29:0]$1401
  1328/1929: $1\crc30_step$func$/workspace/rtl/dll/vibe_bcrc.sv:42$151.$result[29:0]$1400
  1329/1929: $1\crc30_step$func$/workspace/rtl/dll/vibe_bcrc.sv:42$150.fb[0:0]$1399
  1330/1929: $1\crc30_step$func$/workspace/rtl/dll/vibe_bcrc.sv:42$150.b[0:0]$1398
  1331/1929: $1\crc30_step$func$/workspace/rtl/dll/vibe_bcrc.sv:42$150.c[29:0]$1397
  1332/1929: $1\crc30_step$func$/workspace/rtl/dll/vibe_bcrc.sv:42$150.$result[29:0]$1396
  1333/1929: $1\crc30_step$func$/workspace/rtl/dll/vibe_bcrc.sv:42$149.fb[0:0]$1395
  1334/1929: $1\crc30_step$func$/workspace/rtl/dll/vibe_bcrc.sv:42$149.b[0:0]$1394
  1335/1929: $1\crc30_step$func$/workspace/rtl/dll/vibe_bcrc.sv:42$149.c[29:0]$1393
  1336/1929: $1\crc30_step$func$/workspace/rtl/dll/vibe_bcrc.sv:42$149.$result[29:0]$1392
  1337/1929: $1\crc30_step$func$/workspace/rtl/dll/vibe_bcrc.sv:42$148.fb[0:0]$1391
  1338/1929: $1\crc30_step$func$/workspace/rtl/dll/vibe_bcrc.sv:42$148.b[0:0]$1390
  1339/1929: $1\crc30_step$func$/workspace/rtl/dll/vibe_bcrc.sv:42$148.c[29:0]$1389
  1340/1929: $1\crc30_step$func$/workspace/rtl/dll/vibe_bcrc.sv:42$148.$result[29:0]$1388
  1341/1929: $1\crc30_step$func$/workspace/rtl/dll/vibe_bcrc.sv:42$147.fb[0:0]$1387
  1342/1929: $1\crc30_step$func$/workspace/rtl/dll/vibe_bcrc.sv:42$147.b[0:0]$1386
  1343/1929: $1\crc30_step$func$/workspace/rtl/dll/vibe_bcrc.sv:42$147.c[29:0]$1385
  1344/1929: $1\crc30_step$func$/workspace/rtl/dll/vibe_bcrc.sv:42$147.$result[29:0]$1384
  1345/1929: $1\crc30_step$func$/workspace/rtl/dll/vibe_bcrc.sv:42$146.fb[0:0]$1383
  1346/1929: $1\crc30_step$func$/workspace/rtl/dll/vibe_bcrc.sv:42$146.b[0:0]$1382
  1347/1929: $1\crc30_step$func$/workspace/rtl/dll/vibe_bcrc.sv:42$146.c[29:0]$1381
  1348/1929: $1\crc30_step$func$/workspace/rtl/dll/vibe_bcrc.sv:42$146.$result[29:0]$1380
  1349/1929: $1\crc30_step$func$/workspace/rtl/dll/vibe_bcrc.sv:42$145.fb[0:0]$1379
  1350/1929: $1\crc30_step$func$/workspace/rtl/dll/vibe_bcrc.sv:42$145.b[0:0]$1378
  1351/1929: $1\crc30_step$func$/workspace/rtl/dll/vibe_bcrc.sv:42$145.c[29:0]$1377
  1352/1929: $1\crc30_step$func$/workspace/rtl/dll/vibe_bcrc.sv:42$145.$result[29:0]$1376
  1353/1929: $1\crc30_step$func$/workspace/rtl/dll/vibe_bcrc.sv:42$144.fb[0:0]$1375
  1354/1929: $1\crc30_step$func$/workspace/rtl/dll/vibe_bcrc.sv:42$144.b[0:0]$1374
  1355/1929: $1\crc30_step$func$/workspace/rtl/dll/vibe_bcrc.sv:42$144.c[29:0]$1373
  1356/1929: $1\crc30_step$func$/workspace/rtl/dll/vibe_bcrc.sv:42$144.$result[29:0]$1372
  1357/1929: $1\crc30_step$func$/workspace/rtl/dll/vibe_bcrc.sv:42$143.fb[0:0]$1371
  1358/1929: $1\crc30_step$func$/workspace/rtl/dll/vibe_bcrc.sv:42$143.b[0:0]$1370
  1359/1929: $1\crc30_step$func$/workspace/rtl/dll/vibe_bcrc.sv:42$143.c[29:0]$1369
  1360/1929: $1\crc30_step$func$/workspace/rtl/dll/vibe_bcrc.sv:42$143.$result[29:0]$1368
  1361/1929: $1\crc30_step$func$/workspace/rtl/dll/vibe_bcrc.sv:42$142.fb[0:0]$1367
  1362/1929: $1\crc30_step$func$/workspace/rtl/dll/vibe_bcrc.sv:42$142.b[0:0]$1366
  1363/1929: $1\crc30_step$func$/workspace/rtl/dll/vibe_bcrc.sv:42$142.c[29:0]$1365
  1364/1929: $1\crc30_step$func$/workspace/rtl/dll/vibe_bcrc.sv:42$142.$result[29:0]$1364
  1365/1929: $1\crc30_step$func$/workspace/rtl/dll/vibe_bcrc.sv:42$141.fb[0:0]$1363
  1366/1929: $1\crc30_step$func$/workspace/rtl/dll/vibe_bcrc.sv:42$141.b[0:0]$1362
  1367/1929: $1\crc30_step$func$/workspace/rtl/dll/vibe_bcrc.sv:42$141.c[29:0]$1361
  1368/1929: $1\crc30_step$func$/workspace/rtl/dll/vibe_bcrc.sv:42$141.$result[29:0]$1360
  1369/1929: $1\crc30_step$func$/workspace/rtl/dll/vibe_bcrc.sv:42$140.fb[0:0]$1359
  1370/1929: $1\crc30_step$func$/workspace/rtl/dll/vibe_bcrc.sv:42$140.b[0:0]$1358
  1371/1929: $1\crc30_step$func$/workspace/rtl/dll/vibe_bcrc.sv:42$140.c[29:0]$1357
  1372/1929: $1\crc30_step$func$/workspace/rtl/dll/vibe_bcrc.sv:42$140.$result[29:0]$1356
  1373/1929: $1\crc30_step$func$/workspace/rtl/dll/vibe_bcrc.sv:42$139.fb[0:0]$1355
  1374/1929: $1\crc30_step$func$/workspace/rtl/dll/vibe_bcrc.sv:42$139.b[0:0]$1354
  1375/1929: $1\crc30_step$func$/workspace/rtl/dll/vibe_bcrc.sv:42$139.c[29:0]$1353
  1376/1929: $1\crc30_step$func$/workspace/rtl/dll/vibe_bcrc.sv:42$139.$result[29:0]$1352
  1377/1929: $1\crc30_step$func$/workspace/rtl/dll/vibe_bcrc.sv:42$138.fb[0:0]$1351
  1378/1929: $1\crc30_step$func$/workspace/rtl/dll/vibe_bcrc.sv:42$138.b[0:0]$1350
  1379/1929: $1\crc30_step$func$/workspace/rtl/dll/vibe_bcrc.sv:42$138.c[29:0]$1349
  1380/1929: $1\crc30_step$func$/workspace/rtl/dll/vibe_bcrc.sv:42$138.$result[29:0]$1348
  1381/1929: $1\crc30_step$func$/workspace/rtl/dll/vibe_bcrc.sv:42$137.fb[0:0]$1347
  1382/1929: $1\crc30_step$func$/workspace/rtl/dll/vibe_bcrc.sv:42$137.b[0:0]$1346
  1383/1929: $1\crc30_step$func$/workspace/rtl/dll/vibe_bcrc.sv:42$137.c[29:0]$1345
  1384/1929: $1\crc30_step$func$/workspace/rtl/dll/vibe_bcrc.sv:42$137.$result[29:0]$1344
  1385/1929: $1\crc30_step$func$/workspace/rtl/dll/vibe_bcrc.sv:42$136.fb[0:0]$1343
  1386/1929: $1\crc30_step$func$/workspace/rtl/dll/vibe_bcrc.sv:42$136.b[0:0]$1342
  1387/1929: $1\crc30_step$func$/workspace/rtl/dll/vibe_bcrc.sv:42$136.c[29:0]$1341
  1388/1929: $1\crc30_step$func$/workspace/rtl/dll/vibe_bcrc.sv:42$136.$result[29:0]$1340
  1389/1929: $1\crc30_step$func$/workspace/rtl/dll/vibe_bcrc.sv:42$135.fb[0:0]$1339
  1390/1929: $1\crc30_step$func$/workspace/rtl/dll/vibe_bcrc.sv:42$135.b[0:0]$1338
  1391/1929: $1\crc30_step$func$/workspace/rtl/dll/vibe_bcrc.sv:42$135.c[29:0]$1337
  1392/1929: $1\crc30_step$func$/workspace/rtl/dll/vibe_bcrc.sv:42$135.$result[29:0]$1336
  1393/1929: $1\crc30_step$func$/workspace/rtl/dll/vibe_bcrc.sv:42$134.fb[0:0]$1335
  1394/1929: $1\crc30_step$func$/workspace/rtl/dll/vibe_bcrc.sv:42$134.b[0:0]$1334
  1395/1929: $1\crc30_step$func$/workspace/rtl/dll/vibe_bcrc.sv:42$134.c[29:0]$1333
  1396/1929: $1\crc30_step$func$/workspace/rtl/dll/vibe_bcrc.sv:42$134.$result[29:0]$1332
  1397/1929: $1\crc30_step$func$/workspace/rtl/dll/vibe_bcrc.sv:42$133.fb[0:0]$1331
  1398/1929: $1\crc30_step$func$/workspace/rtl/dll/vibe_bcrc.sv:42$133.b[0:0]$1330
  1399/1929: $1\crc30_step$func$/workspace/rtl/dll/vibe_bcrc.sv:42$133.c[29:0]$1329
  1400/1929: $1\crc30_step$func$/workspace/rtl/dll/vibe_bcrc.sv:42$133.$result[29:0]$1328
  1401/1929: $1\crc30_step$func$/workspace/rtl/dll/vibe_bcrc.sv:42$132.fb[0:0]$1327
  1402/1929: $1\crc30_step$func$/workspace/rtl/dll/vibe_bcrc.sv:42$132.b[0:0]$1326
  1403/1929: $1\crc30_step$func$/workspace/rtl/dll/vibe_bcrc.sv:42$132.c[29:0]$1325
  1404/1929: $1\crc30_step$func$/workspace/rtl/dll/vibe_bcrc.sv:42$132.$result[29:0]$1324
  1405/1929: $1\crc30_step$func$/workspace/rtl/dll/vibe_bcrc.sv:42$131.fb[0:0]$1323
  1406/1929: $1\crc30_step$func$/workspace/rtl/dll/vibe_bcrc.sv:42$131.b[0:0]$1322
  1407/1929: $1\crc30_step$func$/workspace/rtl/dll/vibe_bcrc.sv:42$131.c[29:0]$1321
  1408/1929: $1\crc30_step$func$/workspace/rtl/dll/vibe_bcrc.sv:42$131.$result[29:0]$1320
  1409/1929: $1\crc30_step$func$/workspace/rtl/dll/vibe_bcrc.sv:42$130.fb[0:0]$1319
  1410/1929: $1\crc30_step$func$/workspace/rtl/dll/vibe_bcrc.sv:42$130.b[0:0]$1318
  1411/1929: $1\crc30_step$func$/workspace/rtl/dll/vibe_bcrc.sv:42$130.c[29:0]$1317
  1412/1929: $1\crc30_step$func$/workspace/rtl/dll/vibe_bcrc.sv:42$130.$result[29:0]$1316
  1413/1929: $1\crc30_step$func$/workspace/rtl/dll/vibe_bcrc.sv:42$129.fb[0:0]$1315
  1414/1929: $1\crc30_step$func$/workspace/rtl/dll/vibe_bcrc.sv:42$129.b[0:0]$1314
  1415/1929: $1\crc30_step$func$/workspace/rtl/dll/vibe_bcrc.sv:42$129.c[29:0]$1313
  1416/1929: $1\crc30_step$func$/workspace/rtl/dll/vibe_bcrc.sv:42$129.$result[29:0]$1312
  1417/1929: $1\crc30_step$func$/workspace/rtl/dll/vibe_bcrc.sv:42$128.fb[0:0]$1311
  1418/1929: $1\crc30_step$func$/workspace/rtl/dll/vibe_bcrc.sv:42$128.b[0:0]$1310
  1419/1929: $1\crc30_step$func$/workspace/rtl/dll/vibe_bcrc.sv:42$128.c[29:0]$1309
  1420/1929: $1\crc30_step$func$/workspace/rtl/dll/vibe_bcrc.sv:42$128.$result[29:0]$1308
  1421/1929: $1\crc30_step$func$/workspace/rtl/dll/vibe_bcrc.sv:42$127.fb[0:0]$1307
  1422/1929: $1\crc30_step$func$/workspace/rtl/dll/vibe_bcrc.sv:42$127.b[0:0]$1306
  1423/1929: $1\crc30_step$func$/workspace/rtl/dll/vibe_bcrc.sv:42$127.c[29:0]$1305
  1424/1929: $1\crc30_step$func$/workspace/rtl/dll/vibe_bcrc.sv:42$127.$result[29:0]$1304
  1425/1929: $1\crc30_step$func$/workspace/rtl/dll/vibe_bcrc.sv:42$126.fb[0:0]$1303
  1426/1929: $1\crc30_step$func$/workspace/rtl/dll/vibe_bcrc.sv:42$126.b[0:0]$1302
  1427/1929: $1\crc30_step$func$/workspace/rtl/dll/vibe_bcrc.sv:42$126.c[29:0]$1301
  1428/1929: $1\crc30_step$func$/workspace/rtl/dll/vibe_bcrc.sv:42$126.$result[29:0]$1300
  1429/1929: $1\crc30_step$func$/workspace/rtl/dll/vibe_bcrc.sv:42$125.fb[0:0]$1299
  1430/1929: $1\crc30_step$func$/workspace/rtl/dll/vibe_bcrc.sv:42$125.b[0:0]$1298
  1431/1929: $1\crc30_step$func$/workspace/rtl/dll/vibe_bcrc.sv:42$125.c[29:0]$1297
  1432/1929: $1\crc30_step$func$/workspace/rtl/dll/vibe_bcrc.sv:42$125.$result[29:0]$1296
  1433/1929: $1\crc30_step$func$/workspace/rtl/dll/vibe_bcrc.sv:42$124.fb[0:0]$1295
  1434/1929: $1\crc30_step$func$/workspace/rtl/dll/vibe_bcrc.sv:42$124.b[0:0]$1294
  1435/1929: $1\crc30_step$func$/workspace/rtl/dll/vibe_bcrc.sv:42$124.c[29:0]$1293
  1436/1929: $1\crc30_step$func$/workspace/rtl/dll/vibe_bcrc.sv:42$124.$result[29:0]$1292
  1437/1929: $1\crc30_step$func$/workspace/rtl/dll/vibe_bcrc.sv:42$123.fb[0:0]$1291
  1438/1929: $1\crc30_step$func$/workspace/rtl/dll/vibe_bcrc.sv:42$123.b[0:0]$1290
  1439/1929: $1\crc30_step$func$/workspace/rtl/dll/vibe_bcrc.sv:42$123.c[29:0]$1289
  1440/1929: $1\crc30_step$func$/workspace/rtl/dll/vibe_bcrc.sv:42$123.$result[29:0]$1288
  1441/1929: $1\crc30_step$func$/workspace/rtl/dll/vibe_bcrc.sv:42$122.fb[0:0]$1287
  1442/1929: $1\crc30_step$func$/workspace/rtl/dll/vibe_bcrc.sv:42$122.b[0:0]$1286
  1443/1929: $1\crc30_step$func$/workspace/rtl/dll/vibe_bcrc.sv:42$122.c[29:0]$1285
  1444/1929: $1\crc30_step$func$/workspace/rtl/dll/vibe_bcrc.sv:42$122.$result[29:0]$1284
  1445/1929: $1\crc30_step$func$/workspace/rtl/dll/vibe_bcrc.sv:42$121.fb[0:0]$1283
  1446/1929: $1\crc30_step$func$/workspace/rtl/dll/vibe_bcrc.sv:42$121.b[0:0]$1282
  1447/1929: $1\crc30_step$func$/workspace/rtl/dll/vibe_bcrc.sv:42$121.c[29:0]$1281
  1448/1929: $1\crc30_step$func$/workspace/rtl/dll/vibe_bcrc.sv:42$121.$result[29:0]$1280
  1449/1929: $1\crc30_step$func$/workspace/rtl/dll/vibe_bcrc.sv:42$120.fb[0:0]$1279
  1450/1929: $1\crc30_step$func$/workspace/rtl/dll/vibe_bcrc.sv:42$120.b[0:0]$1278
  1451/1929: $1\crc30_step$func$/workspace/rtl/dll/vibe_bcrc.sv:42$120.c[29:0]$1277
  1452/1929: $1\crc30_step$func$/workspace/rtl/dll/vibe_bcrc.sv:42$120.$result[29:0]$1276
  1453/1929: $1\crc30_step$func$/workspace/rtl/dll/vibe_bcrc.sv:42$119.fb[0:0]$1275
  1454/1929: $1\crc30_step$func$/workspace/rtl/dll/vibe_bcrc.sv:42$119.b[0:0]$1274
  1455/1929: $1\crc30_step$func$/workspace/rtl/dll/vibe_bcrc.sv:42$119.c[29:0]$1273
  1456/1929: $1\crc30_step$func$/workspace/rtl/dll/vibe_bcrc.sv:42$119.$result[29:0]$1272
  1457/1929: $1\crc30_step$func$/workspace/rtl/dll/vibe_bcrc.sv:42$118.fb[0:0]$1271
  1458/1929: $1\crc30_step$func$/workspace/rtl/dll/vibe_bcrc.sv:42$118.b[0:0]$1270
  1459/1929: $1\crc30_step$func$/workspace/rtl/dll/vibe_bcrc.sv:42$118.c[29:0]$1269
  1460/1929: $1\crc30_step$func$/workspace/rtl/dll/vibe_bcrc.sv:42$118.$result[29:0]$1268
  1461/1929: $1\crc30_step$func$/workspace/rtl/dll/vibe_bcrc.sv:42$117.fb[0:0]$1267
  1462/1929: $1\crc30_step$func$/workspace/rtl/dll/vibe_bcrc.sv:42$117.b[0:0]$1266
  1463/1929: $1\crc30_step$func$/workspace/rtl/dll/vibe_bcrc.sv:42$117.c[29:0]$1265
  1464/1929: $1\crc30_step$func$/workspace/rtl/dll/vibe_bcrc.sv:42$117.$result[29:0]$1264
  1465/1929: $1\crc30_step$func$/workspace/rtl/dll/vibe_bcrc.sv:42$116.fb[0:0]$1263
  1466/1929: $1\crc30_step$func$/workspace/rtl/dll/vibe_bcrc.sv:42$116.b[0:0]$1262
  1467/1929: $1\crc30_step$func$/workspace/rtl/dll/vibe_bcrc.sv:42$116.c[29:0]$1261
  1468/1929: $1\crc30_step$func$/workspace/rtl/dll/vibe_bcrc.sv:42$116.$result[29:0]$1260
  1469/1929: $1\crc30_step$func$/workspace/rtl/dll/vibe_bcrc.sv:42$115.fb[0:0]$1259
  1470/1929: $1\crc30_step$func$/workspace/rtl/dll/vibe_bcrc.sv:42$115.b[0:0]$1258
  1471/1929: $1\crc30_step$func$/workspace/rtl/dll/vibe_bcrc.sv:42$115.c[29:0]$1257
  1472/1929: $1\crc30_step$func$/workspace/rtl/dll/vibe_bcrc.sv:42$115.$result[29:0]$1256
  1473/1929: $1\crc30_step$func$/workspace/rtl/dll/vibe_bcrc.sv:42$114.fb[0:0]$1255
  1474/1929: $1\crc30_step$func$/workspace/rtl/dll/vibe_bcrc.sv:42$114.b[0:0]$1254
  1475/1929: $1\crc30_step$func$/workspace/rtl/dll/vibe_bcrc.sv:42$114.c[29:0]$1253
  1476/1929: $1\crc30_step$func$/workspace/rtl/dll/vibe_bcrc.sv:42$114.$result[29:0]$1252
  1477/1929: $1\crc30_step$func$/workspace/rtl/dll/vibe_bcrc.sv:42$113.fb[0:0]$1251
  1478/1929: $1\crc30_step$func$/workspace/rtl/dll/vibe_bcrc.sv:42$113.b[0:0]$1250
  1479/1929: $1\crc30_step$func$/workspace/rtl/dll/vibe_bcrc.sv:42$113.c[29:0]$1249
  1480/1929: $1\crc30_step$func$/workspace/rtl/dll/vibe_bcrc.sv:42$113.$result[29:0]$1248
  1481/1929: $1\crc30_step$func$/workspace/rtl/dll/vibe_bcrc.sv:42$112.fb[0:0]$1247
  1482/1929: $1\crc30_step$func$/workspace/rtl/dll/vibe_bcrc.sv:42$112.b[0:0]$1246
  1483/1929: $1\crc30_step$func$/workspace/rtl/dll/vibe_bcrc.sv:42$112.c[29:0]$1245
  1484/1929: $1\crc30_step$func$/workspace/rtl/dll/vibe_bcrc.sv:42$112.$result[29:0]$1244
  1485/1929: $1\crc30_step$func$/workspace/rtl/dll/vibe_bcrc.sv:42$111.fb[0:0]$1243
  1486/1929: $1\crc30_step$func$/workspace/rtl/dll/vibe_bcrc.sv:42$111.b[0:0]$1242
  1487/1929: $1\crc30_step$func$/workspace/rtl/dll/vibe_bcrc.sv:42$111.c[29:0]$1241
  1488/1929: $1\crc30_step$func$/workspace/rtl/dll/vibe_bcrc.sv:42$111.$result[29:0]$1240
  1489/1929: $1\crc30_step$func$/workspace/rtl/dll/vibe_bcrc.sv:42$110.fb[0:0]$1239
  1490/1929: $1\crc30_step$func$/workspace/rtl/dll/vibe_bcrc.sv:42$110.b[0:0]$1238
  1491/1929: $1\crc30_step$func$/workspace/rtl/dll/vibe_bcrc.sv:42$110.c[29:0]$1237
  1492/1929: $1\crc30_step$func$/workspace/rtl/dll/vibe_bcrc.sv:42$110.$result[29:0]$1236
  1493/1929: $1\crc30_step$func$/workspace/rtl/dll/vibe_bcrc.sv:42$109.fb[0:0]$1235
  1494/1929: $1\crc30_step$func$/workspace/rtl/dll/vibe_bcrc.sv:42$109.b[0:0]$1234
  1495/1929: $1\crc30_step$func$/workspace/rtl/dll/vibe_bcrc.sv:42$109.c[29:0]$1233
  1496/1929: $1\crc30_step$func$/workspace/rtl/dll/vibe_bcrc.sv:42$109.$result[29:0]$1232
  1497/1929: $1\crc30_step$func$/workspace/rtl/dll/vibe_bcrc.sv:42$108.fb[0:0]$1231
  1498/1929: $1\crc30_step$func$/workspace/rtl/dll/vibe_bcrc.sv:42$108.b[0:0]$1230
  1499/1929: $1\crc30_step$func$/workspace/rtl/dll/vibe_bcrc.sv:42$108.c[29:0]$1229
  1500/1929: $1\crc30_step$func$/workspace/rtl/dll/vibe_bcrc.sv:42$108.$result[29:0]$1228
  1501/1929: $1\crc30_step$func$/workspace/rtl/dll/vibe_bcrc.sv:42$107.fb[0:0]$1227
  1502/1929: $1\crc30_step$func$/workspace/rtl/dll/vibe_bcrc.sv:42$107.b[0:0]$1226
  1503/1929: $1\crc30_step$func$/workspace/rtl/dll/vibe_bcrc.sv:42$107.c[29:0]$1225
  1504/1929: $1\crc30_step$func$/workspace/rtl/dll/vibe_bcrc.sv:42$107.$result[29:0]$1224
  1505/1929: $1\crc30_step$func$/workspace/rtl/dll/vibe_bcrc.sv:42$106.fb[0:0]$1223
  1506/1929: $1\crc30_step$func$/workspace/rtl/dll/vibe_bcrc.sv:42$106.b[0:0]$1222
  1507/1929: $1\crc30_step$func$/workspace/rtl/dll/vibe_bcrc.sv:42$106.c[29:0]$1221
  1508/1929: $1\crc30_step$func$/workspace/rtl/dll/vibe_bcrc.sv:42$106.$result[29:0]$1220
  1509/1929: $1\crc30_step$func$/workspace/rtl/dll/vibe_bcrc.sv:42$105.fb[0:0]$1219
  1510/1929: $1\crc30_step$func$/workspace/rtl/dll/vibe_bcrc.sv:42$105.b[0:0]$1218
  1511/1929: $1\crc30_step$func$/workspace/rtl/dll/vibe_bcrc.sv:42$105.c[29:0]$1217
  1512/1929: $1\crc30_step$func$/workspace/rtl/dll/vibe_bcrc.sv:42$105.$result[29:0]$1216
  1513/1929: $1\crc30_step$func$/workspace/rtl/dll/vibe_bcrc.sv:42$104.fb[0:0]$1215
  1514/1929: $1\crc30_step$func$/workspace/rtl/dll/vibe_bcrc.sv:42$104.b[0:0]$1214
  1515/1929: $1\crc30_step$func$/workspace/rtl/dll/vibe_bcrc.sv:42$104.c[29:0]$1213
  1516/1929: $1\crc30_step$func$/workspace/rtl/dll/vibe_bcrc.sv:42$104.$result[29:0]$1212
  1517/1929: $1\crc30_step$func$/workspace/rtl/dll/vibe_bcrc.sv:42$103.fb[0:0]$1211
  1518/1929: $1\crc30_step$func$/workspace/rtl/dll/vibe_bcrc.sv:42$103.b[0:0]$1210
  1519/1929: $1\crc30_step$func$/workspace/rtl/dll/vibe_bcrc.sv:42$103.c[29:0]$1209
  1520/1929: $1\crc30_step$func$/workspace/rtl/dll/vibe_bcrc.sv:42$103.$result[29:0]$1208
  1521/1929: $1\crc30_step$func$/workspace/rtl/dll/vibe_bcrc.sv:42$102.fb[0:0]$1207
  1522/1929: $1\crc30_step$func$/workspace/rtl/dll/vibe_bcrc.sv:42$102.b[0:0]$1206
  1523/1929: $1\crc30_step$func$/workspace/rtl/dll/vibe_bcrc.sv:42$102.c[29:0]$1205
  1524/1929: $1\crc30_step$func$/workspace/rtl/dll/vibe_bcrc.sv:42$102.$result[29:0]$1204
  1525/1929: $1\crc30_step$func$/workspace/rtl/dll/vibe_bcrc.sv:42$101.fb[0:0]$1203
  1526/1929: $1\crc30_step$func$/workspace/rtl/dll/vibe_bcrc.sv:42$101.b[0:0]$1202
  1527/1929: $1\crc30_step$func$/workspace/rtl/dll/vibe_bcrc.sv:42$101.c[29:0]$1201
  1528/1929: $1\crc30_step$func$/workspace/rtl/dll/vibe_bcrc.sv:42$101.$result[29:0]$1200
  1529/1929: $1\crc30_step$func$/workspace/rtl/dll/vibe_bcrc.sv:42$100.fb[0:0]$1199
  1530/1929: $1\crc30_step$func$/workspace/rtl/dll/vibe_bcrc.sv:42$100.b[0:0]$1198
  1531/1929: $1\crc30_step$func$/workspace/rtl/dll/vibe_bcrc.sv:42$100.c[29:0]$1197
  1532/1929: $1\crc30_step$func$/workspace/rtl/dll/vibe_bcrc.sv:42$100.$result[29:0]$1196
  1533/1929: $1\crc30_step$func$/workspace/rtl/dll/vibe_bcrc.sv:42$99.fb[0:0]$1195
  1534/1929: $1\crc30_step$func$/workspace/rtl/dll/vibe_bcrc.sv:42$99.b[0:0]$1194
  1535/1929: $1\crc30_step$func$/workspace/rtl/dll/vibe_bcrc.sv:42$99.c[29:0]$1193
  1536/1929: $1\crc30_step$func$/workspace/rtl/dll/vibe_bcrc.sv:42$99.$result[29:0]$1192
  1537/1929: $1\crc30_step$func$/workspace/rtl/dll/vibe_bcrc.sv:42$98.fb[0:0]$1191
  1538/1929: $1\crc30_step$func$/workspace/rtl/dll/vibe_bcrc.sv:42$98.b[0:0]$1190
  1539/1929: $1\crc30_step$func$/workspace/rtl/dll/vibe_bcrc.sv:42$98.c[29:0]$1189
  1540/1929: $1\crc30_step$func$/workspace/rtl/dll/vibe_bcrc.sv:42$98.$result[29:0]$1188
  1541/1929: $1\crc30_step$func$/workspace/rtl/dll/vibe_bcrc.sv:42$97.fb[0:0]$1187
  1542/1929: $1\crc30_step$func$/workspace/rtl/dll/vibe_bcrc.sv:42$97.b[0:0]$1186
  1543/1929: $1\crc30_step$func$/workspace/rtl/dll/vibe_bcrc.sv:42$97.c[29:0]$1185
  1544/1929: $1\crc30_step$func$/workspace/rtl/dll/vibe_bcrc.sv:42$97.$result[29:0]$1184
  1545/1929: $1\crc30_step$func$/workspace/rtl/dll/vibe_bcrc.sv:42$96.fb[0:0]$1183
  1546/1929: $1\crc30_step$func$/workspace/rtl/dll/vibe_bcrc.sv:42$96.b[0:0]$1182
  1547/1929: $1\crc30_step$func$/workspace/rtl/dll/vibe_bcrc.sv:42$96.c[29:0]$1181
  1548/1929: $1\crc30_step$func$/workspace/rtl/dll/vibe_bcrc.sv:42$96.$result[29:0]$1180
  1549/1929: $1\crc30_step$func$/workspace/rtl/dll/vibe_bcrc.sv:42$95.fb[0:0]$1179
  1550/1929: $1\crc30_step$func$/workspace/rtl/dll/vibe_bcrc.sv:42$95.b[0:0]$1178
  1551/1929: $1\crc30_step$func$/workspace/rtl/dll/vibe_bcrc.sv:42$95.c[29:0]$1177
  1552/1929: $1\crc30_step$func$/workspace/rtl/dll/vibe_bcrc.sv:42$95.$result[29:0]$1176
  1553/1929: $1\crc30_step$func$/workspace/rtl/dll/vibe_bcrc.sv:42$94.fb[0:0]$1175
  1554/1929: $1\crc30_step$func$/workspace/rtl/dll/vibe_bcrc.sv:42$94.b[0:0]$1174
  1555/1929: $1\crc30_step$func$/workspace/rtl/dll/vibe_bcrc.sv:42$94.c[29:0]$1173
  1556/1929: $1\crc30_step$func$/workspace/rtl/dll/vibe_bcrc.sv:42$94.$result[29:0]$1172
  1557/1929: $1\crc30_step$func$/workspace/rtl/dll/vibe_bcrc.sv:42$93.fb[0:0]$1171
  1558/1929: $1\crc30_step$func$/workspace/rtl/dll/vibe_bcrc.sv:42$93.b[0:0]$1170
  1559/1929: $1\crc30_step$func$/workspace/rtl/dll/vibe_bcrc.sv:42$93.c[29:0]$1169
  1560/1929: $1\crc30_step$func$/workspace/rtl/dll/vibe_bcrc.sv:42$93.$result[29:0]$1168
  1561/1929: $1\crc30_step$func$/workspace/rtl/dll/vibe_bcrc.sv:42$92.fb[0:0]$1167
  1562/1929: $1\crc30_step$func$/workspace/rtl/dll/vibe_bcrc.sv:42$92.b[0:0]$1166
  1563/1929: $1\crc30_step$func$/workspace/rtl/dll/vibe_bcrc.sv:42$92.c[29:0]$1165
  1564/1929: $1\crc30_step$func$/workspace/rtl/dll/vibe_bcrc.sv:42$92.$result[29:0]$1164
  1565/1929: $1\crc30_step$func$/workspace/rtl/dll/vibe_bcrc.sv:42$91.fb[0:0]$1163
  1566/1929: $1\crc30_step$func$/workspace/rtl/dll/vibe_bcrc.sv:42$91.b[0:0]$1162
  1567/1929: $1\crc30_step$func$/workspace/rtl/dll/vibe_bcrc.sv:42$91.c[29:0]$1161
  1568/1929: $1\crc30_step$func$/workspace/rtl/dll/vibe_bcrc.sv:42$91.$result[29:0]$1160
  1569/1929: $1\crc30_step$func$/workspace/rtl/dll/vibe_bcrc.sv:42$90.fb[0:0]$1159
  1570/1929: $1\crc30_step$func$/workspace/rtl/dll/vibe_bcrc.sv:42$90.b[0:0]$1158
  1571/1929: $1\crc30_step$func$/workspace/rtl/dll/vibe_bcrc.sv:42$90.c[29:0]$1157
  1572/1929: $1\crc30_step$func$/workspace/rtl/dll/vibe_bcrc.sv:42$90.$result[29:0]$1156
  1573/1929: $1\crc30_step$func$/workspace/rtl/dll/vibe_bcrc.sv:42$89.fb[0:0]$1155
  1574/1929: $1\crc30_step$func$/workspace/rtl/dll/vibe_bcrc.sv:42$89.b[0:0]$1154
  1575/1929: $1\crc30_step$func$/workspace/rtl/dll/vibe_bcrc.sv:42$89.c[29:0]$1153
  1576/1929: $1\crc30_step$func$/workspace/rtl/dll/vibe_bcrc.sv:42$89.$result[29:0]$1152
  1577/1929: $1\crc30_step$func$/workspace/rtl/dll/vibe_bcrc.sv:42$88.fb[0:0]$1151
  1578/1929: $1\crc30_step$func$/workspace/rtl/dll/vibe_bcrc.sv:42$88.b[0:0]$1150
  1579/1929: $1\crc30_step$func$/workspace/rtl/dll/vibe_bcrc.sv:42$88.c[29:0]$1149
  1580/1929: $1\crc30_step$func$/workspace/rtl/dll/vibe_bcrc.sv:42$88.$result[29:0]$1148
  1581/1929: $1\crc30_step$func$/workspace/rtl/dll/vibe_bcrc.sv:42$87.fb[0:0]$1147
  1582/1929: $1\crc30_step$func$/workspace/rtl/dll/vibe_bcrc.sv:42$87.b[0:0]$1146
  1583/1929: $1\crc30_step$func$/workspace/rtl/dll/vibe_bcrc.sv:42$87.c[29:0]$1145
  1584/1929: $1\crc30_step$func$/workspace/rtl/dll/vibe_bcrc.sv:42$87.$result[29:0]$1144
  1585/1929: $1\crc30_step$func$/workspace/rtl/dll/vibe_bcrc.sv:42$86.fb[0:0]$1143
  1586/1929: $1\crc30_step$func$/workspace/rtl/dll/vibe_bcrc.sv:42$86.b[0:0]$1142
  1587/1929: $1\crc30_step$func$/workspace/rtl/dll/vibe_bcrc.sv:42$86.c[29:0]$1141
  1588/1929: $1\crc30_step$func$/workspace/rtl/dll/vibe_bcrc.sv:42$86.$result[29:0]$1140
  1589/1929: $1\crc30_step$func$/workspace/rtl/dll/vibe_bcrc.sv:42$85.fb[0:0]$1139
  1590/1929: $1\crc30_step$func$/workspace/rtl/dll/vibe_bcrc.sv:42$85.b[0:0]$1138
  1591/1929: $1\crc30_step$func$/workspace/rtl/dll/vibe_bcrc.sv:42$85.c[29:0]$1137
  1592/1929: $1\crc30_step$func$/workspace/rtl/dll/vibe_bcrc.sv:42$85.$result[29:0]$1136
  1593/1929: $1\crc30_step$func$/workspace/rtl/dll/vibe_bcrc.sv:42$84.fb[0:0]$1135
  1594/1929: $1\crc30_step$func$/workspace/rtl/dll/vibe_bcrc.sv:42$84.b[0:0]$1134
  1595/1929: $1\crc30_step$func$/workspace/rtl/dll/vibe_bcrc.sv:42$84.c[29:0]$1133
  1596/1929: $1\crc30_step$func$/workspace/rtl/dll/vibe_bcrc.sv:42$84.$result[29:0]$1132
  1597/1929: $1\crc30_step$func$/workspace/rtl/dll/vibe_bcrc.sv:42$83.fb[0:0]$1131
  1598/1929: $1\crc30_step$func$/workspace/rtl/dll/vibe_bcrc.sv:42$83.b[0:0]$1130
  1599/1929: $1\crc30_step$func$/workspace/rtl/dll/vibe_bcrc.sv:42$83.c[29:0]$1129
  1600/1929: $1\crc30_step$func$/workspace/rtl/dll/vibe_bcrc.sv:42$83.$result[29:0]$1128
  1601/1929: $1\crc30_step$func$/workspace/rtl/dll/vibe_bcrc.sv:42$82.fb[0:0]$1127
  1602/1929: $1\crc30_step$func$/workspace/rtl/dll/vibe_bcrc.sv:42$82.b[0:0]$1126
  1603/1929: $1\crc30_step$func$/workspace/rtl/dll/vibe_bcrc.sv:42$82.c[29:0]$1125
  1604/1929: $1\crc30_step$func$/workspace/rtl/dll/vibe_bcrc.sv:42$82.$result[29:0]$1124
  1605/1929: $1\crc30_step$func$/workspace/rtl/dll/vibe_bcrc.sv:42$81.fb[0:0]$1123
  1606/1929: $1\crc30_step$func$/workspace/rtl/dll/vibe_bcrc.sv:42$81.b[0:0]$1122
  1607/1929: $1\crc30_step$func$/workspace/rtl/dll/vibe_bcrc.sv:42$81.c[29:0]$1121
  1608/1929: $1\crc30_step$func$/workspace/rtl/dll/vibe_bcrc.sv:42$81.$result[29:0]$1120
  1609/1929: $1\crc30_step$func$/workspace/rtl/dll/vibe_bcrc.sv:42$80.fb[0:0]$1119
  1610/1929: $1\crc30_step$func$/workspace/rtl/dll/vibe_bcrc.sv:42$80.b[0:0]$1118
  1611/1929: $1\crc30_step$func$/workspace/rtl/dll/vibe_bcrc.sv:42$80.c[29:0]$1117
  1612/1929: $1\crc30_step$func$/workspace/rtl/dll/vibe_bcrc.sv:42$80.$result[29:0]$1116
  1613/1929: $1\crc30_step$func$/workspace/rtl/dll/vibe_bcrc.sv:42$79.fb[0:0]$1115
  1614/1929: $1\crc30_step$func$/workspace/rtl/dll/vibe_bcrc.sv:42$79.b[0:0]$1114
  1615/1929: $1\crc30_step$func$/workspace/rtl/dll/vibe_bcrc.sv:42$79.c[29:0]$1113
  1616/1929: $1\crc30_step$func$/workspace/rtl/dll/vibe_bcrc.sv:42$79.$result[29:0]$1112
  1617/1929: $1\crc30_step$func$/workspace/rtl/dll/vibe_bcrc.sv:42$78.fb[0:0]$1111
  1618/1929: $1\crc30_step$func$/workspace/rtl/dll/vibe_bcrc.sv:42$78.b[0:0]$1110
  1619/1929: $1\crc30_step$func$/workspace/rtl/dll/vibe_bcrc.sv:42$78.c[29:0]$1109
  1620/1929: $1\crc30_step$func$/workspace/rtl/dll/vibe_bcrc.sv:42$78.$result[29:0]$1108
  1621/1929: $1\crc30_step$func$/workspace/rtl/dll/vibe_bcrc.sv:42$77.fb[0:0]$1107
  1622/1929: $1\crc30_step$func$/workspace/rtl/dll/vibe_bcrc.sv:42$77.b[0:0]$1106
  1623/1929: $1\crc30_step$func$/workspace/rtl/dll/vibe_bcrc.sv:42$77.c[29:0]$1105
  1624/1929: $1\crc30_step$func$/workspace/rtl/dll/vibe_bcrc.sv:42$77.$result[29:0]$1104
  1625/1929: $1\crc30_step$func$/workspace/rtl/dll/vibe_bcrc.sv:42$76.fb[0:0]$1103
  1626/1929: $1\crc30_step$func$/workspace/rtl/dll/vibe_bcrc.sv:42$76.b[0:0]$1102
  1627/1929: $1\crc30_step$func$/workspace/rtl/dll/vibe_bcrc.sv:42$76.c[29:0]$1101
  1628/1929: $1\crc30_step$func$/workspace/rtl/dll/vibe_bcrc.sv:42$76.$result[29:0]$1100
  1629/1929: $1\crc30_step$func$/workspace/rtl/dll/vibe_bcrc.sv:42$75.fb[0:0]$1099
  1630/1929: $1\crc30_step$func$/workspace/rtl/dll/vibe_bcrc.sv:42$75.b[0:0]$1098
  1631/1929: $1\crc30_step$func$/workspace/rtl/dll/vibe_bcrc.sv:42$75.c[29:0]$1097
  1632/1929: $1\crc30_step$func$/workspace/rtl/dll/vibe_bcrc.sv:42$75.$result[29:0]$1096
  1633/1929: $1\crc30_step$func$/workspace/rtl/dll/vibe_bcrc.sv:42$74.fb[0:0]$1095
  1634/1929: $1\crc30_step$func$/workspace/rtl/dll/vibe_bcrc.sv:42$74.b[0:0]$1094
  1635/1929: $1\crc30_step$func$/workspace/rtl/dll/vibe_bcrc.sv:42$74.c[29:0]$1093
  1636/1929: $1\crc30_step$func$/workspace/rtl/dll/vibe_bcrc.sv:42$74.$result[29:0]$1092
  1637/1929: $1\crc30_step$func$/workspace/rtl/dll/vibe_bcrc.sv:42$73.fb[0:0]$1091
  1638/1929: $1\crc30_step$func$/workspace/rtl/dll/vibe_bcrc.sv:42$73.b[0:0]$1090
  1639/1929: $1\crc30_step$func$/workspace/rtl/dll/vibe_bcrc.sv:42$73.c[29:0]$1089
  1640/1929: $1\crc30_step$func$/workspace/rtl/dll/vibe_bcrc.sv:42$73.$result[29:0]$1088
  1641/1929: $1\crc30_step$func$/workspace/rtl/dll/vibe_bcrc.sv:42$72.fb[0:0]$1087
  1642/1929: $1\crc30_step$func$/workspace/rtl/dll/vibe_bcrc.sv:42$72.b[0:0]$1086
  1643/1929: $1\crc30_step$func$/workspace/rtl/dll/vibe_bcrc.sv:42$72.c[29:0]$1085
  1644/1929: $1\crc30_step$func$/workspace/rtl/dll/vibe_bcrc.sv:42$72.$result[29:0]$1084
  1645/1929: $1\crc30_step$func$/workspace/rtl/dll/vibe_bcrc.sv:42$71.fb[0:0]$1083
  1646/1929: $1\crc30_step$func$/workspace/rtl/dll/vibe_bcrc.sv:42$71.b[0:0]$1082
  1647/1929: $1\crc30_step$func$/workspace/rtl/dll/vibe_bcrc.sv:42$71.c[29:0]$1081
  1648/1929: $1\crc30_step$func$/workspace/rtl/dll/vibe_bcrc.sv:42$71.$result[29:0]$1080
  1649/1929: $1\crc30_step$func$/workspace/rtl/dll/vibe_bcrc.sv:42$70.fb[0:0]$1079
  1650/1929: $1\crc30_step$func$/workspace/rtl/dll/vibe_bcrc.sv:42$70.b[0:0]$1078
  1651/1929: $1\crc30_step$func$/workspace/rtl/dll/vibe_bcrc.sv:42$70.c[29:0]$1077
  1652/1929: $1\crc30_step$func$/workspace/rtl/dll/vibe_bcrc.sv:42$70.$result[29:0]$1076
  1653/1929: $1\crc30_step$func$/workspace/rtl/dll/vibe_bcrc.sv:42$69.fb[0:0]$1075
  1654/1929: $1\crc30_step$func$/workspace/rtl/dll/vibe_bcrc.sv:42$69.b[0:0]$1074
  1655/1929: $1\crc30_step$func$/workspace/rtl/dll/vibe_bcrc.sv:42$69.c[29:0]$1073
  1656/1929: $1\crc30_step$func$/workspace/rtl/dll/vibe_bcrc.sv:42$69.$result[29:0]$1072
  1657/1929: $1\crc30_step$func$/workspace/rtl/dll/vibe_bcrc.sv:42$68.fb[0:0]$1071
  1658/1929: $1\crc30_step$func$/workspace/rtl/dll/vibe_bcrc.sv:42$68.b[0:0]$1070
  1659/1929: $1\crc30_step$func$/workspace/rtl/dll/vibe_bcrc.sv:42$68.c[29:0]$1069
  1660/1929: $1\crc30_step$func$/workspace/rtl/dll/vibe_bcrc.sv:42$68.$result[29:0]$1068
  1661/1929: $1\crc30_step$func$/workspace/rtl/dll/vibe_bcrc.sv:42$67.fb[0:0]$1067
  1662/1929: $1\crc30_step$func$/workspace/rtl/dll/vibe_bcrc.sv:42$67.b[0:0]$1066
  1663/1929: $1\crc30_step$func$/workspace/rtl/dll/vibe_bcrc.sv:42$67.c[29:0]$1065
  1664/1929: $1\crc30_step$func$/workspace/rtl/dll/vibe_bcrc.sv:42$67.$result[29:0]$1064
  1665/1929: $1\crc30_step$func$/workspace/rtl/dll/vibe_bcrc.sv:42$66.fb[0:0]$1063
  1666/1929: $1\crc30_step$func$/workspace/rtl/dll/vibe_bcrc.sv:42$66.b[0:0]$1062
  1667/1929: $1\crc30_step$func$/workspace/rtl/dll/vibe_bcrc.sv:42$66.c[29:0]$1061
  1668/1929: $1\crc30_step$func$/workspace/rtl/dll/vibe_bcrc.sv:42$66.$result[29:0]$1060
  1669/1929: $1\crc30_step$func$/workspace/rtl/dll/vibe_bcrc.sv:42$65.fb[0:0]$1059
  1670/1929: $1\crc30_step$func$/workspace/rtl/dll/vibe_bcrc.sv:42$65.b[0:0]$1058
  1671/1929: $1\crc30_step$func$/workspace/rtl/dll/vibe_bcrc.sv:42$65.c[29:0]$1057
  1672/1929: $1\crc30_step$func$/workspace/rtl/dll/vibe_bcrc.sv:42$65.$result[29:0]$1056
  1673/1929: $1\crc30_step$func$/workspace/rtl/dll/vibe_bcrc.sv:42$64.fb[0:0]$1055
  1674/1929: $1\crc30_step$func$/workspace/rtl/dll/vibe_bcrc.sv:42$64.b[0:0]$1054
  1675/1929: $1\crc30_step$func$/workspace/rtl/dll/vibe_bcrc.sv:42$64.c[29:0]$1053
  1676/1929: $1\crc30_step$func$/workspace/rtl/dll/vibe_bcrc.sv:42$64.$result[29:0]$1052
  1677/1929: $1\crc30_step$func$/workspace/rtl/dll/vibe_bcrc.sv:42$63.fb[0:0]$1051
  1678/1929: $1\crc30_step$func$/workspace/rtl/dll/vibe_bcrc.sv:42$63.b[0:0]$1050
  1679/1929: $1\crc30_step$func$/workspace/rtl/dll/vibe_bcrc.sv:42$63.c[29:0]$1049
  1680/1929: $1\crc30_step$func$/workspace/rtl/dll/vibe_bcrc.sv:42$63.$result[29:0]$1048
  1681/1929: $1\crc30_step$func$/workspace/rtl/dll/vibe_bcrc.sv:42$62.fb[0:0]$1047
  1682/1929: $1\crc30_step$func$/workspace/rtl/dll/vibe_bcrc.sv:42$62.b[0:0]$1046
  1683/1929: $1\crc30_step$func$/workspace/rtl/dll/vibe_bcrc.sv:42$62.c[29:0]$1045
  1684/1929: $1\crc30_step$func$/workspace/rtl/dll/vibe_bcrc.sv:42$62.$result[29:0]$1044
  1685/1929: $1\crc30_step$func$/workspace/rtl/dll/vibe_bcrc.sv:42$61.fb[0:0]$1043
  1686/1929: $1\crc30_step$func$/workspace/rtl/dll/vibe_bcrc.sv:42$61.b[0:0]$1042
  1687/1929: $1\crc30_step$func$/workspace/rtl/dll/vibe_bcrc.sv:42$61.c[29:0]$1041
  1688/1929: $1\crc30_step$func$/workspace/rtl/dll/vibe_bcrc.sv:42$61.$result[29:0]$1040
  1689/1929: $1\crc30_step$func$/workspace/rtl/dll/vibe_bcrc.sv:42$60.fb[0:0]$1039
  1690/1929: $1\crc30_step$func$/workspace/rtl/dll/vibe_bcrc.sv:42$60.b[0:0]$1038
  1691/1929: $1\crc30_step$func$/workspace/rtl/dll/vibe_bcrc.sv:42$60.c[29:0]$1037
  1692/1929: $1\crc30_step$func$/workspace/rtl/dll/vibe_bcrc.sv:42$60.$result[29:0]$1036
  1693/1929: $1\crc30_step$func$/workspace/rtl/dll/vibe_bcrc.sv:42$59.fb[0:0]$1035
  1694/1929: $1\crc30_step$func$/workspace/rtl/dll/vibe_bcrc.sv:42$59.b[0:0]$1034
  1695/1929: $1\crc30_step$func$/workspace/rtl/dll/vibe_bcrc.sv:42$59.c[29:0]$1033
  1696/1929: $1\crc30_step$func$/workspace/rtl/dll/vibe_bcrc.sv:42$59.$result[29:0]$1032
  1697/1929: $1\crc30_step$func$/workspace/rtl/dll/vibe_bcrc.sv:42$58.fb[0:0]$1031
  1698/1929: $1\crc30_step$func$/workspace/rtl/dll/vibe_bcrc.sv:42$58.b[0:0]$1030
  1699/1929: $1\crc30_step$func$/workspace/rtl/dll/vibe_bcrc.sv:42$58.c[29:0]$1029
  1700/1929: $1\crc30_step$func$/workspace/rtl/dll/vibe_bcrc.sv:42$58.$result[29:0]$1028
  1701/1929: $1\crc30_step$func$/workspace/rtl/dll/vibe_bcrc.sv:42$57.fb[0:0]$1027
  1702/1929: $1\crc30_step$func$/workspace/rtl/dll/vibe_bcrc.sv:42$57.b[0:0]$1026
  1703/1929: $1\crc30_step$func$/workspace/rtl/dll/vibe_bcrc.sv:42$57.c[29:0]$1025
  1704/1929: $1\crc30_step$func$/workspace/rtl/dll/vibe_bcrc.sv:42$57.$result[29:0]$1024
  1705/1929: $1\crc30_step$func$/workspace/rtl/dll/vibe_bcrc.sv:42$56.fb[0:0]$1023
  1706/1929: $1\crc30_step$func$/workspace/rtl/dll/vibe_bcrc.sv:42$56.b[0:0]$1022
  1707/1929: $1\crc30_step$func$/workspace/rtl/dll/vibe_bcrc.sv:42$56.c[29:0]$1021
  1708/1929: $1\crc30_step$func$/workspace/rtl/dll/vibe_bcrc.sv:42$56.$result[29:0]$1020
  1709/1929: $1\crc30_step$func$/workspace/rtl/dll/vibe_bcrc.sv:42$55.fb[0:0]$1019
  1710/1929: $1\crc30_step$func$/workspace/rtl/dll/vibe_bcrc.sv:42$55.b[0:0]$1018
  1711/1929: $1\crc30_step$func$/workspace/rtl/dll/vibe_bcrc.sv:42$55.c[29:0]$1017
  1712/1929: $1\crc30_step$func$/workspace/rtl/dll/vibe_bcrc.sv:42$55.$result[29:0]$1016
  1713/1929: $1\crc30_step$func$/workspace/rtl/dll/vibe_bcrc.sv:42$54.fb[0:0]$1015
  1714/1929: $1\crc30_step$func$/workspace/rtl/dll/vibe_bcrc.sv:42$54.b[0:0]$1014
  1715/1929: $1\crc30_step$func$/workspace/rtl/dll/vibe_bcrc.sv:42$54.c[29:0]$1013
  1716/1929: $1\crc30_step$func$/workspace/rtl/dll/vibe_bcrc.sv:42$54.$result[29:0]$1012
  1717/1929: $1\crc30_step$func$/workspace/rtl/dll/vibe_bcrc.sv:42$53.fb[0:0]$1011
  1718/1929: $1\crc30_step$func$/workspace/rtl/dll/vibe_bcrc.sv:42$53.b[0:0]$1010
  1719/1929: $1\crc30_step$func$/workspace/rtl/dll/vibe_bcrc.sv:42$53.c[29:0]$1009
  1720/1929: $1\crc30_step$func$/workspace/rtl/dll/vibe_bcrc.sv:42$53.$result[29:0]$1008
  1721/1929: $1\crc30_step$func$/workspace/rtl/dll/vibe_bcrc.sv:42$52.fb[0:0]$1007
  1722/1929: $1\crc30_step$func$/workspace/rtl/dll/vibe_bcrc.sv:42$52.b[0:0]$1006
  1723/1929: $1\crc30_step$func$/workspace/rtl/dll/vibe_bcrc.sv:42$52.c[29:0]$1005
  1724/1929: $1\crc30_step$func$/workspace/rtl/dll/vibe_bcrc.sv:42$52.$result[29:0]$1004
  1725/1929: $1\crc30_step$func$/workspace/rtl/dll/vibe_bcrc.sv:42$51.fb[0:0]$1003
  1726/1929: $1\crc30_step$func$/workspace/rtl/dll/vibe_bcrc.sv:42$51.b[0:0]$1002
  1727/1929: $1\crc30_step$func$/workspace/rtl/dll/vibe_bcrc.sv:42$51.c[29:0]$1001
  1728/1929: $1\crc30_step$func$/workspace/rtl/dll/vibe_bcrc.sv:42$51.$result[29:0]$1000
  1729/1929: $1\crc30_step$func$/workspace/rtl/dll/vibe_bcrc.sv:42$50.fb[0:0]$999
  1730/1929: $1\crc30_step$func$/workspace/rtl/dll/vibe_bcrc.sv:42$50.b[0:0]$998
  1731/1929: $1\crc30_step$func$/workspace/rtl/dll/vibe_bcrc.sv:42$50.c[29:0]$997
  1732/1929: $1\crc30_step$func$/workspace/rtl/dll/vibe_bcrc.sv:42$50.$result[29:0]$996
  1733/1929: $1\crc30_step$func$/workspace/rtl/dll/vibe_bcrc.sv:42$49.fb[0:0]$995
  1734/1929: $1\crc30_step$func$/workspace/rtl/dll/vibe_bcrc.sv:42$49.b[0:0]$994
  1735/1929: $1\crc30_step$func$/workspace/rtl/dll/vibe_bcrc.sv:42$49.c[29:0]$993
  1736/1929: $1\crc30_step$func$/workspace/rtl/dll/vibe_bcrc.sv:42$49.$result[29:0]$992
  1737/1929: $1\crc30_step$func$/workspace/rtl/dll/vibe_bcrc.sv:42$48.fb[0:0]$991
  1738/1929: $1\crc30_step$func$/workspace/rtl/dll/vibe_bcrc.sv:42$48.b[0:0]$990
  1739/1929: $1\crc30_step$func$/workspace/rtl/dll/vibe_bcrc.sv:42$48.c[29:0]$989
  1740/1929: $1\crc30_step$func$/workspace/rtl/dll/vibe_bcrc.sv:42$48.$result[29:0]$988
  1741/1929: $1\crc30_step$func$/workspace/rtl/dll/vibe_bcrc.sv:42$47.fb[0:0]$987
  1742/1929: $1\crc30_step$func$/workspace/rtl/dll/vibe_bcrc.sv:42$47.b[0:0]$986
  1743/1929: $1\crc30_step$func$/workspace/rtl/dll/vibe_bcrc.sv:42$47.c[29:0]$985
  1744/1929: $1\crc30_step$func$/workspace/rtl/dll/vibe_bcrc.sv:42$47.$result[29:0]$984
  1745/1929: $1\crc30_step$func$/workspace/rtl/dll/vibe_bcrc.sv:42$46.fb[0:0]$983
  1746/1929: $1\crc30_step$func$/workspace/rtl/dll/vibe_bcrc.sv:42$46.b[0:0]$982
  1747/1929: $1\crc30_step$func$/workspace/rtl/dll/vibe_bcrc.sv:42$46.c[29:0]$981
  1748/1929: $1\crc30_step$func$/workspace/rtl/dll/vibe_bcrc.sv:42$46.$result[29:0]$980
  1749/1929: $1\crc30_step$func$/workspace/rtl/dll/vibe_bcrc.sv:42$45.fb[0:0]$979
  1750/1929: $1\crc30_step$func$/workspace/rtl/dll/vibe_bcrc.sv:42$45.b[0:0]$978
  1751/1929: $1\crc30_step$func$/workspace/rtl/dll/vibe_bcrc.sv:42$45.c[29:0]$977
  1752/1929: $1\crc30_step$func$/workspace/rtl/dll/vibe_bcrc.sv:42$45.$result[29:0]$976
  1753/1929: $1\crc30_step$func$/workspace/rtl/dll/vibe_bcrc.sv:42$44.fb[0:0]$975
  1754/1929: $1\crc30_step$func$/workspace/rtl/dll/vibe_bcrc.sv:42$44.b[0:0]$974
  1755/1929: $1\crc30_step$func$/workspace/rtl/dll/vibe_bcrc.sv:42$44.c[29:0]$973
  1756/1929: $1\crc30_step$func$/workspace/rtl/dll/vibe_bcrc.sv:42$44.$result[29:0]$972
  1757/1929: $1\crc30_step$func$/workspace/rtl/dll/vibe_bcrc.sv:42$43.fb[0:0]$971
  1758/1929: $1\crc30_step$func$/workspace/rtl/dll/vibe_bcrc.sv:42$43.b[0:0]$970
  1759/1929: $1\crc30_step$func$/workspace/rtl/dll/vibe_bcrc.sv:42$43.c[29:0]$969
  1760/1929: $1\crc30_step$func$/workspace/rtl/dll/vibe_bcrc.sv:42$43.$result[29:0]$968
  1761/1929: $1\crc30_step$func$/workspace/rtl/dll/vibe_bcrc.sv:42$42.fb[0:0]$967
  1762/1929: $1\crc30_step$func$/workspace/rtl/dll/vibe_bcrc.sv:42$42.b[0:0]$966
  1763/1929: $1\crc30_step$func$/workspace/rtl/dll/vibe_bcrc.sv:42$42.c[29:0]$965
  1764/1929: $1\crc30_step$func$/workspace/rtl/dll/vibe_bcrc.sv:42$42.$result[29:0]$964
  1765/1929: $1\crc30_step$func$/workspace/rtl/dll/vibe_bcrc.sv:42$41.fb[0:0]$963
  1766/1929: $1\crc30_step$func$/workspace/rtl/dll/vibe_bcrc.sv:42$41.b[0:0]$962
  1767/1929: $1\crc30_step$func$/workspace/rtl/dll/vibe_bcrc.sv:42$41.c[29:0]$961
  1768/1929: $1\crc30_step$func$/workspace/rtl/dll/vibe_bcrc.sv:42$41.$result[29:0]$960
  1769/1929: $1\crc30_step$func$/workspace/rtl/dll/vibe_bcrc.sv:42$40.fb[0:0]$959
  1770/1929: $1\crc30_step$func$/workspace/rtl/dll/vibe_bcrc.sv:42$40.b[0:0]$958
  1771/1929: $1\crc30_step$func$/workspace/rtl/dll/vibe_bcrc.sv:42$40.c[29:0]$957
  1772/1929: $1\crc30_step$func$/workspace/rtl/dll/vibe_bcrc.sv:42$40.$result[29:0]$956
  1773/1929: $1\crc30_step$func$/workspace/rtl/dll/vibe_bcrc.sv:42$39.fb[0:0]$955
  1774/1929: $1\crc30_step$func$/workspace/rtl/dll/vibe_bcrc.sv:42$39.b[0:0]$954
  1775/1929: $1\crc30_step$func$/workspace/rtl/dll/vibe_bcrc.sv:42$39.c[29:0]$953
  1776/1929: $1\crc30_step$func$/workspace/rtl/dll/vibe_bcrc.sv:42$39.$result[29:0]$952
  1777/1929: $1\crc30_step$func$/workspace/rtl/dll/vibe_bcrc.sv:42$38.fb[0:0]$951
  1778/1929: $1\crc30_step$func$/workspace/rtl/dll/vibe_bcrc.sv:42$38.b[0:0]$950
  1779/1929: $1\crc30_step$func$/workspace/rtl/dll/vibe_bcrc.sv:42$38.c[29:0]$949
  1780/1929: $1\crc30_step$func$/workspace/rtl/dll/vibe_bcrc.sv:42$38.$result[29:0]$948
  1781/1929: $1\crc30_step$func$/workspace/rtl/dll/vibe_bcrc.sv:42$37.fb[0:0]$947
  1782/1929: $1\crc30_step$func$/workspace/rtl/dll/vibe_bcrc.sv:42$37.b[0:0]$946
  1783/1929: $1\crc30_step$func$/workspace/rtl/dll/vibe_bcrc.sv:42$37.c[29:0]$945
  1784/1929: $1\crc30_step$func$/workspace/rtl/dll/vibe_bcrc.sv:42$37.$result[29:0]$944
  1785/1929: $1\crc30_step$func$/workspace/rtl/dll/vibe_bcrc.sv:42$36.fb[0:0]$943
  1786/1929: $1\crc30_step$func$/workspace/rtl/dll/vibe_bcrc.sv:42$36.b[0:0]$942
  1787/1929: $1\crc30_step$func$/workspace/rtl/dll/vibe_bcrc.sv:42$36.c[29:0]$941
  1788/1929: $1\crc30_step$func$/workspace/rtl/dll/vibe_bcrc.sv:42$36.$result[29:0]$940
  1789/1929: $1\crc30_step$func$/workspace/rtl/dll/vibe_bcrc.sv:42$35.fb[0:0]$939
  1790/1929: $1\crc30_step$func$/workspace/rtl/dll/vibe_bcrc.sv:42$35.b[0:0]$938
  1791/1929: $1\crc30_step$func$/workspace/rtl/dll/vibe_bcrc.sv:42$35.c[29:0]$937
  1792/1929: $1\crc30_step$func$/workspace/rtl/dll/vibe_bcrc.sv:42$35.$result[29:0]$936
  1793/1929: $1\crc30_step$func$/workspace/rtl/dll/vibe_bcrc.sv:42$34.fb[0:0]$935
  1794/1929: $1\crc30_step$func$/workspace/rtl/dll/vibe_bcrc.sv:42$34.b[0:0]$934
  1795/1929: $1\crc30_step$func$/workspace/rtl/dll/vibe_bcrc.sv:42$34.c[29:0]$933
  1796/1929: $1\crc30_step$func$/workspace/rtl/dll/vibe_bcrc.sv:42$34.$result[29:0]$932
  1797/1929: $1\crc30_step$func$/workspace/rtl/dll/vibe_bcrc.sv:42$33.fb[0:0]$931
  1798/1929: $1\crc30_step$func$/workspace/rtl/dll/vibe_bcrc.sv:42$33.b[0:0]$930
  1799/1929: $1\crc30_step$func$/workspace/rtl/dll/vibe_bcrc.sv:42$33.c[29:0]$929
  1800/1929: $1\crc30_step$func$/workspace/rtl/dll/vibe_bcrc.sv:42$33.$result[29:0]$928
  1801/1929: $1\crc30_step$func$/workspace/rtl/dll/vibe_bcrc.sv:42$32.fb[0:0]$927
  1802/1929: $1\crc30_step$func$/workspace/rtl/dll/vibe_bcrc.sv:42$32.b[0:0]$926
  1803/1929: $1\crc30_step$func$/workspace/rtl/dll/vibe_bcrc.sv:42$32.c[29:0]$925
  1804/1929: $1\crc30_step$func$/workspace/rtl/dll/vibe_bcrc.sv:42$32.$result[29:0]$924
  1805/1929: $1\crc30_step$func$/workspace/rtl/dll/vibe_bcrc.sv:42$31.fb[0:0]$923
  1806/1929: $1\crc30_step$func$/workspace/rtl/dll/vibe_bcrc.sv:42$31.b[0:0]$922
  1807/1929: $1\crc30_step$func$/workspace/rtl/dll/vibe_bcrc.sv:42$31.c[29:0]$921
  1808/1929: $1\crc30_step$func$/workspace/rtl/dll/vibe_bcrc.sv:42$31.$result[29:0]$920
  1809/1929: $1\crc30_step$func$/workspace/rtl/dll/vibe_bcrc.sv:42$30.fb[0:0]$919
  1810/1929: $1\crc30_step$func$/workspace/rtl/dll/vibe_bcrc.sv:42$30.b[0:0]$918
  1811/1929: $1\crc30_step$func$/workspace/rtl/dll/vibe_bcrc.sv:42$30.c[29:0]$917
  1812/1929: $1\crc30_step$func$/workspace/rtl/dll/vibe_bcrc.sv:42$30.$result[29:0]$916
  1813/1929: $1\crc30_step$func$/workspace/rtl/dll/vibe_bcrc.sv:42$29.fb[0:0]$915
  1814/1929: $1\crc30_step$func$/workspace/rtl/dll/vibe_bcrc.sv:42$29.b[0:0]$914
  1815/1929: $1\crc30_step$func$/workspace/rtl/dll/vibe_bcrc.sv:42$29.c[29:0]$913
  1816/1929: $1\crc30_step$func$/workspace/rtl/dll/vibe_bcrc.sv:42$29.$result[29:0]$912
  1817/1929: $1\crc30_step$func$/workspace/rtl/dll/vibe_bcrc.sv:42$28.fb[0:0]$911
  1818/1929: $1\crc30_step$func$/workspace/rtl/dll/vibe_bcrc.sv:42$28.b[0:0]$910
  1819/1929: $1\crc30_step$func$/workspace/rtl/dll/vibe_bcrc.sv:42$28.c[29:0]$909
  1820/1929: $1\crc30_step$func$/workspace/rtl/dll/vibe_bcrc.sv:42$28.$result[29:0]$908
  1821/1929: $1\crc30_step$func$/workspace/rtl/dll/vibe_bcrc.sv:42$27.fb[0:0]$907
  1822/1929: $1\crc30_step$func$/workspace/rtl/dll/vibe_bcrc.sv:42$27.b[0:0]$906
  1823/1929: $1\crc30_step$func$/workspace/rtl/dll/vibe_bcrc.sv:42$27.c[29:0]$905
  1824/1929: $1\crc30_step$func$/workspace/rtl/dll/vibe_bcrc.sv:42$27.$result[29:0]$904
  1825/1929: $1\crc30_step$func$/workspace/rtl/dll/vibe_bcrc.sv:42$26.fb[0:0]$903
  1826/1929: $1\crc30_step$func$/workspace/rtl/dll/vibe_bcrc.sv:42$26.b[0:0]$902
  1827/1929: $1\crc30_step$func$/workspace/rtl/dll/vibe_bcrc.sv:42$26.c[29:0]$901
  1828/1929: $1\crc30_step$func$/workspace/rtl/dll/vibe_bcrc.sv:42$26.$result[29:0]$900
  1829/1929: $1\crc30_step$func$/workspace/rtl/dll/vibe_bcrc.sv:42$25.fb[0:0]$899
  1830/1929: $1\crc30_step$func$/workspace/rtl/dll/vibe_bcrc.sv:42$25.b[0:0]$898
  1831/1929: $1\crc30_step$func$/workspace/rtl/dll/vibe_bcrc.sv:42$25.c[29:0]$897
  1832/1929: $1\crc30_step$func$/workspace/rtl/dll/vibe_bcrc.sv:42$25.$result[29:0]$896
  1833/1929: $1\crc30_step$func$/workspace/rtl/dll/vibe_bcrc.sv:42$24.fb[0:0]$895
  1834/1929: $1\crc30_step$func$/workspace/rtl/dll/vibe_bcrc.sv:42$24.b[0:0]$894
  1835/1929: $1\crc30_step$func$/workspace/rtl/dll/vibe_bcrc.sv:42$24.c[29:0]$893
  1836/1929: $1\crc30_step$func$/workspace/rtl/dll/vibe_bcrc.sv:42$24.$result[29:0]$892
  1837/1929: $1\crc30_step$func$/workspace/rtl/dll/vibe_bcrc.sv:42$23.fb[0:0]$891
  1838/1929: $1\crc30_step$func$/workspace/rtl/dll/vibe_bcrc.sv:42$23.b[0:0]$890
  1839/1929: $1\crc30_step$func$/workspace/rtl/dll/vibe_bcrc.sv:42$23.c[29:0]$889
  1840/1929: $1\crc30_step$func$/workspace/rtl/dll/vibe_bcrc.sv:42$23.$result[29:0]$888
  1841/1929: $1\crc30_step$func$/workspace/rtl/dll/vibe_bcrc.sv:42$22.fb[0:0]$887
  1842/1929: $1\crc30_step$func$/workspace/rtl/dll/vibe_bcrc.sv:42$22.b[0:0]$886
  1843/1929: $1\crc30_step$func$/workspace/rtl/dll/vibe_bcrc.sv:42$22.c[29:0]$885
  1844/1929: $1\crc30_step$func$/workspace/rtl/dll/vibe_bcrc.sv:42$22.$result[29:0]$884
  1845/1929: $1\crc30_step$func$/workspace/rtl/dll/vibe_bcrc.sv:42$21.fb[0:0]$883
  1846/1929: $1\crc30_step$func$/workspace/rtl/dll/vibe_bcrc.sv:42$21.b[0:0]$882
  1847/1929: $1\crc30_step$func$/workspace/rtl/dll/vibe_bcrc.sv:42$21.c[29:0]$881
  1848/1929: $1\crc30_step$func$/workspace/rtl/dll/vibe_bcrc.sv:42$21.$result[29:0]$880
  1849/1929: $1\crc30_step$func$/workspace/rtl/dll/vibe_bcrc.sv:42$20.fb[0:0]$879
  1850/1929: $1\crc30_step$func$/workspace/rtl/dll/vibe_bcrc.sv:42$20.b[0:0]$878
  1851/1929: $1\crc30_step$func$/workspace/rtl/dll/vibe_bcrc.sv:42$20.c[29:0]$877
  1852/1929: $1\crc30_step$func$/workspace/rtl/dll/vibe_bcrc.sv:42$20.$result[29:0]$876
  1853/1929: $1\crc30_step$func$/workspace/rtl/dll/vibe_bcrc.sv:42$19.fb[0:0]$875
  1854/1929: $1\crc30_step$func$/workspace/rtl/dll/vibe_bcrc.sv:42$19.b[0:0]$874
  1855/1929: $1\crc30_step$func$/workspace/rtl/dll/vibe_bcrc.sv:42$19.c[29:0]$873
  1856/1929: $1\crc30_step$func$/workspace/rtl/dll/vibe_bcrc.sv:42$19.$result[29:0]$872
  1857/1929: $1\crc30_step$func$/workspace/rtl/dll/vibe_bcrc.sv:42$18.fb[0:0]$871
  1858/1929: $1\crc30_step$func$/workspace/rtl/dll/vibe_bcrc.sv:42$18.b[0:0]$870
  1859/1929: $1\crc30_step$func$/workspace/rtl/dll/vibe_bcrc.sv:42$18.c[29:0]$869
  1860/1929: $1\crc30_step$func$/workspace/rtl/dll/vibe_bcrc.sv:42$18.$result[29:0]$868
  1861/1929: $1\crc30_step$func$/workspace/rtl/dll/vibe_bcrc.sv:42$17.fb[0:0]$867
  1862/1929: $1\crc30_step$func$/workspace/rtl/dll/vibe_bcrc.sv:42$17.b[0:0]$866
  1863/1929: $1\crc30_step$func$/workspace/rtl/dll/vibe_bcrc.sv:42$17.c[29:0]$865
  1864/1929: $1\crc30_step$func$/workspace/rtl/dll/vibe_bcrc.sv:42$17.$result[29:0]$864
  1865/1929: $1\crc30_step$func$/workspace/rtl/dll/vibe_bcrc.sv:42$16.fb[0:0]$863
  1866/1929: $1\crc30_step$func$/workspace/rtl/dll/vibe_bcrc.sv:42$16.b[0:0]$862
  1867/1929: $1\crc30_step$func$/workspace/rtl/dll/vibe_bcrc.sv:42$16.c[29:0]$861
  1868/1929: $1\crc30_step$func$/workspace/rtl/dll/vibe_bcrc.sv:42$16.$result[29:0]$860
  1869/1929: $1\crc30_step$func$/workspace/rtl/dll/vibe_bcrc.sv:42$15.fb[0:0]$859
  1870/1929: $1\crc30_step$func$/workspace/rtl/dll/vibe_bcrc.sv:42$15.b[0:0]$858
  1871/1929: $1\crc30_step$func$/workspace/rtl/dll/vibe_bcrc.sv:42$15.c[29:0]$857
  1872/1929: $1\crc30_step$func$/workspace/rtl/dll/vibe_bcrc.sv:42$15.$result[29:0]$856
  1873/1929: $1\crc30_step$func$/workspace/rtl/dll/vibe_bcrc.sv:42$14.fb[0:0]$855
  1874/1929: $1\crc30_step$func$/workspace/rtl/dll/vibe_bcrc.sv:42$14.b[0:0]$854
  1875/1929: $1\crc30_step$func$/workspace/rtl/dll/vibe_bcrc.sv:42$14.c[29:0]$853
  1876/1929: $1\crc30_step$func$/workspace/rtl/dll/vibe_bcrc.sv:42$14.$result[29:0]$852
  1877/1929: $1\crc30_step$func$/workspace/rtl/dll/vibe_bcrc.sv:42$13.fb[0:0]$851
  1878/1929: $1\crc30_step$func$/workspace/rtl/dll/vibe_bcrc.sv:42$13.b[0:0]$850
  1879/1929: $1\crc30_step$func$/workspace/rtl/dll/vibe_bcrc.sv:42$13.c[29:0]$849
  1880/1929: $1\crc30_step$func$/workspace/rtl/dll/vibe_bcrc.sv:42$13.$result[29:0]$848
  1881/1929: $1\crc30_step$func$/workspace/rtl/dll/vibe_bcrc.sv:42$12.fb[0:0]$847
  1882/1929: $1\crc30_step$func$/workspace/rtl/dll/vibe_bcrc.sv:42$12.b[0:0]$846
  1883/1929: $1\crc30_step$func$/workspace/rtl/dll/vibe_bcrc.sv:42$12.c[29:0]$845
  1884/1929: $1\crc30_step$func$/workspace/rtl/dll/vibe_bcrc.sv:42$12.$result[29:0]$844
  1885/1929: $1\crc30_step$func$/workspace/rtl/dll/vibe_bcrc.sv:42$11.fb[0:0]$843
  1886/1929: $1\crc30_step$func$/workspace/rtl/dll/vibe_bcrc.sv:42$11.b[0:0]$842
  1887/1929: $1\crc30_step$func$/workspace/rtl/dll/vibe_bcrc.sv:42$11.c[29:0]$841
  1888/1929: $1\crc30_step$func$/workspace/rtl/dll/vibe_bcrc.sv:42$11.$result[29:0]$840
  1889/1929: $1\crc30_step$func$/workspace/rtl/dll/vibe_bcrc.sv:42$10.fb[0:0]$839
  1890/1929: $1\crc30_step$func$/workspace/rtl/dll/vibe_bcrc.sv:42$10.b[0:0]$838
  1891/1929: $1\crc30_step$func$/workspace/rtl/dll/vibe_bcrc.sv:42$10.c[29:0]$837
  1892/1929: $1\crc30_step$func$/workspace/rtl/dll/vibe_bcrc.sv:42$10.$result[29:0]$836
  1893/1929: $1\crc30_step$func$/workspace/rtl/dll/vibe_bcrc.sv:42$9.fb[0:0]$835
  1894/1929: $1\crc30_step$func$/workspace/rtl/dll/vibe_bcrc.sv:42$9.b[0:0]$834
  1895/1929: $1\crc30_step$func$/workspace/rtl/dll/vibe_bcrc.sv:42$9.c[29:0]$833
  1896/1929: $1\crc30_step$func$/workspace/rtl/dll/vibe_bcrc.sv:42$9.$result[29:0]$832
  1897/1929: $1\crc30_step$func$/workspace/rtl/dll/vibe_bcrc.sv:42$8.fb[0:0]$831
  1898/1929: $1\crc30_step$func$/workspace/rtl/dll/vibe_bcrc.sv:42$8.b[0:0]$830
  1899/1929: $1\crc30_step$func$/workspace/rtl/dll/vibe_bcrc.sv:42$8.c[29:0]$829
  1900/1929: $1\crc30_step$func$/workspace/rtl/dll/vibe_bcrc.sv:42$8.$result[29:0]$828
  1901/1929: $1\crc30_step$func$/workspace/rtl/dll/vibe_bcrc.sv:42$7.fb[0:0]$827
  1902/1929: $1\crc30_step$func$/workspace/rtl/dll/vibe_bcrc.sv:42$7.b[0:0]$826
  1903/1929: $1\crc30_step$func$/workspace/rtl/dll/vibe_bcrc.sv:42$7.c[29:0]$825
  1904/1929: $1\crc30_step$func$/workspace/rtl/dll/vibe_bcrc.sv:42$7.$result[29:0]$824
  1905/1929: $1\crc30_step$func$/workspace/rtl/dll/vibe_bcrc.sv:42$6.fb[0:0]$823
  1906/1929: $1\crc30_step$func$/workspace/rtl/dll/vibe_bcrc.sv:42$6.b[0:0]$822
  1907/1929: $1\crc30_step$func$/workspace/rtl/dll/vibe_bcrc.sv:42$6.c[29:0]$821
  1908/1929: $1\crc30_step$func$/workspace/rtl/dll/vibe_bcrc.sv:42$6.$result[29:0]$820
  1909/1929: $1\crc30_step$func$/workspace/rtl/dll/vibe_bcrc.sv:42$5.fb[0:0]$819
  1910/1929: $1\crc30_step$func$/workspace/rtl/dll/vibe_bcrc.sv:42$5.b[0:0]$818
  1911/1929: $1\crc30_step$func$/workspace/rtl/dll/vibe_bcrc.sv:42$5.c[29:0]$817
  1912/1929: $1\crc30_step$func$/workspace/rtl/dll/vibe_bcrc.sv:42$5.$result[29:0]$816
  1913/1929: $1\crc30_step$func$/workspace/rtl/dll/vibe_bcrc.sv:42$4.fb[0:0]$815
  1914/1929: $1\crc30_step$func$/workspace/rtl/dll/vibe_bcrc.sv:42$4.b[0:0]$814
  1915/1929: $1\crc30_step$func$/workspace/rtl/dll/vibe_bcrc.sv:42$4.c[29:0]$813
  1916/1929: $1\crc30_step$func$/workspace/rtl/dll/vibe_bcrc.sv:42$4.$result[29:0]$812
  1917/1929: $1\crc30_step$func$/workspace/rtl/dll/vibe_bcrc.sv:42$3.fb[0:0]$811
  1918/1929: $1\crc30_step$func$/workspace/rtl/dll/vibe_bcrc.sv:42$3.b[0:0]$810
  1919/1929: $1\crc30_step$func$/workspace/rtl/dll/vibe_bcrc.sv:42$3.c[29:0]$809
  1920/1929: $1\crc30_step$func$/workspace/rtl/dll/vibe_bcrc.sv:42$3.$result[29:0]$808
  1921/1929: $1\crc30_step$func$/workspace/rtl/dll/vibe_bcrc.sv:42$2.fb[0:0]$807
  1922/1929: $1\crc30_step$func$/workspace/rtl/dll/vibe_bcrc.sv:42$2.b[0:0]$806
  1923/1929: $1\crc30_step$func$/workspace/rtl/dll/vibe_bcrc.sv:42$2.c[29:0]$805
  1924/1929: $1\crc30_step$func$/workspace/rtl/dll/vibe_bcrc.sv:42$2.$result[29:0]$804
  1925/1929: $1\eat.t[29:0]
  1926/1929: $1\i[31:0]
  1927/1929: $0\done[0:0]
  1928/1929: $0\crc[29:0]
  1929/1929: $0\crc_word[31:0]

yosys> proc_dlatch

2.2.8. Executing PROC_DLATCH pass (convert process syncs to latches).

yosys> proc_dff

2.2.9. Executing PROC_DFF pass (convert process syncs to FFs).
Creating register for signal `\vibe_bcrc.\crc_word' using process `\vibe_bcrc.$proc$/workspace/rtl/dll/vibe_bcrc.sv:28$162'.
  created $adff cell `$procdff$9008' with positive edge clock and positive level reset.
Creating register for signal `\vibe_bcrc.\done' using process `\vibe_bcrc.$proc$/workspace/rtl/dll/vibe_bcrc.sv:28$162'.
  created $adff cell `$procdff$9013' with positive edge clock and positive level reset.
Creating register for signal `\vibe_bcrc.\crc' using process `\vibe_bcrc.$proc$/workspace/rtl/dll/vibe_bcrc.sv:28$162'.
  created $adff cell `$procdff$9018' with positive edge clock and positive level reset.
Creating register for signal `\vibe_bcrc.\i' using process `\vibe_bcrc.$proc$/workspace/rtl/dll/vibe_bcrc.sv:28$162'.
  created $dff cell `$procdff$9025' with positive edge clock.
Creating register for signal `\vibe_bcrc.\eat.t' using process `\vibe_bcrc.$proc$/workspace/rtl/dll/vibe_bcrc.sv:28$162'.
  created $dff cell `$procdff$9032' with positive edge clock.
Creating register for signal `\vibe_bcrc.\crc30_step$func$/workspace/rtl/dll/vibe_bcrc.sv:42$2.$result' using process `\vibe_bcrc.$proc$/workspace/rtl/dll/vibe_bcrc.sv:28$162'.
  created $adff cell `$procdff$9037' with positive edge clock and positive level reset.
Creating register for signal `\vibe_bcrc.\crc30_step$func$/workspace/rtl/dll/vibe_bcrc.sv:42$2.c' using process `\vibe_bcrc.$proc$/workspace/rtl/dll/vibe_bcrc.sv:28$162'.
  created $adff cell `$procdff$9042' with positive edge clock and positive level reset.
Creating register for signal `\vibe_bcrc.\crc30_step$func$/workspace/rtl/dll/vibe_bcrc.sv:42$2.b' using process `\vibe_bcrc.$proc$/workspace/rtl/dll/vibe_bcrc.sv:28$162'.
  created $adff cell `$procdff$9047' with positive edge clock and positive level reset.
Creating register for signal `\vibe_bcrc.\crc30_step$func$/workspace/rtl/dll/vibe_bcrc.sv:42$2.fb' using process `\vibe_bcrc.$proc$/workspace/rtl/dll/vibe_bcrc.sv:28$162'.
  created $adff cell `$procdff$9052' with positive edge clock and positive level reset.
Creating register for signal `\vibe_bcrc.\crc30_step$func$/workspace/rtl/dll/vibe_bcrc.sv:42$3.$result' using process `\vibe_bcrc.$proc$/workspace/rtl/dll/vibe_bcrc.sv:28$162'.
  created $adff cell `$procdff$9057' with positive edge clock and positive level reset.
Creating register for signal `\vibe_bcrc.\crc30_step$func$/workspace/rtl/dll/vibe_bcrc.sv:42$3.c' using process `\vibe_bcrc.$proc$/workspace/rtl/dll/vibe_bcrc.sv:28$162'.
  created $adff cell `$procdff$9062' with positive edge clock and positive level reset.
Creating register for signal `\vibe_bcrc.\crc30_step$func$/workspace/rtl/dll/vibe_bcrc.sv:42$3.b' using process `\vibe_bcrc.$proc$/workspace/rtl/dll/vibe_bcrc.sv:28$162'.
  created $adff cell `$procdff$9067' with positive edge clock and positive level reset.
Creating register for signal `\vibe_bcrc.\crc30_step$func$/workspace/rtl/dll/vibe_bcrc.sv:42$3.fb' using process `\vibe_bcrc.$proc$/workspace/rtl/dll/vibe_bcrc.sv:28$162'.
  created $adff cell `$procdff$9072' with positive edge clock and positive level reset.
Creating register for signal `\vibe_bcrc.\crc30_step$func$/workspace/rtl/dll/vibe_bcrc.sv:42$4.$result' using process `\vibe_bcrc.$proc$/workspace/rtl/dll/vibe_bcrc.sv:28$162'.
  created $adff cell `$procdff$9077' with positive edge clock and positive level reset.
Creating register for signal `\vibe_bcrc.\crc30_step$func$/workspace/rtl/dll/vibe_bcrc.sv:42$4.c' using process `\vibe_bcrc.$proc$/workspace/rtl/dll/vibe_bcrc.sv:28$162'.
  created $adff cell `$procdff$9082' with positive edge clock and positive level reset.
Creating register for signal `\vibe_bcrc.\crc30_step$func$/workspace/rtl/dll/vibe_bcrc.sv:42$4.b' using process `\vibe_bcrc.$proc$/workspace/rtl/dll/vibe_bcrc.sv:28$162'.
  created $adff cell `$procdff$9087' with positive edge clock and positive level reset.
Creating register for signal `\vibe_bcrc.\crc30_step$func$/workspace/rtl/dll/vibe_bcrc.sv:42$4.fb' using process `\vibe_bcrc.$proc$/workspace/rtl/dll/vibe_bcrc.sv:28$162'.
  created $adff cell `$procdff$9092' with positive edge clock and positive level reset.
Creating register for signal `\vibe_bcrc.\crc30_step$func$/workspace/rtl/dll/vibe_bcrc.sv:42$5.$result' using process `\vibe_bcrc.$proc$/workspace/rtl/dll/vibe_bcrc.sv:28$162'.
  created $adff cell `$procdff$9097' with positive edge clock and positive level reset.
Creating register for signal `\vibe_bcrc.\crc30_step$func$/workspace/rtl/dll/vibe_bcrc.sv:42$5.c' using process `\vibe_bcrc.$proc$/workspace/rtl/dll/vibe_bcrc.sv:28$162'.
  created $adff cell `$procdff$9102' with positive edge clock and positive level reset.
Creating register for signal `\vibe_bcrc.\crc30_step$func$/workspace/rtl/dll/vibe_bcrc.sv:42$5.b' using process `\vibe_bcrc.$proc$/workspace/rtl/dll/vibe_bcrc.sv:28$162'.
  created $adff cell `$procdff$9107' with positive edge clock and positive level reset.
Creating register for signal `\vibe_bcrc.\crc30_step$func$/workspace/rtl/dll/vibe_bcrc.sv:42$5.fb' using process `\vibe_bcrc.$proc$/workspace/rtl/dll/vibe_bcrc.sv:28$162'.
  created $adff cell `$procdff$9112' with positive edge clock and positive level reset.
Creating register for signal `\vibe_bcrc.\crc30_step$func$/workspace/rtl/dll/vibe_bcrc.sv:42$6.$result' using process `\vibe_bcrc.$proc$/workspace/rtl/dll/vibe_bcrc.sv:28$162'.
  created $adff cell `$procdff$9117' with positive edge clock and positive level reset.
Creating register for signal `\vibe_bcrc.\crc30_step$func$/workspace/rtl/dll/vibe_bcrc.sv:42$6.c' using process `\vibe_bcrc.$proc$/workspace/rtl/dll/vibe_bcrc.sv:28$162'.
  created $adff cell `$procdff$9122' with positive edge clock and positive level reset.
Creating register for signal `\vibe_bcrc.\crc30_step$func$/workspace/rtl/dll/vibe_bcrc.sv:42$6.b' using process `\vibe_bcrc.$proc$/workspace/rtl/dll/vibe_bcrc.sv:28$162'.
  created $adff cell `$procdff$9127' with positive edge clock and positive level reset.
Creating register for signal `\vibe_bcrc.\crc30_step$func$/workspace/rtl/dll/vibe_bcrc.sv:42$6.fb' using process `\vibe_bcrc.$proc$/workspace/rtl/dll/vibe_bcrc.sv:28$162'.
  created $adff cell `$procdff$9132' with positive edge clock and positive level reset.
Creating register for signal `\vibe_bcrc.\crc30_step$func$/workspace/rtl/dll/vibe_bcrc.sv:42$7.$result' using process `\vibe_bcrc.$proc$/workspace/rtl/dll/vibe_bcrc.sv:28$162'.
  created $adff cell `$procdff$9137' with positive edge clock and positive level reset.
Creating register for signal `\vibe_bcrc.\crc30_step$func$/workspace/rtl/dll/vibe_bcrc.sv:42$7.c' using process `\vibe_bcrc.$proc$/workspace/rtl/dll/vibe_bcrc.sv:28$162'.
  created $adff cell `$procdff$9142' with positive edge clock and positive level reset.
Creating register for signal `\vibe_bcrc.\crc30_step$func$/workspace/rtl/dll/vibe_bcrc.sv:42$7.b' using process `\vibe_bcrc.$proc$/workspace/rtl/dll/vibe_bcrc.sv:28$162'.
  created $adff cell `$procdff$9147' with positive edge clock and positive level reset.
Creating register for signal `\vibe_bcrc.\crc30_step$func$/workspace/rtl/dll/vibe_bcrc.sv:42$7.fb' using process `\vibe_bcrc.$proc$/workspace/rtl/dll/vibe_bcrc.sv:28$162'.
  created $adff cell `$procdff$9152' with positive edge clock and positive level reset.
Creating register for signal `\vibe_bcrc.\crc30_step$func$/workspace/rtl/dll/vibe_bcrc.sv:42$8.$result' using process `\vibe_bcrc.$proc$/workspace/rtl/dll/vibe_bcrc.sv:28$162'.
  created $adff cell `$procdff$9157' with positive edge clock and positive level reset.
Creating register for signal `\vibe_bcrc.\crc30_step$func$/workspace/rtl/dll/vibe_bcrc.sv:42$8.c' using process `\vibe_bcrc.$proc$/workspace/rtl/dll/vibe_bcrc.sv:28$162'.
  created $adff cell `$procdff$9162' with positive edge clock and positive level reset.
Creating register for signal `\vibe_bcrc.\crc30_step$func$/workspace/rtl/dll/vibe_bcrc.sv:42$8.b' using process `\vibe_bcrc.$proc$/workspace/rtl/dll/vibe_bcrc.sv:28$162'.
  created $adff cell `$procdff$9167' with positive edge clock and positive level reset.
Creating register for signal `\vibe_bcrc.\crc30_step$func$/workspace/rtl/dll/vibe_bcrc.sv:42$8.fb' using process `\vibe_bcrc.$proc$/workspace/rtl/dll/vibe_bcrc.sv:28$162'.
  created $adff cell `$procdff$9172' with positive edge clock and positive level reset.
Creating register for signal `\vibe_bcrc.\crc30_step$func$/workspace/rtl/dll/vibe_bcrc.sv:42$9.$result' using process `\vibe_bcrc.$proc$/workspace/rtl/dll/vibe_bcrc.sv:28$162'.
  created $adff cell `$procdff$9177' with positive edge clock and positive level reset.
Creating register for signal `\vibe_bcrc.\crc30_step$func$/workspace/rtl/dll/vibe_bcrc.sv:42$9.c' using process `\vibe_bcrc.$proc$/workspace/rtl/dll/vibe_bcrc.sv:28$162'.
  created $adff cell `$procdff$9182' with positive edge clock and positive level reset.
Creating register for signal `\vibe_bcrc.\crc30_step$func$/workspace/rtl/dll/vibe_bcrc.sv:42$9.b' using process `\vibe_bcrc.$proc$/workspace/rtl/dll/vibe_bcrc.sv:28$162'.
  created $adff cell `$procdff$9187' with positive edge clock and positive level reset.
Creating register for signal `\vibe_bcrc.\crc30_step$func$/workspace/rtl/dll/vibe_bcrc.sv:42$9.fb' using process `\vibe_bcrc.$proc$/workspace/rtl/dll/vibe_bcrc.sv:28$162'.
  created $adff cell `$procdff$9192' with positive edge clock and positive level reset.
Creating register for signal `\vibe_bcrc.\crc30_step$func$/workspace/rtl/dll/vibe_bcrc.sv:42$10.$result' using process `\vibe_bcrc.$proc$/workspace/rtl/dll/vibe_bcrc.sv:28$162'.
  created $adff cell `$procdff$9197' with positive edge clock and positive level reset.
Creating register for signal `\vibe_bcrc.\crc30_step$func$/workspace/rtl/dll/vibe_bcrc.sv:42$10.c' using process `\vibe_bcrc.$proc$/workspace/rtl/dll/vibe_bcrc.sv:28$162'.
  created $adff cell `$procdff$9202' with positive edge clock and positive level reset.
Creating register for signal `\vibe_bcrc.\crc30_step$func$/workspace/rtl/dll/vibe_bcrc.sv:42$10.b' using process `\vibe_bcrc.$proc$/workspace/rtl/dll/vibe_bcrc.sv:28$162'.
  created $adff cell `$procdff$9207' with positive edge clock and positive level reset.
Creating register for signal `\vibe_bcrc.\crc30_step$func$/workspace/rtl/dll/vibe_bcrc.sv:42$10.fb' using process `\vibe_bcrc.$proc$/workspace/rtl/dll/vibe_bcrc.sv:28$162'.
  created $adff cell `$procdff$9212' with positive edge clock and positive level reset.
Creating register for signal `\vibe_bcrc.\crc30_step$func$/workspace/rtl/dll/vibe_bcrc.sv:42$11.$result' using process `\vibe_bcrc.$proc$/workspace/rtl/dll/vibe_bcrc.sv:28$162'.
  created $adff cell `$procdff$9217' with positive edge clock and positive level reset.
Creating register for signal `\vibe_bcrc.\crc30_step$func$/workspace/rtl/dll/vibe_bcrc.sv:42$11.c' using process `\vibe_bcrc.$proc$/workspace/rtl/dll/vibe_bcrc.sv:28$162'.
  created $adff cell `$procdff$9222' with positive edge clock and positive level reset.
Creating register for signal `\vibe_bcrc.\crc30_step$func$/workspace/rtl/dll/vibe_bcrc.sv:42$11.b' using process `\vibe_bcrc.$proc$/workspace/rtl/dll/vibe_bcrc.sv:28$162'.
  created $adff cell `$procdff$9227' with positive edge clock and positive level reset.
Creating register for signal `\vibe_bcrc.\crc30_step$func$/workspace/rtl/dll/vibe_bcrc.sv:42$11.fb' using process `\vibe_bcrc.$proc$/workspace/rtl/dll/vibe_bcrc.sv:28$162'.
  created $adff cell `$procdff$9232' with positive edge clock and positive level reset.
Creating register for signal `\vibe_bcrc.\crc30_step$func$/workspace/rtl/dll/vibe_bcrc.sv:42$12.$result' using process `\vibe_bcrc.$proc$/workspace/rtl/dll/vibe_bcrc.sv:28$162'.
  created $adff cell `$procdff$9237' with positive edge clock and positive level reset.
Creating register for signal `\vibe_bcrc.\crc30_step$func$/workspace/rtl/dll/vibe_bcrc.sv:42$12.c' using process `\vibe_bcrc.$proc$/workspace/rtl/dll/vibe_bcrc.sv:28$162'.
  created $adff cell `$procdff$9242' with positive edge clock and positive level reset.
Creating register for signal `\vibe_bcrc.\crc30_step$func$/workspace/rtl/dll/vibe_bcrc.sv:42$12.b' using process `\vibe_bcrc.$proc$/workspace/rtl/dll/vibe_bcrc.sv:28$162'.
  created $adff cell `$procdff$9247' with positive edge clock and positive level reset.
Creating register for signal `\vibe_bcrc.\crc30_step$func$/workspace/rtl/dll/vibe_bcrc.sv:42$12.fb' using process `\vibe_bcrc.$proc$/workspace/rtl/dll/vibe_bcrc.sv:28$162'.
  created $adff cell `$procdff$9252' with positive edge clock and positive level reset.
Creating register for signal `\vibe_bcrc.\crc30_step$func$/workspace/rtl/dll/vibe_bcrc.sv:42$13.$result' using process `\vibe_bcrc.$proc$/workspace/rtl/dll/vibe_bcrc.sv:28$162'.
  created $adff cell `$procdff$9257' with positive edge clock and positive level reset.
Creating register for signal `\vibe_bcrc.\crc30_step$func$/workspace/rtl/dll/vibe_bcrc.sv:42$13.c' using process `\vibe_bcrc.$proc$/workspace/rtl/dll/vibe_bcrc.sv:28$162'.
  created $adff cell `$procdff$9262' with positive edge clock and positive level reset.
Creating register for signal `\vibe_bcrc.\crc30_step$func$/workspace/rtl/dll/vibe_bcrc.sv:42$13.b' using process `\vibe_bcrc.$proc$/workspace/rtl/dll/vibe_bcrc.sv:28$162'.
  created $adff cell `$procdff$9267' with positive edge clock and positive level reset.
Creating register for signal `\vibe_bcrc.\crc30_step$func$/workspace/rtl/dll/vibe_bcrc.sv:42$13.fb' using process `\vibe_bcrc.$proc$/workspace/rtl/dll/vibe_bcrc.sv:28$162'.
  created $adff cell `$procdff$9272' with positive edge clock and positive level reset.
Creating register for signal `\vibe_bcrc.\crc30_step$func$/workspace/rtl/dll/vibe_bcrc.sv:42$14.$result' using process `\vibe_bcrc.$proc$/workspace/rtl/dll/vibe_bcrc.sv:28$162'.
  created $adff cell `$procdff$9277' with positive edge clock and positive level reset.
Creating register for signal `\vibe_bcrc.\crc30_step$func$/workspace/rtl/dll/vibe_bcrc.sv:42$14.c' using process `\vibe_bcrc.$proc$/workspace/rtl/dll/vibe_bcrc.sv:28$162'.
  created $adff cell `$procdff$9282' with positive edge clock and positive level reset.
Creating register for signal `\vibe_bcrc.\crc30_step$func$/workspace/rtl/dll/vibe_bcrc.sv:42$14.b' using process `\vibe_bcrc.$proc$/workspace/rtl/dll/vibe_bcrc.sv:28$162'.
  created $adff cell `$procdff$9287' with positive edge clock and positive level reset.
Creating register for signal `\vibe_bcrc.\crc30_step$func$/workspace/rtl/dll/vibe_bcrc.sv:42$14.fb' using process `\vibe_bcrc.$proc$/workspace/rtl/dll/vibe_bcrc.sv:28$162'.
  created $adff cell `$procdff$9292' with positive edge clock and positive level reset.
Creating register for signal `\vibe_bcrc.\crc30_step$func$/workspace/rtl/dll/vibe_bcrc.sv:42$15.$result' using process `\vibe_bcrc.$proc$/workspace/rtl/dll/vibe_bcrc.sv:28$162'.
  created $adff cell `$procdff$9297' with positive edge clock and positive level reset.
Creating register for signal `\vibe_bcrc.\crc30_step$func$/workspace/rtl/dll/vibe_bcrc.sv:42$15.c' using process `\vibe_bcrc.$proc$/workspace/rtl/dll/vibe_bcrc.sv:28$162'.
  created $adff cell `$procdff$9302' with positive edge clock and positive level reset.
Creating register for signal `\vibe_bcrc.\crc30_step$func$/workspace/rtl/dll/vibe_bcrc.sv:42$15.b' using process `\vibe_bcrc.$proc$/workspace/rtl/dll/vibe_bcrc.sv:28$162'.
  created $adff cell `$procdff$9307' with positive edge clock and positive level reset.
Creating register for signal `\vibe_bcrc.\crc30_step$func$/workspace/rtl/dll/vibe_bcrc.sv:42$15.fb' using process `\vibe_bcrc.$proc$/workspace/rtl/dll/vibe_bcrc.sv:28$162'.
  created $adff cell `$procdff$9312' with positive edge clock and positive level reset.
Creating register for signal `\vibe_bcrc.\crc30_step$func$/workspace/rtl/dll/vibe_bcrc.sv:42$16.$result' using process `\vibe_bcrc.$proc$/workspace/rtl/dll/vibe_bcrc.sv:28$162'.
  created $adff cell `$procdff$9317' with positive edge clock and positive level reset.
Creating register for signal `\vibe_bcrc.\crc30_step$func$/workspace/rtl/dll/vibe_bcrc.sv:42$16.c' using process `\vibe_bcrc.$proc$/workspace/rtl/dll/vibe_bcrc.sv:28$162'.
  created $adff cell `$procdff$9322' with positive edge clock and positive level reset.
Creating register for signal `\vibe_bcrc.\crc30_step$func$/workspace/rtl/dll/vibe_bcrc.sv:42$16.b' using process `\vibe_bcrc.$proc$/workspace/rtl/dll/vibe_bcrc.sv:28$162'.
  created $adff cell `$procdff$9327' with positive edge clock and positive level reset.
Creating register for signal `\vibe_bcrc.\crc30_step$func$/workspace/rtl/dll/vibe_bcrc.sv:42$16.fb' using process `\vibe_bcrc.$proc$/workspace/rtl/dll/vibe_bcrc.sv:28$162'.
  created $adff cell `$procdff$9332' with positive edge clock and positive level reset.
Creating register for signal `\vibe_bcrc.\crc30_step$func$/workspace/rtl/dll/vibe_bcrc.sv:42$17.$result' using process `\vibe_bcrc.$proc$/workspace/rtl/dll/vibe_bcrc.sv:28$162'.
  created $adff cell `$procdff$9337' with positive edge clock and positive level reset.
Creating register for signal `\vibe_bcrc.\crc30_step$func$/workspace/rtl/dll/vibe_bcrc.sv:42$17.c' using process `\vibe_bcrc.$proc$/workspace/rtl/dll/vibe_bcrc.sv:28$162'.
  created $adff cell `$procdff$9342' with positive edge clock and positive level reset.
Creating register for signal `\vibe_bcrc.\crc30_step$func$/workspace/rtl/dll/vibe_bcrc.sv:42$17.b' using process `\vibe_bcrc.$proc$/workspace/rtl/dll/vibe_bcrc.sv:28$162'.
  created $adff cell `$procdff$9347' with positive edge clock and positive level reset.
Creating register for signal `\vibe_bcrc.\crc30_step$func$/workspace/rtl/dll/vibe_bcrc.sv:42$17.fb' using process `\vibe_bcrc.$proc$/workspace/rtl/dll/vibe_bcrc.sv:28$162'.
  created $adff cell `$procdff$9352' with positive edge clock and positive level reset.
Creating register for signal `\vibe_bcrc.\crc30_step$func$/workspace/rtl/dll/vibe_bcrc.sv:42$18.$result' using process `\vibe_bcrc.$proc$/workspace/rtl/dll/vibe_bcrc.sv:28$162'.
  created $adff cell `$procdff$9357' with positive edge clock and positive level reset.
Creating register for signal `\vibe_bcrc.\crc30_step$func$/workspace/rtl/dll/vibe_bcrc.sv:42$18.c' using process `\vibe_bcrc.$proc$/workspace/rtl/dll/vibe_bcrc.sv:28$162'.
  created $adff cell `$procdff$9362' with positive edge clock and positive level reset.
Creating register for signal `\vibe_bcrc.\crc30_step$func$/workspace/rtl/dll/vibe_bcrc.sv:42$18.b' using process `\vibe_bcrc.$proc$/workspace/rtl/dll/vibe_bcrc.sv:28$162'.
  created $adff cell `$procdff$9367' with positive edge clock and positive level reset.
Creating register for signal `\vibe_bcrc.\crc30_step$func$/workspace/rtl/dll/vibe_bcrc.sv:42$18.fb' using process `\vibe_bcrc.$proc$/workspace/rtl/dll/vibe_bcrc.sv:28$162'.
  created $adff cell `$procdff$9372' with positive edge clock and positive level reset.
Creating register for signal `\vibe_bcrc.\crc30_step$func$/workspace/rtl/dll/vibe_bcrc.sv:42$19.$result' using process `\vibe_bcrc.$proc$/workspace/rtl/dll/vibe_bcrc.sv:28$162'.
  created $adff cell `$procdff$9377' with positive edge clock and positive level reset.
Creating register for signal `\vibe_bcrc.\crc30_step$func$/workspace/rtl/dll/vibe_bcrc.sv:42$19.c' using process `\vibe_bcrc.$proc$/workspace/rtl/dll/vibe_bcrc.sv:28$162'.
  created $adff cell `$procdff$9382' with positive edge clock and positive level reset.
Creating register for signal `\vibe_bcrc.\crc30_step$func$/workspace/rtl/dll/vibe_bcrc.sv:42$19.b' using process `\vibe_bcrc.$proc$/workspace/rtl/dll/vibe_bcrc.sv:28$162'.
  created $adff cell `$procdff$9387' with positive edge clock and positive level reset.
Creating register for signal `\vibe_bcrc.\crc30_step$func$/workspace/rtl/dll/vibe_bcrc.sv:42$19.fb' using process `\vibe_bcrc.$proc$/workspace/rtl/dll/vibe_bcrc.sv:28$162'.
  created $adff cell `$procdff$9392' with positive edge clock and positive level reset.
Creating register for signal `\vibe_bcrc.\crc30_step$func$/workspace/rtl/dll/vibe_bcrc.sv:42$20.$result' using process `\vibe_bcrc.$proc$/workspace/rtl/dll/vibe_bcrc.sv:28$162'.
  created $adff cell `$procdff$9397' with positive edge clock and positive level reset.
Creating register for signal `\vibe_bcrc.\crc30_step$func$/workspace/rtl/dll/vibe_bcrc.sv:42$20.c' using process `\vibe_bcrc.$proc$/workspace/rtl/dll/vibe_bcrc.sv:28$162'.
  created $adff cell `$procdff$9402' with positive edge clock and positive level reset.
Creating register for signal `\vibe_bcrc.\crc30_step$func$/workspace/rtl/dll/vibe_bcrc.sv:42$20.b' using process `\vibe_bcrc.$proc$/workspace/rtl/dll/vibe_bcrc.sv:28$162'.
  created $adff cell `$procdff$9407' with positive edge clock and positive level reset.
Creating register for signal `\vibe_bcrc.\crc30_step$func$/workspace/rtl/dll/vibe_bcrc.sv:42$20.fb' using process `\vibe_bcrc.$proc$/workspace/rtl/dll/vibe_bcrc.sv:28$162'.
  created $adff cell `$procdff$9412' with positive edge clock and positive level reset.
Creating register for signal `\vibe_bcrc.\crc30_step$func$/workspace/rtl/dll/vibe_bcrc.sv:42$21.$result' using process `\vibe_bcrc.$proc$/workspace/rtl/dll/vibe_bcrc.sv:28$162'.
  created $adff cell `$procdff$9417' with positive edge clock and positive level reset.
Creating register for signal `\vibe_bcrc.\crc30_step$func$/workspace/rtl/dll/vibe_bcrc.sv:42$21.c' using process `\vibe_bcrc.$proc$/workspace/rtl/dll/vibe_bcrc.sv:28$162'.
  created $adff cell `$procdff$9422' with positive edge clock and positive level reset.
Creating register for signal `\vibe_bcrc.\crc30_step$func$/workspace/rtl/dll/vibe_bcrc.sv:42$21.b' using process `\vibe_bcrc.$proc$/workspace/rtl/dll/vibe_bcrc.sv:28$162'.
  created $adff cell `$procdff$9427' with positive edge clock and positive level reset.
Creating register for signal `\vibe_bcrc.\crc30_step$func$/workspace/rtl/dll/vibe_bcrc.sv:42$21.fb' using process `\vibe_bcrc.$proc$/workspace/rtl/dll/vibe_bcrc.sv:28$162'.
  created $adff cell `$procdff$9432' with positive edge clock and positive level reset.
Creating register for signal `\vibe_bcrc.\crc30_step$func$/workspace/rtl/dll/vibe_bcrc.sv:42$22.$result' using process `\vibe_bcrc.$proc$/workspace/rtl/dll/vibe_bcrc.sv:28$162'.
  created $adff cell `$procdff$9437' with positive edge clock and positive level reset.
Creating register for signal `\vibe_bcrc.\crc30_step$func$/workspace/rtl/dll/vibe_bcrc.sv:42$22.c' using process `\vibe_bcrc.$proc$/workspace/rtl/dll/vibe_bcrc.sv:28$162'.
  created $adff cell `$procdff$9442' with positive edge clock and positive level reset.
Creating register for signal `\vibe_bcrc.\crc30_step$func$/workspace/rtl/dll/vibe_bcrc.sv:42$22.b' using process `\vibe_bcrc.$proc$/workspace/rtl/dll/vibe_bcrc.sv:28$162'.
  created $adff cell `$procdff$9447' with positive edge clock and positive level reset.
Creating register for signal `\vibe_bcrc.\crc30_step$func$/workspace/rtl/dll/vibe_bcrc.sv:42$22.fb' using process `\vibe_bcrc.$proc$/workspace/rtl/dll/vibe_bcrc.sv:28$162'.
  created $adff cell `$procdff$9452' with positive edge clock and positive level reset.
Creating register for signal `\vibe_bcrc.\crc30_step$func$/workspace/rtl/dll/vibe_bcrc.sv:42$23.$result' using process `\vibe_bcrc.$proc$/workspace/rtl/dll/vibe_bcrc.sv:28$162'.
  created $adff cell `$procdff$9457' with positive edge clock and positive level reset.
Creating register for signal `\vibe_bcrc.\crc30_step$func$/workspace/rtl/dll/vibe_bcrc.sv:42$23.c' using process `\vibe_bcrc.$proc$/workspace/rtl/dll/vibe_bcrc.sv:28$162'.
  created $adff cell `$procdff$9462' with positive edge clock and positive level reset.
Creating register for signal `\vibe_bcrc.\crc30_step$func$/workspace/rtl/dll/vibe_bcrc.sv:42$23.b' using process `\vibe_bcrc.$proc$/workspace/rtl/dll/vibe_bcrc.sv:28$162'.
  created $adff cell `$procdff$9467' with positive edge clock and positive level reset.
Creating register for signal `\vibe_bcrc.\crc30_step$func$/workspace/rtl/dll/vibe_bcrc.sv:42$23.fb' using process `\vibe_bcrc.$proc$/workspace/rtl/dll/vibe_bcrc.sv:28$162'.
  created $adff cell `$procdff$9472' with positive edge clock and positive level reset.
Creating register for signal `\vibe_bcrc.\crc30_step$func$/workspace/rtl/dll/vibe_bcrc.sv:42$24.$result' using process `\vibe_bcrc.$proc$/workspace/rtl/dll/vibe_bcrc.sv:28$162'.
  created $adff cell `$procdff$9477' with positive edge clock and positive level reset.
Creating register for signal `\vibe_bcrc.\crc30_step$func$/workspace/rtl/dll/vibe_bcrc.sv:42$24.c' using process `\vibe_bcrc.$proc$/workspace/rtl/dll/vibe_bcrc.sv:28$162'.
  created $adff cell `$procdff$9482' with positive edge clock and positive level reset.
Creating register for signal `\vibe_bcrc.\crc30_step$func$/workspace/rtl/dll/vibe_bcrc.sv:42$24.b' using process `\vibe_bcrc.$proc$/workspace/rtl/dll/vibe_bcrc.sv:28$162'.
  created $adff cell `$procdff$9487' with positive edge clock and positive level reset.
Creating register for signal `\vibe_bcrc.\crc30_step$func$/workspace/rtl/dll/vibe_bcrc.sv:42$24.fb' using process `\vibe_bcrc.$proc$/workspace/rtl/dll/vibe_bcrc.sv:28$162'.
  created $adff cell `$procdff$9492' with positive edge clock and positive level reset.
Creating register for signal `\vibe_bcrc.\crc30_step$func$/workspace/rtl/dll/vibe_bcrc.sv:42$25.$result' using process `\vibe_bcrc.$proc$/workspace/rtl/dll/vibe_bcrc.sv:28$162'.
  created $adff cell `$procdff$9497' with positive edge clock and positive level reset.
Creating register for signal `\vibe_bcrc.\crc30_step$func$/workspace/rtl/dll/vibe_bcrc.sv:42$25.c' using process `\vibe_bcrc.$proc$/workspace/rtl/dll/vibe_bcrc.sv:28$162'.
  created $adff cell `$procdff$9502' with positive edge clock and positive level reset.
Creating register for signal `\vibe_bcrc.\crc30_step$func$/workspace/rtl/dll/vibe_bcrc.sv:42$25.b' using process `\vibe_bcrc.$proc$/workspace/rtl/dll/vibe_bcrc.sv:28$162'.
  created $adff cell `$procdff$9507' with positive edge clock and positive level reset.
Creating register for signal `\vibe_bcrc.\crc30_step$func$/workspace/rtl/dll/vibe_bcrc.sv:42$25.fb' using process `\vibe_bcrc.$proc$/workspace/rtl/dll/vibe_bcrc.sv:28$162'.
  created $adff cell `$procdff$9512' with positive edge clock and positive level reset.
Creating register for signal `\vibe_bcrc.\crc30_step$func$/workspace/rtl/dll/vibe_bcrc.sv:42$26.$result' using process `\vibe_bcrc.$proc$/workspace/rtl/dll/vibe_bcrc.sv:28$162'.
  created $adff cell `$procdff$9517' with positive edge clock and positive level reset.
Creating register for signal `\vibe_bcrc.\crc30_step$func$/workspace/rtl/dll/vibe_bcrc.sv:42$26.c' using process `\vibe_bcrc.$proc$/workspace/rtl/dll/vibe_bcrc.sv:28$162'.
  created $adff cell `$procdff$9522' with positive edge clock and positive level reset.
Creating register for signal `\vibe_bcrc.\crc30_step$func$/workspace/rtl/dll/vibe_bcrc.sv:42$26.b' using process `\vibe_bcrc.$proc$/workspace/rtl/dll/vibe_bcrc.sv:28$162'.
  created $adff cell `$procdff$9527' with positive edge clock and positive level reset.
Creating register for signal `\vibe_bcrc.\crc30_step$func$/workspace/rtl/dll/vibe_bcrc.sv:42$26.fb' using process `\vibe_bcrc.$proc$/workspace/rtl/dll/vibe_bcrc.sv:28$162'.
  created $adff cell `$procdff$9532' with positive edge clock and positive level reset.
Creating register for signal `\vibe_bcrc.\crc30_step$func$/workspace/rtl/dll/vibe_bcrc.sv:42$27.$result' using process `\vibe_bcrc.$proc$/workspace/rtl/dll/vibe_bcrc.sv:28$162'.
  created $adff cell `$procdff$9537' with positive edge clock and positive level reset.
Creating register for signal `\vibe_bcrc.\crc30_step$func$/workspace/rtl/dll/vibe_bcrc.sv:42$27.c' using process `\vibe_bcrc.$proc$/workspace/rtl/dll/vibe_bcrc.sv:28$162'.
  created $adff cell `$procdff$9542' with positive edge clock and positive level reset.
Creating register for signal `\vibe_bcrc.\crc30_step$func$/workspace/rtl/dll/vibe_bcrc.sv:42$27.b' using process `\vibe_bcrc.$proc$/workspace/rtl/dll/vibe_bcrc.sv:28$162'.
  created $adff cell `$procdff$9547' with positive edge clock and positive level reset.
Creating register for signal `\vibe_bcrc.\crc30_step$func$/workspace/rtl/dll/vibe_bcrc.sv:42$27.fb' using process `\vibe_bcrc.$proc$/workspace/rtl/dll/vibe_bcrc.sv:28$162'.
  created $adff cell `$procdff$9552' with positive edge clock and positive level reset.
Creating register for signal `\vibe_bcrc.\crc30_step$func$/workspace/rtl/dll/vibe_bcrc.sv:42$28.$result' using process `\vibe_bcrc.$proc$/workspace/rtl/dll/vibe_bcrc.sv:28$162'.
  created $adff cell `$procdff$9557' with positive edge clock and positive level reset.
Creating register for signal `\vibe_bcrc.\crc30_step$func$/workspace/rtl/dll/vibe_bcrc.sv:42$28.c' using process `\vibe_bcrc.$proc$/workspace/rtl/dll/vibe_bcrc.sv:28$162'.
  created $adff cell `$procdff$9562' with positive edge clock and positive level reset.
Creating register for signal `\vibe_bcrc.\crc30_step$func$/workspace/rtl/dll/vibe_bcrc.sv:42$28.b' using process `\vibe_bcrc.$proc$/workspace/rtl/dll/vibe_bcrc.sv:28$162'.
  created $adff cell `$procdff$9567' with positive edge clock and positive level reset.
Creating register for signal `\vibe_bcrc.\crc30_step$func$/workspace/rtl/dll/vibe_bcrc.sv:42$28.fb' using process `\vibe_bcrc.$proc$/workspace/rtl/dll/vibe_bcrc.sv:28$162'.
  created $adff cell `$procdff$9572' with positive edge clock and positive level reset.
Creating register for signal `\vibe_bcrc.\crc30_step$func$/workspace/rtl/dll/vibe_bcrc.sv:42$29.$result' using process `\vibe_bcrc.$proc$/workspace/rtl/dll/vibe_bcrc.sv:28$162'.
  created $adff cell `$procdff$9577' with positive edge clock and positive level reset.
Creating register for signal `\vibe_bcrc.\crc30_step$func$/workspace/rtl/dll/vibe_bcrc.sv:42$29.c' using process `\vibe_bcrc.$proc$/workspace/rtl/dll/vibe_bcrc.sv:28$162'.
  created $adff cell `$procdff$9582' with positive edge clock and positive level reset.
Creating register for signal `\vibe_bcrc.\crc30_step$func$/workspace/rtl/dll/vibe_bcrc.sv:42$29.b' using process `\vibe_bcrc.$proc$/workspace/rtl/dll/vibe_bcrc.sv:28$162'.
  created $adff cell `$procdff$9587' with positive edge clock and positive level reset.
Creating register for signal `\vibe_bcrc.\crc30_step$func$/workspace/rtl/dll/vibe_bcrc.sv:42$29.fb' using process `\vibe_bcrc.$proc$/workspace/rtl/dll/vibe_bcrc.sv:28$162'.
  created $adff cell `$procdff$9592' with positive edge clock and positive level reset.
Creating register for signal `\vibe_bcrc.\crc30_step$func$/workspace/rtl/dll/vibe_bcrc.sv:42$30.$result' using process `\vibe_bcrc.$proc$/workspace/rtl/dll/vibe_bcrc.sv:28$162'.
  created $adff cell `$procdff$9597' with positive edge clock and positive level reset.
Creating register for signal `\vibe_bcrc.\crc30_step$func$/workspace/rtl/dll/vibe_bcrc.sv:42$30.c' using process `\vibe_bcrc.$proc$/workspace/rtl/dll/vibe_bcrc.sv:28$162'.
  created $adff cell `$procdff$9602' with positive edge clock and positive level reset.
Creating register for signal `\vibe_bcrc.\crc30_step$func$/workspace/rtl/dll/vibe_bcrc.sv:42$30.b' using process `\vibe_bcrc.$proc$/workspace/rtl/dll/vibe_bcrc.sv:28$162'.
  created $adff cell `$procdff$9607' with positive edge clock and positive level reset.
Creating register for signal `\vibe_bcrc.\crc30_step$func$/workspace/rtl/dll/vibe_bcrc.sv:42$30.fb' using process `\vibe_bcrc.$proc$/workspace/rtl/dll/vibe_bcrc.sv:28$162'.
  created $adff cell `$procdff$9612' with positive edge clock and positive level reset.
Creating register for signal `\vibe_bcrc.\crc30_step$func$/workspace/rtl/dll/vibe_bcrc.sv:42$31.$result' using process `\vibe_bcrc.$proc$/workspace/rtl/dll/vibe_bcrc.sv:28$162'.
  created $adff cell `$procdff$9617' with positive edge clock and positive level reset.
Creating register for signal `\vibe_bcrc.\crc30_step$func$/workspace/rtl/dll/vibe_bcrc.sv:42$31.c' using process `\vibe_bcrc.$proc$/workspace/rtl/dll/vibe_bcrc.sv:28$162'.
  created $adff cell `$procdff$9622' with positive edge clock and positive level reset.
Creating register for signal `\vibe_bcrc.\crc30_step$func$/workspace/rtl/dll/vibe_bcrc.sv:42$31.b' using process `\vibe_bcrc.$proc$/workspace/rtl/dll/vibe_bcrc.sv:28$162'.
  created $adff cell `$procdff$9627' with positive edge clock and positive level reset.
Creating register for signal `\vibe_bcrc.\crc30_step$func$/workspace/rtl/dll/vibe_bcrc.sv:42$31.fb' using process `\vibe_bcrc.$proc$/workspace/rtl/dll/vibe_bcrc.sv:28$162'.
  created $adff cell `$procdff$9632' with positive edge clock and positive level reset.
Creating register for signal `\vibe_bcrc.\crc30_step$func$/workspace/rtl/dll/vibe_bcrc.sv:42$32.$result' using process `\vibe_bcrc.$proc$/workspace/rtl/dll/vibe_bcrc.sv:28$162'.
  created $adff cell `$procdff$9637' with positive edge clock and positive level reset.
Creating register for signal `\vibe_bcrc.\crc30_step$func$/workspace/rtl/dll/vibe_bcrc.sv:42$32.c' using process `\vibe_bcrc.$proc$/workspace/rtl/dll/vibe_bcrc.sv:28$162'.
  created $adff cell `$procdff$9642' with positive edge clock and positive level reset.
Creating register for signal `\vibe_bcrc.\crc30_step$func$/workspace/rtl/dll/vibe_bcrc.sv:42$32.b' using process `\vibe_bcrc.$proc$/workspace/rtl/dll/vibe_bcrc.sv:28$162'.
  created $adff cell `$procdff$9647' with positive edge clock and positive level reset.
Creating register for signal `\vibe_bcrc.\crc30_step$func$/workspace/rtl/dll/vibe_bcrc.sv:42$32.fb' using process `\vibe_bcrc.$proc$/workspace/rtl/dll/vibe_bcrc.sv:28$162'.
  created $adff cell `$procdff$9652' with positive edge clock and positive level reset.
Creating register for signal `\vibe_bcrc.\crc30_step$func$/workspace/rtl/dll/vibe_bcrc.sv:42$33.$result' using process `\vibe_bcrc.$proc$/workspace/rtl/dll/vibe_bcrc.sv:28$162'.
  created $adff cell `$procdff$9657' with positive edge clock and positive level reset.
Creating register for signal `\vibe_bcrc.\crc30_step$func$/workspace/rtl/dll/vibe_bcrc.sv:42$33.c' using process `\vibe_bcrc.$proc$/workspace/rtl/dll/vibe_bcrc.sv:28$162'.
  created $adff cell `$procdff$9662' with positive edge clock and positive level reset.
Creating register for signal `\vibe_bcrc.\crc30_step$func$/workspace/rtl/dll/vibe_bcrc.sv:42$33.b' using process `\vibe_bcrc.$proc$/workspace/rtl/dll/vibe_bcrc.sv:28$162'.
  created $adff cell `$procdff$9667' with positive edge clock and positive level reset.
Creating register for signal `\vibe_bcrc.\crc30_step$func$/workspace/rtl/dll/vibe_bcrc.sv:42$33.fb' using process `\vibe_bcrc.$proc$/workspace/rtl/dll/vibe_bcrc.sv:28$162'.
  created $adff cell `$procdff$9672' with positive edge clock and positive level reset.
Creating register for signal `\vibe_bcrc.\crc30_step$func$/workspace/rtl/dll/vibe_bcrc.sv:42$34.$result' using process `\vibe_bcrc.$proc$/workspace/rtl/dll/vibe_bcrc.sv:28$162'.
  created $adff cell `$procdff$9677' with positive edge clock and positive level reset.
Creating register for signal `\vibe_bcrc.\crc30_step$func$/workspace/rtl/dll/vibe_bcrc.sv:42$34.c' using process `\vibe_bcrc.$proc$/workspace/rtl/dll/vibe_bcrc.sv:28$162'.
  created $adff cell `$procdff$9682' with positive edge clock and positive level reset.
Creating register for signal `\vibe_bcrc.\crc30_step$func$/workspace/rtl/dll/vibe_bcrc.sv:42$34.b' using process `\vibe_bcrc.$proc$/workspace/rtl/dll/vibe_bcrc.sv:28$162'.
  created $adff cell `$procdff$9687' with positive edge clock and positive level reset.
Creating register for signal `\vibe_bcrc.\crc30_step$func$/workspace/rtl/dll/vibe_bcrc.sv:42$34.fb' using process `\vibe_bcrc.$proc$/workspace/rtl/dll/vibe_bcrc.sv:28$162'.
  created $adff cell `$procdff$9692' with positive edge clock and positive level reset.
Creating register for signal `\vibe_bcrc.\crc30_step$func$/workspace/rtl/dll/vibe_bcrc.sv:42$35.$result' using process `\vibe_bcrc.$proc$/workspace/rtl/dll/vibe_bcrc.sv:28$162'.
  created $adff cell `$procdff$9697' with positive edge clock and positive level reset.
Creating register for signal `\vibe_bcrc.\crc30_step$func$/workspace/rtl/dll/vibe_bcrc.sv:42$35.c' using process `\vibe_bcrc.$proc$/workspace/rtl/dll/vibe_bcrc.sv:28$162'.
  created $adff cell `$procdff$9702' with positive edge clock and positive level reset.
Creating register for signal `\vibe_bcrc.\crc30_step$func$/workspace/rtl/dll/vibe_bcrc.sv:42$35.b' using process `\vibe_bcrc.$proc$/workspace/rtl/dll/vibe_bcrc.sv:28$162'.
  created $adff cell `$procdff$9707' with positive edge clock and positive level reset.
Creating register for signal `\vibe_bcrc.\crc30_step$func$/workspace/rtl/dll/vibe_bcrc.sv:42$35.fb' using process `\vibe_bcrc.$proc$/workspace/rtl/dll/vibe_bcrc.sv:28$162'.
  created $adff cell `$procdff$9712' with positive edge clock and positive level reset.
Creating register for signal `\vibe_bcrc.\crc30_step$func$/workspace/rtl/dll/vibe_bcrc.sv:42$36.$result' using process `\vibe_bcrc.$proc$/workspace/rtl/dll/vibe_bcrc.sv:28$162'.
  created $adff cell `$procdff$9717' with positive edge clock and positive level reset.
Creating register for signal `\vibe_bcrc.\crc30_step$func$/workspace/rtl/dll/vibe_bcrc.sv:42$36.c' using process `\vibe_bcrc.$proc$/workspace/rtl/dll/vibe_bcrc.sv:28$162'.
  created $adff cell `$procdff$9722' with positive edge clock and positive level reset.
Creating register for signal `\vibe_bcrc.\crc30_step$func$/workspace/rtl/dll/vibe_bcrc.sv:42$36.b' using process `\vibe_bcrc.$proc$/workspace/rtl/dll/vibe_bcrc.sv:28$162'.
  created $adff cell `$procdff$9727' with positive edge clock and positive level reset.
Creating register for signal `\vibe_bcrc.\crc30_step$func$/workspace/rtl/dll/vibe_bcrc.sv:42$36.fb' using process `\vibe_bcrc.$proc$/workspace/rtl/dll/vibe_bcrc.sv:28$162'.
  created $adff cell `$procdff$9732' with positive edge clock and positive level reset.
Creating register for signal `\vibe_bcrc.\crc30_step$func$/workspace/rtl/dll/vibe_bcrc.sv:42$37.$result' using process `\vibe_bcrc.$proc$/workspace/rtl/dll/vibe_bcrc.sv:28$162'.
  created $adff cell `$procdff$9737' with positive edge clock and positive level reset.
Creating register for signal `\vibe_bcrc.\crc30_step$func$/workspace/rtl/dll/vibe_bcrc.sv:42$37.c' using process `\vibe_bcrc.$proc$/workspace/rtl/dll/vibe_bcrc.sv:28$162'.
  created $adff cell `$procdff$9742' with positive edge clock and positive level reset.
Creating register for signal `\vibe_bcrc.\crc30_step$func$/workspace/rtl/dll/vibe_bcrc.sv:42$37.b' using process `\vibe_bcrc.$proc$/workspace/rtl/dll/vibe_bcrc.sv:28$162'.
  created $adff cell `$procdff$9747' with positive edge clock and positive level reset.
Creating register for signal `\vibe_bcrc.\crc30_step$func$/workspace/rtl/dll/vibe_bcrc.sv:42$37.fb' using process `\vibe_bcrc.$proc$/workspace/rtl/dll/vibe_bcrc.sv:28$162'.
  created $adff cell `$procdff$9752' with positive edge clock and positive level reset.
Creating register for signal `\vibe_bcrc.\crc30_step$func$/workspace/rtl/dll/vibe_bcrc.sv:42$38.$result' using process `\vibe_bcrc.$proc$/workspace/rtl/dll/vibe_bcrc.sv:28$162'.
  created $adff cell `$procdff$9757' with positive edge clock and positive level reset.
Creating register for signal `\vibe_bcrc.\crc30_step$func$/workspace/rtl/dll/vibe_bcrc.sv:42$38.c' using process `\vibe_bcrc.$proc$/workspace/rtl/dll/vibe_bcrc.sv:28$162'.
  created $adff cell `$procdff$9762' with positive edge clock and positive level reset.
Creating register for signal `\vibe_bcrc.\crc30_step$func$/workspace/rtl/dll/vibe_bcrc.sv:42$38.b' using process `\vibe_bcrc.$proc$/workspace/rtl/dll/vibe_bcrc.sv:28$162'.
  created $adff cell `$procdff$9767' with positive edge clock and positive level reset.
Creating register for signal `\vibe_bcrc.\crc30_step$func$/workspace/rtl/dll/vibe_bcrc.sv:42$38.fb' using process `\vibe_bcrc.$proc$/workspace/rtl/dll/vibe_bcrc.sv:28$162'.
  created $adff cell `$procdff$9772' with positive edge clock and positive level reset.
Creating register for signal `\vibe_bcrc.\crc30_step$func$/workspace/rtl/dll/vibe_bcrc.sv:42$39.$result' using process `\vibe_bcrc.$proc$/workspace/rtl/dll/vibe_bcrc.sv:28$162'.
  created $adff cell `$procdff$9777' with positive edge clock and positive level reset.
Creating register for signal `\vibe_bcrc.\crc30_step$func$/workspace/rtl/dll/vibe_bcrc.sv:42$39.c' using process `\vibe_bcrc.$proc$/workspace/rtl/dll/vibe_bcrc.sv:28$162'.
  created $adff cell `$procdff$9782' with positive edge clock and positive level reset.
Creating register for signal `\vibe_bcrc.\crc30_step$func$/workspace/rtl/dll/vibe_bcrc.sv:42$39.b' using process `\vibe_bcrc.$proc$/workspace/rtl/dll/vibe_bcrc.sv:28$162'.
  created $adff cell `$procdff$9787' with positive edge clock and positive level reset.
Creating register for signal `\vibe_bcrc.\crc30_step$func$/workspace/rtl/dll/vibe_bcrc.sv:42$39.fb' using process `\vibe_bcrc.$proc$/workspace/rtl/dll/vibe_bcrc.sv:28$162'.
  created $adff cell `$procdff$9792' with positive edge clock and positive level reset.
Creating register for signal `\vibe_bcrc.\crc30_step$func$/workspace/rtl/dll/vibe_bcrc.sv:42$40.$result' using process `\vibe_bcrc.$proc$/workspace/rtl/dll/vibe_bcrc.sv:28$162'.
  created $adff cell `$procdff$9797' with positive edge clock and positive level reset.
Creating register for signal `\vibe_bcrc.\crc30_step$func$/workspace/rtl/dll/vibe_bcrc.sv:42$40.c' using process `\vibe_bcrc.$proc$/workspace/rtl/dll/vibe_bcrc.sv:28$162'.
  created $adff cell `$procdff$9802' with positive edge clock and positive level reset.
Creating register for signal `\vibe_bcrc.\crc30_step$func$/workspace/rtl/dll/vibe_bcrc.sv:42$40.b' using process `\vibe_bcrc.$proc$/workspace/rtl/dll/vibe_bcrc.sv:28$162'.
  created $adff cell `$procdff$9807' with positive edge clock and positive level reset.
Creating register for signal `\vibe_bcrc.\crc30_step$func$/workspace/rtl/dll/vibe_bcrc.sv:42$40.fb' using process `\vibe_bcrc.$proc$/workspace/rtl/dll/vibe_bcrc.sv:28$162'.
  created $adff cell `$procdff$9812' with positive edge clock and positive level reset.
Creating register for signal `\vibe_bcrc.\crc30_step$func$/workspace/rtl/dll/vibe_bcrc.sv:42$41.$result' using process `\vibe_bcrc.$proc$/workspace/rtl/dll/vibe_bcrc.sv:28$162'.
  created $adff cell `$procdff$9817' with positive edge clock and positive level reset.
Creating register for signal `\vibe_bcrc.\crc30_step$func$/workspace/rtl/dll/vibe_bcrc.sv:42$41.c' using process `\vibe_bcrc.$proc$/workspace/rtl/dll/vibe_bcrc.sv:28$162'.
  created $adff cell `$procdff$9822' with positive edge clock and positive level reset.
Creating register for signal `\vibe_bcrc.\crc30_step$func$/workspace/rtl/dll/vibe_bcrc.sv:42$41.b' using process `\vibe_bcrc.$proc$/workspace/rtl/dll/vibe_bcrc.sv:28$162'.
  created $adff cell `$procdff$9827' with positive edge clock and positive level reset.
Creating register for signal `\vibe_bcrc.\crc30_step$func$/workspace/rtl/dll/vibe_bcrc.sv:42$41.fb' using process `\vibe_bcrc.$proc$/workspace/rtl/dll/vibe_bcrc.sv:28$162'.
  created $adff cell `$procdff$9832' with positive edge clock and positive level reset.
Creating register for signal `\vibe_bcrc.\crc30_step$func$/workspace/rtl/dll/vibe_bcrc.sv:42$42.$result' using process `\vibe_bcrc.$proc$/workspace/rtl/dll/vibe_bcrc.sv:28$162'.
  created $adff cell `$procdff$9837' with positive edge clock and positive level reset.
Creating register for signal `\vibe_bcrc.\crc30_step$func$/workspace/rtl/dll/vibe_bcrc.sv:42$42.c' using process `\vibe_bcrc.$proc$/workspace/rtl/dll/vibe_bcrc.sv:28$162'.
  created $adff cell `$procdff$9842' with positive edge clock and positive level reset.
Creating register for signal `\vibe_bcrc.\crc30_step$func$/workspace/rtl/dll/vibe_bcrc.sv:42$42.b' using process `\vibe_bcrc.$proc$/workspace/rtl/dll/vibe_bcrc.sv:28$162'.
  created $adff cell `$procdff$9847' with positive edge clock and positive level reset.
Creating register for signal `\vibe_bcrc.\crc30_step$func$/workspace/rtl/dll/vibe_bcrc.sv:42$42.fb' using process `\vibe_bcrc.$proc$/workspace/rtl/dll/vibe_bcrc.sv:28$162'.
  created $adff cell `$procdff$9852' with positive edge clock and positive level reset.
Creating register for signal `\vibe_bcrc.\crc30_step$func$/workspace/rtl/dll/vibe_bcrc.sv:42$43.$result' using process `\vibe_bcrc.$proc$/workspace/rtl/dll/vibe_bcrc.sv:28$162'.
  created $adff cell `$procdff$9857' with positive edge clock and positive level reset.
Creating register for signal `\vibe_bcrc.\crc30_step$func$/workspace/rtl/dll/vibe_bcrc.sv:42$43.c' using process `\vibe_bcrc.$proc$/workspace/rtl/dll/vibe_bcrc.sv:28$162'.
  created $adff cell `$procdff$9862' with positive edge clock and positive level reset.
Creating register for signal `\vibe_bcrc.\crc30_step$func$/workspace/rtl/dll/vibe_bcrc.sv:42$43.b' using process `\vibe_bcrc.$proc$/workspace/rtl/dll/vibe_bcrc.sv:28$162'.
  created $adff cell `$procdff$9867' with positive edge clock and positive level reset.
Creating register for signal `\vibe_bcrc.\crc30_step$func$/workspace/rtl/dll/vibe_bcrc.sv:42$43.fb' using process `\vibe_bcrc.$proc$/workspace/rtl/dll/vibe_bcrc.sv:28$162'.
  created $adff cell `$procdff$9872' with positive edge clock and positive level reset.
Creating register for signal `\vibe_bcrc.\crc30_step$func$/workspace/rtl/dll/vibe_bcrc.sv:42$44.$result' using process `\vibe_bcrc.$proc$/workspace/rtl/dll/vibe_bcrc.sv:28$162'.
  created $adff cell `$procdff$9877' with positive edge clock and positive level reset.
Creating register for signal `\vibe_bcrc.\crc30_step$func$/workspace/rtl/dll/vibe_bcrc.sv:42$44.c' using process `\vibe_bcrc.$proc$/workspace/rtl/dll/vibe_bcrc.sv:28$162'.
  created $adff cell `$procdff$9882' with positive edge clock and positive level reset.
Creating register for signal `\vibe_bcrc.\crc30_step$func$/workspace/rtl/dll/vibe_bcrc.sv:42$44.b' using process `\vibe_bcrc.$proc$/workspace/rtl/dll/vibe_bcrc.sv:28$162'.
  created $adff cell `$procdff$9887' with positive edge clock and positive level reset.
Creating register for signal `\vibe_bcrc.\crc30_step$func$/workspace/rtl/dll/vibe_bcrc.sv:42$44.fb' using process `\vibe_bcrc.$proc$/workspace/rtl/dll/vibe_bcrc.sv:28$162'.
  created $adff cell `$procdff$9892' with positive edge clock and positive level reset.
Creating register for signal `\vibe_bcrc.\crc30_step$func$/workspace/rtl/dll/vibe_bcrc.sv:42$45.$result' using process `\vibe_bcrc.$proc$/workspace/rtl/dll/vibe_bcrc.sv:28$162'.
  created $adff cell `$procdff$9897' with positive edge clock and positive level reset.
Creating register for signal `\vibe_bcrc.\crc30_step$func$/workspace/rtl/dll/vibe_bcrc.sv:42$45.c' using process `\vibe_bcrc.$proc$/workspace/rtl/dll/vibe_bcrc.sv:28$162'.
  created $adff cell `$procdff$9902' with positive edge clock and positive level reset.
Creating register for signal `\vibe_bcrc.\crc30_step$func$/workspace/rtl/dll/vibe_bcrc.sv:42$45.b' using process `\vibe_bcrc.$proc$/workspace/rtl/dll/vibe_bcrc.sv:28$162'.
  created $adff cell `$procdff$9907' with positive edge clock and positive level reset.
Creating register for signal `\vibe_bcrc.\crc30_step$func$/workspace/rtl/dll/vibe_bcrc.sv:42$45.fb' using process `\vibe_bcrc.$proc$/workspace/rtl/dll/vibe_bcrc.sv:28$162'.
  created $adff cell `$procdff$9912' with positive edge clock and positive level reset.
Creating register for signal `\vibe_bcrc.\crc30_step$func$/workspace/rtl/dll/vibe_bcrc.sv:42$46.$result' using process `\vibe_bcrc.$proc$/workspace/rtl/dll/vibe_bcrc.sv:28$162'.
  created $adff cell `$procdff$9917' with positive edge clock and positive level reset.
Creating register for signal `\vibe_bcrc.\crc30_step$func$/workspace/rtl/dll/vibe_bcrc.sv:42$46.c' using process `\vibe_bcrc.$proc$/workspace/rtl/dll/vibe_bcrc.sv:28$162'.
  created $adff cell `$procdff$9922' with positive edge clock and positive level reset.
Creating register for signal `\vibe_bcrc.\crc30_step$func$/workspace/rtl/dll/vibe_bcrc.sv:42$46.b' using process `\vibe_bcrc.$proc$/workspace/rtl/dll/vibe_bcrc.sv:28$162'.
  created $adff cell `$procdff$9927' with positive edge clock and positive level reset.
Creating register for signal `\vibe_bcrc.\crc30_step$func$/workspace/rtl/dll/vibe_bcrc.sv:42$46.fb' using process `\vibe_bcrc.$proc$/workspace/rtl/dll/vibe_bcrc.sv:28$162'.
  created $adff cell `$procdff$9932' with positive edge clock and positive level reset.
Creating register for signal `\vibe_bcrc.\crc30_step$func$/workspace/rtl/dll/vibe_bcrc.sv:42$47.$result' using process `\vibe_bcrc.$proc$/workspace/rtl/dll/vibe_bcrc.sv:28$162'.
  created $adff cell `$procdff$9937' with positive edge clock and positive level reset.
Creating register for signal `\vibe_bcrc.\crc30_step$func$/workspace/rtl/dll/vibe_bcrc.sv:42$47.c' using process `\vibe_bcrc.$proc$/workspace/rtl/dll/vibe_bcrc.sv:28$162'.
  created $adff cell `$procdff$9942' with positive edge clock and positive level reset.
Creating register for signal `\vibe_bcrc.\crc30_step$func$/workspace/rtl/dll/vibe_bcrc.sv:42$47.b' using process `\vibe_bcrc.$proc$/workspace/rtl/dll/vibe_bcrc.sv:28$162'.
  created $adff cell `$procdff$9947' with positive edge clock and positive level reset.
Creating register for signal `\vibe_bcrc.\crc30_step$func$/workspace/rtl/dll/vibe_bcrc.sv:42$47.fb' using process `\vibe_bcrc.$proc$/workspace/rtl/dll/vibe_bcrc.sv:28$162'.
  created $adff cell `$procdff$9952' with positive edge clock and positive level reset.
Creating register for signal `\vibe_bcrc.\crc30_step$func$/workspace/rtl/dll/vibe_bcrc.sv:42$48.$result' using process `\vibe_bcrc.$proc$/workspace/rtl/dll/vibe_bcrc.sv:28$162'.
  created $adff cell `$procdff$9957' with positive edge clock and positive level reset.
Creating register for signal `\vibe_bcrc.\crc30_step$func$/workspace/rtl/dll/vibe_bcrc.sv:42$48.c' using process `\vibe_bcrc.$proc$/workspace/rtl/dll/vibe_bcrc.sv:28$162'.
  created $adff cell `$procdff$9962' with positive edge clock and positive level reset.
Creating register for signal `\vibe_bcrc.\crc30_step$func$/workspace/rtl/dll/vibe_bcrc.sv:42$48.b' using process `\vibe_bcrc.$proc$/workspace/rtl/dll/vibe_bcrc.sv:28$162'.
  created $adff cell `$procdff$9967' with positive edge clock and positive level reset.
Creating register for signal `\vibe_bcrc.\crc30_step$func$/workspace/rtl/dll/vibe_bcrc.sv:42$48.fb' using process `\vibe_bcrc.$proc$/workspace/rtl/dll/vibe_bcrc.sv:28$162'.
  created $adff cell `$procdff$9972' with positive edge clock and positive level reset.
Creating register for signal `\vibe_bcrc.\crc30_step$func$/workspace/rtl/dll/vibe_bcrc.sv:42$49.$result' using process `\vibe_bcrc.$proc$/workspace/rtl/dll/vibe_bcrc.sv:28$162'.
  created $adff cell `$procdff$9977' with positive edge clock and positive level reset.
Creating register for signal `\vibe_bcrc.\crc30_step$func$/workspace/rtl/dll/vibe_bcrc.sv:42$49.c' using process `\vibe_bcrc.$proc$/workspace/rtl/dll/vibe_bcrc.sv:28$162'.
  created $adff cell `$procdff$9982' with positive edge clock and positive level reset.
Creating register for signal `\vibe_bcrc.\crc30_step$func$/workspace/rtl/dll/vibe_bcrc.sv:42$49.b' using process `\vibe_bcrc.$proc$/workspace/rtl/dll/vibe_bcrc.sv:28$162'.
  created $adff cell `$procdff$9987' with positive edge clock and positive level reset.
Creating register for signal `\vibe_bcrc.\crc30_step$func$/workspace/rtl/dll/vibe_bcrc.sv:42$49.fb' using process `\vibe_bcrc.$proc$/workspace/rtl/dll/vibe_bcrc.sv:28$162'.
  created $adff cell `$procdff$9992' with positive edge clock and positive level reset.
Creating register for signal `\vibe_bcrc.\crc30_step$func$/workspace/rtl/dll/vibe_bcrc.sv:42$50.$result' using process `\vibe_bcrc.$proc$/workspace/rtl/dll/vibe_bcrc.sv:28$162'.
  created $adff cell `$procdff$9997' with positive edge clock and positive level reset.
Creating register for signal `\vibe_bcrc.\crc30_step$func$/workspace/rtl/dll/vibe_bcrc.sv:42$50.c' using process `\vibe_bcrc.$proc$/workspace/rtl/dll/vibe_bcrc.sv:28$162'.
  created $adff cell `$procdff$10002' with positive edge clock and positive level reset.
Creating register for signal `\vibe_bcrc.\crc30_step$func$/workspace/rtl/dll/vibe_bcrc.sv:42$50.b' using process `\vibe_bcrc.$proc$/workspace/rtl/dll/vibe_bcrc.sv:28$162'.
  created $adff cell `$procdff$10007' with positive edge clock and positive level reset.
Creating register for signal `\vibe_bcrc.\crc30_step$func$/workspace/rtl/dll/vibe_bcrc.sv:42$50.fb' using process `\vibe_bcrc.$proc$/workspace/rtl/dll/vibe_bcrc.sv:28$162'.
  created $adff cell `$procdff$10012' with positive edge clock and positive level reset.
Creating register for signal `\vibe_bcrc.\crc30_step$func$/workspace/rtl/dll/vibe_bcrc.sv:42$51.$result' using process `\vibe_bcrc.$proc$/workspace/rtl/dll/vibe_bcrc.sv:28$162'.
  created $adff cell `$procdff$10017' with positive edge clock and positive level reset.
Creating register for signal `\vibe_bcrc.\crc30_step$func$/workspace/rtl/dll/vibe_bcrc.sv:42$51.c' using process `\vibe_bcrc.$proc$/workspace/rtl/dll/vibe_bcrc.sv:28$162'.
  created $adff cell `$procdff$10022' with positive edge clock and positive level reset.
Creating register for signal `\vibe_bcrc.\crc30_step$func$/workspace/rtl/dll/vibe_bcrc.sv:42$51.b' using process `\vibe_bcrc.$proc$/workspace/rtl/dll/vibe_bcrc.sv:28$162'.
  created $adff cell `$procdff$10027' with positive edge clock and positive level reset.
Creating register for signal `\vibe_bcrc.\crc30_step$func$/workspace/rtl/dll/vibe_bcrc.sv:42$51.fb' using process `\vibe_bcrc.$proc$/workspace/rtl/dll/vibe_bcrc.sv:28$162'.
  created $adff cell `$procdff$10032' with positive edge clock and positive level reset.
Creating register for signal `\vibe_bcrc.\crc30_step$func$/workspace/rtl/dll/vibe_bcrc.sv:42$52.$result' using process `\vibe_bcrc.$proc$/workspace/rtl/dll/vibe_bcrc.sv:28$162'.
  created $adff cell `$procdff$10037' with positive edge clock and positive level reset.
Creating register for signal `\vibe_bcrc.\crc30_step$func$/workspace/rtl/dll/vibe_bcrc.sv:42$52.c' using process `\vibe_bcrc.$proc$/workspace/rtl/dll/vibe_bcrc.sv:28$162'.
  created $adff cell `$procdff$10042' with positive edge clock and positive level reset.
Creating register for signal `\vibe_bcrc.\crc30_step$func$/workspace/rtl/dll/vibe_bcrc.sv:42$52.b' using process `\vibe_bcrc.$proc$/workspace/rtl/dll/vibe_bcrc.sv:28$162'.
  created $adff cell `$procdff$10047' with positive edge clock and positive level reset.
Creating register for signal `\vibe_bcrc.\crc30_step$func$/workspace/rtl/dll/vibe_bcrc.sv:42$52.fb' using process `\vibe_bcrc.$proc$/workspace/rtl/dll/vibe_bcrc.sv:28$162'.
  created $adff cell `$procdff$10052' with positive edge clock and positive level reset.
Creating register for signal `\vibe_bcrc.\crc30_step$func$/workspace/rtl/dll/vibe_bcrc.sv:42$53.$result' using process `\vibe_bcrc.$proc$/workspace/rtl/dll/vibe_bcrc.sv:28$162'.
  created $adff cell `$procdff$10057' with positive edge clock and positive level reset.
Creating register for signal `\vibe_bcrc.\crc30_step$func$/workspace/rtl/dll/vibe_bcrc.sv:42$53.c' using process `\vibe_bcrc.$proc$/workspace/rtl/dll/vibe_bcrc.sv:28$162'.
  created $adff cell `$procdff$10062' with positive edge clock and positive level reset.
Creating register for signal `\vibe_bcrc.\crc30_step$func$/workspace/rtl/dll/vibe_bcrc.sv:42$53.b' using process `\vibe_bcrc.$proc$/workspace/rtl/dll/vibe_bcrc.sv:28$162'.
  created $adff cell `$procdff$10067' with positive edge clock and positive level reset.
Creating register for signal `\vibe_bcrc.\crc30_step$func$/workspace/rtl/dll/vibe_bcrc.sv:42$53.fb' using process `\vibe_bcrc.$proc$/workspace/rtl/dll/vibe_bcrc.sv:28$162'.
  created $adff cell `$procdff$10072' with positive edge clock and positive level reset.
Creating register for signal `\vibe_bcrc.\crc30_step$func$/workspace/rtl/dll/vibe_bcrc.sv:42$54.$result' using process `\vibe_bcrc.$proc$/workspace/rtl/dll/vibe_bcrc.sv:28$162'.
  created $adff cell `$procdff$10077' with positive edge clock and positive level reset.
Creating register for signal `\vibe_bcrc.\crc30_step$func$/workspace/rtl/dll/vibe_bcrc.sv:42$54.c' using process `\vibe_bcrc.$proc$/workspace/rtl/dll/vibe_bcrc.sv:28$162'.
  created $adff cell `$procdff$10082' with positive edge clock and positive level reset.
Creating register for signal `\vibe_bcrc.\crc30_step$func$/workspace/rtl/dll/vibe_bcrc.sv:42$54.b' using process `\vibe_bcrc.$proc$/workspace/rtl/dll/vibe_bcrc.sv:28$162'.
  created $adff cell `$procdff$10087' with positive edge clock and positive level reset.
Creating register for signal `\vibe_bcrc.\crc30_step$func$/workspace/rtl/dll/vibe_bcrc.sv:42$54.fb' using process `\vibe_bcrc.$proc$/workspace/rtl/dll/vibe_bcrc.sv:28$162'.
  created $adff cell `$procdff$10092' with positive edge clock and positive level reset.
Creating register for signal `\vibe_bcrc.\crc30_step$func$/workspace/rtl/dll/vibe_bcrc.sv:42$55.$result' using process `\vibe_bcrc.$proc$/workspace/rtl/dll/vibe_bcrc.sv:28$162'.
  created $adff cell `$procdff$10097' with positive edge clock and positive level reset.
Creating register for signal `\vibe_bcrc.\crc30_step$func$/workspace/rtl/dll/vibe_bcrc.sv:42$55.c' using process `\vibe_bcrc.$proc$/workspace/rtl/dll/vibe_bcrc.sv:28$162'.
  created $adff cell `$procdff$10102' with positive edge clock and positive level reset.
Creating register for signal `\vibe_bcrc.\crc30_step$func$/workspace/rtl/dll/vibe_bcrc.sv:42$55.b' using process `\vibe_bcrc.$proc$/workspace/rtl/dll/vibe_bcrc.sv:28$162'.
  created $adff cell `$procdff$10107' with positive edge clock and positive level reset.
Creating register for signal `\vibe_bcrc.\crc30_step$func$/workspace/rtl/dll/vibe_bcrc.sv:42$55.fb' using process `\vibe_bcrc.$proc$/workspace/rtl/dll/vibe_bcrc.sv:28$162'.
  created $adff cell `$procdff$10112' with positive edge clock and positive level reset.
Creating register for signal `\vibe_bcrc.\crc30_step$func$/workspace/rtl/dll/vibe_bcrc.sv:42$56.$result' using process `\vibe_bcrc.$proc$/workspace/rtl/dll/vibe_bcrc.sv:28$162'.
  created $adff cell `$procdff$10117' with positive edge clock and positive level reset.
Creating register for signal `\vibe_bcrc.\crc30_step$func$/workspace/rtl/dll/vibe_bcrc.sv:42$56.c' using process `\vibe_bcrc.$proc$/workspace/rtl/dll/vibe_bcrc.sv:28$162'.
  created $adff cell `$procdff$10122' with positive edge clock and positive level reset.
Creating register for signal `\vibe_bcrc.\crc30_step$func$/workspace/rtl/dll/vibe_bcrc.sv:42$56.b' using process `\vibe_bcrc.$proc$/workspace/rtl/dll/vibe_bcrc.sv:28$162'.
  created $adff cell `$procdff$10127' with positive edge clock and positive level reset.
Creating register for signal `\vibe_bcrc.\crc30_step$func$/workspace/rtl/dll/vibe_bcrc.sv:42$56.fb' using process `\vibe_bcrc.$proc$/workspace/rtl/dll/vibe_bcrc.sv:28$162'.
  created $adff cell `$procdff$10132' with positive edge clock and positive level reset.
Creating register for signal `\vibe_bcrc.\crc30_step$func$/workspace/rtl/dll/vibe_bcrc.sv:42$57.$result' using process `\vibe_bcrc.$proc$/workspace/rtl/dll/vibe_bcrc.sv:28$162'.
  created $adff cell `$procdff$10137' with positive edge clock and positive level reset.
Creating register for signal `\vibe_bcrc.\crc30_step$func$/workspace/rtl/dll/vibe_bcrc.sv:42$57.c' using process `\vibe_bcrc.$proc$/workspace/rtl/dll/vibe_bcrc.sv:28$162'.
  created $adff cell `$procdff$10142' with positive edge clock and positive level reset.
Creating register for signal `\vibe_bcrc.\crc30_step$func$/workspace/rtl/dll/vibe_bcrc.sv:42$57.b' using process `\vibe_bcrc.$proc$/workspace/rtl/dll/vibe_bcrc.sv:28$162'.
  created $adff cell `$procdff$10147' with positive edge clock and positive level reset.
Creating register for signal `\vibe_bcrc.\crc30_step$func$/workspace/rtl/dll/vibe_bcrc.sv:42$57.fb' using process `\vibe_bcrc.$proc$/workspace/rtl/dll/vibe_bcrc.sv:28$162'.
  created $adff cell `$procdff$10152' with positive edge clock and positive level reset.
Creating register for signal `\vibe_bcrc.\crc30_step$func$/workspace/rtl/dll/vibe_bcrc.sv:42$58.$result' using process `\vibe_bcrc.$proc$/workspace/rtl/dll/vibe_bcrc.sv:28$162'.
  created $adff cell `$procdff$10157' with positive edge clock and positive level reset.
Creating register for signal `\vibe_bcrc.\crc30_step$func$/workspace/rtl/dll/vibe_bcrc.sv:42$58.c' using process `\vibe_bcrc.$proc$/workspace/rtl/dll/vibe_bcrc.sv:28$162'.
  created $adff cell `$procdff$10162' with positive edge clock and positive level reset.
Creating register for signal `\vibe_bcrc.\crc30_step$func$/workspace/rtl/dll/vibe_bcrc.sv:42$58.b' using process `\vibe_bcrc.$proc$/workspace/rtl/dll/vibe_bcrc.sv:28$162'.
  created $adff cell `$procdff$10167' with positive edge clock and positive level reset.
Creating register for signal `\vibe_bcrc.\crc30_step$func$/workspace/rtl/dll/vibe_bcrc.sv:42$58.fb' using process `\vibe_bcrc.$proc$/workspace/rtl/dll/vibe_bcrc.sv:28$162'.
  created $adff cell `$procdff$10172' with positive edge clock and positive level reset.
Creating register for signal `\vibe_bcrc.\crc30_step$func$/workspace/rtl/dll/vibe_bcrc.sv:42$59.$result' using process `\vibe_bcrc.$proc$/workspace/rtl/dll/vibe_bcrc.sv:28$162'.
  created $adff cell `$procdff$10177' with positive edge clock and positive level reset.
Creating register for signal `\vibe_bcrc.\crc30_step$func$/workspace/rtl/dll/vibe_bcrc.sv:42$59.c' using process `\vibe_bcrc.$proc$/workspace/rtl/dll/vibe_bcrc.sv:28$162'.
  created $adff cell `$procdff$10182' with positive edge clock and positive level reset.
Creating register for signal `\vibe_bcrc.\crc30_step$func$/workspace/rtl/dll/vibe_bcrc.sv:42$59.b' using process `\vibe_bcrc.$proc$/workspace/rtl/dll/vibe_bcrc.sv:28$162'.
  created $adff cell `$procdff$10187' with positive edge clock and positive level reset.
Creating register for signal `\vibe_bcrc.\crc30_step$func$/workspace/rtl/dll/vibe_bcrc.sv:42$59.fb' using process `\vibe_bcrc.$proc$/workspace/rtl/dll/vibe_bcrc.sv:28$162'.
  created $adff cell `$procdff$10192' with positive edge clock and positive level reset.
Creating register for signal `\vibe_bcrc.\crc30_step$func$/workspace/rtl/dll/vibe_bcrc.sv:42$60.$result' using process `\vibe_bcrc.$proc$/workspace/rtl/dll/vibe_bcrc.sv:28$162'.
  created $adff cell `$procdff$10197' with positive edge clock and positive level reset.
Creating register for signal `\vibe_bcrc.\crc30_step$func$/workspace/rtl/dll/vibe_bcrc.sv:42$60.c' using process `\vibe_bcrc.$proc$/workspace/rtl/dll/vibe_bcrc.sv:28$162'.
  created $adff cell `$procdff$10202' with positive edge clock and positive level reset.
Creating register for signal `\vibe_bcrc.\crc30_step$func$/workspace/rtl/dll/vibe_bcrc.sv:42$60.b' using process `\vibe_bcrc.$proc$/workspace/rtl/dll/vibe_bcrc.sv:28$162'.
  created $adff cell `$procdff$10207' with positive edge clock and positive level reset.
Creating register for signal `\vibe_bcrc.\crc30_step$func$/workspace/rtl/dll/vibe_bcrc.sv:42$60.fb' using process `\vibe_bcrc.$proc$/workspace/rtl/dll/vibe_bcrc.sv:28$162'.
  created $adff cell `$procdff$10212' with positive edge clock and positive level reset.
Creating register for signal `\vibe_bcrc.\crc30_step$func$/workspace/rtl/dll/vibe_bcrc.sv:42$61.$result' using process `\vibe_bcrc.$proc$/workspace/rtl/dll/vibe_bcrc.sv:28$162'.
  created $adff cell `$procdff$10217' with positive edge clock and positive level reset.
Creating register for signal `\vibe_bcrc.\crc30_step$func$/workspace/rtl/dll/vibe_bcrc.sv:42$61.c' using process `\vibe_bcrc.$proc$/workspace/rtl/dll/vibe_bcrc.sv:28$162'.
  created $adff cell `$procdff$10222' with positive edge clock and positive level reset.
Creating register for signal `\vibe_bcrc.\crc30_step$func$/workspace/rtl/dll/vibe_bcrc.sv:42$61.b' using process `\vibe_bcrc.$proc$/workspace/rtl/dll/vibe_bcrc.sv:28$162'.
  created $adff cell `$procdff$10227' with positive edge clock and positive level reset.
Creating register for signal `\vibe_bcrc.\crc30_step$func$/workspace/rtl/dll/vibe_bcrc.sv:42$61.fb' using process `\vibe_bcrc.$proc$/workspace/rtl/dll/vibe_bcrc.sv:28$162'.
  created $adff cell `$procdff$10232' with positive edge clock and positive level reset.
Creating register for signal `\vibe_bcrc.\crc30_step$func$/workspace/rtl/dll/vibe_bcrc.sv:42$62.$result' using process `\vibe_bcrc.$proc$/workspace/rtl/dll/vibe_bcrc.sv:28$162'.
  created $adff cell `$procdff$10237' with positive edge clock and positive level reset.
Creating register for signal `\vibe_bcrc.\crc30_step$func$/workspace/rtl/dll/vibe_bcrc.sv:42$62.c' using process `\vibe_bcrc.$proc$/workspace/rtl/dll/vibe_bcrc.sv:28$162'.
  created $adff cell `$procdff$10242' with positive edge clock and positive level reset.
Creating register for signal `\vibe_bcrc.\crc30_step$func$/workspace/rtl/dll/vibe_bcrc.sv:42$62.b' using process `\vibe_bcrc.$proc$/workspace/rtl/dll/vibe_bcrc.sv:28$162'.
  created $adff cell `$procdff$10247' with positive edge clock and positive level reset.
Creating register for signal `\vibe_bcrc.\crc30_step$func$/workspace/rtl/dll/vibe_bcrc.sv:42$62.fb' using process `\vibe_bcrc.$proc$/workspace/rtl/dll/vibe_bcrc.sv:28$162'.
  created $adff cell `$procdff$10252' with positive edge clock and positive level reset.
Creating register for signal `\vibe_bcrc.\crc30_step$func$/workspace/rtl/dll/vibe_bcrc.sv:42$63.$result' using process `\vibe_bcrc.$proc$/workspace/rtl/dll/vibe_bcrc.sv:28$162'.
  created $adff cell `$procdff$10257' with positive edge clock and positive level reset.
Creating register for signal `\vibe_bcrc.\crc30_step$func$/workspace/rtl/dll/vibe_bcrc.sv:42$63.c' using process `\vibe_bcrc.$proc$/workspace/rtl/dll/vibe_bcrc.sv:28$162'.
  created $adff cell `$procdff$10262' with positive edge clock and positive level reset.
Creating register for signal `\vibe_bcrc.\crc30_step$func$/workspace/rtl/dll/vibe_bcrc.sv:42$63.b' using process `\vibe_bcrc.$proc$/workspace/rtl/dll/vibe_bcrc.sv:28$162'.
  created $adff cell `$procdff$10267' with positive edge clock and positive level reset.
Creating register for signal `\vibe_bcrc.\crc30_step$func$/workspace/rtl/dll/vibe_bcrc.sv:42$63.fb' using process `\vibe_bcrc.$proc$/workspace/rtl/dll/vibe_bcrc.sv:28$162'.
  created $adff cell `$procdff$10272' with positive edge clock and positive level reset.
Creating register for signal `\vibe_bcrc.\crc30_step$func$/workspace/rtl/dll/vibe_bcrc.sv:42$64.$result' using process `\vibe_bcrc.$proc$/workspace/rtl/dll/vibe_bcrc.sv:28$162'.
  created $adff cell `$procdff$10277' with positive edge clock and positive level reset.
Creating register for signal `\vibe_bcrc.\crc30_step$func$/workspace/rtl/dll/vibe_bcrc.sv:42$64.c' using process `\vibe_bcrc.$proc$/workspace/rtl/dll/vibe_bcrc.sv:28$162'.
  created $adff cell `$procdff$10282' with positive edge clock and positive level reset.
Creating register for signal `\vibe_bcrc.\crc30_step$func$/workspace/rtl/dll/vibe_bcrc.sv:42$64.b' using process `\vibe_bcrc.$proc$/workspace/rtl/dll/vibe_bcrc.sv:28$162'.
  created $adff cell `$procdff$10287' with positive edge clock and positive level reset.
Creating register for signal `\vibe_bcrc.\crc30_step$func$/workspace/rtl/dll/vibe_bcrc.sv:42$64.fb' using process `\vibe_bcrc.$proc$/workspace/rtl/dll/vibe_bcrc.sv:28$162'.
  created $adff cell `$procdff$10292' with positive edge clock and positive level reset.
Creating register for signal `\vibe_bcrc.\crc30_step$func$/workspace/rtl/dll/vibe_bcrc.sv:42$65.$result' using process `\vibe_bcrc.$proc$/workspace/rtl/dll/vibe_bcrc.sv:28$162'.
  created $adff cell `$procdff$10297' with positive edge clock and positive level reset.
Creating register for signal `\vibe_bcrc.\crc30_step$func$/workspace/rtl/dll/vibe_bcrc.sv:42$65.c' using process `\vibe_bcrc.$proc$/workspace/rtl/dll/vibe_bcrc.sv:28$162'.
  created $adff cell `$procdff$10302' with positive edge clock and positive level reset.
Creating register for signal `\vibe_bcrc.\crc30_step$func$/workspace/rtl/dll/vibe_bcrc.sv:42$65.b' using process `\vibe_bcrc.$proc$/workspace/rtl/dll/vibe_bcrc.sv:28$162'.
  created $adff cell `$procdff$10307' with positive edge clock and positive level reset.
Creating register for signal `\vibe_bcrc.\crc30_step$func$/workspace/rtl/dll/vibe_bcrc.sv:42$65.fb' using process `\vibe_bcrc.$proc$/workspace/rtl/dll/vibe_bcrc.sv:28$162'.
  created $adff cell `$procdff$10312' with positive edge clock and positive level reset.
Creating register for signal `\vibe_bcrc.\crc30_step$func$/workspace/rtl/dll/vibe_bcrc.sv:42$66.$result' using process `\vibe_bcrc.$proc$/workspace/rtl/dll/vibe_bcrc.sv:28$162'.
  created $adff cell `$procdff$10317' with positive edge clock and positive level reset.
Creating register for signal `\vibe_bcrc.\crc30_step$func$/workspace/rtl/dll/vibe_bcrc.sv:42$66.c' using process `\vibe_bcrc.$proc$/workspace/rtl/dll/vibe_bcrc.sv:28$162'.
  created $adff cell `$procdff$10322' with positive edge clock and positive level reset.
Creating register for signal `\vibe_bcrc.\crc30_step$func$/workspace/rtl/dll/vibe_bcrc.sv:42$66.b' using process `\vibe_bcrc.$proc$/workspace/rtl/dll/vibe_bcrc.sv:28$162'.
  created $adff cell `$procdff$10327' with positive edge clock and positive level reset.
Creating register for signal `\vibe_bcrc.\crc30_step$func$/workspace/rtl/dll/vibe_bcrc.sv:42$66.fb' using process `\vibe_bcrc.$proc$/workspace/rtl/dll/vibe_bcrc.sv:28$162'.
  created $adff cell `$procdff$10332' with positive edge clock and positive level reset.
Creating register for signal `\vibe_bcrc.\crc30_step$func$/workspace/rtl/dll/vibe_bcrc.sv:42$67.$result' using process `\vibe_bcrc.$proc$/workspace/rtl/dll/vibe_bcrc.sv:28$162'.
  created $adff cell `$procdff$10337' with positive edge clock and positive level reset.
Creating register for signal `\vibe_bcrc.\crc30_step$func$/workspace/rtl/dll/vibe_bcrc.sv:42$67.c' using process `\vibe_bcrc.$proc$/workspace/rtl/dll/vibe_bcrc.sv:28$162'.
  created $adff cell `$procdff$10342' with positive edge clock and positive level reset.
Creating register for signal `\vibe_bcrc.\crc30_step$func$/workspace/rtl/dll/vibe_bcrc.sv:42$67.b' using process `\vibe_bcrc.$proc$/workspace/rtl/dll/vibe_bcrc.sv:28$162'.
  created $adff cell `$procdff$10347' with positive edge clock and positive level reset.
Creating register for signal `\vibe_bcrc.\crc30_step$func$/workspace/rtl/dll/vibe_bcrc.sv:42$67.fb' using process `\vibe_bcrc.$proc$/workspace/rtl/dll/vibe_bcrc.sv:28$162'.
  created $adff cell `$procdff$10352' with positive edge clock and positive level reset.
Creating register for signal `\vibe_bcrc.\crc30_step$func$/workspace/rtl/dll/vibe_bcrc.sv:42$68.$result' using process `\vibe_bcrc.$proc$/workspace/rtl/dll/vibe_bcrc.sv:28$162'.
  created $adff cell `$procdff$10357' with positive edge clock and positive level reset.
Creating register for signal `\vibe_bcrc.\crc30_step$func$/workspace/rtl/dll/vibe_bcrc.sv:42$68.c' using process `\vibe_bcrc.$proc$/workspace/rtl/dll/vibe_bcrc.sv:28$162'.
  created $adff cell `$procdff$10362' with positive edge clock and positive level reset.
Creating register for signal `\vibe_bcrc.\crc30_step$func$/workspace/rtl/dll/vibe_bcrc.sv:42$68.b' using process `\vibe_bcrc.$proc$/workspace/rtl/dll/vibe_bcrc.sv:28$162'.
  created $adff cell `$procdff$10367' with positive edge clock and positive level reset.
Creating register for signal `\vibe_bcrc.\crc30_step$func$/workspace/rtl/dll/vibe_bcrc.sv:42$68.fb' using process `\vibe_bcrc.$proc$/workspace/rtl/dll/vibe_bcrc.sv:28$162'.
  created $adff cell `$procdff$10372' with positive edge clock and positive level reset.
Creating register for signal `\vibe_bcrc.\crc30_step$func$/workspace/rtl/dll/vibe_bcrc.sv:42$69.$result' using process `\vibe_bcrc.$proc$/workspace/rtl/dll/vibe_bcrc.sv:28$162'.
  created $adff cell `$procdff$10377' with positive edge clock and positive level reset.
Creating register for signal `\vibe_bcrc.\crc30_step$func$/workspace/rtl/dll/vibe_bcrc.sv:42$69.c' using process `\vibe_bcrc.$proc$/workspace/rtl/dll/vibe_bcrc.sv:28$162'.
  created $adff cell `$procdff$10382' with positive edge clock and positive level reset.
Creating register for signal `\vibe_bcrc.\crc30_step$func$/workspace/rtl/dll/vibe_bcrc.sv:42$69.b' using process `\vibe_bcrc.$proc$/workspace/rtl/dll/vibe_bcrc.sv:28$162'.
  created $adff cell `$procdff$10387' with positive edge clock and positive level reset.
Creating register for signal `\vibe_bcrc.\crc30_step$func$/workspace/rtl/dll/vibe_bcrc.sv:42$69.fb' using process `\vibe_bcrc.$proc$/workspace/rtl/dll/vibe_bcrc.sv:28$162'.
  created $adff cell `$procdff$10392' with positive edge clock and positive level reset.
Creating register for signal `\vibe_bcrc.\crc30_step$func$/workspace/rtl/dll/vibe_bcrc.sv:42$70.$result' using process `\vibe_bcrc.$proc$/workspace/rtl/dll/vibe_bcrc.sv:28$162'.
  created $adff cell `$procdff$10397' with positive edge clock and positive level reset.
Creating register for signal `\vibe_bcrc.\crc30_step$func$/workspace/rtl/dll/vibe_bcrc.sv:42$70.c' using process `\vibe_bcrc.$proc$/workspace/rtl/dll/vibe_bcrc.sv:28$162'.
  created $adff cell `$procdff$10402' with positive edge clock and positive level reset.
Creating register for signal `\vibe_bcrc.\crc30_step$func$/workspace/rtl/dll/vibe_bcrc.sv:42$70.b' using process `\vibe_bcrc.$proc$/workspace/rtl/dll/vibe_bcrc.sv:28$162'.
  created $adff cell `$procdff$10407' with positive edge clock and positive level reset.
Creating register for signal `\vibe_bcrc.\crc30_step$func$/workspace/rtl/dll/vibe_bcrc.sv:42$70.fb' using process `\vibe_bcrc.$proc$/workspace/rtl/dll/vibe_bcrc.sv:28$162'.
  created $adff cell `$procdff$10412' with positive edge clock and positive level reset.
Creating register for signal `\vibe_bcrc.\crc30_step$func$/workspace/rtl/dll/vibe_bcrc.sv:42$71.$result' using process `\vibe_bcrc.$proc$/workspace/rtl/dll/vibe_bcrc.sv:28$162'.
  created $adff cell `$procdff$10417' with positive edge clock and positive level reset.
Creating register for signal `\vibe_bcrc.\crc30_step$func$/workspace/rtl/dll/vibe_bcrc.sv:42$71.c' using process `\vibe_bcrc.$proc$/workspace/rtl/dll/vibe_bcrc.sv:28$162'.
  created $adff cell `$procdff$10422' with positive edge clock and positive level reset.
Creating register for signal `\vibe_bcrc.\crc30_step$func$/workspace/rtl/dll/vibe_bcrc.sv:42$71.b' using process `\vibe_bcrc.$proc$/workspace/rtl/dll/vibe_bcrc.sv:28$162'.
  created $adff cell `$procdff$10427' with positive edge clock and positive level reset.
Creating register for signal `\vibe_bcrc.\crc30_step$func$/workspace/rtl/dll/vibe_bcrc.sv:42$71.fb' using process `\vibe_bcrc.$proc$/workspace/rtl/dll/vibe_bcrc.sv:28$162'.
  created $adff cell `$procdff$10432' with positive edge clock and positive level reset.
Creating register for signal `\vibe_bcrc.\crc30_step$func$/workspace/rtl/dll/vibe_bcrc.sv:42$72.$result' using process `\vibe_bcrc.$proc$/workspace/rtl/dll/vibe_bcrc.sv:28$162'.
  created $adff cell `$procdff$10437' with positive edge clock and positive level reset.
Creating register for signal `\vibe_bcrc.\crc30_step$func$/workspace/rtl/dll/vibe_bcrc.sv:42$72.c' using process `\vibe_bcrc.$proc$/workspace/rtl/dll/vibe_bcrc.sv:28$162'.
  created $adff cell `$procdff$10442' with positive edge clock and positive level reset.
Creating register for signal `\vibe_bcrc.\crc30_step$func$/workspace/rtl/dll/vibe_bcrc.sv:42$72.b' using process `\vibe_bcrc.$proc$/workspace/rtl/dll/vibe_bcrc.sv:28$162'.
  created $adff cell `$procdff$10447' with positive edge clock and positive level reset.
Creating register for signal `\vibe_bcrc.\crc30_step$func$/workspace/rtl/dll/vibe_bcrc.sv:42$72.fb' using process `\vibe_bcrc.$proc$/workspace/rtl/dll/vibe_bcrc.sv:28$162'.
  created $adff cell `$procdff$10452' with positive edge clock and positive level reset.
Creating register for signal `\vibe_bcrc.\crc30_step$func$/workspace/rtl/dll/vibe_bcrc.sv:42$73.$result' using process `\vibe_bcrc.$proc$/workspace/rtl/dll/vibe_bcrc.sv:28$162'.
  created $adff cell `$procdff$10457' with positive edge clock and positive level reset.
Creating register for signal `\vibe_bcrc.\crc30_step$func$/workspace/rtl/dll/vibe_bcrc.sv:42$73.c' using process `\vibe_bcrc.$proc$/workspace/rtl/dll/vibe_bcrc.sv:28$162'.
  created $adff cell `$procdff$10462' with positive edge clock and positive level reset.
Creating register for signal `\vibe_bcrc.\crc30_step$func$/workspace/rtl/dll/vibe_bcrc.sv:42$73.b' using process `\vibe_bcrc.$proc$/workspace/rtl/dll/vibe_bcrc.sv:28$162'.
  created $adff cell `$procdff$10467' with positive edge clock and positive level reset.
Creating register for signal `\vibe_bcrc.\crc30_step$func$/workspace/rtl/dll/vibe_bcrc.sv:42$73.fb' using process `\vibe_bcrc.$proc$/workspace/rtl/dll/vibe_bcrc.sv:28$162'.
  created $adff cell `$procdff$10472' with positive edge clock and positive level reset.
Creating register for signal `\vibe_bcrc.\crc30_step$func$/workspace/rtl/dll/vibe_bcrc.sv:42$74.$result' using process `\vibe_bcrc.$proc$/workspace/rtl/dll/vibe_bcrc.sv:28$162'.
  created $adff cell `$procdff$10477' with positive edge clock and positive level reset.
Creating register for signal `\vibe_bcrc.\crc30_step$func$/workspace/rtl/dll/vibe_bcrc.sv:42$74.c' using process `\vibe_bcrc.$proc$/workspace/rtl/dll/vibe_bcrc.sv:28$162'.
  created $adff cell `$procdff$10482' with positive edge clock and positive level reset.
Creating register for signal `\vibe_bcrc.\crc30_step$func$/workspace/rtl/dll/vibe_bcrc.sv:42$74.b' using process `\vibe_bcrc.$proc$/workspace/rtl/dll/vibe_bcrc.sv:28$162'.
  created $adff cell `$procdff$10487' with positive edge clock and positive level reset.
Creating register for signal `\vibe_bcrc.\crc30_step$func$/workspace/rtl/dll/vibe_bcrc.sv:42$74.fb' using process `\vibe_bcrc.$proc$/workspace/rtl/dll/vibe_bcrc.sv:28$162'.
  created $adff cell `$procdff$10492' with positive edge clock and positive level reset.
Creating register for signal `\vibe_bcrc.\crc30_step$func$/workspace/rtl/dll/vibe_bcrc.sv:42$75.$result' using process `\vibe_bcrc.$proc$/workspace/rtl/dll/vibe_bcrc.sv:28$162'.
  created $adff cell `$procdff$10497' with positive edge clock and positive level reset.
Creating register for signal `\vibe_bcrc.\crc30_step$func$/workspace/rtl/dll/vibe_bcrc.sv:42$75.c' using process `\vibe_bcrc.$proc$/workspace/rtl/dll/vibe_bcrc.sv:28$162'.
  created $adff cell `$procdff$10502' with positive edge clock and positive level reset.
Creating register for signal `\vibe_bcrc.\crc30_step$func$/workspace/rtl/dll/vibe_bcrc.sv:42$75.b' using process `\vibe_bcrc.$proc$/workspace/rtl/dll/vibe_bcrc.sv:28$162'.
  created $adff cell `$procdff$10507' with positive edge clock and positive level reset.
Creating register for signal `\vibe_bcrc.\crc30_step$func$/workspace/rtl/dll/vibe_bcrc.sv:42$75.fb' using process `\vibe_bcrc.$proc$/workspace/rtl/dll/vibe_bcrc.sv:28$162'.
  created $adff cell `$procdff$10512' with positive edge clock and positive level reset.
Creating register for signal `\vibe_bcrc.\crc30_step$func$/workspace/rtl/dll/vibe_bcrc.sv:42$76.$result' using process `\vibe_bcrc.$proc$/workspace/rtl/dll/vibe_bcrc.sv:28$162'.
  created $adff cell `$procdff$10517' with positive edge clock and positive level reset.
Creating register for signal `\vibe_bcrc.\crc30_step$func$/workspace/rtl/dll/vibe_bcrc.sv:42$76.c' using process `\vibe_bcrc.$proc$/workspace/rtl/dll/vibe_bcrc.sv:28$162'.
  created $adff cell `$procdff$10522' with positive edge clock and positive level reset.
Creating register for signal `\vibe_bcrc.\crc30_step$func$/workspace/rtl/dll/vibe_bcrc.sv:42$76.b' using process `\vibe_bcrc.$proc$/workspace/rtl/dll/vibe_bcrc.sv:28$162'.
  created $adff cell `$procdff$10527' with positive edge clock and positive level reset.
Creating register for signal `\vibe_bcrc.\crc30_step$func$/workspace/rtl/dll/vibe_bcrc.sv:42$76.fb' using process `\vibe_bcrc.$proc$/workspace/rtl/dll/vibe_bcrc.sv:28$162'.
  created $adff cell `$procdff$10532' with positive edge clock and positive level reset.
Creating register for signal `\vibe_bcrc.\crc30_step$func$/workspace/rtl/dll/vibe_bcrc.sv:42$77.$result' using process `\vibe_bcrc.$proc$/workspace/rtl/dll/vibe_bcrc.sv:28$162'.
  created $adff cell `$procdff$10537' with positive edge clock and positive level reset.
Creating register for signal `\vibe_bcrc.\crc30_step$func$/workspace/rtl/dll/vibe_bcrc.sv:42$77.c' using process `\vibe_bcrc.$proc$/workspace/rtl/dll/vibe_bcrc.sv:28$162'.
  created $adff cell `$procdff$10542' with positive edge clock and positive level reset.
Creating register for signal `\vibe_bcrc.\crc30_step$func$/workspace/rtl/dll/vibe_bcrc.sv:42$77.b' using process `\vibe_bcrc.$proc$/workspace/rtl/dll/vibe_bcrc.sv:28$162'.
  created $adff cell `$procdff$10547' with positive edge clock and positive level reset.
Creating register for signal `\vibe_bcrc.\crc30_step$func$/workspace/rtl/dll/vibe_bcrc.sv:42$77.fb' using process `\vibe_bcrc.$proc$/workspace/rtl/dll/vibe_bcrc.sv:28$162'.
  created $adff cell `$procdff$10552' with positive edge clock and positive level reset.
Creating register for signal `\vibe_bcrc.\crc30_step$func$/workspace/rtl/dll/vibe_bcrc.sv:42$78.$result' using process `\vibe_bcrc.$proc$/workspace/rtl/dll/vibe_bcrc.sv:28$162'.
  created $adff cell `$procdff$10557' with positive edge clock and positive level reset.
Creating register for signal `\vibe_bcrc.\crc30_step$func$/workspace/rtl/dll/vibe_bcrc.sv:42$78.c' using process `\vibe_bcrc.$proc$/workspace/rtl/dll/vibe_bcrc.sv:28$162'.
  created $adff cell `$procdff$10562' with positive edge clock and positive level reset.
Creating register for signal `\vibe_bcrc.\crc30_step$func$/workspace/rtl/dll/vibe_bcrc.sv:42$78.b' using process `\vibe_bcrc.$proc$/workspace/rtl/dll/vibe_bcrc.sv:28$162'.
  created $adff cell `$procdff$10567' with positive edge clock and positive level reset.
Creating register for signal `\vibe_bcrc.\crc30_step$func$/workspace/rtl/dll/vibe_bcrc.sv:42$78.fb' using process `\vibe_bcrc.$proc$/workspace/rtl/dll/vibe_bcrc.sv:28$162'.
  created $adff cell `$procdff$10572' with positive edge clock and positive level reset.
Creating register for signal `\vibe_bcrc.\crc30_step$func$/workspace/rtl/dll/vibe_bcrc.sv:42$79.$result' using process `\vibe_bcrc.$proc$/workspace/rtl/dll/vibe_bcrc.sv:28$162'.
  created $adff cell `$procdff$10577' with positive edge clock and positive level reset.
Creating register for signal `\vibe_bcrc.\crc30_step$func$/workspace/rtl/dll/vibe_bcrc.sv:42$79.c' using process `\vibe_bcrc.$proc$/workspace/rtl/dll/vibe_bcrc.sv:28$162'.
  created $adff cell `$procdff$10582' with positive edge clock and positive level reset.
Creating register for signal `\vibe_bcrc.\crc30_step$func$/workspace/rtl/dll/vibe_bcrc.sv:42$79.b' using process `\vibe_bcrc.$proc$/workspace/rtl/dll/vibe_bcrc.sv:28$162'.
  created $adff cell `$procdff$10587' with positive edge clock and positive level reset.
Creating register for signal `\vibe_bcrc.\crc30_step$func$/workspace/rtl/dll/vibe_bcrc.sv:42$79.fb' using process `\vibe_bcrc.$proc$/workspace/rtl/dll/vibe_bcrc.sv:28$162'.
  created $adff cell `$procdff$10592' with positive edge clock and positive level reset.
Creating register for signal `\vibe_bcrc.\crc30_step$func$/workspace/rtl/dll/vibe_bcrc.sv:42$80.$result' using process `\vibe_bcrc.$proc$/workspace/rtl/dll/vibe_bcrc.sv:28$162'.
  created $adff cell `$procdff$10597' with positive edge clock and positive level reset.
Creating register for signal `\vibe_bcrc.\crc30_step$func$/workspace/rtl/dll/vibe_bcrc.sv:42$80.c' using process `\vibe_bcrc.$proc$/workspace/rtl/dll/vibe_bcrc.sv:28$162'.
  created $adff cell `$procdff$10602' with positive edge clock and positive level reset.
Creating register for signal `\vibe_bcrc.\crc30_step$func$/workspace/rtl/dll/vibe_bcrc.sv:42$80.b' using process `\vibe_bcrc.$proc$/workspace/rtl/dll/vibe_bcrc.sv:28$162'.
  created $adff cell `$procdff$10607' with positive edge clock and positive level reset.
Creating register for signal `\vibe_bcrc.\crc30_step$func$/workspace/rtl/dll/vibe_bcrc.sv:42$80.fb' using process `\vibe_bcrc.$proc$/workspace/rtl/dll/vibe_bcrc.sv:28$162'.
  created $adff cell `$procdff$10612' with positive edge clock and positive level reset.
Creating register for signal `\vibe_bcrc.\crc30_step$func$/workspace/rtl/dll/vibe_bcrc.sv:42$81.$result' using process `\vibe_bcrc.$proc$/workspace/rtl/dll/vibe_bcrc.sv:28$162'.
  created $adff cell `$procdff$10617' with positive edge clock and positive level reset.
Creating register for signal `\vibe_bcrc.\crc30_step$func$/workspace/rtl/dll/vibe_bcrc.sv:42$81.c' using process `\vibe_bcrc.$proc$/workspace/rtl/dll/vibe_bcrc.sv:28$162'.
  created $adff cell `$procdff$10622' with positive edge clock and positive level reset.
Creating register for signal `\vibe_bcrc.\crc30_step$func$/workspace/rtl/dll/vibe_bcrc.sv:42$81.b' using process `\vibe_bcrc.$proc$/workspace/rtl/dll/vibe_bcrc.sv:28$162'.
  created $adff cell `$procdff$10627' with positive edge clock and positive level reset.
Creating register for signal `\vibe_bcrc.\crc30_step$func$/workspace/rtl/dll/vibe_bcrc.sv:42$81.fb' using process `\vibe_bcrc.$proc$/workspace/rtl/dll/vibe_bcrc.sv:28$162'.
  created $adff cell `$procdff$10632' with positive edge clock and positive level reset.
Creating register for signal `\vibe_bcrc.\crc30_step$func$/workspace/rtl/dll/vibe_bcrc.sv:42$82.$result' using process `\vibe_bcrc.$proc$/workspace/rtl/dll/vibe_bcrc.sv:28$162'.
  created $adff cell `$procdff$10637' with positive edge clock and positive level reset.
Creating register for signal `\vibe_bcrc.\crc30_step$func$/workspace/rtl/dll/vibe_bcrc.sv:42$82.c' using process `\vibe_bcrc.$proc$/workspace/rtl/dll/vibe_bcrc.sv:28$162'.
  created $adff cell `$procdff$10642' with positive edge clock and positive level reset.
Creating register for signal `\vibe_bcrc.\crc30_step$func$/workspace/rtl/dll/vibe_bcrc.sv:42$82.b' using process `\vibe_bcrc.$proc$/workspace/rtl/dll/vibe_bcrc.sv:28$162'.
  created $adff cell `$procdff$10647' with positive edge clock and positive level reset.
Creating register for signal `\vibe_bcrc.\crc30_step$func$/workspace/rtl/dll/vibe_bcrc.sv:42$82.fb' using process `\vibe_bcrc.$proc$/workspace/rtl/dll/vibe_bcrc.sv:28$162'.
  created $adff cell `$procdff$10652' with positive edge clock and positive level reset.
Creating register for signal `\vibe_bcrc.\crc30_step$func$/workspace/rtl/dll/vibe_bcrc.sv:42$83.$result' using process `\vibe_bcrc.$proc$/workspace/rtl/dll/vibe_bcrc.sv:28$162'.
  created $adff cell `$procdff$10657' with positive edge clock and positive level reset.
Creating register for signal `\vibe_bcrc.\crc30_step$func$/workspace/rtl/dll/vibe_bcrc.sv:42$83.c' using process `\vibe_bcrc.$proc$/workspace/rtl/dll/vibe_bcrc.sv:28$162'.
  created $adff cell `$procdff$10662' with positive edge clock and positive level reset.
Creating register for signal `\vibe_bcrc.\crc30_step$func$/workspace/rtl/dll/vibe_bcrc.sv:42$83.b' using process `\vibe_bcrc.$proc$/workspace/rtl/dll/vibe_bcrc.sv:28$162'.
  created $adff cell `$procdff$10667' with positive edge clock and positive level reset.
Creating register for signal `\vibe_bcrc.\crc30_step$func$/workspace/rtl/dll/vibe_bcrc.sv:42$83.fb' using process `\vibe_bcrc.$proc$/workspace/rtl/dll/vibe_bcrc.sv:28$162'.
  created $adff cell `$procdff$10672' with positive edge clock and positive level reset.
Creating register for signal `\vibe_bcrc.\crc30_step$func$/workspace/rtl/dll/vibe_bcrc.sv:42$84.$result' using process `\vibe_bcrc.$proc$/workspace/rtl/dll/vibe_bcrc.sv:28$162'.
  created $adff cell `$procdff$10677' with positive edge clock and positive level reset.
Creating register for signal `\vibe_bcrc.\crc30_step$func$/workspace/rtl/dll/vibe_bcrc.sv:42$84.c' using process `\vibe_bcrc.$proc$/workspace/rtl/dll/vibe_bcrc.sv:28$162'.
  created $adff cell `$procdff$10682' with positive edge clock and positive level reset.
Creating register for signal `\vibe_bcrc.\crc30_step$func$/workspace/rtl/dll/vibe_bcrc.sv:42$84.b' using process `\vibe_bcrc.$proc$/workspace/rtl/dll/vibe_bcrc.sv:28$162'.
  created $adff cell `$procdff$10687' with positive edge clock and positive level reset.
Creating register for signal `\vibe_bcrc.\crc30_step$func$/workspace/rtl/dll/vibe_bcrc.sv:42$84.fb' using process `\vibe_bcrc.$proc$/workspace/rtl/dll/vibe_bcrc.sv:28$162'.
  created $adff cell `$procdff$10692' with positive edge clock and positive level reset.
Creating register for signal `\vibe_bcrc.\crc30_step$func$/workspace/rtl/dll/vibe_bcrc.sv:42$85.$result' using process `\vibe_bcrc.$proc$/workspace/rtl/dll/vibe_bcrc.sv:28$162'.
  created $adff cell `$procdff$10697' with positive edge clock and positive level reset.
Creating register for signal `\vibe_bcrc.\crc30_step$func$/workspace/rtl/dll/vibe_bcrc.sv:42$85.c' using process `\vibe_bcrc.$proc$/workspace/rtl/dll/vibe_bcrc.sv:28$162'.
  created $adff cell `$procdff$10702' with positive edge clock and positive level reset.
Creating register for signal `\vibe_bcrc.\crc30_step$func$/workspace/rtl/dll/vibe_bcrc.sv:42$85.b' using process `\vibe_bcrc.$proc$/workspace/rtl/dll/vibe_bcrc.sv:28$162'.
  created $adff cell `$procdff$10707' with positive edge clock and positive level reset.
Creating register for signal `\vibe_bcrc.\crc30_step$func$/workspace/rtl/dll/vibe_bcrc.sv:42$85.fb' using process `\vibe_bcrc.$proc$/workspace/rtl/dll/vibe_bcrc.sv:28$162'.
  created $adff cell `$procdff$10712' with positive edge clock and positive level reset.
Creating register for signal `\vibe_bcrc.\crc30_step$func$/workspace/rtl/dll/vibe_bcrc.sv:42$86.$result' using process `\vibe_bcrc.$proc$/workspace/rtl/dll/vibe_bcrc.sv:28$162'.
  created $adff cell `$procdff$10717' with positive edge clock and positive level reset.
Creating register for signal `\vibe_bcrc.\crc30_step$func$/workspace/rtl/dll/vibe_bcrc.sv:42$86.c' using process `\vibe_bcrc.$proc$/workspace/rtl/dll/vibe_bcrc.sv:28$162'.
  created $adff cell `$procdff$10722' with positive edge clock and positive level reset.
Creating register for signal `\vibe_bcrc.\crc30_step$func$/workspace/rtl/dll/vibe_bcrc.sv:42$86.b' using process `\vibe_bcrc.$proc$/workspace/rtl/dll/vibe_bcrc.sv:28$162'.
  created $adff cell `$procdff$10727' with positive edge clock and positive level reset.
Creating register for signal `\vibe_bcrc.\crc30_step$func$/workspace/rtl/dll/vibe_bcrc.sv:42$86.fb' using process `\vibe_bcrc.$proc$/workspace/rtl/dll/vibe_bcrc.sv:28$162'.
  created $adff cell `$procdff$10732' with positive edge clock and positive level reset.
Creating register for signal `\vibe_bcrc.\crc30_step$func$/workspace/rtl/dll/vibe_bcrc.sv:42$87.$result' using process `\vibe_bcrc.$proc$/workspace/rtl/dll/vibe_bcrc.sv:28$162'.
  created $adff cell `$procdff$10737' with positive edge clock and positive level reset.
Creating register for signal `\vibe_bcrc.\crc30_step$func$/workspace/rtl/dll/vibe_bcrc.sv:42$87.c' using process `\vibe_bcrc.$proc$/workspace/rtl/dll/vibe_bcrc.sv:28$162'.
  created $adff cell `$procdff$10742' with positive edge clock and positive level reset.
Creating register for signal `\vibe_bcrc.\crc30_step$func$/workspace/rtl/dll/vibe_bcrc.sv:42$87.b' using process `\vibe_bcrc.$proc$/workspace/rtl/dll/vibe_bcrc.sv:28$162'.
  created $adff cell `$procdff$10747' with positive edge clock and positive level reset.
Creating register for signal `\vibe_bcrc.\crc30_step$func$/workspace/rtl/dll/vibe_bcrc.sv:42$87.fb' using process `\vibe_bcrc.$proc$/workspace/rtl/dll/vibe_bcrc.sv:28$162'.
  created $adff cell `$procdff$10752' with positive edge clock and positive level reset.
Creating register for signal `\vibe_bcrc.\crc30_step$func$/workspace/rtl/dll/vibe_bcrc.sv:42$88.$result' using process `\vibe_bcrc.$proc$/workspace/rtl/dll/vibe_bcrc.sv:28$162'.
  created $adff cell `$procdff$10757' with positive edge clock and positive level reset.
Creating register for signal `\vibe_bcrc.\crc30_step$func$/workspace/rtl/dll/vibe_bcrc.sv:42$88.c' using process `\vibe_bcrc.$proc$/workspace/rtl/dll/vibe_bcrc.sv:28$162'.
  created $adff cell `$procdff$10762' with positive edge clock and positive level reset.
Creating register for signal `\vibe_bcrc.\crc30_step$func$/workspace/rtl/dll/vibe_bcrc.sv:42$88.b' using process `\vibe_bcrc.$proc$/workspace/rtl/dll/vibe_bcrc.sv:28$162'.
  created $adff cell `$procdff$10767' with positive edge clock and positive level reset.
Creating register for signal `\vibe_bcrc.\crc30_step$func$/workspace/rtl/dll/vibe_bcrc.sv:42$88.fb' using process `\vibe_bcrc.$proc$/workspace/rtl/dll/vibe_bcrc.sv:28$162'.
  created $adff cell `$procdff$10772' with positive edge clock and positive level reset.
Creating register for signal `\vibe_bcrc.\crc30_step$func$/workspace/rtl/dll/vibe_bcrc.sv:42$89.$result' using process `\vibe_bcrc.$proc$/workspace/rtl/dll/vibe_bcrc.sv:28$162'.
  created $adff cell `$procdff$10777' with positive edge clock and positive level reset.
Creating register for signal `\vibe_bcrc.\crc30_step$func$/workspace/rtl/dll/vibe_bcrc.sv:42$89.c' using process `\vibe_bcrc.$proc$/workspace/rtl/dll/vibe_bcrc.sv:28$162'.
  created $adff cell `$procdff$10782' with positive edge clock and positive level reset.
Creating register for signal `\vibe_bcrc.\crc30_step$func$/workspace/rtl/dll/vibe_bcrc.sv:42$89.b' using process `\vibe_bcrc.$proc$/workspace/rtl/dll/vibe_bcrc.sv:28$162'.
  created $adff cell `$procdff$10787' with positive edge clock and positive level reset.
Creating register for signal `\vibe_bcrc.\crc30_step$func$/workspace/rtl/dll/vibe_bcrc.sv:42$89.fb' using process `\vibe_bcrc.$proc$/workspace/rtl/dll/vibe_bcrc.sv:28$162'.
  created $adff cell `$procdff$10792' with positive edge clock and positive level reset.
Creating register for signal `\vibe_bcrc.\crc30_step$func$/workspace/rtl/dll/vibe_bcrc.sv:42$90.$result' using process `\vibe_bcrc.$proc$/workspace/rtl/dll/vibe_bcrc.sv:28$162'.
  created $adff cell `$procdff$10797' with positive edge clock and positive level reset.
Creating register for signal `\vibe_bcrc.\crc30_step$func$/workspace/rtl/dll/vibe_bcrc.sv:42$90.c' using process `\vibe_bcrc.$proc$/workspace/rtl/dll/vibe_bcrc.sv:28$162'.
  created $adff cell `$procdff$10802' with positive edge clock and positive level reset.
Creating register for signal `\vibe_bcrc.\crc30_step$func$/workspace/rtl/dll/vibe_bcrc.sv:42$90.b' using process `\vibe_bcrc.$proc$/workspace/rtl/dll/vibe_bcrc.sv:28$162'.
  created $adff cell `$procdff$10807' with positive edge clock and positive level reset.
Creating register for signal `\vibe_bcrc.\crc30_step$func$/workspace/rtl/dll/vibe_bcrc.sv:42$90.fb' using process `\vibe_bcrc.$proc$/workspace/rtl/dll/vibe_bcrc.sv:28$162'.
  created $adff cell `$procdff$10812' with positive edge clock and positive level reset.
Creating register for signal `\vibe_bcrc.\crc30_step$func$/workspace/rtl/dll/vibe_bcrc.sv:42$91.$result' using process `\vibe_bcrc.$proc$/workspace/rtl/dll/vibe_bcrc.sv:28$162'.
  created $adff cell `$procdff$10817' with positive edge clock and positive level reset.
Creating register for signal `\vibe_bcrc.\crc30_step$func$/workspace/rtl/dll/vibe_bcrc.sv:42$91.c' using process `\vibe_bcrc.$proc$/workspace/rtl/dll/vibe_bcrc.sv:28$162'.
  created $adff cell `$procdff$10822' with positive edge clock and positive level reset.
Creating register for signal `\vibe_bcrc.\crc30_step$func$/workspace/rtl/dll/vibe_bcrc.sv:42$91.b' using process `\vibe_bcrc.$proc$/workspace/rtl/dll/vibe_bcrc.sv:28$162'.
  created $adff cell `$procdff$10827' with positive edge clock and positive level reset.
Creating register for signal `\vibe_bcrc.\crc30_step$func$/workspace/rtl/dll/vibe_bcrc.sv:42$91.fb' using process `\vibe_bcrc.$proc$/workspace/rtl/dll/vibe_bcrc.sv:28$162'.
  created $adff cell `$procdff$10832' with positive edge clock and positive level reset.
Creating register for signal `\vibe_bcrc.\crc30_step$func$/workspace/rtl/dll/vibe_bcrc.sv:42$92.$result' using process `\vibe_bcrc.$proc$/workspace/rtl/dll/vibe_bcrc.sv:28$162'.
  created $adff cell `$procdff$10837' with positive edge clock and positive level reset.
Creating register for signal `\vibe_bcrc.\crc30_step$func$/workspace/rtl/dll/vibe_bcrc.sv:42$92.c' using process `\vibe_bcrc.$proc$/workspace/rtl/dll/vibe_bcrc.sv:28$162'.
  created $adff cell `$procdff$10842' with positive edge clock and positive level reset.
Creating register for signal `\vibe_bcrc.\crc30_step$func$/workspace/rtl/dll/vibe_bcrc.sv:42$92.b' using process `\vibe_bcrc.$proc$/workspace/rtl/dll/vibe_bcrc.sv:28$162'.
  created $adff cell `$procdff$10847' with positive edge clock and positive level reset.
Creating register for signal `\vibe_bcrc.\crc30_step$func$/workspace/rtl/dll/vibe_bcrc.sv:42$92.fb' using process `\vibe_bcrc.$proc$/workspace/rtl/dll/vibe_bcrc.sv:28$162'.
  created $adff cell `$procdff$10852' with positive edge clock and positive level reset.
Creating register for signal `\vibe_bcrc.\crc30_step$func$/workspace/rtl/dll/vibe_bcrc.sv:42$93.$result' using process `\vibe_bcrc.$proc$/workspace/rtl/dll/vibe_bcrc.sv:28$162'.
  created $adff cell `$procdff$10857' with positive edge clock and positive level reset.
Creating register for signal `\vibe_bcrc.\crc30_step$func$/workspace/rtl/dll/vibe_bcrc.sv:42$93.c' using process `\vibe_bcrc.$proc$/workspace/rtl/dll/vibe_bcrc.sv:28$162'.
  created $adff cell `$procdff$10862' with positive edge clock and positive level reset.
Creating register for signal `\vibe_bcrc.\crc30_step$func$/workspace/rtl/dll/vibe_bcrc.sv:42$93.b' using process `\vibe_bcrc.$proc$/workspace/rtl/dll/vibe_bcrc.sv:28$162'.
  created $adff cell `$procdff$10867' with positive edge clock and positive level reset.
Creating register for signal `\vibe_bcrc.\crc30_step$func$/workspace/rtl/dll/vibe_bcrc.sv:42$93.fb' using process `\vibe_bcrc.$proc$/workspace/rtl/dll/vibe_bcrc.sv:28$162'.
  created $adff cell `$procdff$10872' with positive edge clock and positive level reset.
Creating register for signal `\vibe_bcrc.\crc30_step$func$/workspace/rtl/dll/vibe_bcrc.sv:42$94.$result' using process `\vibe_bcrc.$proc$/workspace/rtl/dll/vibe_bcrc.sv:28$162'.
  created $adff cell `$procdff$10877' with positive edge clock and positive level reset.
Creating register for signal `\vibe_bcrc.\crc30_step$func$/workspace/rtl/dll/vibe_bcrc.sv:42$94.c' using process `\vibe_bcrc.$proc$/workspace/rtl/dll/vibe_bcrc.sv:28$162'.
  created $adff cell `$procdff$10882' with positive edge clock and positive level reset.
Creating register for signal `\vibe_bcrc.\crc30_step$func$/workspace/rtl/dll/vibe_bcrc.sv:42$94.b' using process `\vibe_bcrc.$proc$/workspace/rtl/dll/vibe_bcrc.sv:28$162'.
  created $adff cell `$procdff$10887' with positive edge clock and positive level reset.
Creating register for signal `\vibe_bcrc.\crc30_step$func$/workspace/rtl/dll/vibe_bcrc.sv:42$94.fb' using process `\vibe_bcrc.$proc$/workspace/rtl/dll/vibe_bcrc.sv:28$162'.
  created $adff cell `$procdff$10892' with positive edge clock and positive level reset.
Creating register for signal `\vibe_bcrc.\crc30_step$func$/workspace/rtl/dll/vibe_bcrc.sv:42$95.$result' using process `\vibe_bcrc.$proc$/workspace/rtl/dll/vibe_bcrc.sv:28$162'.
  created $adff cell `$procdff$10897' with positive edge clock and positive level reset.
Creating register for signal `\vibe_bcrc.\crc30_step$func$/workspace/rtl/dll/vibe_bcrc.sv:42$95.c' using process `\vibe_bcrc.$proc$/workspace/rtl/dll/vibe_bcrc.sv:28$162'.
  created $adff cell `$procdff$10902' with positive edge clock and positive level reset.
Creating register for signal `\vibe_bcrc.\crc30_step$func$/workspace/rtl/dll/vibe_bcrc.sv:42$95.b' using process `\vibe_bcrc.$proc$/workspace/rtl/dll/vibe_bcrc.sv:28$162'.
  created $adff cell `$procdff$10907' with positive edge clock and positive level reset.
Creating register for signal `\vibe_bcrc.\crc30_step$func$/workspace/rtl/dll/vibe_bcrc.sv:42$95.fb' using process `\vibe_bcrc.$proc$/workspace/rtl/dll/vibe_bcrc.sv:28$162'.
  created $adff cell `$procdff$10912' with positive edge clock and positive level reset.
Creating register for signal `\vibe_bcrc.\crc30_step$func$/workspace/rtl/dll/vibe_bcrc.sv:42$96.$result' using process `\vibe_bcrc.$proc$/workspace/rtl/dll/vibe_bcrc.sv:28$162'.
  created $adff cell `$procdff$10917' with positive edge clock and positive level reset.
Creating register for signal `\vibe_bcrc.\crc30_step$func$/workspace/rtl/dll/vibe_bcrc.sv:42$96.c' using process `\vibe_bcrc.$proc$/workspace/rtl/dll/vibe_bcrc.sv:28$162'.
  created $adff cell `$procdff$10922' with positive edge clock and positive level reset.
Creating register for signal `\vibe_bcrc.\crc30_step$func$/workspace/rtl/dll/vibe_bcrc.sv:42$96.b' using process `\vibe_bcrc.$proc$/workspace/rtl/dll/vibe_bcrc.sv:28$162'.
  created $adff cell `$procdff$10927' with positive edge clock and positive level reset.
Creating register for signal `\vibe_bcrc.\crc30_step$func$/workspace/rtl/dll/vibe_bcrc.sv:42$96.fb' using process `\vibe_bcrc.$proc$/workspace/rtl/dll/vibe_bcrc.sv:28$162'.
  created $adff cell `$procdff$10932' with positive edge clock and positive level reset.
Creating register for signal `\vibe_bcrc.\crc30_step$func$/workspace/rtl/dll/vibe_bcrc.sv:42$97.$result' using process `\vibe_bcrc.$proc$/workspace/rtl/dll/vibe_bcrc.sv:28$162'.
  created $adff cell `$procdff$10937' with positive edge clock and positive level reset.
Creating register for signal `\vibe_bcrc.\crc30_step$func$/workspace/rtl/dll/vibe_bcrc.sv:42$97.c' using process `\vibe_bcrc.$proc$/workspace/rtl/dll/vibe_bcrc.sv:28$162'.
  created $adff cell `$procdff$10942' with positive edge clock and positive level reset.
Creating register for signal `\vibe_bcrc.\crc30_step$func$/workspace/rtl/dll/vibe_bcrc.sv:42$97.b' using process `\vibe_bcrc.$proc$/workspace/rtl/dll/vibe_bcrc.sv:28$162'.
  created $adff cell `$procdff$10947' with positive edge clock and positive level reset.
Creating register for signal `\vibe_bcrc.\crc30_step$func$/workspace/rtl/dll/vibe_bcrc.sv:42$97.fb' using process `\vibe_bcrc.$proc$/workspace/rtl/dll/vibe_bcrc.sv:28$162'.
  created $adff cell `$procdff$10952' with positive edge clock and positive level reset.
Creating register for signal `\vibe_bcrc.\crc30_step$func$/workspace/rtl/dll/vibe_bcrc.sv:42$98.$result' using process `\vibe_bcrc.$proc$/workspace/rtl/dll/vibe_bcrc.sv:28$162'.
  created $adff cell `$procdff$10957' with positive edge clock and positive level reset.
Creating register for signal `\vibe_bcrc.\crc30_step$func$/workspace/rtl/dll/vibe_bcrc.sv:42$98.c' using process `\vibe_bcrc.$proc$/workspace/rtl/dll/vibe_bcrc.sv:28$162'.
  created $adff cell `$procdff$10962' with positive edge clock and positive level reset.
Creating register for signal `\vibe_bcrc.\crc30_step$func$/workspace/rtl/dll/vibe_bcrc.sv:42$98.b' using process `\vibe_bcrc.$proc$/workspace/rtl/dll/vibe_bcrc.sv:28$162'.
  created $adff cell `$procdff$10967' with positive edge clock and positive level reset.
Creating register for signal `\vibe_bcrc.\crc30_step$func$/workspace/rtl/dll/vibe_bcrc.sv:42$98.fb' using process `\vibe_bcrc.$proc$/workspace/rtl/dll/vibe_bcrc.sv:28$162'.
  created $adff cell `$procdff$10972' with positive edge clock and positive level reset.
Creating register for signal `\vibe_bcrc.\crc30_step$func$/workspace/rtl/dll/vibe_bcrc.sv:42$99.$result' using process `\vibe_bcrc.$proc$/workspace/rtl/dll/vibe_bcrc.sv:28$162'.
  created $adff cell `$procdff$10977' with positive edge clock and positive level reset.
Creating register for signal `\vibe_bcrc.\crc30_step$func$/workspace/rtl/dll/vibe_bcrc.sv:42$99.c' using process `\vibe_bcrc.$proc$/workspace/rtl/dll/vibe_bcrc.sv:28$162'.
  created $adff cell `$procdff$10982' with positive edge clock and positive level reset.
Creating register for signal `\vibe_bcrc.\crc30_step$func$/workspace/rtl/dll/vibe_bcrc.sv:42$99.b' using process `\vibe_bcrc.$proc$/workspace/rtl/dll/vibe_bcrc.sv:28$162'.
  created $adff cell `$procdff$10987' with positive edge clock and positive level reset.
Creating register for signal `\vibe_bcrc.\crc30_step$func$/workspace/rtl/dll/vibe_bcrc.sv:42$99.fb' using process `\vibe_bcrc.$proc$/workspace/rtl/dll/vibe_bcrc.sv:28$162'.
  created $adff cell `$procdff$10992' with positive edge clock and positive level reset.
Creating register for signal `\vibe_bcrc.\crc30_step$func$/workspace/rtl/dll/vibe_bcrc.sv:42$100.$result' using process `\vibe_bcrc.$proc$/workspace/rtl/dll/vibe_bcrc.sv:28$162'.
  created $adff cell `$procdff$10997' with positive edge clock and positive level reset.
Creating register for signal `\vibe_bcrc.\crc30_step$func$/workspace/rtl/dll/vibe_bcrc.sv:42$100.c' using process `\vibe_bcrc.$proc$/workspace/rtl/dll/vibe_bcrc.sv:28$162'.
  created $adff cell `$procdff$11002' with positive edge clock and positive level reset.
Creating register for signal `\vibe_bcrc.\crc30_step$func$/workspace/rtl/dll/vibe_bcrc.sv:42$100.b' using process `\vibe_bcrc.$proc$/workspace/rtl/dll/vibe_bcrc.sv:28$162'.
  created $adff cell `$procdff$11007' with positive edge clock and positive level reset.
Creating register for signal `\vibe_bcrc.\crc30_step$func$/workspace/rtl/dll/vibe_bcrc.sv:42$100.fb' using process `\vibe_bcrc.$proc$/workspace/rtl/dll/vibe_bcrc.sv:28$162'.
  created $adff cell `$procdff$11012' with positive edge clock and positive level reset.
Creating register for signal `\vibe_bcrc.\crc30_step$func$/workspace/rtl/dll/vibe_bcrc.sv:42$101.$result' using process `\vibe_bcrc.$proc$/workspace/rtl/dll/vibe_bcrc.sv:28$162'.
  created $adff cell `$procdff$11017' with positive edge clock and positive level reset.
Creating register for signal `\vibe_bcrc.\crc30_step$func$/workspace/rtl/dll/vibe_bcrc.sv:42$101.c' using process `\vibe_bcrc.$proc$/workspace/rtl/dll/vibe_bcrc.sv:28$162'.
  created $adff cell `$procdff$11022' with positive edge clock and positive level reset.
Creating register for signal `\vibe_bcrc.\crc30_step$func$/workspace/rtl/dll/vibe_bcrc.sv:42$101.b' using process `\vibe_bcrc.$proc$/workspace/rtl/dll/vibe_bcrc.sv:28$162'.
  created $adff cell `$procdff$11027' with positive edge clock and positive level reset.
Creating register for signal `\vibe_bcrc.\crc30_step$func$/workspace/rtl/dll/vibe_bcrc.sv:42$101.fb' using process `\vibe_bcrc.$proc$/workspace/rtl/dll/vibe_bcrc.sv:28$162'.
  created $adff cell `$procdff$11032' with positive edge clock and positive level reset.
Creating register for signal `\vibe_bcrc.\crc30_step$func$/workspace/rtl/dll/vibe_bcrc.sv:42$102.$result' using process `\vibe_bcrc.$proc$/workspace/rtl/dll/vibe_bcrc.sv:28$162'.
  created $adff cell `$procdff$11037' with positive edge clock and positive level reset.
Creating register for signal `\vibe_bcrc.\crc30_step$func$/workspace/rtl/dll/vibe_bcrc.sv:42$102.c' using process `\vibe_bcrc.$proc$/workspace/rtl/dll/vibe_bcrc.sv:28$162'.
  created $adff cell `$procdff$11042' with positive edge clock and positive level reset.
Creating register for signal `\vibe_bcrc.\crc30_step$func$/workspace/rtl/dll/vibe_bcrc.sv:42$102.b' using process `\vibe_bcrc.$proc$/workspace/rtl/dll/vibe_bcrc.sv:28$162'.
  created $adff cell `$procdff$11047' with positive edge clock and positive level reset.
Creating register for signal `\vibe_bcrc.\crc30_step$func$/workspace/rtl/dll/vibe_bcrc.sv:42$102.fb' using process `\vibe_bcrc.$proc$/workspace/rtl/dll/vibe_bcrc.sv:28$162'.
  created $adff cell `$procdff$11052' with positive edge clock and positive level reset.
Creating register for signal `\vibe_bcrc.\crc30_step$func$/workspace/rtl/dll/vibe_bcrc.sv:42$103.$result' using process `\vibe_bcrc.$proc$/workspace/rtl/dll/vibe_bcrc.sv:28$162'.
  created $adff cell `$procdff$11057' with positive edge clock and positive level reset.
Creating register for signal `\vibe_bcrc.\crc30_step$func$/workspace/rtl/dll/vibe_bcrc.sv:42$103.c' using process `\vibe_bcrc.$proc$/workspace/rtl/dll/vibe_bcrc.sv:28$162'.
  created $adff cell `$procdff$11062' with positive edge clock and positive level reset.
Creating register for signal `\vibe_bcrc.\crc30_step$func$/workspace/rtl/dll/vibe_bcrc.sv:42$103.b' using process `\vibe_bcrc.$proc$/workspace/rtl/dll/vibe_bcrc.sv:28$162'.
  created $adff cell `$procdff$11067' with positive edge clock and positive level reset.
Creating register for signal `\vibe_bcrc.\crc30_step$func$/workspace/rtl/dll/vibe_bcrc.sv:42$103.fb' using process `\vibe_bcrc.$proc$/workspace/rtl/dll/vibe_bcrc.sv:28$162'.
  created $adff cell `$procdff$11072' with positive edge clock and positive level reset.
Creating register for signal `\vibe_bcrc.\crc30_step$func$/workspace/rtl/dll/vibe_bcrc.sv:42$104.$result' using process `\vibe_bcrc.$proc$/workspace/rtl/dll/vibe_bcrc.sv:28$162'.
  created $adff cell `$procdff$11077' with positive edge clock and positive level reset.
Creating register for signal `\vibe_bcrc.\crc30_step$func$/workspace/rtl/dll/vibe_bcrc.sv:42$104.c' using process `\vibe_bcrc.$proc$/workspace/rtl/dll/vibe_bcrc.sv:28$162'.
  created $adff cell `$procdff$11082' with positive edge clock and positive level reset.
Creating register for signal `\vibe_bcrc.\crc30_step$func$/workspace/rtl/dll/vibe_bcrc.sv:42$104.b' using process `\vibe_bcrc.$proc$/workspace/rtl/dll/vibe_bcrc.sv:28$162'.
  created $adff cell `$procdff$11087' with positive edge clock and positive level reset.
Creating register for signal `\vibe_bcrc.\crc30_step$func$/workspace/rtl/dll/vibe_bcrc.sv:42$104.fb' using process `\vibe_bcrc.$proc$/workspace/rtl/dll/vibe_bcrc.sv:28$162'.
  created $adff cell `$procdff$11092' with positive edge clock and positive level reset.
Creating register for signal `\vibe_bcrc.\crc30_step$func$/workspace/rtl/dll/vibe_bcrc.sv:42$105.$result' using process `\vibe_bcrc.$proc$/workspace/rtl/dll/vibe_bcrc.sv:28$162'.
  created $adff cell `$procdff$11097' with positive edge clock and positive level reset.
Creating register for signal `\vibe_bcrc.\crc30_step$func$/workspace/rtl/dll/vibe_bcrc.sv:42$105.c' using process `\vibe_bcrc.$proc$/workspace/rtl/dll/vibe_bcrc.sv:28$162'.
  created $adff cell `$procdff$11102' with positive edge clock and positive level reset.
Creating register for signal `\vibe_bcrc.\crc30_step$func$/workspace/rtl/dll/vibe_bcrc.sv:42$105.b' using process `\vibe_bcrc.$proc$/workspace/rtl/dll/vibe_bcrc.sv:28$162'.
  created $adff cell `$procdff$11107' with positive edge clock and positive level reset.
Creating register for signal `\vibe_bcrc.\crc30_step$func$/workspace/rtl/dll/vibe_bcrc.sv:42$105.fb' using process `\vibe_bcrc.$proc$/workspace/rtl/dll/vibe_bcrc.sv:28$162'.
  created $adff cell `$procdff$11112' with positive edge clock and positive level reset.
Creating register for signal `\vibe_bcrc.\crc30_step$func$/workspace/rtl/dll/vibe_bcrc.sv:42$106.$result' using process `\vibe_bcrc.$proc$/workspace/rtl/dll/vibe_bcrc.sv:28$162'.
  created $adff cell `$procdff$11117' with positive edge clock and positive level reset.
Creating register for signal `\vibe_bcrc.\crc30_step$func$/workspace/rtl/dll/vibe_bcrc.sv:42$106.c' using process `\vibe_bcrc.$proc$/workspace/rtl/dll/vibe_bcrc.sv:28$162'.
  created $adff cell `$procdff$11122' with positive edge clock and positive level reset.
Creating register for signal `\vibe_bcrc.\crc30_step$func$/workspace/rtl/dll/vibe_bcrc.sv:42$106.b' using process `\vibe_bcrc.$proc$/workspace/rtl/dll/vibe_bcrc.sv:28$162'.
  created $adff cell `$procdff$11127' with positive edge clock and positive level reset.
Creating register for signal `\vibe_bcrc.\crc30_step$func$/workspace/rtl/dll/vibe_bcrc.sv:42$106.fb' using process `\vibe_bcrc.$proc$/workspace/rtl/dll/vibe_bcrc.sv:28$162'.
  created $adff cell `$procdff$11132' with positive edge clock and positive level reset.
Creating register for signal `\vibe_bcrc.\crc30_step$func$/workspace/rtl/dll/vibe_bcrc.sv:42$107.$result' using process `\vibe_bcrc.$proc$/workspace/rtl/dll/vibe_bcrc.sv:28$162'.
  created $adff cell `$procdff$11137' with positive edge clock and positive level reset.
Creating register for signal `\vibe_bcrc.\crc30_step$func$/workspace/rtl/dll/vibe_bcrc.sv:42$107.c' using process `\vibe_bcrc.$proc$/workspace/rtl/dll/vibe_bcrc.sv:28$162'.
  created $adff cell `$procdff$11142' with positive edge clock and positive level reset.
Creating register for signal `\vibe_bcrc.\crc30_step$func$/workspace/rtl/dll/vibe_bcrc.sv:42$107.b' using process `\vibe_bcrc.$proc$/workspace/rtl/dll/vibe_bcrc.sv:28$162'.
  created $adff cell `$procdff$11147' with positive edge clock and positive level reset.
Creating register for signal `\vibe_bcrc.\crc30_step$func$/workspace/rtl/dll/vibe_bcrc.sv:42$107.fb' using process `\vibe_bcrc.$proc$/workspace/rtl/dll/vibe_bcrc.sv:28$162'.
  created $adff cell `$procdff$11152' with positive edge clock and positive level reset.
Creating register for signal `\vibe_bcrc.\crc30_step$func$/workspace/rtl/dll/vibe_bcrc.sv:42$108.$result' using process `\vibe_bcrc.$proc$/workspace/rtl/dll/vibe_bcrc.sv:28$162'.
  created $adff cell `$procdff$11157' with positive edge clock and positive level reset.
Creating register for signal `\vibe_bcrc.\crc30_step$func$/workspace/rtl/dll/vibe_bcrc.sv:42$108.c' using process `\vibe_bcrc.$proc$/workspace/rtl/dll/vibe_bcrc.sv:28$162'.
  created $adff cell `$procdff$11162' with positive edge clock and positive level reset.
Creating register for signal `\vibe_bcrc.\crc30_step$func$/workspace/rtl/dll/vibe_bcrc.sv:42$108.b' using process `\vibe_bcrc.$proc$/workspace/rtl/dll/vibe_bcrc.sv:28$162'.
  created $adff cell `$procdff$11167' with positive edge clock and positive level reset.
Creating register for signal `\vibe_bcrc.\crc30_step$func$/workspace/rtl/dll/vibe_bcrc.sv:42$108.fb' using process `\vibe_bcrc.$proc$/workspace/rtl/dll/vibe_bcrc.sv:28$162'.
  created $adff cell `$procdff$11172' with positive edge clock and positive level reset.
Creating register for signal `\vibe_bcrc.\crc30_step$func$/workspace/rtl/dll/vibe_bcrc.sv:42$109.$result' using process `\vibe_bcrc.$proc$/workspace/rtl/dll/vibe_bcrc.sv:28$162'.
  created $adff cell `$procdff$11177' with positive edge clock and positive level reset.
Creating register for signal `\vibe_bcrc.\crc30_step$func$/workspace/rtl/dll/vibe_bcrc.sv:42$109.c' using process `\vibe_bcrc.$proc$/workspace/rtl/dll/vibe_bcrc.sv:28$162'.
  created $adff cell `$procdff$11182' with positive edge clock and positive level reset.
Creating register for signal `\vibe_bcrc.\crc30_step$func$/workspace/rtl/dll/vibe_bcrc.sv:42$109.b' using process `\vibe_bcrc.$proc$/workspace/rtl/dll/vibe_bcrc.sv:28$162'.
  created $adff cell `$procdff$11187' with positive edge clock and positive level reset.
Creating register for signal `\vibe_bcrc.\crc30_step$func$/workspace/rtl/dll/vibe_bcrc.sv:42$109.fb' using process `\vibe_bcrc.$proc$/workspace/rtl/dll/vibe_bcrc.sv:28$162'.
  created $adff cell `$procdff$11192' with positive edge clock and positive level reset.
Creating register for signal `\vibe_bcrc.\crc30_step$func$/workspace/rtl/dll/vibe_bcrc.sv:42$110.$result' using process `\vibe_bcrc.$proc$/workspace/rtl/dll/vibe_bcrc.sv:28$162'.
  created $adff cell `$procdff$11197' with positive edge clock and positive level reset.
Creating register for signal `\vibe_bcrc.\crc30_step$func$/workspace/rtl/dll/vibe_bcrc.sv:42$110.c' using process `\vibe_bcrc.$proc$/workspace/rtl/dll/vibe_bcrc.sv:28$162'.
  created $adff cell `$procdff$11202' with positive edge clock and positive level reset.
Creating register for signal `\vibe_bcrc.\crc30_step$func$/workspace/rtl/dll/vibe_bcrc.sv:42$110.b' using process `\vibe_bcrc.$proc$/workspace/rtl/dll/vibe_bcrc.sv:28$162'.
  created $adff cell `$procdff$11207' with positive edge clock and positive level reset.
Creating register for signal `\vibe_bcrc.\crc30_step$func$/workspace/rtl/dll/vibe_bcrc.sv:42$110.fb' using process `\vibe_bcrc.$proc$/workspace/rtl/dll/vibe_bcrc.sv:28$162'.
  created $adff cell `$procdff$11212' with positive edge clock and positive level reset.
Creating register for signal `\vibe_bcrc.\crc30_step$func$/workspace/rtl/dll/vibe_bcrc.sv:42$111.$result' using process `\vibe_bcrc.$proc$/workspace/rtl/dll/vibe_bcrc.sv:28$162'.
  created $adff cell `$procdff$11217' with positive edge clock and positive level reset.
Creating register for signal `\vibe_bcrc.\crc30_step$func$/workspace/rtl/dll/vibe_bcrc.sv:42$111.c' using process `\vibe_bcrc.$proc$/workspace/rtl/dll/vibe_bcrc.sv:28$162'.
  created $adff cell `$procdff$11222' with positive edge clock and positive level reset.
Creating register for signal `\vibe_bcrc.\crc30_step$func$/workspace/rtl/dll/vibe_bcrc.sv:42$111.b' using process `\vibe_bcrc.$proc$/workspace/rtl/dll/vibe_bcrc.sv:28$162'.
  created $adff cell `$procdff$11227' with positive edge clock and positive level reset.
Creating register for signal `\vibe_bcrc.\crc30_step$func$/workspace/rtl/dll/vibe_bcrc.sv:42$111.fb' using process `\vibe_bcrc.$proc$/workspace/rtl/dll/vibe_bcrc.sv:28$162'.
  created $adff cell `$procdff$11232' with positive edge clock and positive level reset.
Creating register for signal `\vibe_bcrc.\crc30_step$func$/workspace/rtl/dll/vibe_bcrc.sv:42$112.$result' using process `\vibe_bcrc.$proc$/workspace/rtl/dll/vibe_bcrc.sv:28$162'.
  created $adff cell `$procdff$11237' with positive edge clock and positive level reset.
Creating register for signal `\vibe_bcrc.\crc30_step$func$/workspace/rtl/dll/vibe_bcrc.sv:42$112.c' using process `\vibe_bcrc.$proc$/workspace/rtl/dll/vibe_bcrc.sv:28$162'.
  created $adff cell `$procdff$11242' with positive edge clock and positive level reset.
Creating register for signal `\vibe_bcrc.\crc30_step$func$/workspace/rtl/dll/vibe_bcrc.sv:42$112.b' using process `\vibe_bcrc.$proc$/workspace/rtl/dll/vibe_bcrc.sv:28$162'.
  created $adff cell `$procdff$11247' with positive edge clock and positive level reset.
Creating register for signal `\vibe_bcrc.\crc30_step$func$/workspace/rtl/dll/vibe_bcrc.sv:42$112.fb' using process `\vibe_bcrc.$proc$/workspace/rtl/dll/vibe_bcrc.sv:28$162'.
  created $adff cell `$procdff$11252' with positive edge clock and positive level reset.
Creating register for signal `\vibe_bcrc.\crc30_step$func$/workspace/rtl/dll/vibe_bcrc.sv:42$113.$result' using process `\vibe_bcrc.$proc$/workspace/rtl/dll/vibe_bcrc.sv:28$162'.
  created $adff cell `$procdff$11257' with positive edge clock and positive level reset.
Creating register for signal `\vibe_bcrc.\crc30_step$func$/workspace/rtl/dll/vibe_bcrc.sv:42$113.c' using process `\vibe_bcrc.$proc$/workspace/rtl/dll/vibe_bcrc.sv:28$162'.
  created $adff cell `$procdff$11262' with positive edge clock and positive level reset.
Creating register for signal `\vibe_bcrc.\crc30_step$func$/workspace/rtl/dll/vibe_bcrc.sv:42$113.b' using process `\vibe_bcrc.$proc$/workspace/rtl/dll/vibe_bcrc.sv:28$162'.
  created $adff cell `$procdff$11267' with positive edge clock and positive level reset.
Creating register for signal `\vibe_bcrc.\crc30_step$func$/workspace/rtl/dll/vibe_bcrc.sv:42$113.fb' using process `\vibe_bcrc.$proc$/workspace/rtl/dll/vibe_bcrc.sv:28$162'.
  created $adff cell `$procdff$11272' with positive edge clock and positive level reset.
Creating register for signal `\vibe_bcrc.\crc30_step$func$/workspace/rtl/dll/vibe_bcrc.sv:42$114.$result' using process `\vibe_bcrc.$proc$/workspace/rtl/dll/vibe_bcrc.sv:28$162'.
  created $adff cell `$procdff$11277' with positive edge clock and positive level reset.
Creating register for signal `\vibe_bcrc.\crc30_step$func$/workspace/rtl/dll/vibe_bcrc.sv:42$114.c' using process `\vibe_bcrc.$proc$/workspace/rtl/dll/vibe_bcrc.sv:28$162'.
  created $adff cell `$procdff$11282' with positive edge clock and positive level reset.
Creating register for signal `\vibe_bcrc.\crc30_step$func$/workspace/rtl/dll/vibe_bcrc.sv:42$114.b' using process `\vibe_bcrc.$proc$/workspace/rtl/dll/vibe_bcrc.sv:28$162'.
  created $adff cell `$procdff$11287' with positive edge clock and positive level reset.
Creating register for signal `\vibe_bcrc.\crc30_step$func$/workspace/rtl/dll/vibe_bcrc.sv:42$114.fb' using process `\vibe_bcrc.$proc$/workspace/rtl/dll/vibe_bcrc.sv:28$162'.
  created $adff cell `$procdff$11292' with positive edge clock and positive level reset.
Creating register for signal `\vibe_bcrc.\crc30_step$func$/workspace/rtl/dll/vibe_bcrc.sv:42$115.$result' using process `\vibe_bcrc.$proc$/workspace/rtl/dll/vibe_bcrc.sv:28$162'.
  created $adff cell `$procdff$11297' with positive edge clock and positive level reset.
Creating register for signal `\vibe_bcrc.\crc30_step$func$/workspace/rtl/dll/vibe_bcrc.sv:42$115.c' using process `\vibe_bcrc.$proc$/workspace/rtl/dll/vibe_bcrc.sv:28$162'.
  created $adff cell `$procdff$11302' with positive edge clock and positive level reset.
Creating register for signal `\vibe_bcrc.\crc30_step$func$/workspace/rtl/dll/vibe_bcrc.sv:42$115.b' using process `\vibe_bcrc.$proc$/workspace/rtl/dll/vibe_bcrc.sv:28$162'.
  created $adff cell `$procdff$11307' with positive edge clock and positive level reset.
Creating register for signal `\vibe_bcrc.\crc30_step$func$/workspace/rtl/dll/vibe_bcrc.sv:42$115.fb' using process `\vibe_bcrc.$proc$/workspace/rtl/dll/vibe_bcrc.sv:28$162'.
  created $adff cell `$procdff$11312' with positive edge clock and positive level reset.
Creating register for signal `\vibe_bcrc.\crc30_step$func$/workspace/rtl/dll/vibe_bcrc.sv:42$116.$result' using process `\vibe_bcrc.$proc$/workspace/rtl/dll/vibe_bcrc.sv:28$162'.
  created $adff cell `$procdff$11317' with positive edge clock and positive level reset.
Creating register for signal `\vibe_bcrc.\crc30_step$func$/workspace/rtl/dll/vibe_bcrc.sv:42$116.c' using process `\vibe_bcrc.$proc$/workspace/rtl/dll/vibe_bcrc.sv:28$162'.
  created $adff cell `$procdff$11322' with positive edge clock and positive level reset.
Creating register for signal `\vibe_bcrc.\crc30_step$func$/workspace/rtl/dll/vibe_bcrc.sv:42$116.b' using process `\vibe_bcrc.$proc$/workspace/rtl/dll/vibe_bcrc.sv:28$162'.
  created $adff cell `$procdff$11327' with positive edge clock and positive level reset.
Creating register for signal `\vibe_bcrc.\crc30_step$func$/workspace/rtl/dll/vibe_bcrc.sv:42$116.fb' using process `\vibe_bcrc.$proc$/workspace/rtl/dll/vibe_bcrc.sv:28$162'.
  created $adff cell `$procdff$11332' with positive edge clock and positive level reset.
Creating register for signal `\vibe_bcrc.\crc30_step$func$/workspace/rtl/dll/vibe_bcrc.sv:42$117.$result' using process `\vibe_bcrc.$proc$/workspace/rtl/dll/vibe_bcrc.sv:28$162'.
  created $adff cell `$procdff$11337' with positive edge clock and positive level reset.
Creating register for signal `\vibe_bcrc.\crc30_step$func$/workspace/rtl/dll/vibe_bcrc.sv:42$117.c' using process `\vibe_bcrc.$proc$/workspace/rtl/dll/vibe_bcrc.sv:28$162'.
  created $adff cell `$procdff$11342' with positive edge clock and positive level reset.
Creating register for signal `\vibe_bcrc.\crc30_step$func$/workspace/rtl/dll/vibe_bcrc.sv:42$117.b' using process `\vibe_bcrc.$proc$/workspace/rtl/dll/vibe_bcrc.sv:28$162'.
  created $adff cell `$procdff$11347' with positive edge clock and positive level reset.
Creating register for signal `\vibe_bcrc.\crc30_step$func$/workspace/rtl/dll/vibe_bcrc.sv:42$117.fb' using process `\vibe_bcrc.$proc$/workspace/rtl/dll/vibe_bcrc.sv:28$162'.
  created $adff cell `$procdff$11352' with positive edge clock and positive level reset.
Creating register for signal `\vibe_bcrc.\crc30_step$func$/workspace/rtl/dll/vibe_bcrc.sv:42$118.$result' using process `\vibe_bcrc.$proc$/workspace/rtl/dll/vibe_bcrc.sv:28$162'.
  created $adff cell `$procdff$11357' with positive edge clock and positive level reset.
Creating register for signal `\vibe_bcrc.\crc30_step$func$/workspace/rtl/dll/vibe_bcrc.sv:42$118.c' using process `\vibe_bcrc.$proc$/workspace/rtl/dll/vibe_bcrc.sv:28$162'.
  created $adff cell `$procdff$11362' with positive edge clock and positive level reset.
Creating register for signal `\vibe_bcrc.\crc30_step$func$/workspace/rtl/dll/vibe_bcrc.sv:42$118.b' using process `\vibe_bcrc.$proc$/workspace/rtl/dll/vibe_bcrc.sv:28$162'.
  created $adff cell `$procdff$11367' with positive edge clock and positive level reset.
Creating register for signal `\vibe_bcrc.\crc30_step$func$/workspace/rtl/dll/vibe_bcrc.sv:42$118.fb' using process `\vibe_bcrc.$proc$/workspace/rtl/dll/vibe_bcrc.sv:28$162'.
  created $adff cell `$procdff$11372' with positive edge clock and positive level reset.
Creating register for signal `\vibe_bcrc.\crc30_step$func$/workspace/rtl/dll/vibe_bcrc.sv:42$119.$result' using process `\vibe_bcrc.$proc$/workspace/rtl/dll/vibe_bcrc.sv:28$162'.
  created $adff cell `$procdff$11377' with positive edge clock and positive level reset.
Creating register for signal `\vibe_bcrc.\crc30_step$func$/workspace/rtl/dll/vibe_bcrc.sv:42$119.c' using process `\vibe_bcrc.$proc$/workspace/rtl/dll/vibe_bcrc.sv:28$162'.
  created $adff cell `$procdff$11382' with positive edge clock and positive level reset.
Creating register for signal `\vibe_bcrc.\crc30_step$func$/workspace/rtl/dll/vibe_bcrc.sv:42$119.b' using process `\vibe_bcrc.$proc$/workspace/rtl/dll/vibe_bcrc.sv:28$162'.
  created $adff cell `$procdff$11387' with positive edge clock and positive level reset.
Creating register for signal `\vibe_bcrc.\crc30_step$func$/workspace/rtl/dll/vibe_bcrc.sv:42$119.fb' using process `\vibe_bcrc.$proc$/workspace/rtl/dll/vibe_bcrc.sv:28$162'.
  created $adff cell `$procdff$11392' with positive edge clock and positive level reset.
Creating register for signal `\vibe_bcrc.\crc30_step$func$/workspace/rtl/dll/vibe_bcrc.sv:42$120.$result' using process `\vibe_bcrc.$proc$/workspace/rtl/dll/vibe_bcrc.sv:28$162'.
  created $adff cell `$procdff$11397' with positive edge clock and positive level reset.
Creating register for signal `\vibe_bcrc.\crc30_step$func$/workspace/rtl/dll/vibe_bcrc.sv:42$120.c' using process `\vibe_bcrc.$proc$/workspace/rtl/dll/vibe_bcrc.sv:28$162'.
  created $adff cell `$procdff$11402' with positive edge clock and positive level reset.
Creating register for signal `\vibe_bcrc.\crc30_step$func$/workspace/rtl/dll/vibe_bcrc.sv:42$120.b' using process `\vibe_bcrc.$proc$/workspace/rtl/dll/vibe_bcrc.sv:28$162'.
  created $adff cell `$procdff$11407' with positive edge clock and positive level reset.
Creating register for signal `\vibe_bcrc.\crc30_step$func$/workspace/rtl/dll/vibe_bcrc.sv:42$120.fb' using process `\vibe_bcrc.$proc$/workspace/rtl/dll/vibe_bcrc.sv:28$162'.
  created $adff cell `$procdff$11412' with positive edge clock and positive level reset.
Creating register for signal `\vibe_bcrc.\crc30_step$func$/workspace/rtl/dll/vibe_bcrc.sv:42$121.$result' using process `\vibe_bcrc.$proc$/workspace/rtl/dll/vibe_bcrc.sv:28$162'.
  created $adff cell `$procdff$11417' with positive edge clock and positive level reset.
Creating register for signal `\vibe_bcrc.\crc30_step$func$/workspace/rtl/dll/vibe_bcrc.sv:42$121.c' using process `\vibe_bcrc.$proc$/workspace/rtl/dll/vibe_bcrc.sv:28$162'.
  created $adff cell `$procdff$11422' with positive edge clock and positive level reset.
Creating register for signal `\vibe_bcrc.\crc30_step$func$/workspace/rtl/dll/vibe_bcrc.sv:42$121.b' using process `\vibe_bcrc.$proc$/workspace/rtl/dll/vibe_bcrc.sv:28$162'.
  created $adff cell `$procdff$11427' with positive edge clock and positive level reset.
Creating register for signal `\vibe_bcrc.\crc30_step$func$/workspace/rtl/dll/vibe_bcrc.sv:42$121.fb' using process `\vibe_bcrc.$proc$/workspace/rtl/dll/vibe_bcrc.sv:28$162'.
  created $adff cell `$procdff$11432' with positive edge clock and positive level reset.
Creating register for signal `\vibe_bcrc.\crc30_step$func$/workspace/rtl/dll/vibe_bcrc.sv:42$122.$result' using process `\vibe_bcrc.$proc$/workspace/rtl/dll/vibe_bcrc.sv:28$162'.
  created $adff cell `$procdff$11437' with positive edge clock and positive level reset.
Creating register for signal `\vibe_bcrc.\crc30_step$func$/workspace/rtl/dll/vibe_bcrc.sv:42$122.c' using process `\vibe_bcrc.$proc$/workspace/rtl/dll/vibe_bcrc.sv:28$162'.
  created $adff cell `$procdff$11442' with positive edge clock and positive level reset.
Creating register for signal `\vibe_bcrc.\crc30_step$func$/workspace/rtl/dll/vibe_bcrc.sv:42$122.b' using process `\vibe_bcrc.$proc$/workspace/rtl/dll/vibe_bcrc.sv:28$162'.
  created $adff cell `$procdff$11447' with positive edge clock and positive level reset.
Creating register for signal `\vibe_bcrc.\crc30_step$func$/workspace/rtl/dll/vibe_bcrc.sv:42$122.fb' using process `\vibe_bcrc.$proc$/workspace/rtl/dll/vibe_bcrc.sv:28$162'.
  created $adff cell `$procdff$11452' with positive edge clock and positive level reset.
Creating register for signal `\vibe_bcrc.\crc30_step$func$/workspace/rtl/dll/vibe_bcrc.sv:42$123.$result' using process `\vibe_bcrc.$proc$/workspace/rtl/dll/vibe_bcrc.sv:28$162'.
  created $adff cell `$procdff$11457' with positive edge clock and positive level reset.
Creating register for signal `\vibe_bcrc.\crc30_step$func$/workspace/rtl/dll/vibe_bcrc.sv:42$123.c' using process `\vibe_bcrc.$proc$/workspace/rtl/dll/vibe_bcrc.sv:28$162'.
  created $adff cell `$procdff$11462' with positive edge clock and positive level reset.
Creating register for signal `\vibe_bcrc.\crc30_step$func$/workspace/rtl/dll/vibe_bcrc.sv:42$123.b' using process `\vibe_bcrc.$proc$/workspace/rtl/dll/vibe_bcrc.sv:28$162'.
  created $adff cell `$procdff$11467' with positive edge clock and positive level reset.
Creating register for signal `\vibe_bcrc.\crc30_step$func$/workspace/rtl/dll/vibe_bcrc.sv:42$123.fb' using process `\vibe_bcrc.$proc$/workspace/rtl/dll/vibe_bcrc.sv:28$162'.
  created $adff cell `$procdff$11472' with positive edge clock and positive level reset.
Creating register for signal `\vibe_bcrc.\crc30_step$func$/workspace/rtl/dll/vibe_bcrc.sv:42$124.$result' using process `\vibe_bcrc.$proc$/workspace/rtl/dll/vibe_bcrc.sv:28$162'.
  created $adff cell `$procdff$11477' with positive edge clock and positive level reset.
Creating register for signal `\vibe_bcrc.\crc30_step$func$/workspace/rtl/dll/vibe_bcrc.sv:42$124.c' using process `\vibe_bcrc.$proc$/workspace/rtl/dll/vibe_bcrc.sv:28$162'.
  created $adff cell `$procdff$11482' with positive edge clock and positive level reset.
Creating register for signal `\vibe_bcrc.\crc30_step$func$/workspace/rtl/dll/vibe_bcrc.sv:42$124.b' using process `\vibe_bcrc.$proc$/workspace/rtl/dll/vibe_bcrc.sv:28$162'.
  created $adff cell `$procdff$11487' with positive edge clock and positive level reset.
Creating register for signal `\vibe_bcrc.\crc30_step$func$/workspace/rtl/dll/vibe_bcrc.sv:42$124.fb' using process `\vibe_bcrc.$proc$/workspace/rtl/dll/vibe_bcrc.sv:28$162'.
  created $adff cell `$procdff$11492' with positive edge clock and positive level reset.
Creating register for signal `\vibe_bcrc.\crc30_step$func$/workspace/rtl/dll/vibe_bcrc.sv:42$125.$result' using process `\vibe_bcrc.$proc$/workspace/rtl/dll/vibe_bcrc.sv:28$162'.
  created $adff cell `$procdff$11497' with positive edge clock and positive level reset.
Creating register for signal `\vibe_bcrc.\crc30_step$func$/workspace/rtl/dll/vibe_bcrc.sv:42$125.c' using process `\vibe_bcrc.$proc$/workspace/rtl/dll/vibe_bcrc.sv:28$162'.
  created $adff cell `$procdff$11502' with positive edge clock and positive level reset.
Creating register for signal `\vibe_bcrc.\crc30_step$func$/workspace/rtl/dll/vibe_bcrc.sv:42$125.b' using process `\vibe_bcrc.$proc$/workspace/rtl/dll/vibe_bcrc.sv:28$162'.
  created $adff cell `$procdff$11507' with positive edge clock and positive level reset.
Creating register for signal `\vibe_bcrc.\crc30_step$func$/workspace/rtl/dll/vibe_bcrc.sv:42$125.fb' using process `\vibe_bcrc.$proc$/workspace/rtl/dll/vibe_bcrc.sv:28$162'.
  created $adff cell `$procdff$11512' with positive edge clock and positive level reset.
Creating register for signal `\vibe_bcrc.\crc30_step$func$/workspace/rtl/dll/vibe_bcrc.sv:42$126.$result' using process `\vibe_bcrc.$proc$/workspace/rtl/dll/vibe_bcrc.sv:28$162'.
  created $adff cell `$procdff$11517' with positive edge clock and positive level reset.
Creating register for signal `\vibe_bcrc.\crc30_step$func$/workspace/rtl/dll/vibe_bcrc.sv:42$126.c' using process `\vibe_bcrc.$proc$/workspace/rtl/dll/vibe_bcrc.sv:28$162'.
  created $adff cell `$procdff$11522' with positive edge clock and positive level reset.
Creating register for signal `\vibe_bcrc.\crc30_step$func$/workspace/rtl/dll/vibe_bcrc.sv:42$126.b' using process `\vibe_bcrc.$proc$/workspace/rtl/dll/vibe_bcrc.sv:28$162'.
  created $adff cell `$procdff$11527' with positive edge clock and positive level reset.
Creating register for signal `\vibe_bcrc.\crc30_step$func$/workspace/rtl/dll/vibe_bcrc.sv:42$126.fb' using process `\vibe_bcrc.$proc$/workspace/rtl/dll/vibe_bcrc.sv:28$162'.
  created $adff cell `$procdff$11532' with positive edge clock and positive level reset.
Creating register for signal `\vibe_bcrc.\crc30_step$func$/workspace/rtl/dll/vibe_bcrc.sv:42$127.$result' using process `\vibe_bcrc.$proc$/workspace/rtl/dll/vibe_bcrc.sv:28$162'.
  created $adff cell `$procdff$11537' with positive edge clock and positive level reset.
Creating register for signal `\vibe_bcrc.\crc30_step$func$/workspace/rtl/dll/vibe_bcrc.sv:42$127.c' using process `\vibe_bcrc.$proc$/workspace/rtl/dll/vibe_bcrc.sv:28$162'.
  created $adff cell `$procdff$11542' with positive edge clock and positive level reset.
Creating register for signal `\vibe_bcrc.\crc30_step$func$/workspace/rtl/dll/vibe_bcrc.sv:42$127.b' using process `\vibe_bcrc.$proc$/workspace/rtl/dll/vibe_bcrc.sv:28$162'.
  created $adff cell `$procdff$11547' with positive edge clock and positive level reset.
Creating register for signal `\vibe_bcrc.\crc30_step$func$/workspace/rtl/dll/vibe_bcrc.sv:42$127.fb' using process `\vibe_bcrc.$proc$/workspace/rtl/dll/vibe_bcrc.sv:28$162'.
  created $adff cell `$procdff$11552' with positive edge clock and positive level reset.
Creating register for signal `\vibe_bcrc.\crc30_step$func$/workspace/rtl/dll/vibe_bcrc.sv:42$128.$result' using process `\vibe_bcrc.$proc$/workspace/rtl/dll/vibe_bcrc.sv:28$162'.
  created $adff cell `$procdff$11557' with positive edge clock and positive level reset.
Creating register for signal `\vibe_bcrc.\crc30_step$func$/workspace/rtl/dll/vibe_bcrc.sv:42$128.c' using process `\vibe_bcrc.$proc$/workspace/rtl/dll/vibe_bcrc.sv:28$162'.
  created $adff cell `$procdff$11562' with positive edge clock and positive level reset.
Creating register for signal `\vibe_bcrc.\crc30_step$func$/workspace/rtl/dll/vibe_bcrc.sv:42$128.b' using process `\vibe_bcrc.$proc$/workspace/rtl/dll/vibe_bcrc.sv:28$162'.
  created $adff cell `$procdff$11567' with positive edge clock and positive level reset.
Creating register for signal `\vibe_bcrc.\crc30_step$func$/workspace/rtl/dll/vibe_bcrc.sv:42$128.fb' using process `\vibe_bcrc.$proc$/workspace/rtl/dll/vibe_bcrc.sv:28$162'.
  created $adff cell `$procdff$11572' with positive edge clock and positive level reset.
Creating register for signal `\vibe_bcrc.\crc30_step$func$/workspace/rtl/dll/vibe_bcrc.sv:42$129.$result' using process `\vibe_bcrc.$proc$/workspace/rtl/dll/vibe_bcrc.sv:28$162'.
  created $adff cell `$procdff$11577' with positive edge clock and positive level reset.
Creating register for signal `\vibe_bcrc.\crc30_step$func$/workspace/rtl/dll/vibe_bcrc.sv:42$129.c' using process `\vibe_bcrc.$proc$/workspace/rtl/dll/vibe_bcrc.sv:28$162'.
  created $adff cell `$procdff$11582' with positive edge clock and positive level reset.
Creating register for signal `\vibe_bcrc.\crc30_step$func$/workspace/rtl/dll/vibe_bcrc.sv:42$129.b' using process `\vibe_bcrc.$proc$/workspace/rtl/dll/vibe_bcrc.sv:28$162'.
  created $adff cell `$procdff$11587' with positive edge clock and positive level reset.
Creating register for signal `\vibe_bcrc.\crc30_step$func$/workspace/rtl/dll/vibe_bcrc.sv:42$129.fb' using process `\vibe_bcrc.$proc$/workspace/rtl/dll/vibe_bcrc.sv:28$162'.
  created $adff cell `$procdff$11592' with positive edge clock and positive level reset.
Creating register for signal `\vibe_bcrc.\crc30_step$func$/workspace/rtl/dll/vibe_bcrc.sv:42$130.$result' using process `\vibe_bcrc.$proc$/workspace/rtl/dll/vibe_bcrc.sv:28$162'.
  created $adff cell `$procdff$11597' with positive edge clock and positive level reset.
Creating register for signal `\vibe_bcrc.\crc30_step$func$/workspace/rtl/dll/vibe_bcrc.sv:42$130.c' using process `\vibe_bcrc.$proc$/workspace/rtl/dll/vibe_bcrc.sv:28$162'.
  created $adff cell `$procdff$11602' with positive edge clock and positive level reset.
Creating register for signal `\vibe_bcrc.\crc30_step$func$/workspace/rtl/dll/vibe_bcrc.sv:42$130.b' using process `\vibe_bcrc.$proc$/workspace/rtl/dll/vibe_bcrc.sv:28$162'.
  created $adff cell `$procdff$11607' with positive edge clock and positive level reset.
Creating register for signal `\vibe_bcrc.\crc30_step$func$/workspace/rtl/dll/vibe_bcrc.sv:42$130.fb' using process `\vibe_bcrc.$proc$/workspace/rtl/dll/vibe_bcrc.sv:28$162'.
  created $adff cell `$procdff$11612' with positive edge clock and positive level reset.
Creating register for signal `\vibe_bcrc.\crc30_step$func$/workspace/rtl/dll/vibe_bcrc.sv:42$131.$result' using process `\vibe_bcrc.$proc$/workspace/rtl/dll/vibe_bcrc.sv:28$162'.
  created $adff cell `$procdff$11617' with positive edge clock and positive level reset.
Creating register for signal `\vibe_bcrc.\crc30_step$func$/workspace/rtl/dll/vibe_bcrc.sv:42$131.c' using process `\vibe_bcrc.$proc$/workspace/rtl/dll/vibe_bcrc.sv:28$162'.
  created $adff cell `$procdff$11622' with positive edge clock and positive level reset.
Creating register for signal `\vibe_bcrc.\crc30_step$func$/workspace/rtl/dll/vibe_bcrc.sv:42$131.b' using process `\vibe_bcrc.$proc$/workspace/rtl/dll/vibe_bcrc.sv:28$162'.
  created $adff cell `$procdff$11627' with positive edge clock and positive level reset.
Creating register for signal `\vibe_bcrc.\crc30_step$func$/workspace/rtl/dll/vibe_bcrc.sv:42$131.fb' using process `\vibe_bcrc.$proc$/workspace/rtl/dll/vibe_bcrc.sv:28$162'.
  created $adff cell `$procdff$11632' with positive edge clock and positive level reset.
Creating register for signal `\vibe_bcrc.\crc30_step$func$/workspace/rtl/dll/vibe_bcrc.sv:42$132.$result' using process `\vibe_bcrc.$proc$/workspace/rtl/dll/vibe_bcrc.sv:28$162'.
  created $adff cell `$procdff$11637' with positive edge clock and positive level reset.
Creating register for signal `\vibe_bcrc.\crc30_step$func$/workspace/rtl/dll/vibe_bcrc.sv:42$132.c' using process `\vibe_bcrc.$proc$/workspace/rtl/dll/vibe_bcrc.sv:28$162'.
  created $adff cell `$procdff$11642' with positive edge clock and positive level reset.
Creating register for signal `\vibe_bcrc.\crc30_step$func$/workspace/rtl/dll/vibe_bcrc.sv:42$132.b' using process `\vibe_bcrc.$proc$/workspace/rtl/dll/vibe_bcrc.sv:28$162'.
  created $adff cell `$procdff$11647' with positive edge clock and positive level reset.
Creating register for signal `\vibe_bcrc.\crc30_step$func$/workspace/rtl/dll/vibe_bcrc.sv:42$132.fb' using process `\vibe_bcrc.$proc$/workspace/rtl/dll/vibe_bcrc.sv:28$162'.
  created $adff cell `$procdff$11652' with positive edge clock and positive level reset.
Creating register for signal `\vibe_bcrc.\crc30_step$func$/workspace/rtl/dll/vibe_bcrc.sv:42$133.$result' using process `\vibe_bcrc.$proc$/workspace/rtl/dll/vibe_bcrc.sv:28$162'.
  created $adff cell `$procdff$11657' with positive edge clock and positive level reset.
Creating register for signal `\vibe_bcrc.\crc30_step$func$/workspace/rtl/dll/vibe_bcrc.sv:42$133.c' using process `\vibe_bcrc.$proc$/workspace/rtl/dll/vibe_bcrc.sv:28$162'.
  created $adff cell `$procdff$11662' with positive edge clock and positive level reset.
Creating register for signal `\vibe_bcrc.\crc30_step$func$/workspace/rtl/dll/vibe_bcrc.sv:42$133.b' using process `\vibe_bcrc.$proc$/workspace/rtl/dll/vibe_bcrc.sv:28$162'.
  created $adff cell `$procdff$11667' with positive edge clock and positive level reset.
Creating register for signal `\vibe_bcrc.\crc30_step$func$/workspace/rtl/dll/vibe_bcrc.sv:42$133.fb' using process `\vibe_bcrc.$proc$/workspace/rtl/dll/vibe_bcrc.sv:28$162'.
  created $adff cell `$procdff$11672' with positive edge clock and positive level reset.
Creating register for signal `\vibe_bcrc.\crc30_step$func$/workspace/rtl/dll/vibe_bcrc.sv:42$134.$result' using process `\vibe_bcrc.$proc$/workspace/rtl/dll/vibe_bcrc.sv:28$162'.
  created $adff cell `$procdff$11677' with positive edge clock and positive level reset.
Creating register for signal `\vibe_bcrc.\crc30_step$func$/workspace/rtl/dll/vibe_bcrc.sv:42$134.c' using process `\vibe_bcrc.$proc$/workspace/rtl/dll/vibe_bcrc.sv:28$162'.
  created $adff cell `$procdff$11682' with positive edge clock and positive level reset.
Creating register for signal `\vibe_bcrc.\crc30_step$func$/workspace/rtl/dll/vibe_bcrc.sv:42$134.b' using process `\vibe_bcrc.$proc$/workspace/rtl/dll/vibe_bcrc.sv:28$162'.
  created $adff cell `$procdff$11687' with positive edge clock and positive level reset.
Creating register for signal `\vibe_bcrc.\crc30_step$func$/workspace/rtl/dll/vibe_bcrc.sv:42$134.fb' using process `\vibe_bcrc.$proc$/workspace/rtl/dll/vibe_bcrc.sv:28$162'.
  created $adff cell `$procdff$11692' with positive edge clock and positive level reset.
Creating register for signal `\vibe_bcrc.\crc30_step$func$/workspace/rtl/dll/vibe_bcrc.sv:42$135.$result' using process `\vibe_bcrc.$proc$/workspace/rtl/dll/vibe_bcrc.sv:28$162'.
  created $adff cell `$procdff$11697' with positive edge clock and positive level reset.
Creating register for signal `\vibe_bcrc.\crc30_step$func$/workspace/rtl/dll/vibe_bcrc.sv:42$135.c' using process `\vibe_bcrc.$proc$/workspace/rtl/dll/vibe_bcrc.sv:28$162'.
  created $adff cell `$procdff$11702' with positive edge clock and positive level reset.
Creating register for signal `\vibe_bcrc.\crc30_step$func$/workspace/rtl/dll/vibe_bcrc.sv:42$135.b' using process `\vibe_bcrc.$proc$/workspace/rtl/dll/vibe_bcrc.sv:28$162'.
  created $adff cell `$procdff$11707' with positive edge clock and positive level reset.
Creating register for signal `\vibe_bcrc.\crc30_step$func$/workspace/rtl/dll/vibe_bcrc.sv:42$135.fb' using process `\vibe_bcrc.$proc$/workspace/rtl/dll/vibe_bcrc.sv:28$162'.
  created $adff cell `$procdff$11712' with positive edge clock and positive level reset.
Creating register for signal `\vibe_bcrc.\crc30_step$func$/workspace/rtl/dll/vibe_bcrc.sv:42$136.$result' using process `\vibe_bcrc.$proc$/workspace/rtl/dll/vibe_bcrc.sv:28$162'.
  created $adff cell `$procdff$11717' with positive edge clock and positive level reset.
Creating register for signal `\vibe_bcrc.\crc30_step$func$/workspace/rtl/dll/vibe_bcrc.sv:42$136.c' using process `\vibe_bcrc.$proc$/workspace/rtl/dll/vibe_bcrc.sv:28$162'.
  created $adff cell `$procdff$11722' with positive edge clock and positive level reset.
Creating register for signal `\vibe_bcrc.\crc30_step$func$/workspace/rtl/dll/vibe_bcrc.sv:42$136.b' using process `\vibe_bcrc.$proc$/workspace/rtl/dll/vibe_bcrc.sv:28$162'.
  created $adff cell `$procdff$11727' with positive edge clock and positive level reset.
Creating register for signal `\vibe_bcrc.\crc30_step$func$/workspace/rtl/dll/vibe_bcrc.sv:42$136.fb' using process `\vibe_bcrc.$proc$/workspace/rtl/dll/vibe_bcrc.sv:28$162'.
  created $adff cell `$procdff$11732' with positive edge clock and positive level reset.
Creating register for signal `\vibe_bcrc.\crc30_step$func$/workspace/rtl/dll/vibe_bcrc.sv:42$137.$result' using process `\vibe_bcrc.$proc$/workspace/rtl/dll/vibe_bcrc.sv:28$162'.
  created $adff cell `$procdff$11737' with positive edge clock and positive level reset.
Creating register for signal `\vibe_bcrc.\crc30_step$func$/workspace/rtl/dll/vibe_bcrc.sv:42$137.c' using process `\vibe_bcrc.$proc$/workspace/rtl/dll/vibe_bcrc.sv:28$162'.
  created $adff cell `$procdff$11742' with positive edge clock and positive level reset.
Creating register for signal `\vibe_bcrc.\crc30_step$func$/workspace/rtl/dll/vibe_bcrc.sv:42$137.b' using process `\vibe_bcrc.$proc$/workspace/rtl/dll/vibe_bcrc.sv:28$162'.
  created $adff cell `$procdff$11747' with positive edge clock and positive level reset.
Creating register for signal `\vibe_bcrc.\crc30_step$func$/workspace/rtl/dll/vibe_bcrc.sv:42$137.fb' using process `\vibe_bcrc.$proc$/workspace/rtl/dll/vibe_bcrc.sv:28$162'.
  created $adff cell `$procdff$11752' with positive edge clock and positive level reset.
Creating register for signal `\vibe_bcrc.\crc30_step$func$/workspace/rtl/dll/vibe_bcrc.sv:42$138.$result' using process `\vibe_bcrc.$proc$/workspace/rtl/dll/vibe_bcrc.sv:28$162'.
  created $adff cell `$procdff$11757' with positive edge clock and positive level reset.
Creating register for signal `\vibe_bcrc.\crc30_step$func$/workspace/rtl/dll/vibe_bcrc.sv:42$138.c' using process `\vibe_bcrc.$proc$/workspace/rtl/dll/vibe_bcrc.sv:28$162'.
  created $adff cell `$procdff$11762' with positive edge clock and positive level reset.
Creating register for signal `\vibe_bcrc.\crc30_step$func$/workspace/rtl/dll/vibe_bcrc.sv:42$138.b' using process `\vibe_bcrc.$proc$/workspace/rtl/dll/vibe_bcrc.sv:28$162'.
  created $adff cell `$procdff$11767' with positive edge clock and positive level reset.
Creating register for signal `\vibe_bcrc.\crc30_step$func$/workspace/rtl/dll/vibe_bcrc.sv:42$138.fb' using process `\vibe_bcrc.$proc$/workspace/rtl/dll/vibe_bcrc.sv:28$162'.
  created $adff cell `$procdff$11772' with positive edge clock and positive level reset.
Creating register for signal `\vibe_bcrc.\crc30_step$func$/workspace/rtl/dll/vibe_bcrc.sv:42$139.$result' using process `\vibe_bcrc.$proc$/workspace/rtl/dll/vibe_bcrc.sv:28$162'.
  created $adff cell `$procdff$11777' with positive edge clock and positive level reset.
Creating register for signal `\vibe_bcrc.\crc30_step$func$/workspace/rtl/dll/vibe_bcrc.sv:42$139.c' using process `\vibe_bcrc.$proc$/workspace/rtl/dll/vibe_bcrc.sv:28$162'.
  created $adff cell `$procdff$11782' with positive edge clock and positive level reset.
Creating register for signal `\vibe_bcrc.\crc30_step$func$/workspace/rtl/dll/vibe_bcrc.sv:42$139.b' using process `\vibe_bcrc.$proc$/workspace/rtl/dll/vibe_bcrc.sv:28$162'.
  created $adff cell `$procdff$11787' with positive edge clock and positive level reset.
Creating register for signal `\vibe_bcrc.\crc30_step$func$/workspace/rtl/dll/vibe_bcrc.sv:42$139.fb' using process `\vibe_bcrc.$proc$/workspace/rtl/dll/vibe_bcrc.sv:28$162'.
  created $adff cell `$procdff$11792' with positive edge clock and positive level reset.
Creating register for signal `\vibe_bcrc.\crc30_step$func$/workspace/rtl/dll/vibe_bcrc.sv:42$140.$result' using process `\vibe_bcrc.$proc$/workspace/rtl/dll/vibe_bcrc.sv:28$162'.
  created $adff cell `$procdff$11797' with positive edge clock and positive level reset.
Creating register for signal `\vibe_bcrc.\crc30_step$func$/workspace/rtl/dll/vibe_bcrc.sv:42$140.c' using process `\vibe_bcrc.$proc$/workspace/rtl/dll/vibe_bcrc.sv:28$162'.
  created $adff cell `$procdff$11802' with positive edge clock and positive level reset.
Creating register for signal `\vibe_bcrc.\crc30_step$func$/workspace/rtl/dll/vibe_bcrc.sv:42$140.b' using process `\vibe_bcrc.$proc$/workspace/rtl/dll/vibe_bcrc.sv:28$162'.
  created $adff cell `$procdff$11807' with positive edge clock and positive level reset.
Creating register for signal `\vibe_bcrc.\crc30_step$func$/workspace/rtl/dll/vibe_bcrc.sv:42$140.fb' using process `\vibe_bcrc.$proc$/workspace/rtl/dll/vibe_bcrc.sv:28$162'.
  created $adff cell `$procdff$11812' with positive edge clock and positive level reset.
Creating register for signal `\vibe_bcrc.\crc30_step$func$/workspace/rtl/dll/vibe_bcrc.sv:42$141.$result' using process `\vibe_bcrc.$proc$/workspace/rtl/dll/vibe_bcrc.sv:28$162'.
  created $adff cell `$procdff$11817' with positive edge clock and positive level reset.
Creating register for signal `\vibe_bcrc.\crc30_step$func$/workspace/rtl/dll/vibe_bcrc.sv:42$141.c' using process `\vibe_bcrc.$proc$/workspace/rtl/dll/vibe_bcrc.sv:28$162'.
  created $adff cell `$procdff$11822' with positive edge clock and positive level reset.
Creating register for signal `\vibe_bcrc.\crc30_step$func$/workspace/rtl/dll/vibe_bcrc.sv:42$141.b' using process `\vibe_bcrc.$proc$/workspace/rtl/dll/vibe_bcrc.sv:28$162'.
  created $adff cell `$procdff$11827' with positive edge clock and positive level reset.
Creating register for signal `\vibe_bcrc.\crc30_step$func$/workspace/rtl/dll/vibe_bcrc.sv:42$141.fb' using process `\vibe_bcrc.$proc$/workspace/rtl/dll/vibe_bcrc.sv:28$162'.
  created $adff cell `$procdff$11832' with positive edge clock and positive level reset.
Creating register for signal `\vibe_bcrc.\crc30_step$func$/workspace/rtl/dll/vibe_bcrc.sv:42$142.$result' using process `\vibe_bcrc.$proc$/workspace/rtl/dll/vibe_bcrc.sv:28$162'.
  created $adff cell `$procdff$11837' with positive edge clock and positive level reset.
Creating register for signal `\vibe_bcrc.\crc30_step$func$/workspace/rtl/dll/vibe_bcrc.sv:42$142.c' using process `\vibe_bcrc.$proc$/workspace/rtl/dll/vibe_bcrc.sv:28$162'.
  created $adff cell `$procdff$11842' with positive edge clock and positive level reset.
Creating register for signal `\vibe_bcrc.\crc30_step$func$/workspace/rtl/dll/vibe_bcrc.sv:42$142.b' using process `\vibe_bcrc.$proc$/workspace/rtl/dll/vibe_bcrc.sv:28$162'.
  created $adff cell `$procdff$11847' with positive edge clock and positive level reset.
Creating register for signal `\vibe_bcrc.\crc30_step$func$/workspace/rtl/dll/vibe_bcrc.sv:42$142.fb' using process `\vibe_bcrc.$proc$/workspace/rtl/dll/vibe_bcrc.sv:28$162'.
  created $adff cell `$procdff$11852' with positive edge clock and positive level reset.
Creating register for signal `\vibe_bcrc.\crc30_step$func$/workspace/rtl/dll/vibe_bcrc.sv:42$143.$result' using process `\vibe_bcrc.$proc$/workspace/rtl/dll/vibe_bcrc.sv:28$162'.
  created $adff cell `$procdff$11857' with positive edge clock and positive level reset.
Creating register for signal `\vibe_bcrc.\crc30_step$func$/workspace/rtl/dll/vibe_bcrc.sv:42$143.c' using process `\vibe_bcrc.$proc$/workspace/rtl/dll/vibe_bcrc.sv:28$162'.
  created $adff cell `$procdff$11862' with positive edge clock and positive level reset.
Creating register for signal `\vibe_bcrc.\crc30_step$func$/workspace/rtl/dll/vibe_bcrc.sv:42$143.b' using process `\vibe_bcrc.$proc$/workspace/rtl/dll/vibe_bcrc.sv:28$162'.
  created $adff cell `$procdff$11867' with positive edge clock and positive level reset.
Creating register for signal `\vibe_bcrc.\crc30_step$func$/workspace/rtl/dll/vibe_bcrc.sv:42$143.fb' using process `\vibe_bcrc.$proc$/workspace/rtl/dll/vibe_bcrc.sv:28$162'.
  created $adff cell `$procdff$11872' with positive edge clock and positive level reset.
Creating register for signal `\vibe_bcrc.\crc30_step$func$/workspace/rtl/dll/vibe_bcrc.sv:42$144.$result' using process `\vibe_bcrc.$proc$/workspace/rtl/dll/vibe_bcrc.sv:28$162'.
  created $adff cell `$procdff$11877' with positive edge clock and positive level reset.
Creating register for signal `\vibe_bcrc.\crc30_step$func$/workspace/rtl/dll/vibe_bcrc.sv:42$144.c' using process `\vibe_bcrc.$proc$/workspace/rtl/dll/vibe_bcrc.sv:28$162'.
  created $adff cell `$procdff$11882' with positive edge clock and positive level reset.
Creating register for signal `\vibe_bcrc.\crc30_step$func$/workspace/rtl/dll/vibe_bcrc.sv:42$144.b' using process `\vibe_bcrc.$proc$/workspace/rtl/dll/vibe_bcrc.sv:28$162'.
  created $adff cell `$procdff$11887' with positive edge clock and positive level reset.
Creating register for signal `\vibe_bcrc.\crc30_step$func$/workspace/rtl/dll/vibe_bcrc.sv:42$144.fb' using process `\vibe_bcrc.$proc$/workspace/rtl/dll/vibe_bcrc.sv:28$162'.
  created $adff cell `$procdff$11892' with positive edge clock and positive level reset.
Creating register for signal `\vibe_bcrc.\crc30_step$func$/workspace/rtl/dll/vibe_bcrc.sv:42$145.$result' using process `\vibe_bcrc.$proc$/workspace/rtl/dll/vibe_bcrc.sv:28$162'.
  created $adff cell `$procdff$11897' with positive edge clock and positive level reset.
Creating register for signal `\vibe_bcrc.\crc30_step$func$/workspace/rtl/dll/vibe_bcrc.sv:42$145.c' using process `\vibe_bcrc.$proc$/workspace/rtl/dll/vibe_bcrc.sv:28$162'.
  created $adff cell `$procdff$11902' with positive edge clock and positive level reset.
Creating register for signal `\vibe_bcrc.\crc30_step$func$/workspace/rtl/dll/vibe_bcrc.sv:42$145.b' using process `\vibe_bcrc.$proc$/workspace/rtl/dll/vibe_bcrc.sv:28$162'.
  created $adff cell `$procdff$11907' with positive edge clock and positive level reset.
Creating register for signal `\vibe_bcrc.\crc30_step$func$/workspace/rtl/dll/vibe_bcrc.sv:42$145.fb' using process `\vibe_bcrc.$proc$/workspace/rtl/dll/vibe_bcrc.sv:28$162'.
  created $adff cell `$procdff$11912' with positive edge clock and positive level reset.
Creating register for signal `\vibe_bcrc.\crc30_step$func$/workspace/rtl/dll/vibe_bcrc.sv:42$146.$result' using process `\vibe_bcrc.$proc$/workspace/rtl/dll/vibe_bcrc.sv:28$162'.
  created $adff cell `$procdff$11917' with positive edge clock and positive level reset.
Creating register for signal `\vibe_bcrc.\crc30_step$func$/workspace/rtl/dll/vibe_bcrc.sv:42$146.c' using process `\vibe_bcrc.$proc$/workspace/rtl/dll/vibe_bcrc.sv:28$162'.
  created $adff cell `$procdff$11922' with positive edge clock and positive level reset.
Creating register for signal `\vibe_bcrc.\crc30_step$func$/workspace/rtl/dll/vibe_bcrc.sv:42$146.b' using process `\vibe_bcrc.$proc$/workspace/rtl/dll/vibe_bcrc.sv:28$162'.
  created $adff cell `$procdff$11927' with positive edge clock and positive level reset.
Creating register for signal `\vibe_bcrc.\crc30_step$func$/workspace/rtl/dll/vibe_bcrc.sv:42$146.fb' using process `\vibe_bcrc.$proc$/workspace/rtl/dll/vibe_bcrc.sv:28$162'.
  created $adff cell `$procdff$11932' with positive edge clock and positive level reset.
Creating register for signal `\vibe_bcrc.\crc30_step$func$/workspace/rtl/dll/vibe_bcrc.sv:42$147.$result' using process `\vibe_bcrc.$proc$/workspace/rtl/dll/vibe_bcrc.sv:28$162'.
  created $adff cell `$procdff$11937' with positive edge clock and positive level reset.
Creating register for signal `\vibe_bcrc.\crc30_step$func$/workspace/rtl/dll/vibe_bcrc.sv:42$147.c' using process `\vibe_bcrc.$proc$/workspace/rtl/dll/vibe_bcrc.sv:28$162'.
  created $adff cell `$procdff$11942' with positive edge clock and positive level reset.
Creating register for signal `\vibe_bcrc.\crc30_step$func$/workspace/rtl/dll/vibe_bcrc.sv:42$147.b' using process `\vibe_bcrc.$proc$/workspace/rtl/dll/vibe_bcrc.sv:28$162'.
  created $adff cell `$procdff$11947' with positive edge clock and positive level reset.
Creating register for signal `\vibe_bcrc.\crc30_step$func$/workspace/rtl/dll/vibe_bcrc.sv:42$147.fb' using process `\vibe_bcrc.$proc$/workspace/rtl/dll/vibe_bcrc.sv:28$162'.
  created $adff cell `$procdff$11952' with positive edge clock and positive level reset.
Creating register for signal `\vibe_bcrc.\crc30_step$func$/workspace/rtl/dll/vibe_bcrc.sv:42$148.$result' using process `\vibe_bcrc.$proc$/workspace/rtl/dll/vibe_bcrc.sv:28$162'.
  created $adff cell `$procdff$11957' with positive edge clock and positive level reset.
Creating register for signal `\vibe_bcrc.\crc30_step$func$/workspace/rtl/dll/vibe_bcrc.sv:42$148.c' using process `\vibe_bcrc.$proc$/workspace/rtl/dll/vibe_bcrc.sv:28$162'.
  created $adff cell `$procdff$11962' with positive edge clock and positive level reset.
Creating register for signal `\vibe_bcrc.\crc30_step$func$/workspace/rtl/dll/vibe_bcrc.sv:42$148.b' using process `\vibe_bcrc.$proc$/workspace/rtl/dll/vibe_bcrc.sv:28$162'.
  created $adff cell `$procdff$11967' with positive edge clock and positive level reset.
Creating register for signal `\vibe_bcrc.\crc30_step$func$/workspace/rtl/dll/vibe_bcrc.sv:42$148.fb' using process `\vibe_bcrc.$proc$/workspace/rtl/dll/vibe_bcrc.sv:28$162'.
  created $adff cell `$procdff$11972' with positive edge clock and positive level reset.
Creating register for signal `\vibe_bcrc.\crc30_step$func$/workspace/rtl/dll/vibe_bcrc.sv:42$149.$result' using process `\vibe_bcrc.$proc$/workspace/rtl/dll/vibe_bcrc.sv:28$162'.
  created $adff cell `$procdff$11977' with positive edge clock and positive level reset.
Creating register for signal `\vibe_bcrc.\crc30_step$func$/workspace/rtl/dll/vibe_bcrc.sv:42$149.c' using process `\vibe_bcrc.$proc$/workspace/rtl/dll/vibe_bcrc.sv:28$162'.
  created $adff cell `$procdff$11982' with positive edge clock and positive level reset.
Creating register for signal `\vibe_bcrc.\crc30_step$func$/workspace/rtl/dll/vibe_bcrc.sv:42$149.b' using process `\vibe_bcrc.$proc$/workspace/rtl/dll/vibe_bcrc.sv:28$162'.
  created $adff cell `$procdff$11987' with positive edge clock and positive level reset.
Creating register for signal `\vibe_bcrc.\crc30_step$func$/workspace/rtl/dll/vibe_bcrc.sv:42$149.fb' using process `\vibe_bcrc.$proc$/workspace/rtl/dll/vibe_bcrc.sv:28$162'.
  created $adff cell `$procdff$11992' with positive edge clock and positive level reset.
Creating register for signal `\vibe_bcrc.\crc30_step$func$/workspace/rtl/dll/vibe_bcrc.sv:42$150.$result' using process `\vibe_bcrc.$proc$/workspace/rtl/dll/vibe_bcrc.sv:28$162'.
  created $adff cell `$procdff$11997' with positive edge clock and positive level reset.
Creating register for signal `\vibe_bcrc.\crc30_step$func$/workspace/rtl/dll/vibe_bcrc.sv:42$150.c' using process `\vibe_bcrc.$proc$/workspace/rtl/dll/vibe_bcrc.sv:28$162'.
  created $adff cell `$procdff$12002' with positive edge clock and positive level reset.
Creating register for signal `\vibe_bcrc.\crc30_step$func$/workspace/rtl/dll/vibe_bcrc.sv:42$150.b' using process `\vibe_bcrc.$proc$/workspace/rtl/dll/vibe_bcrc.sv:28$162'.
  created $adff cell `$procdff$12007' with positive edge clock and positive level reset.
Creating register for signal `\vibe_bcrc.\crc30_step$func$/workspace/rtl/dll/vibe_bcrc.sv:42$150.fb' using process `\vibe_bcrc.$proc$/workspace/rtl/dll/vibe_bcrc.sv:28$162'.
  created $adff cell `$procdff$12012' with positive edge clock and positive level reset.
Creating register for signal `\vibe_bcrc.\crc30_step$func$/workspace/rtl/dll/vibe_bcrc.sv:42$151.$result' using process `\vibe_bcrc.$proc$/workspace/rtl/dll/vibe_bcrc.sv:28$162'.
  created $adff cell `$procdff$12017' with positive edge clock and positive level reset.
Creating register for signal `\vibe_bcrc.\crc30_step$func$/workspace/rtl/dll/vibe_bcrc.sv:42$151.c' using process `\vibe_bcrc.$proc$/workspace/rtl/dll/vibe_bcrc.sv:28$162'.
  created $adff cell `$procdff$12022' with positive edge clock and positive level reset.
Creating register for signal `\vibe_bcrc.\crc30_step$func$/workspace/rtl/dll/vibe_bcrc.sv:42$151.b' using process `\vibe_bcrc.$proc$/workspace/rtl/dll/vibe_bcrc.sv:28$162'.
  created $adff cell `$procdff$12027' with positive edge clock and positive level reset.
Creating register for signal `\vibe_bcrc.\crc30_step$func$/workspace/rtl/dll/vibe_bcrc.sv:42$151.fb' using process `\vibe_bcrc.$proc$/workspace/rtl/dll/vibe_bcrc.sv:28$162'.
  created $adff cell `$procdff$12032' with positive edge clock and positive level reset.
Creating register for signal `\vibe_bcrc.\crc30_step$func$/workspace/rtl/dll/vibe_bcrc.sv:42$152.$result' using process `\vibe_bcrc.$proc$/workspace/rtl/dll/vibe_bcrc.sv:28$162'.
  created $adff cell `$procdff$12037' with positive edge clock and positive level reset.
Creating register for signal `\vibe_bcrc.\crc30_step$func$/workspace/rtl/dll/vibe_bcrc.sv:42$152.c' using process `\vibe_bcrc.$proc$/workspace/rtl/dll/vibe_bcrc.sv:28$162'.
  created $adff cell `$procdff$12042' with positive edge clock and positive level reset.
Creating register for signal `\vibe_bcrc.\crc30_step$func$/workspace/rtl/dll/vibe_bcrc.sv:42$152.b' using process `\vibe_bcrc.$proc$/workspace/rtl/dll/vibe_bcrc.sv:28$162'.
  created $adff cell `$procdff$12047' with positive edge clock and positive level reset.
Creating register for signal `\vibe_bcrc.\crc30_step$func$/workspace/rtl/dll/vibe_bcrc.sv:42$152.fb' using process `\vibe_bcrc.$proc$/workspace/rtl/dll/vibe_bcrc.sv:28$162'.
  created $adff cell `$procdff$12052' with positive edge clock and positive level reset.
Creating register for signal `\vibe_bcrc.\crc30_step$func$/workspace/rtl/dll/vibe_bcrc.sv:42$153.$result' using process `\vibe_bcrc.$proc$/workspace/rtl/dll/vibe_bcrc.sv:28$162'.
  created $adff cell `$procdff$12057' with positive edge clock and positive level reset.
Creating register for signal `\vibe_bcrc.\crc30_step$func$/workspace/rtl/dll/vibe_bcrc.sv:42$153.c' using process `\vibe_bcrc.$proc$/workspace/rtl/dll/vibe_bcrc.sv:28$162'.
  created $adff cell `$procdff$12062' with positive edge clock and positive level reset.
Creating register for signal `\vibe_bcrc.\crc30_step$func$/workspace/rtl/dll/vibe_bcrc.sv:42$153.b' using process `\vibe_bcrc.$proc$/workspace/rtl/dll/vibe_bcrc.sv:28$162'.
  created $adff cell `$procdff$12067' with positive edge clock and positive level reset.
Creating register for signal `\vibe_bcrc.\crc30_step$func$/workspace/rtl/dll/vibe_bcrc.sv:42$153.fb' using process `\vibe_bcrc.$proc$/workspace/rtl/dll/vibe_bcrc.sv:28$162'.
  created $adff cell `$procdff$12072' with positive edge clock and positive level reset.
Creating register for signal `\vibe_bcrc.\crc30_step$func$/workspace/rtl/dll/vibe_bcrc.sv:42$154.$result' using process `\vibe_bcrc.$proc$/workspace/rtl/dll/vibe_bcrc.sv:28$162'.
  created $adff cell `$procdff$12077' with positive edge clock and positive level reset.
Creating register for signal `\vibe_bcrc.\crc30_step$func$/workspace/rtl/dll/vibe_bcrc.sv:42$154.c' using process `\vibe_bcrc.$proc$/workspace/rtl/dll/vibe_bcrc.sv:28$162'.
  created $adff cell `$procdff$12082' with positive edge clock and positive level reset.
Creating register for signal `\vibe_bcrc.\crc30_step$func$/workspace/rtl/dll/vibe_bcrc.sv:42$154.b' using process `\vibe_bcrc.$proc$/workspace/rtl/dll/vibe_bcrc.sv:28$162'.
  created $adff cell `$procdff$12087' with positive edge clock and positive level reset.
Creating register for signal `\vibe_bcrc.\crc30_step$func$/workspace/rtl/dll/vibe_bcrc.sv:42$154.fb' using process `\vibe_bcrc.$proc$/workspace/rtl/dll/vibe_bcrc.sv:28$162'.
  created $adff cell `$procdff$12092' with positive edge clock and positive level reset.
Creating register for signal `\vibe_bcrc.\crc30_step$func$/workspace/rtl/dll/vibe_bcrc.sv:42$155.$result' using process `\vibe_bcrc.$proc$/workspace/rtl/dll/vibe_bcrc.sv:28$162'.
  created $adff cell `$procdff$12097' with positive edge clock and positive level reset.
Creating register for signal `\vibe_bcrc.\crc30_step$func$/workspace/rtl/dll/vibe_bcrc.sv:42$155.c' using process `\vibe_bcrc.$proc$/workspace/rtl/dll/vibe_bcrc.sv:28$162'.
  created $adff cell `$procdff$12102' with positive edge clock and positive level reset.
Creating register for signal `\vibe_bcrc.\crc30_step$func$/workspace/rtl/dll/vibe_bcrc.sv:42$155.b' using process `\vibe_bcrc.$proc$/workspace/rtl/dll/vibe_bcrc.sv:28$162'.
  created $adff cell `$procdff$12107' with positive edge clock and positive level reset.
Creating register for signal `\vibe_bcrc.\crc30_step$func$/workspace/rtl/dll/vibe_bcrc.sv:42$155.fb' using process `\vibe_bcrc.$proc$/workspace/rtl/dll/vibe_bcrc.sv:28$162'.
  created $adff cell `$procdff$12112' with positive edge clock and positive level reset.
Creating register for signal `\vibe_bcrc.\crc30_step$func$/workspace/rtl/dll/vibe_bcrc.sv:42$156.$result' using process `\vibe_bcrc.$proc$/workspace/rtl/dll/vibe_bcrc.sv:28$162'.
  created $adff cell `$procdff$12117' with positive edge clock and positive level reset.
Creating register for signal `\vibe_bcrc.\crc30_step$func$/workspace/rtl/dll/vibe_bcrc.sv:42$156.c' using process `\vibe_bcrc.$proc$/workspace/rtl/dll/vibe_bcrc.sv:28$162'.
  created $adff cell `$procdff$12122' with positive edge clock and positive level reset.
Creating register for signal `\vibe_bcrc.\crc30_step$func$/workspace/rtl/dll/vibe_bcrc.sv:42$156.b' using process `\vibe_bcrc.$proc$/workspace/rtl/dll/vibe_bcrc.sv:28$162'.
  created $adff cell `$procdff$12127' with positive edge clock and positive level reset.
Creating register for signal `\vibe_bcrc.\crc30_step$func$/workspace/rtl/dll/vibe_bcrc.sv:42$156.fb' using process `\vibe_bcrc.$proc$/workspace/rtl/dll/vibe_bcrc.sv:28$162'.
  created $adff cell `$procdff$12132' with positive edge clock and positive level reset.
Creating register for signal `\vibe_bcrc.\crc30_step$func$/workspace/rtl/dll/vibe_bcrc.sv:42$157.$result' using process `\vibe_bcrc.$proc$/workspace/rtl/dll/vibe_bcrc.sv:28$162'.
  created $adff cell `$procdff$12137' with positive edge clock and positive level reset.
Creating register for signal `\vibe_bcrc.\crc30_step$func$/workspace/rtl/dll/vibe_bcrc.sv:42$157.c' using process `\vibe_bcrc.$proc$/workspace/rtl/dll/vibe_bcrc.sv:28$162'.
  created $adff cell `$procdff$12142' with positive edge clock and positive level reset.
Creating register for signal `\vibe_bcrc.\crc30_step$func$/workspace/rtl/dll/vibe_bcrc.sv:42$157.b' using process `\vibe_bcrc.$proc$/workspace/rtl/dll/vibe_bcrc.sv:28$162'.
  created $adff cell `$procdff$12147' with positive edge clock and positive level reset.
Creating register for signal `\vibe_bcrc.\crc30_step$func$/workspace/rtl/dll/vibe_bcrc.sv:42$157.fb' using process `\vibe_bcrc.$proc$/workspace/rtl/dll/vibe_bcrc.sv:28$162'.
  created $adff cell `$procdff$12152' with positive edge clock and positive level reset.
Creating register for signal `\vibe_bcrc.\crc30_step$func$/workspace/rtl/dll/vibe_bcrc.sv:42$158.$result' using process `\vibe_bcrc.$proc$/workspace/rtl/dll/vibe_bcrc.sv:28$162'.
  created $adff cell `$procdff$12157' with positive edge clock and positive level reset.
Creating register for signal `\vibe_bcrc.\crc30_step$func$/workspace/rtl/dll/vibe_bcrc.sv:42$158.c' using process `\vibe_bcrc.$proc$/workspace/rtl/dll/vibe_bcrc.sv:28$162'.
  created $adff cell `$procdff$12162' with positive edge clock and positive level reset.
Creating register for signal `\vibe_bcrc.\crc30_step$func$/workspace/rtl/dll/vibe_bcrc.sv:42$158.b' using process `\vibe_bcrc.$proc$/workspace/rtl/dll/vibe_bcrc.sv:28$162'.
  created $adff cell `$procdff$12167' with positive edge clock and positive level reset.
Creating register for signal `\vibe_bcrc.\crc30_step$func$/workspace/rtl/dll/vibe_bcrc.sv:42$158.fb' using process `\vibe_bcrc.$proc$/workspace/rtl/dll/vibe_bcrc.sv:28$162'.
  created $adff cell `$procdff$12172' with positive edge clock and positive level reset.
Creating register for signal `\vibe_bcrc.\crc30_step$func$/workspace/rtl/dll/vibe_bcrc.sv:42$159.$result' using process `\vibe_bcrc.$proc$/workspace/rtl/dll/vibe_bcrc.sv:28$162'.
  created $adff cell `$procdff$12177' with positive edge clock and positive level reset.
Creating register for signal `\vibe_bcrc.\crc30_step$func$/workspace/rtl/dll/vibe_bcrc.sv:42$159.c' using process `\vibe_bcrc.$proc$/workspace/rtl/dll/vibe_bcrc.sv:28$162'.
  created $adff cell `$procdff$12182' with positive edge clock and positive level reset.
Creating register for signal `\vibe_bcrc.\crc30_step$func$/workspace/rtl/dll/vibe_bcrc.sv:42$159.b' using process `\vibe_bcrc.$proc$/workspace/rtl/dll/vibe_bcrc.sv:28$162'.
  created $adff cell `$procdff$12187' with positive edge clock and positive level reset.
Creating register for signal `\vibe_bcrc.\crc30_step$func$/workspace/rtl/dll/vibe_bcrc.sv:42$159.fb' using process `\vibe_bcrc.$proc$/workspace/rtl/dll/vibe_bcrc.sv:28$162'.
  created $adff cell `$procdff$12192' with positive edge clock and positive level reset.
Creating register for signal `\vibe_bcrc.\crc30_step$func$/workspace/rtl/dll/vibe_bcrc.sv:42$160.$result' using process `\vibe_bcrc.$proc$/workspace/rtl/dll/vibe_bcrc.sv:28$162'.
  created $adff cell `$procdff$12197' with positive edge clock and positive level reset.
Creating register for signal `\vibe_bcrc.\crc30_step$func$/workspace/rtl/dll/vibe_bcrc.sv:42$160.c' using process `\vibe_bcrc.$proc$/workspace/rtl/dll/vibe_bcrc.sv:28$162'.
  created $adff cell `$procdff$12202' with positive edge clock and positive level reset.
Creating register for signal `\vibe_bcrc.\crc30_step$func$/workspace/rtl/dll/vibe_bcrc.sv:42$160.b' using process `\vibe_bcrc.$proc$/workspace/rtl/dll/vibe_bcrc.sv:28$162'.
  created $adff cell `$procdff$12207' with positive edge clock and positive level reset.
Creating register for signal `\vibe_bcrc.\crc30_step$func$/workspace/rtl/dll/vibe_bcrc.sv:42$160.fb' using process `\vibe_bcrc.$proc$/workspace/rtl/dll/vibe_bcrc.sv:28$162'.
  created $adff cell `$procdff$12212' with positive edge clock and positive level reset.
Creating register for signal `\vibe_bcrc.\crc30_step$func$/workspace/rtl/dll/vibe_bcrc.sv:42$161.$result' using process `\vibe_bcrc.$proc$/workspace/rtl/dll/vibe_bcrc.sv:28$162'.
  created $adff cell `$procdff$12217' with positive edge clock and positive level reset.
Creating register for signal `\vibe_bcrc.\crc30_step$func$/workspace/rtl/dll/vibe_bcrc.sv:42$161.c' using process `\vibe_bcrc.$proc$/workspace/rtl/dll/vibe_bcrc.sv:28$162'.
  created $adff cell `$procdff$12222' with positive edge clock and positive level reset.
Creating register for signal `\vibe_bcrc.\crc30_step$func$/workspace/rtl/dll/vibe_bcrc.sv:42$161.b' using process `\vibe_bcrc.$proc$/workspace/rtl/dll/vibe_bcrc.sv:28$162'.
  created $adff cell `$procdff$12227' with positive edge clock and positive level reset.
Creating register for signal `\vibe_bcrc.\crc30_step$func$/workspace/rtl/dll/vibe_bcrc.sv:42$161.fb' using process `\vibe_bcrc.$proc$/workspace/rtl/dll/vibe_bcrc.sv:28$162'.
  created $adff cell `$procdff$12232' with positive edge clock and positive level reset.

yosys> proc_memwr

2.2.10. Executing PROC_MEMWR pass (convert process memory writes to cells).

yosys> proc_clean

2.2.11. Executing PROC_CLEAN pass (remove empty switches from decision trees).
Found and cleaned up 3 empty switches in `\vibe_bcrc.$proc$/workspace/rtl/dll/vibe_bcrc.sv:28$162'.
Removing empty process `vibe_bcrc.$proc$/workspace/rtl/dll/vibe_bcrc.sv:28$162'.
Cleaned up 3 empty switches.

yosys> opt_expr -keepdc

2.2.12. Executing OPT_EXPR pass (perform const folding).
Optimizing module vibe_bcrc.
<suppressed ~1450 debug messages>

yosys> opt_expr

2.3. Executing OPT_EXPR pass (perform const folding).
Optimizing module vibe_bcrc.

yosys> opt_clean

2.4. Executing OPT_CLEAN pass (remove unused cells and wires).
Finding unused cells or wires in module \vibe_bcrc..
Removed 3216 unused cells and 8526 unused wires.
<suppressed ~3699 debug messages>

yosys> check

2.5. Executing CHECK pass (checking for obvious problems).
Checking module vibe_bcrc...
Found and reported 0 problems.

yosys> opt -nodffe -nosdff

2.6. Executing OPT pass (performing simple optimizations).

yosys> opt_expr

2.6.1. Executing OPT_EXPR pass (perform const folding).
Optimizing module vibe_bcrc.

yosys> opt_merge -nomux

2.6.2. Executing OPT_MERGE pass (detect identical cells).
Finding identical cells in module `\vibe_bcrc'.
Removed a total of 0 cells.

yosys> opt_muxtree

2.6.3. Executing OPT_MUXTREE pass (detect dead branches in mux trees).
Running muxtree optimizer on module \vibe_bcrc..
  Creating internal representation of mux trees.
  Evaluating internal representation of mux trees.
  Analyzing evaluation results.
Removed 0 multiplexer ports.
<suppressed ~3 debug messages>

yosys> opt_reduce

2.6.4. Executing OPT_REDUCE pass (consolidate $*mux and $reduce_* inputs).
  Optimizing cells in module \vibe_bcrc.
Performed a total of 0 changes.

yosys> opt_merge

2.6.5. Executing OPT_MERGE pass (detect identical cells).
Finding identical cells in module `\vibe_bcrc'.
Removed a total of 0 cells.

yosys> opt_dff -nodffe -nosdff

2.6.6. Executing OPT_DFF pass (perform DFF optimizations).

yosys> opt_clean

2.6.7. Executing OPT_CLEAN pass (remove unused cells and wires).
Finding unused cells or wires in module \vibe_bcrc..

yosys> opt_expr

2.6.8. Executing OPT_EXPR pass (perform const folding).
Optimizing module vibe_bcrc.

2.6.9. Finished OPT passes. (There is nothing left to do.)

yosys> fsm

2.7. Executing FSM pass (extract and optimize FSM).

yosys> fsm_detect

2.7.1. Executing FSM_DETECT pass (finding FSMs in design).

yosys> fsm_extract

2.7.2. Executing FSM_EXTRACT pass (extracting FSM from design).

yosys> fsm_opt

2.7.3. Executing FSM_OPT pass (simple optimizations of FSMs).

yosys> opt_clean

2.7.4. Executing OPT_CLEAN pass (remove unused cells and wires).
Finding unused cells or wires in module \vibe_bcrc..

yosys> fsm_opt

2.7.5. Executing FSM_OPT pass (simple optimizations of FSMs).

yosys> fsm_recode

2.7.6. Executing FSM_RECODE pass (re-assigning FSM state encoding).

yosys> fsm_info

2.7.7. Executing FSM_INFO pass (dumping all available information on FSM cells).

yosys> fsm_map

2.7.8. Executing FSM_MAP pass (mapping FSMs to basic logic).

yosys> opt

2.8. Executing OPT pass (performing simple optimizations).

yosys> opt_expr

2.8.1. Executing OPT_EXPR pass (perform const folding).
Optimizing module vibe_bcrc.

yosys> opt_merge -nomux

2.8.2. Executing OPT_MERGE pass (detect identical cells).
Finding identical cells in module `\vibe_bcrc'.
Removed a total of 0 cells.

yosys> opt_muxtree

2.8.3. Executing OPT_MUXTREE pass (detect dead branches in mux trees).
Running muxtree optimizer on module \vibe_bcrc..
  Creating internal representation of mux trees.
  Evaluating internal representation of mux trees.
  Analyzing evaluation results.
Removed 0 multiplexer ports.
<suppressed ~3 debug messages>

yosys> opt_reduce

2.8.4. Executing OPT_REDUCE pass (consolidate $*mux and $reduce_* inputs).
  Optimizing cells in module \vibe_bcrc.
Performed a total of 0 changes.

yosys> opt_merge

2.8.5. Executing OPT_MERGE pass (detect identical cells).
Finding identical cells in module `\vibe_bcrc'.
Removed a total of 0 cells.

yosys> opt_dff

2.8.6. Executing OPT_DFF pass (perform DFF optimizations).
Adding EN signal on $procdff$9018 ($adff) from module vibe_bcrc (D = $0\crc[29:0], Q = \crc).
Adding EN signal on $procdff$9008 ($adff) from module vibe_bcrc (D = { 1'0 \error_flag $xor$/workspace/rtl/dll/vibe_bcrc.sv:24$3203_Y }, Q = \crc_word).
Setting constant 0-bit at position 31 on $auto$ff.cc:266:slice$12236 ($adffe) from module vibe_bcrc.

yosys> opt_clean

2.8.7. Executing OPT_CLEAN pass (remove unused cells and wires).
Finding unused cells or wires in module \vibe_bcrc..
Removed 3 unused cells and 3 unused wires.
<suppressed ~4 debug messages>

yosys> opt_expr

2.8.8. Executing OPT_EXPR pass (perform const folding).
Optimizing module vibe_bcrc.
<suppressed ~1 debug messages>

2.8.9. Rerunning OPT passes. (Maybe there is more to do..)

yosys> opt_muxtree

2.8.10. Executing OPT_MUXTREE pass (detect dead branches in mux trees).
Running muxtree optimizer on module \vibe_bcrc..
  Creating internal representation of mux trees.
  Evaluating internal representation of mux trees.
  Analyzing evaluation results.
Removed 0 multiplexer ports.
<suppressed ~2 debug messages>

yosys> opt_reduce

2.8.11. Executing OPT_REDUCE pass (consolidate $*mux and $reduce_* inputs).
  Optimizing cells in module \vibe_bcrc.
Performed a total of 0 changes.

yosys> opt_merge

2.8.12. Executing OPT_MERGE pass (detect identical cells).
Finding identical cells in module `\vibe_bcrc'.
Removed a total of 0 cells.

yosys> opt_dff

2.8.13. Executing OPT_DFF pass (perform DFF optimizations).

yosys> opt_clean

2.8.14. Executing OPT_CLEAN pass (remove unused cells and wires).
Finding unused cells or wires in module \vibe_bcrc..

yosys> opt_expr

2.8.15. Executing OPT_EXPR pass (perform const folding).
Optimizing module vibe_bcrc.

2.8.16. Finished OPT passes. (There is nothing left to do.)

yosys> wreduce

2.9. Executing WREDUCE pass (reducing word size of cells).
Removed top 1 bits (of 30) from port B of cell vibe_bcrc.$xor$/workspace/rtl/dll/vibe_bcrc.sv:24$2726 ($xor).
Removed top 1 bits (of 30) from port B of cell vibe_bcrc.$xor$/workspace/rtl/dll/vibe_bcrc.sv:24$2729 ($xor).
Removed top 1 bits (of 30) from port B of cell vibe_bcrc.$xor$/workspace/rtl/dll/vibe_bcrc.sv:24$2732 ($xor).
Removed top 1 bits (of 30) from port B of cell vibe_bcrc.$xor$/workspace/rtl/dll/vibe_bcrc.sv:24$2735 ($xor).
Removed top 1 bits (of 30) from port B of cell vibe_bcrc.$xor$/workspace/rtl/dll/vibe_bcrc.sv:24$2738 ($xor).
Removed top 1 bits (of 30) from port B of cell vibe_bcrc.$xor$/workspace/rtl/dll/vibe_bcrc.sv:24$2741 ($xor).
Removed top 1 bits (of 30) from port B of cell vibe_bcrc.$xor$/workspace/rtl/dll/vibe_bcrc.sv:24$2744 ($xor).
Removed top 1 bits (of 30) from port B of cell vibe_bcrc.$xor$/workspace/rtl/dll/vibe_bcrc.sv:24$2747 ($xor).
Removed top 1 bits (of 30) from port B of cell vibe_bcrc.$xor$/workspace/rtl/dll/vibe_bcrc.sv:24$2750 ($xor).
Removed top 1 bits (of 30) from port B of cell vibe_bcrc.$xor$/workspace/rtl/dll/vibe_bcrc.sv:24$2753 ($xor).
Removed top 1 bits (of 30) from port B of cell vibe_bcrc.$xor$/workspace/rtl/dll/vibe_bcrc.sv:24$2756 ($xor).
Removed top 1 bits (of 30) from port B of cell vibe_bcrc.$xor$/workspace/rtl/dll/vibe_bcrc.sv:24$2759 ($xor).
Removed top 1 bits (of 30) from port B of cell vibe_bcrc.$xor$/workspace/rtl/dll/vibe_bcrc.sv:24$2762 ($xor).
Removed top 1 bits (of 30) from port B of cell vibe_bcrc.$xor$/workspace/rtl/dll/vibe_bcrc.sv:24$2765 ($xor).
Removed top 1 bits (of 30) from port B of cell vibe_bcrc.$xor$/workspace/rtl/dll/vibe_bcrc.sv:24$2768 ($xor).
Removed top 1 bits (of 30) from port B of cell vibe_bcrc.$xor$/workspace/rtl/dll/vibe_bcrc.sv:24$2771 ($xor).
Removed top 1 bits (of 30) from port B of cell vibe_bcrc.$xor$/workspace/rtl/dll/vibe_bcrc.sv:24$2774 ($xor).
Removed top 1 bits (of 30) from port B of cell vibe_bcrc.$xor$/workspace/rtl/dll/vibe_bcrc.sv:24$2777 ($xor).
Removed top 1 bits (of 30) from port B of cell vibe_bcrc.$xor$/workspace/rtl/dll/vibe_bcrc.sv:24$2780 ($xor).
Removed top 1 bits (of 30) from port B of cell vibe_bcrc.$xor$/workspace/rtl/dll/vibe_bcrc.sv:24$2783 ($xor).
Removed top 1 bits (of 30) from port B of cell vibe_bcrc.$xor$/workspace/rtl/dll/vibe_bcrc.sv:24$2786 ($xor).
Removed top 1 bits (of 30) from port B of cell vibe_bcrc.$xor$/workspace/rtl/dll/vibe_bcrc.sv:24$2789 ($xor).
Removed top 1 bits (of 30) from port B of cell vibe_bcrc.$xor$/workspace/rtl/dll/vibe_bcrc.sv:24$2792 ($xor).
Removed top 1 bits (of 30) from port B of cell vibe_bcrc.$xor$/workspace/rtl/dll/vibe_bcrc.sv:24$2795 ($xor).
Removed top 1 bits (of 30) from port B of cell vibe_bcrc.$xor$/workspace/rtl/dll/vibe_bcrc.sv:24$2798 ($xor).
Removed top 1 bits (of 30) from port B of cell vibe_bcrc.$xor$/workspace/rtl/dll/vibe_bcrc.sv:24$2801 ($xor).
Removed top 1 bits (of 30) from port B of cell vibe_bcrc.$xor$/workspace/rtl/dll/vibe_bcrc.sv:24$2804 ($xor).
Removed top 1 bits (of 30) from port B of cell vibe_bcrc.$xor$/workspace/rtl/dll/vibe_bcrc.sv:24$2807 ($xor).
Removed top 1 bits (of 30) from port B of cell vibe_bcrc.$xor$/workspace/rtl/dll/vibe_bcrc.sv:24$2810 ($xor).
Removed top 1 bits (of 30) from port B of cell vibe_bcrc.$xor$/workspace/rtl/dll/vibe_bcrc.sv:24$2813 ($xor).
Removed top 1 bits (of 30) from port B of cell vibe_bcrc.$xor$/workspace/rtl/dll/vibe_bcrc.sv:24$2816 ($xor).
Removed top 1 bits (of 30) from port B of cell vibe_bcrc.$xor$/workspace/rtl/dll/vibe_bcrc.sv:24$2819 ($xor).
Removed top 1 bits (of 30) from port B of cell vibe_bcrc.$xor$/workspace/rtl/dll/vibe_bcrc.sv:24$2822 ($xor).
Removed top 1 bits (of 30) from port B of cell vibe_bcrc.$xor$/workspace/rtl/dll/vibe_bcrc.sv:24$2825 ($xor).
Removed top 1 bits (of 30) from port B of cell vibe_bcrc.$xor$/workspace/rtl/dll/vibe_bcrc.sv:24$2828 ($xor).
Removed top 1 bits (of 30) from port B of cell vibe_bcrc.$xor$/workspace/rtl/dll/vibe_bcrc.sv:24$2831 ($xor).
Removed top 1 bits (of 30) from port B of cell vibe_bcrc.$xor$/workspace/rtl/dll/vibe_bcrc.sv:24$2834 ($xor).
Removed top 1 bits (of 30) from port B of cell vibe_bcrc.$xor$/workspace/rtl/dll/vibe_bcrc.sv:24$2837 ($xor).
Removed top 1 bits (of 30) from port B of cell vibe_bcrc.$xor$/workspace/rtl/dll/vibe_bcrc.sv:24$2840 ($xor).
Removed top 1 bits (of 30) from port B of cell vibe_bcrc.$xor$/workspace/rtl/dll/vibe_bcrc.sv:24$2843 ($xor).
Removed top 1 bits (of 30) from port B of cell vibe_bcrc.$xor$/workspace/rtl/dll/vibe_bcrc.sv:24$2846 ($xor).
Removed top 1 bits (of 30) from port B of cell vibe_bcrc.$xor$/workspace/rtl/dll/vibe_bcrc.sv:24$2849 ($xor).
Removed top 1 bits (of 30) from port B of cell vibe_bcrc.$xor$/workspace/rtl/dll/vibe_bcrc.sv:24$2852 ($xor).
Removed top 1 bits (of 30) from port B of cell vibe_bcrc.$xor$/workspace/rtl/dll/vibe_bcrc.sv:24$2855 ($xor).
Removed top 1 bits (of 30) from port B of cell vibe_bcrc.$xor$/workspace/rtl/dll/vibe_bcrc.sv:24$2858 ($xor).
Removed top 1 bits (of 30) from port B of cell vibe_bcrc.$xor$/workspace/rtl/dll/vibe_bcrc.sv:24$2861 ($xor).
Removed top 1 bits (of 30) from port B of cell vibe_bcrc.$xor$/workspace/rtl/dll/vibe_bcrc.sv:24$2864 ($xor).
Removed top 1 bits (of 30) from port B of cell vibe_bcrc.$xor$/workspace/rtl/dll/vibe_bcrc.sv:24$2867 ($xor).
Removed top 1 bits (of 30) from port B of cell vibe_bcrc.$xor$/workspace/rtl/dll/vibe_bcrc.sv:24$2870 ($xor).
Removed top 1 bits (of 30) from port B of cell vibe_bcrc.$xor$/workspace/rtl/dll/vibe_bcrc.sv:24$2873 ($xor).
Removed top 1 bits (of 30) from port B of cell vibe_bcrc.$xor$/workspace/rtl/dll/vibe_bcrc.sv:24$2876 ($xor).
Removed top 1 bits (of 30) from port B of cell vibe_bcrc.$xor$/workspace/rtl/dll/vibe_bcrc.sv:24$2879 ($xor).
Removed top 1 bits (of 30) from port B of cell vibe_bcrc.$xor$/workspace/rtl/dll/vibe_bcrc.sv:24$2882 ($xor).
Removed top 1 bits (of 30) from port B of cell vibe_bcrc.$xor$/workspace/rtl/dll/vibe_bcrc.sv:24$2885 ($xor).
Removed top 1 bits (of 30) from port B of cell vibe_bcrc.$xor$/workspace/rtl/dll/vibe_bcrc.sv:24$2888 ($xor).
Removed top 1 bits (of 30) from port B of cell vibe_bcrc.$xor$/workspace/rtl/dll/vibe_bcrc.sv:24$2891 ($xor).
Removed top 1 bits (of 30) from port B of cell vibe_bcrc.$xor$/workspace/rtl/dll/vibe_bcrc.sv:24$2894 ($xor).
Removed top 1 bits (of 30) from port B of cell vibe_bcrc.$xor$/workspace/rtl/dll/vibe_bcrc.sv:24$2897 ($xor).
Removed top 1 bits (of 30) from port B of cell vibe_bcrc.$xor$/workspace/rtl/dll/vibe_bcrc.sv:24$2900 ($xor).
Removed top 1 bits (of 30) from port B of cell vibe_bcrc.$xor$/workspace/rtl/dll/vibe_bcrc.sv:24$2903 ($xor).
Removed top 1 bits (of 30) from port B of cell vibe_bcrc.$xor$/workspace/rtl/dll/vibe_bcrc.sv:24$2906 ($xor).
Removed top 1 bits (of 30) from port B of cell vibe_bcrc.$xor$/workspace/rtl/dll/vibe_bcrc.sv:24$2909 ($xor).
Removed top 1 bits (of 30) from port B of cell vibe_bcrc.$xor$/workspace/rtl/dll/vibe_bcrc.sv:24$2912 ($xor).
Removed top 1 bits (of 30) from port B of cell vibe_bcrc.$xor$/workspace/rtl/dll/vibe_bcrc.sv:24$2915 ($xor).
Removed top 1 bits (of 30) from port B of cell vibe_bcrc.$xor$/workspace/rtl/dll/vibe_bcrc.sv:24$2918 ($xor).
Removed top 1 bits (of 30) from port B of cell vibe_bcrc.$xor$/workspace/rtl/dll/vibe_bcrc.sv:24$2921 ($xor).
Removed top 1 bits (of 30) from port B of cell vibe_bcrc.$xor$/workspace/rtl/dll/vibe_bcrc.sv:24$2924 ($xor).
Removed top 1 bits (of 30) from port B of cell vibe_bcrc.$xor$/workspace/rtl/dll/vibe_bcrc.sv:24$2927 ($xor).
Removed top 1 bits (of 30) from port B of cell vibe_bcrc.$xor$/workspace/rtl/dll/vibe_bcrc.sv:24$2930 ($xor).
Removed top 1 bits (of 30) from port B of cell vibe_bcrc.$xor$/workspace/rtl/dll/vibe_bcrc.sv:24$2933 ($xor).
Removed top 1 bits (of 30) from port B of cell vibe_bcrc.$xor$/workspace/rtl/dll/vibe_bcrc.sv:24$2936 ($xor).
Removed top 1 bits (of 30) from port B of cell vibe_bcrc.$xor$/workspace/rtl/dll/vibe_bcrc.sv:24$2939 ($xor).
Removed top 1 bits (of 30) from port B of cell vibe_bcrc.$xor$/workspace/rtl/dll/vibe_bcrc.sv:24$2942 ($xor).
Removed top 1 bits (of 30) from port B of cell vibe_bcrc.$xor$/workspace/rtl/dll/vibe_bcrc.sv:24$2945 ($xor).
Removed top 1 bits (of 30) from port B of cell vibe_bcrc.$xor$/workspace/rtl/dll/vibe_bcrc.sv:24$2948 ($xor).
Removed top 1 bits (of 30) from port B of cell vibe_bcrc.$xor$/workspace/rtl/dll/vibe_bcrc.sv:24$2951 ($xor).
Removed top 1 bits (of 30) from port B of cell vibe_bcrc.$xor$/workspace/rtl/dll/vibe_bcrc.sv:24$2954 ($xor).
Removed top 1 bits (of 30) from port B of cell vibe_bcrc.$xor$/workspace/rtl/dll/vibe_bcrc.sv:24$2957 ($xor).
Removed top 1 bits (of 30) from port B of cell vibe_bcrc.$xor$/workspace/rtl/dll/vibe_bcrc.sv:24$2960 ($xor).
Removed top 1 bits (of 30) from port B of cell vibe_bcrc.$xor$/workspace/rtl/dll/vibe_bcrc.sv:24$2963 ($xor).
Removed top 1 bits (of 30) from port B of cell vibe_bcrc.$xor$/workspace/rtl/dll/vibe_bcrc.sv:24$2966 ($xor).
Removed top 1 bits (of 30) from port B of cell vibe_bcrc.$xor$/workspace/rtl/dll/vibe_bcrc.sv:24$2969 ($xor).
Removed top 1 bits (of 30) from port B of cell vibe_bcrc.$xor$/workspace/rtl/dll/vibe_bcrc.sv:24$2972 ($xor).
Removed top 1 bits (of 30) from port B of cell vibe_bcrc.$xor$/workspace/rtl/dll/vibe_bcrc.sv:24$2975 ($xor).
Removed top 1 bits (of 30) from port B of cell vibe_bcrc.$xor$/workspace/rtl/dll/vibe_bcrc.sv:24$2978 ($xor).
Removed top 1 bits (of 30) from port B of cell vibe_bcrc.$xor$/workspace/rtl/dll/vibe_bcrc.sv:24$2981 ($xor).
Removed top 1 bits (of 30) from port B of cell vibe_bcrc.$xor$/workspace/rtl/dll/vibe_bcrc.sv:24$2984 ($xor).
Removed top 1 bits (of 30) from port B of cell vibe_bcrc.$xor$/workspace/rtl/dll/vibe_bcrc.sv:24$2987 ($xor).
Removed top 1 bits (of 30) from port B of cell vibe_bcrc.$xor$/workspace/rtl/dll/vibe_bcrc.sv:24$2990 ($xor).
Removed top 1 bits (of 30) from port B of cell vibe_bcrc.$xor$/workspace/rtl/dll/vibe_bcrc.sv:24$2993 ($xor).
Removed top 1 bits (of 30) from port B of cell vibe_bcrc.$xor$/workspace/rtl/dll/vibe_bcrc.sv:24$2996 ($xor).
Removed top 1 bits (of 30) from port B of cell vibe_bcrc.$xor$/workspace/rtl/dll/vibe_bcrc.sv:24$2999 ($xor).
Removed top 1 bits (of 30) from port B of cell vibe_bcrc.$xor$/workspace/rtl/dll/vibe_bcrc.sv:24$3002 ($xor).
Removed top 1 bits (of 30) from port B of cell vibe_bcrc.$xor$/workspace/rtl/dll/vibe_bcrc.sv:24$3005 ($xor).
Removed top 1 bits (of 30) from port B of cell vibe_bcrc.$xor$/workspace/rtl/dll/vibe_bcrc.sv:24$3008 ($xor).
Removed top 1 bits (of 30) from port B of cell vibe_bcrc.$xor$/workspace/rtl/dll/vibe_bcrc.sv:24$3011 ($xor).
Removed top 1 bits (of 30) from port B of cell vibe_bcrc.$xor$/workspace/rtl/dll/vibe_bcrc.sv:24$3014 ($xor).
Removed top 1 bits (of 30) from port B of cell vibe_bcrc.$xor$/workspace/rtl/dll/vibe_bcrc.sv:24$3017 ($xor).
Removed top 1 bits (of 30) from port B of cell vibe_bcrc.$xor$/workspace/rtl/dll/vibe_bcrc.sv:24$3020 ($xor).
Removed top 1 bits (of 30) from port B of cell vibe_bcrc.$xor$/workspace/rtl/dll/vibe_bcrc.sv:24$3023 ($xor).
Removed top 1 bits (of 30) from port B of cell vibe_bcrc.$xor$/workspace/rtl/dll/vibe_bcrc.sv:24$3026 ($xor).
Removed top 1 bits (of 30) from port B of cell vibe_bcrc.$xor$/workspace/rtl/dll/vibe_bcrc.sv:24$3029 ($xor).
Removed top 1 bits (of 30) from port B of cell vibe_bcrc.$xor$/workspace/rtl/dll/vibe_bcrc.sv:24$3032 ($xor).
Removed top 1 bits (of 30) from port B of cell vibe_bcrc.$xor$/workspace/rtl/dll/vibe_bcrc.sv:24$3035 ($xor).
Removed top 1 bits (of 30) from port B of cell vibe_bcrc.$xor$/workspace/rtl/dll/vibe_bcrc.sv:24$3038 ($xor).
Removed top 1 bits (of 30) from port B of cell vibe_bcrc.$xor$/workspace/rtl/dll/vibe_bcrc.sv:24$3041 ($xor).
Removed top 1 bits (of 30) from port B of cell vibe_bcrc.$xor$/workspace/rtl/dll/vibe_bcrc.sv:24$3044 ($xor).
Removed top 1 bits (of 30) from port B of cell vibe_bcrc.$xor$/workspace/rtl/dll/vibe_bcrc.sv:24$3047 ($xor).
Removed top 1 bits (of 30) from port B of cell vibe_bcrc.$xor$/workspace/rtl/dll/vibe_bcrc.sv:24$3050 ($xor).
Removed top 1 bits (of 30) from port B of cell vibe_bcrc.$xor$/workspace/rtl/dll/vibe_bcrc.sv:24$3053 ($xor).
Removed top 1 bits (of 30) from port B of cell vibe_bcrc.$xor$/workspace/rtl/dll/vibe_bcrc.sv:24$3056 ($xor).
Removed top 1 bits (of 30) from port B of cell vibe_bcrc.$xor$/workspace/rtl/dll/vibe_bcrc.sv:24$3059 ($xor).
Removed top 1 bits (of 30) from port B of cell vibe_bcrc.$xor$/workspace/rtl/dll/vibe_bcrc.sv:24$3062 ($xor).
Removed top 1 bits (of 30) from port B of cell vibe_bcrc.$xor$/workspace/rtl/dll/vibe_bcrc.sv:24$3065 ($xor).
Removed top 1 bits (of 30) from port B of cell vibe_bcrc.$xor$/workspace/rtl/dll/vibe_bcrc.sv:24$3068 ($xor).
Removed top 1 bits (of 30) from port B of cell vibe_bcrc.$xor$/workspace/rtl/dll/vibe_bcrc.sv:24$3071 ($xor).
Removed top 1 bits (of 30) from port B of cell vibe_bcrc.$xor$/workspace/rtl/dll/vibe_bcrc.sv:24$3074 ($xor).
Removed top 1 bits (of 30) from port B of cell vibe_bcrc.$xor$/workspace/rtl/dll/vibe_bcrc.sv:24$3077 ($xor).
Removed top 1 bits (of 30) from port B of cell vibe_bcrc.$xor$/workspace/rtl/dll/vibe_bcrc.sv:24$3080 ($xor).
Removed top 1 bits (of 30) from port B of cell vibe_bcrc.$xor$/workspace/rtl/dll/vibe_bcrc.sv:24$3083 ($xor).
Removed top 1 bits (of 30) from port B of cell vibe_bcrc.$xor$/workspace/rtl/dll/vibe_bcrc.sv:24$3086 ($xor).
Removed top 1 bits (of 30) from port B of cell vibe_bcrc.$xor$/workspace/rtl/dll/vibe_bcrc.sv:24$3089 ($xor).
Removed top 1 bits (of 30) from port B of cell vibe_bcrc.$xor$/workspace/rtl/dll/vibe_bcrc.sv:24$3092 ($xor).
Removed top 1 bits (of 30) from port B of cell vibe_bcrc.$xor$/workspace/rtl/dll/vibe_bcrc.sv:24$3095 ($xor).
Removed top 1 bits (of 30) from port B of cell vibe_bcrc.$xor$/workspace/rtl/dll/vibe_bcrc.sv:24$3098 ($xor).
Removed top 1 bits (of 30) from port B of cell vibe_bcrc.$xor$/workspace/rtl/dll/vibe_bcrc.sv:24$3101 ($xor).
Removed top 1 bits (of 30) from port B of cell vibe_bcrc.$xor$/workspace/rtl/dll/vibe_bcrc.sv:24$3104 ($xor).
Removed top 1 bits (of 30) from port B of cell vibe_bcrc.$xor$/workspace/rtl/dll/vibe_bcrc.sv:24$3107 ($xor).
Removed top 1 bits (of 30) from port B of cell vibe_bcrc.$xor$/workspace/rtl/dll/vibe_bcrc.sv:24$3110 ($xor).
Removed top 1 bits (of 30) from port B of cell vibe_bcrc.$xor$/workspace/rtl/dll/vibe_bcrc.sv:24$3113 ($xor).
Removed top 1 bits (of 30) from port B of cell vibe_bcrc.$xor$/workspace/rtl/dll/vibe_bcrc.sv:24$3116 ($xor).
Removed top 1 bits (of 30) from port B of cell vibe_bcrc.$xor$/workspace/rtl/dll/vibe_bcrc.sv:24$3119 ($xor).
Removed top 1 bits (of 30) from port B of cell vibe_bcrc.$xor$/workspace/rtl/dll/vibe_bcrc.sv:24$3122 ($xor).
Removed top 1 bits (of 30) from port B of cell vibe_bcrc.$xor$/workspace/rtl/dll/vibe_bcrc.sv:24$3125 ($xor).
Removed top 1 bits (of 30) from port B of cell vibe_bcrc.$xor$/workspace/rtl/dll/vibe_bcrc.sv:24$3128 ($xor).
Removed top 1 bits (of 30) from port B of cell vibe_bcrc.$xor$/workspace/rtl/dll/vibe_bcrc.sv:24$3131 ($xor).
Removed top 1 bits (of 30) from port B of cell vibe_bcrc.$xor$/workspace/rtl/dll/vibe_bcrc.sv:24$3134 ($xor).
Removed top 1 bits (of 30) from port B of cell vibe_bcrc.$xor$/workspace/rtl/dll/vibe_bcrc.sv:24$3137 ($xor).
Removed top 1 bits (of 30) from port B of cell vibe_bcrc.$xor$/workspace/rtl/dll/vibe_bcrc.sv:24$3140 ($xor).
Removed top 1 bits (of 30) from port B of cell vibe_bcrc.$xor$/workspace/rtl/dll/vibe_bcrc.sv:24$3143 ($xor).
Removed top 1 bits (of 30) from port B of cell vibe_bcrc.$xor$/workspace/rtl/dll/vibe_bcrc.sv:24$3146 ($xor).
Removed top 1 bits (of 30) from port B of cell vibe_bcrc.$xor$/workspace/rtl/dll/vibe_bcrc.sv:24$3149 ($xor).
Removed top 1 bits (of 30) from port B of cell vibe_bcrc.$xor$/workspace/rtl/dll/vibe_bcrc.sv:24$3152 ($xor).
Removed top 1 bits (of 30) from port B of cell vibe_bcrc.$xor$/workspace/rtl/dll/vibe_bcrc.sv:24$3155 ($xor).
Removed top 1 bits (of 30) from port B of cell vibe_bcrc.$xor$/workspace/rtl/dll/vibe_bcrc.sv:24$3158 ($xor).
Removed top 1 bits (of 30) from port B of cell vibe_bcrc.$xor$/workspace/rtl/dll/vibe_bcrc.sv:24$3161 ($xor).
Removed top 1 bits (of 30) from port B of cell vibe_bcrc.$xor$/workspace/rtl/dll/vibe_bcrc.sv:24$3164 ($xor).
Removed top 1 bits (of 30) from port B of cell vibe_bcrc.$xor$/workspace/rtl/dll/vibe_bcrc.sv:24$3167 ($xor).
Removed top 1 bits (of 30) from port B of cell vibe_bcrc.$xor$/workspace/rtl/dll/vibe_bcrc.sv:24$3170 ($xor).
Removed top 1 bits (of 30) from port B of cell vibe_bcrc.$xor$/workspace/rtl/dll/vibe_bcrc.sv:24$3173 ($xor).
Removed top 1 bits (of 30) from port B of cell vibe_bcrc.$xor$/workspace/rtl/dll/vibe_bcrc.sv:24$3176 ($xor).
Removed top 1 bits (of 30) from port B of cell vibe_bcrc.$xor$/workspace/rtl/dll/vibe_bcrc.sv:24$3179 ($xor).
Removed top 1 bits (of 30) from port B of cell vibe_bcrc.$xor$/workspace/rtl/dll/vibe_bcrc.sv:24$3182 ($xor).
Removed top 1 bits (of 30) from port B of cell vibe_bcrc.$xor$/workspace/rtl/dll/vibe_bcrc.sv:24$3185 ($xor).
Removed top 1 bits (of 30) from port B of cell vibe_bcrc.$xor$/workspace/rtl/dll/vibe_bcrc.sv:24$3188 ($xor).
Removed top 1 bits (of 30) from port B of cell vibe_bcrc.$xor$/workspace/rtl/dll/vibe_bcrc.sv:24$3191 ($xor).
Removed top 1 bits (of 30) from port B of cell vibe_bcrc.$xor$/workspace/rtl/dll/vibe_bcrc.sv:24$3194 ($xor).
Removed top 1 bits (of 30) from port B of cell vibe_bcrc.$xor$/workspace/rtl/dll/vibe_bcrc.sv:24$3197 ($xor).
Removed top 1 bits (of 30) from port B of cell vibe_bcrc.$xor$/workspace/rtl/dll/vibe_bcrc.sv:24$3200 ($xor).
Removed top 1 bits (of 30) from port B of cell vibe_bcrc.$xor$/workspace/rtl/dll/vibe_bcrc.sv:24$3203 ($xor).
Removed top 1 bits (of 30) from wire vibe_bcrc.$and$/workspace/rtl/dll/vibe_bcrc.sv:24$2725_Y.
Removed top 1 bits (of 30) from wire vibe_bcrc.$and$/workspace/rtl/dll/vibe_bcrc.sv:24$2728_Y.
Removed top 1 bits (of 30) from wire vibe_bcrc.$and$/workspace/rtl/dll/vibe_bcrc.sv:24$2731_Y.
Removed top 1 bits (of 30) from wire vibe_bcrc.$and$/workspace/rtl/dll/vibe_bcrc.sv:24$2734_Y.
Removed top 1 bits (of 30) from wire vibe_bcrc.$and$/workspace/rtl/dll/vibe_bcrc.sv:24$2737_Y.
Removed top 1 bits (of 30) from wire vibe_bcrc.$and$/workspace/rtl/dll/vibe_bcrc.sv:24$2740_Y.
Removed top 1 bits (of 30) from wire vibe_bcrc.$and$/workspace/rtl/dll/vibe_bcrc.sv:24$2743_Y.
Removed top 1 bits (of 30) from wire vibe_bcrc.$and$/workspace/rtl/dll/vibe_bcrc.sv:24$2746_Y.
Removed top 1 bits (of 30) from wire vibe_bcrc.$and$/workspace/rtl/dll/vibe_bcrc.sv:24$2749_Y.
Removed top 1 bits (of 30) from wire vibe_bcrc.$and$/workspace/rtl/dll/vibe_bcrc.sv:24$2752_Y.
Removed top 1 bits (of 30) from wire vibe_bcrc.$and$/workspace/rtl/dll/vibe_bcrc.sv:24$2755_Y.
Removed top 1 bits (of 30) from wire vibe_bcrc.$and$/workspace/rtl/dll/vibe_bcrc.sv:24$2758_Y.
Removed top 1 bits (of 30) from wire vibe_bcrc.$and$/workspace/rtl/dll/vibe_bcrc.sv:24$2761_Y.
Removed top 1 bits (of 30) from wire vibe_bcrc.$and$/workspace/rtl/dll/vibe_bcrc.sv:24$2764_Y.
Removed top 1 bits (of 30) from wire vibe_bcrc.$and$/workspace/rtl/dll/vibe_bcrc.sv:24$2767_Y.
Removed top 1 bits (of 30) from wire vibe_bcrc.$and$/workspace/rtl/dll/vibe_bcrc.sv:24$2770_Y.
Removed top 1 bits (of 30) from wire vibe_bcrc.$and$/workspace/rtl/dll/vibe_bcrc.sv:24$2773_Y.
Removed top 1 bits (of 30) from wire vibe_bcrc.$and$/workspace/rtl/dll/vibe_bcrc.sv:24$2776_Y.
Removed top 1 bits (of 30) from wire vibe_bcrc.$and$/workspace/rtl/dll/vibe_bcrc.sv:24$2779_Y.
Removed top 1 bits (of 30) from wire vibe_bcrc.$and$/workspace/rtl/dll/vibe_bcrc.sv:24$2782_Y.
Removed top 1 bits (of 30) from wire vibe_bcrc.$and$/workspace/rtl/dll/vibe_bcrc.sv:24$2785_Y.
Removed top 1 bits (of 30) from wire vibe_bcrc.$and$/workspace/rtl/dll/vibe_bcrc.sv:24$2788_Y.
Removed top 1 bits (of 30) from wire vibe_bcrc.$and$/workspace/rtl/dll/vibe_bcrc.sv:24$2791_Y.
Removed top 1 bits (of 30) from wire vibe_bcrc.$and$/workspace/rtl/dll/vibe_bcrc.sv:24$2794_Y.
Removed top 1 bits (of 30) from wire vibe_bcrc.$and$/workspace/rtl/dll/vibe_bcrc.sv:24$2797_Y.
Removed top 1 bits (of 30) from wire vibe_bcrc.$and$/workspace/rtl/dll/vibe_bcrc.sv:24$2800_Y.
Removed top 1 bits (of 30) from wire vibe_bcrc.$and$/workspace/rtl/dll/vibe_bcrc.sv:24$2803_Y.
Removed top 1 bits (of 30) from wire vibe_bcrc.$and$/workspace/rtl/dll/vibe_bcrc.sv:24$2806_Y.
Removed top 1 bits (of 30) from wire vibe_bcrc.$and$/workspace/rtl/dll/vibe_bcrc.sv:24$2809_Y.
Removed top 1 bits (of 30) from wire vibe_bcrc.$and$/workspace/rtl/dll/vibe_bcrc.sv:24$2812_Y.
Removed top 1 bits (of 30) from wire vibe_bcrc.$and$/workspace/rtl/dll/vibe_bcrc.sv:24$2815_Y.
Removed top 1 bits (of 30) from wire vibe_bcrc.$and$/workspace/rtl/dll/vibe_bcrc.sv:24$2818_Y.
Removed top 1 bits (of 30) from wire vibe_bcrc.$and$/workspace/rtl/dll/vibe_bcrc.sv:24$2821_Y.
Removed top 1 bits (of 30) from wire vibe_bcrc.$and$/workspace/rtl/dll/vibe_bcrc.sv:24$2824_Y.
Removed top 1 bits (of 30) from wire vibe_bcrc.$and$/workspace/rtl/dll/vibe_bcrc.sv:24$2827_Y.
Removed top 1 bits (of 30) from wire vibe_bcrc.$and$/workspace/rtl/dll/vibe_bcrc.sv:24$2830_Y.
Removed top 1 bits (of 30) from wire vibe_bcrc.$and$/workspace/rtl/dll/vibe_bcrc.sv:24$2833_Y.
Removed top 1 bits (of 30) from wire vibe_bcrc.$and$/workspace/rtl/dll/vibe_bcrc.sv:24$2836_Y.
Removed top 1 bits (of 30) from wire vibe_bcrc.$and$/workspace/rtl/dll/vibe_bcrc.sv:24$2839_Y.
Removed top 1 bits (of 30) from wire vibe_bcrc.$and$/workspace/rtl/dll/vibe_bcrc.sv:24$2842_Y.
Removed top 1 bits (of 30) from wire vibe_bcrc.$and$/workspace/rtl/dll/vibe_bcrc.sv:24$2845_Y.
Removed top 1 bits (of 30) from wire vibe_bcrc.$and$/workspace/rtl/dll/vibe_bcrc.sv:24$2848_Y.
Removed top 1 bits (of 30) from wire vibe_bcrc.$and$/workspace/rtl/dll/vibe_bcrc.sv:24$2851_Y.
Removed top 1 bits (of 30) from wire vibe_bcrc.$and$/workspace/rtl/dll/vibe_bcrc.sv:24$2854_Y.
Removed top 1 bits (of 30) from wire vibe_bcrc.$and$/workspace/rtl/dll/vibe_bcrc.sv:24$2857_Y.
Removed top 1 bits (of 30) from wire vibe_bcrc.$and$/workspace/rtl/dll/vibe_bcrc.sv:24$2860_Y.
Removed top 1 bits (of 30) from wire vibe_bcrc.$and$/workspace/rtl/dll/vibe_bcrc.sv:24$2863_Y.
Removed top 1 bits (of 30) from wire vibe_bcrc.$and$/workspace/rtl/dll/vibe_bcrc.sv:24$2866_Y.
Removed top 1 bits (of 30) from wire vibe_bcrc.$and$/workspace/rtl/dll/vibe_bcrc.sv:24$2869_Y.
Removed top 1 bits (of 30) from wire vibe_bcrc.$and$/workspace/rtl/dll/vibe_bcrc.sv:24$2872_Y.
Removed top 1 bits (of 30) from wire vibe_bcrc.$and$/workspace/rtl/dll/vibe_bcrc.sv:24$2875_Y.
Removed top 1 bits (of 30) from wire vibe_bcrc.$and$/workspace/rtl/dll/vibe_bcrc.sv:24$2878_Y.
Removed top 1 bits (of 30) from wire vibe_bcrc.$and$/workspace/rtl/dll/vibe_bcrc.sv:24$2881_Y.
Removed top 1 bits (of 30) from wire vibe_bcrc.$and$/workspace/rtl/dll/vibe_bcrc.sv:24$2884_Y.
Removed top 1 bits (of 30) from wire vibe_bcrc.$and$/workspace/rtl/dll/vibe_bcrc.sv:24$2887_Y.
Removed top 1 bits (of 30) from wire vibe_bcrc.$and$/workspace/rtl/dll/vibe_bcrc.sv:24$2890_Y.
Removed top 1 bits (of 30) from wire vibe_bcrc.$and$/workspace/rtl/dll/vibe_bcrc.sv:24$2893_Y.
Removed top 1 bits (of 30) from wire vibe_bcrc.$and$/workspace/rtl/dll/vibe_bcrc.sv:24$2896_Y.
Removed top 1 bits (of 30) from wire vibe_bcrc.$and$/workspace/rtl/dll/vibe_bcrc.sv:24$2899_Y.
Removed top 1 bits (of 30) from wire vibe_bcrc.$and$/workspace/rtl/dll/vibe_bcrc.sv:24$2902_Y.
Removed top 1 bits (of 30) from wire vibe_bcrc.$and$/workspace/rtl/dll/vibe_bcrc.sv:24$2905_Y.
Removed top 1 bits (of 30) from wire vibe_bcrc.$and$/workspace/rtl/dll/vibe_bcrc.sv:24$2908_Y.
Removed top 1 bits (of 30) from wire vibe_bcrc.$and$/workspace/rtl/dll/vibe_bcrc.sv:24$2911_Y.
Removed top 1 bits (of 30) from wire vibe_bcrc.$and$/workspace/rtl/dll/vibe_bcrc.sv:24$2914_Y.
Removed top 1 bits (of 30) from wire vibe_bcrc.$and$/workspace/rtl/dll/vibe_bcrc.sv:24$2917_Y.
Removed top 1 bits (of 30) from wire vibe_bcrc.$and$/workspace/rtl/dll/vibe_bcrc.sv:24$2920_Y.
Removed top 1 bits (of 30) from wire vibe_bcrc.$and$/workspace/rtl/dll/vibe_bcrc.sv:24$2923_Y.
Removed top 1 bits (of 30) from wire vibe_bcrc.$and$/workspace/rtl/dll/vibe_bcrc.sv:24$2926_Y.
Removed top 1 bits (of 30) from wire vibe_bcrc.$and$/workspace/rtl/dll/vibe_bcrc.sv:24$2929_Y.
Removed top 1 bits (of 30) from wire vibe_bcrc.$and$/workspace/rtl/dll/vibe_bcrc.sv:24$2932_Y.
Removed top 1 bits (of 30) from wire vibe_bcrc.$and$/workspace/rtl/dll/vibe_bcrc.sv:24$2935_Y.
Removed top 1 bits (of 30) from wire vibe_bcrc.$and$/workspace/rtl/dll/vibe_bcrc.sv:24$2938_Y.
Removed top 1 bits (of 30) from wire vibe_bcrc.$and$/workspace/rtl/dll/vibe_bcrc.sv:24$2941_Y.
Removed top 1 bits (of 30) from wire vibe_bcrc.$and$/workspace/rtl/dll/vibe_bcrc.sv:24$2944_Y.
Removed top 1 bits (of 30) from wire vibe_bcrc.$and$/workspace/rtl/dll/vibe_bcrc.sv:24$2947_Y.
Removed top 1 bits (of 30) from wire vibe_bcrc.$and$/workspace/rtl/dll/vibe_bcrc.sv:24$2950_Y.
Removed top 1 bits (of 30) from wire vibe_bcrc.$and$/workspace/rtl/dll/vibe_bcrc.sv:24$2953_Y.
Removed top 1 bits (of 30) from wire vibe_bcrc.$and$/workspace/rtl/dll/vibe_bcrc.sv:24$2956_Y.
Removed top 1 bits (of 30) from wire vibe_bcrc.$and$/workspace/rtl/dll/vibe_bcrc.sv:24$2959_Y.
Removed top 1 bits (of 30) from wire vibe_bcrc.$and$/workspace/rtl/dll/vibe_bcrc.sv:24$2962_Y.
Removed top 1 bits (of 30) from wire vibe_bcrc.$and$/workspace/rtl/dll/vibe_bcrc.sv:24$2965_Y.
Removed top 1 bits (of 30) from wire vibe_bcrc.$and$/workspace/rtl/dll/vibe_bcrc.sv:24$2968_Y.
Removed top 1 bits (of 30) from wire vibe_bcrc.$and$/workspace/rtl/dll/vibe_bcrc.sv:24$2971_Y.
Removed top 1 bits (of 30) from wire vibe_bcrc.$and$/workspace/rtl/dll/vibe_bcrc.sv:24$2974_Y.
Removed top 1 bits (of 30) from wire vibe_bcrc.$and$/workspace/rtl/dll/vibe_bcrc.sv:24$2977_Y.
Removed top 1 bits (of 30) from wire vibe_bcrc.$and$/workspace/rtl/dll/vibe_bcrc.sv:24$2980_Y.
Removed top 1 bits (of 30) from wire vibe_bcrc.$and$/workspace/rtl/dll/vibe_bcrc.sv:24$2983_Y.
Removed top 1 bits (of 30) from wire vibe_bcrc.$and$/workspace/rtl/dll/vibe_bcrc.sv:24$2986_Y.
Removed top 1 bits (of 30) from wire vibe_bcrc.$and$/workspace/rtl/dll/vibe_bcrc.sv:24$2989_Y.
Removed top 1 bits (of 30) from wire vibe_bcrc.$and$/workspace/rtl/dll/vibe_bcrc.sv:24$2992_Y.
Removed top 1 bits (of 30) from wire vibe_bcrc.$and$/workspace/rtl/dll/vibe_bcrc.sv:24$2995_Y.
Removed top 1 bits (of 30) from wire vibe_bcrc.$and$/workspace/rtl/dll/vibe_bcrc.sv:24$2998_Y.
Removed top 1 bits (of 30) from wire vibe_bcrc.$and$/workspace/rtl/dll/vibe_bcrc.sv:24$3001_Y.
Removed top 1 bits (of 30) from wire vibe_bcrc.$and$/workspace/rtl/dll/vibe_bcrc.sv:24$3004_Y.
Removed top 1 bits (of 30) from wire vibe_bcrc.$and$/workspace/rtl/dll/vibe_bcrc.sv:24$3007_Y.
Removed top 1 bits (of 30) from wire vibe_bcrc.$and$/workspace/rtl/dll/vibe_bcrc.sv:24$3010_Y.
Removed top 1 bits (of 30) from wire vibe_bcrc.$and$/workspace/rtl/dll/vibe_bcrc.sv:24$3013_Y.
Removed top 1 bits (of 30) from wire vibe_bcrc.$and$/workspace/rtl/dll/vibe_bcrc.sv:24$3016_Y.
Removed top 1 bits (of 30) from wire vibe_bcrc.$and$/workspace/rtl/dll/vibe_bcrc.sv:24$3019_Y.
Removed top 1 bits (of 30) from wire vibe_bcrc.$and$/workspace/rtl/dll/vibe_bcrc.sv:24$3022_Y.
Removed top 1 bits (of 30) from wire vibe_bcrc.$and$/workspace/rtl/dll/vibe_bcrc.sv:24$3025_Y.
Removed top 1 bits (of 30) from wire vibe_bcrc.$and$/workspace/rtl/dll/vibe_bcrc.sv:24$3028_Y.
Removed top 1 bits (of 30) from wire vibe_bcrc.$and$/workspace/rtl/dll/vibe_bcrc.sv:24$3031_Y.
Removed top 1 bits (of 30) from wire vibe_bcrc.$and$/workspace/rtl/dll/vibe_bcrc.sv:24$3034_Y.
Removed top 1 bits (of 30) from wire vibe_bcrc.$and$/workspace/rtl/dll/vibe_bcrc.sv:24$3037_Y.
Removed top 1 bits (of 30) from wire vibe_bcrc.$and$/workspace/rtl/dll/vibe_bcrc.sv:24$3040_Y.
Removed top 1 bits (of 30) from wire vibe_bcrc.$and$/workspace/rtl/dll/vibe_bcrc.sv:24$3043_Y.
Removed top 1 bits (of 30) from wire vibe_bcrc.$and$/workspace/rtl/dll/vibe_bcrc.sv:24$3046_Y.
Removed top 1 bits (of 30) from wire vibe_bcrc.$and$/workspace/rtl/dll/vibe_bcrc.sv:24$3049_Y.
Removed top 1 bits (of 30) from wire vibe_bcrc.$and$/workspace/rtl/dll/vibe_bcrc.sv:24$3052_Y.
Removed top 1 bits (of 30) from wire vibe_bcrc.$and$/workspace/rtl/dll/vibe_bcrc.sv:24$3055_Y.
Removed top 1 bits (of 30) from wire vibe_bcrc.$and$/workspace/rtl/dll/vibe_bcrc.sv:24$3058_Y.
Removed top 1 bits (of 30) from wire vibe_bcrc.$and$/workspace/rtl/dll/vibe_bcrc.sv:24$3061_Y.
Removed top 1 bits (of 30) from wire vibe_bcrc.$and$/workspace/rtl/dll/vibe_bcrc.sv:24$3064_Y.
Removed top 1 bits (of 30) from wire vibe_bcrc.$and$/workspace/rtl/dll/vibe_bcrc.sv:24$3067_Y.
Removed top 1 bits (of 30) from wire vibe_bcrc.$and$/workspace/rtl/dll/vibe_bcrc.sv:24$3070_Y.
Removed top 1 bits (of 30) from wire vibe_bcrc.$and$/workspace/rtl/dll/vibe_bcrc.sv:24$3073_Y.
Removed top 1 bits (of 30) from wire vibe_bcrc.$and$/workspace/rtl/dll/vibe_bcrc.sv:24$3076_Y.
Removed top 1 bits (of 30) from wire vibe_bcrc.$and$/workspace/rtl/dll/vibe_bcrc.sv:24$3079_Y.
Removed top 1 bits (of 30) from wire vibe_bcrc.$and$/workspace/rtl/dll/vibe_bcrc.sv:24$3082_Y.
Removed top 1 bits (of 30) from wire vibe_bcrc.$and$/workspace/rtl/dll/vibe_bcrc.sv:24$3085_Y.
Removed top 1 bits (of 30) from wire vibe_bcrc.$and$/workspace/rtl/dll/vibe_bcrc.sv:24$3088_Y.
Removed top 1 bits (of 30) from wire vibe_bcrc.$and$/workspace/rtl/dll/vibe_bcrc.sv:24$3091_Y.
Removed top 1 bits (of 30) from wire vibe_bcrc.$and$/workspace/rtl/dll/vibe_bcrc.sv:24$3094_Y.
Removed top 1 bits (of 30) from wire vibe_bcrc.$and$/workspace/rtl/dll/vibe_bcrc.sv:24$3097_Y.
Removed top 1 bits (of 30) from wire vibe_bcrc.$and$/workspace/rtl/dll/vibe_bcrc.sv:24$3100_Y.
Removed top 1 bits (of 30) from wire vibe_bcrc.$and$/workspace/rtl/dll/vibe_bcrc.sv:24$3103_Y.
Removed top 1 bits (of 30) from wire vibe_bcrc.$and$/workspace/rtl/dll/vibe_bcrc.sv:24$3106_Y.
Removed top 1 bits (of 30) from wire vibe_bcrc.$and$/workspace/rtl/dll/vibe_bcrc.sv:24$3109_Y.
Removed top 1 bits (of 30) from wire vibe_bcrc.$and$/workspace/rtl/dll/vibe_bcrc.sv:24$3112_Y.
Removed top 1 bits (of 30) from wire vibe_bcrc.$and$/workspace/rtl/dll/vibe_bcrc.sv:24$3115_Y.
Removed top 1 bits (of 30) from wire vibe_bcrc.$and$/workspace/rtl/dll/vibe_bcrc.sv:24$3118_Y.
Removed top 1 bits (of 30) from wire vibe_bcrc.$and$/workspace/rtl/dll/vibe_bcrc.sv:24$3121_Y.
Removed top 1 bits (of 30) from wire vibe_bcrc.$and$/workspace/rtl/dll/vibe_bcrc.sv:24$3124_Y.
Removed top 1 bits (of 30) from wire vibe_bcrc.$and$/workspace/rtl/dll/vibe_bcrc.sv:24$3127_Y.
Removed top 1 bits (of 30) from wire vibe_bcrc.$and$/workspace/rtl/dll/vibe_bcrc.sv:24$3130_Y.
Removed top 1 bits (of 30) from wire vibe_bcrc.$and$/workspace/rtl/dll/vibe_bcrc.sv:24$3133_Y.
Removed top 1 bits (of 30) from wire vibe_bcrc.$and$/workspace/rtl/dll/vibe_bcrc.sv:24$3136_Y.
Removed top 1 bits (of 30) from wire vibe_bcrc.$and$/workspace/rtl/dll/vibe_bcrc.sv:24$3139_Y.
Removed top 1 bits (of 30) from wire vibe_bcrc.$and$/workspace/rtl/dll/vibe_bcrc.sv:24$3142_Y.
Removed top 1 bits (of 30) from wire vibe_bcrc.$and$/workspace/rtl/dll/vibe_bcrc.sv:24$3145_Y.
Removed top 1 bits (of 30) from wire vibe_bcrc.$and$/workspace/rtl/dll/vibe_bcrc.sv:24$3148_Y.
Removed top 1 bits (of 30) from wire vibe_bcrc.$and$/workspace/rtl/dll/vibe_bcrc.sv:24$3151_Y.
Removed top 1 bits (of 30) from wire vibe_bcrc.$and$/workspace/rtl/dll/vibe_bcrc.sv:24$3154_Y.
Removed top 1 bits (of 30) from wire vibe_bcrc.$and$/workspace/rtl/dll/vibe_bcrc.sv:24$3157_Y.
Removed top 1 bits (of 30) from wire vibe_bcrc.$and$/workspace/rtl/dll/vibe_bcrc.sv:24$3160_Y.
Removed top 1 bits (of 30) from wire vibe_bcrc.$and$/workspace/rtl/dll/vibe_bcrc.sv:24$3163_Y.
Removed top 1 bits (of 30) from wire vibe_bcrc.$and$/workspace/rtl/dll/vibe_bcrc.sv:24$3166_Y.
Removed top 1 bits (of 30) from wire vibe_bcrc.$and$/workspace/rtl/dll/vibe_bcrc.sv:24$3169_Y.
Removed top 1 bits (of 30) from wire vibe_bcrc.$and$/workspace/rtl/dll/vibe_bcrc.sv:24$3172_Y.
Removed top 1 bits (of 30) from wire vibe_bcrc.$and$/workspace/rtl/dll/vibe_bcrc.sv:24$3175_Y.
Removed top 1 bits (of 30) from wire vibe_bcrc.$and$/workspace/rtl/dll/vibe_bcrc.sv:24$3178_Y.
Removed top 1 bits (of 30) from wire vibe_bcrc.$and$/workspace/rtl/dll/vibe_bcrc.sv:24$3181_Y.
Removed top 1 bits (of 30) from wire vibe_bcrc.$and$/workspace/rtl/dll/vibe_bcrc.sv:24$3184_Y.
Removed top 1 bits (of 30) from wire vibe_bcrc.$and$/workspace/rtl/dll/vibe_bcrc.sv:24$3187_Y.
Removed top 1 bits (of 30) from wire vibe_bcrc.$and$/workspace/rtl/dll/vibe_bcrc.sv:24$3190_Y.
Removed top 1 bits (of 30) from wire vibe_bcrc.$and$/workspace/rtl/dll/vibe_bcrc.sv:24$3193_Y.
Removed top 1 bits (of 30) from wire vibe_bcrc.$and$/workspace/rtl/dll/vibe_bcrc.sv:24$3196_Y.
Removed top 1 bits (of 30) from wire vibe_bcrc.$and$/workspace/rtl/dll/vibe_bcrc.sv:24$3199_Y.
Removed top 1 bits (of 30) from wire vibe_bcrc.$and$/workspace/rtl/dll/vibe_bcrc.sv:24$3202_Y.

yosys> peepopt

2.10. Executing PEEPOPT pass (run peephole optimizers).

yosys> opt_clean

2.11. Executing OPT_CLEAN pass (remove unused cells and wires).
Finding unused cells or wires in module \vibe_bcrc..
Removed 0 unused cells and 160 unused wires.
<suppressed ~1 debug messages>

yosys> alumacc

2.12. Executing ALUMACC pass (create $alu and $macc cells).
Extracting $alu and $macc cells in module vibe_bcrc:
  created 0 $alu and 0 $macc cells.

yosys> share

2.13. Executing SHARE pass (SAT-based resource sharing).

yosys> opt

2.14. Executing OPT pass (performing simple optimizations).

yosys> opt_expr

2.14.1. Executing OPT_EXPR pass (perform const folding).
Optimizing module vibe_bcrc.

yosys> opt_merge -nomux

2.14.2. Executing OPT_MERGE pass (detect identical cells).
Finding identical cells in module `\vibe_bcrc'.
Removed a total of 0 cells.

yosys> opt_muxtree

2.14.3. Executing OPT_MUXTREE pass (detect dead branches in mux trees).
Running muxtree optimizer on module \vibe_bcrc..
  Creating internal representation of mux trees.
  Evaluating internal representation of mux trees.
  Analyzing evaluation results.
Removed 0 multiplexer ports.
<suppressed ~2 debug messages>

yosys> opt_reduce

2.14.4. Executing OPT_REDUCE pass (consolidate $*mux and $reduce_* inputs).
  Optimizing cells in module \vibe_bcrc.
Performed a total of 0 changes.

yosys> opt_merge

2.14.5. Executing OPT_MERGE pass (detect identical cells).
Finding identical cells in module `\vibe_bcrc'.
Removed a total of 0 cells.

yosys> opt_dff

2.14.6. Executing OPT_DFF pass (perform DFF optimizations).

yosys> opt_clean

2.14.7. Executing OPT_CLEAN pass (remove unused cells and wires).
Finding unused cells or wires in module \vibe_bcrc..

yosys> opt_expr

2.14.8. Executing OPT_EXPR pass (perform const folding).
Optimizing module vibe_bcrc.

2.14.9. Finished OPT passes. (There is nothing left to do.)

yosys> memory -nomap

2.15. Executing MEMORY pass.

yosys> opt_mem

2.15.1. Executing OPT_MEM pass (optimize memories).
Performed a total of 0 transformations.

yosys> opt_mem_priority

2.15.2. Executing OPT_MEM_PRIORITY pass (removing unnecessary memory write priority relations).
Performed a total of 0 transformations.

yosys> opt_mem_feedback

2.15.3. Executing OPT_MEM_FEEDBACK pass (finding memory read-to-write feedback paths).

yosys> memory_bmux2rom

2.15.4. Executing MEMORY_BMUX2ROM pass (converting muxes to ROMs).

yosys> memory_dff

2.15.5. Executing MEMORY_DFF pass (merging $dff cells to $memrd).

yosys> opt_clean

2.15.6. Executing OPT_CLEAN pass (remove unused cells and wires).
Finding unused cells or wires in module \vibe_bcrc..

yosys> memory_share

2.15.7. Executing MEMORY_SHARE pass (consolidating $memrd/$memwr cells).

yosys> opt_mem_widen

2.15.8. Executing OPT_MEM_WIDEN pass (optimize memories where all ports are wide).
Performed a total of 0 transformations.

yosys> opt_clean

2.15.9. Executing OPT_CLEAN pass (remove unused cells and wires).
Finding unused cells or wires in module \vibe_bcrc..

yosys> memory_collect

2.15.10. Executing MEMORY_COLLECT pass (generating $mem cells).

yosys> opt_clean

2.16. Executing OPT_CLEAN pass (remove unused cells and wires).
Finding unused cells or wires in module \vibe_bcrc..

yosys> tee -o /workspace/reports/synth/blocks/vibe_bcrc/hierarchy.rpt stat

yosys> stat

3. Printing statistics.

=== vibe_bcrc ===

   Number of wires:                338
   Number of wire bits:           9735
   Number of public wires:          10
   Number of public wire bits:     229
   Number of ports:                  9
   Number of port bits:            199
   Number of memories:               0
   Number of memory bits:            0
   Number of processes:              0
   Number of cells:                331
     $adff                           1
     $adffe                          2
     $mux                            5
     $not                            1
     $reduce_and                     1
     $reduce_bool                    1
     $xor                          320


yosys> opt -fast -full

4. Executing OPT pass (performing simple optimizations).

yosys> opt_expr -full

4.1. Executing OPT_EXPR pass (perform const folding).
Optimizing module vibe_bcrc.
<suppressed ~803 debug messages>

yosys> opt_merge

4.2. Executing OPT_MERGE pass (detect identical cells).
Finding identical cells in module `\vibe_bcrc'.
Removed a total of 0 cells.

yosys> opt_dff

4.3. Executing OPT_DFF pass (perform DFF optimizations).

yosys> opt_clean

4.4. Executing OPT_CLEAN pass (remove unused cells and wires).
Finding unused cells or wires in module \vibe_bcrc..
Removed 0 unused cells and 322 unused wires.
<suppressed ~1 debug messages>

4.5. Finished fast OPT passes.

yosys> techmap

5. Executing TECHMAP pass (map to technology primitives).

5.1. Executing Verilog-2005 frontend: /tmp/oss-cad/oss-cad-suite/lib/../share/yosys/techmap.v
Parsing Verilog input from `/tmp/oss-cad/oss-cad-suite/lib/../share/yosys/techmap.v' to AST representation.
Generating RTLIL representation for module `\_90_simplemap_bool_ops'.
Generating RTLIL representation for module `\_90_simplemap_reduce_ops'.
Generating RTLIL representation for module `\_90_simplemap_logic_ops'.
Generating RTLIL representation for module `\_90_simplemap_compare_ops'.
Generating RTLIL representation for module `\_90_simplemap_various'.
Generating RTLIL representation for module `\_90_simplemap_registers'.
Generating RTLIL representation for module `\_90_shift_ops_shr_shl_sshl_sshr'.
Generating RTLIL representation for module `\_90_shift_shiftx'.
Generating RTLIL representation for module `\_90_fa'.
Generating RTLIL representation for module `\_90_lcu_brent_kung'.
Generating RTLIL representation for module `\_90_alu'.
Generating RTLIL representation for module `\_90_macc'.
Generating RTLIL representation for module `\_90_alumacc'.
Generating RTLIL representation for module `\$__div_mod_u'.
Generating RTLIL representation for module `\$__div_mod_trunc'.
Generating RTLIL representation for module `\_90_div'.
Generating RTLIL representation for module `\_90_mod'.
Generating RTLIL representation for module `\$__div_mod_floor'.
Generating RTLIL representation for module `\_90_divfloor'.
Generating RTLIL representation for module `\_90_modfloor'.
Generating RTLIL representation for module `\_90_pow'.
Generating RTLIL representation for module `\_90_pmux'.
Generating RTLIL representation for module `\_90_demux'.
Generating RTLIL representation for module `\_90_lut'.
Successfully finished Verilog frontend.

5.2. Continuing TECHMAP pass.
Using extmapper simplemap for cells of type $xor.
Using extmapper simplemap for cells of type $and.
Using extmapper simplemap for cells of type $mux.
Using extmapper simplemap for cells of type $adffe.
Using extmapper simplemap for cells of type $adff.
Using extmapper simplemap for cells of type $reduce_and.
Using extmapper simplemap for cells of type $not.
Using extmapper simplemap for cells of type $reduce_bool.
No more expansions possible.
<suppressed ~404 debug messages>

yosys> opt -fast

6. Executing OPT pass (performing simple optimizations).

yosys> opt_expr

6.1. Executing OPT_EXPR pass (perform const folding).
Optimizing module vibe_bcrc.

yosys> opt_merge

6.2. Executing OPT_MERGE pass (detect identical cells).
Finding identical cells in module `\vibe_bcrc'.
<suppressed ~3 debug messages>
Removed a total of 1 cells.

yosys> opt_dff

6.3. Executing OPT_DFF pass (perform DFF optimizations).

yosys> opt_clean

6.4. Executing OPT_CLEAN pass (remove unused cells and wires).
Finding unused cells or wires in module \vibe_bcrc..
Removed 0 unused cells and 3 unused wires.
<suppressed ~1 debug messages>

6.5. Finished fast OPT passes.

yosys> dfflibmap -liberty /workspace/scripts/synth/work/sky130_fd_sc_hd__tt_025C_1v80.lib

7. Executing DFFLIBMAP pass (mapping DFF cells to sequential cells from liberty file).
  cell sky130_fd_sc_hd__dfxtp_1 (noninv, pins=3, area=20.02) is a direct match for cell type $_DFF_P_.
  cell sky130_fd_sc_hd__dfrtn_1 (noninv, pins=4, area=25.02) is a direct match for cell type $_DFF_NN0_.
  cell sky130_fd_sc_hd__dfrtp_1 (noninv, pins=4, area=25.02) is a direct match for cell type $_DFF_PN0_.
  cell sky130_fd_sc_hd__dfstp_2 (noninv, pins=4, area=26.28) is a direct match for cell type $_DFF_PN1_.
  cell sky130_fd_sc_hd__edfxtp_1 (noninv, pins=4, area=30.03) is a direct match for cell type $_DFFE_PP_.
  cell sky130_fd_sc_hd__dfbbn_1 (noninv, pins=6, area=32.53) is a direct match for cell type $_DFFSR_NNN_.
  cell sky130_fd_sc_hd__dfbbp_1 (noninv, pins=6, area=32.53) is a direct match for cell type $_DFFSR_PNN_.
  final dff cell mappings:
    unmapped dff cell: $_DFF_N_
    \sky130_fd_sc_hd__dfxtp_1 _DFF_P_ (.CLK( C), .D( D), .Q( Q));
    \sky130_fd_sc_hd__dfrtn_1 _DFF_NN0_ (.CLK_N( C), .D( D), .Q( Q), .RESET_B( R));
    unmapped dff cell: $_DFF_NN1_
    unmapped dff cell: $_DFF_NP0_
    unmapped dff cell: $_DFF_NP1_
    \sky130_fd_sc_hd__dfrtp_1 _DFF_PN0_ (.CLK( C), .D( D), .Q( Q), .RESET_B( R));
    \sky130_fd_sc_hd__dfstp_2 _DFF_PN1_ (.CLK( C), .D( D), .Q( Q), .SET_B( R));
    unmapped dff cell: $_DFF_PP0_
    unmapped dff cell: $_DFF_PP1_
    unmapped dff cell: $_DFFE_NN_
    unmapped dff cell: $_DFFE_NP_
    unmapped dff cell: $_DFFE_PN_
    \sky130_fd_sc_hd__edfxtp_1 _DFFE_PP_ (.CLK( C), .D( D), .DE( E), .Q( Q));
    \sky130_fd_sc_hd__dfbbn_1 _DFFSR_NNN_ (.CLK_N( C), .D( D), .Q( Q), .Q_N(~Q), .RESET_B( R), .SET_B( S));
    unmapped dff cell: $_DFFSR_NNP_
    unmapped dff cell: $_DFFSR_NPN_
    unmapped dff cell: $_DFFSR_NPP_
    \sky130_fd_sc_hd__dfbbp_1 _DFFSR_PNN_ (.CLK( C), .D( D), .Q( Q), .Q_N(~Q), .RESET_B( R), .SET_B( S));
    unmapped dff cell: $_DFFSR_PNP_
    unmapped dff cell: $_DFFSR_PPN_
    unmapped dff cell: $_DFFSR_PPP_

yosys> dfflegalize -cell $_DFF_P_ 01 -cell $_DFFE_PP_ 01 -cell $_DFF_NN0_ 01 -cell $_DFF_PN0_ 01 -cell $_DFF_PN1_ 01 -cell $_DFFSR_NNN_ 01 -cell $_DFFSR_PNN_ 01 t:$_DFF* t:$_SDFF*

7.1. Executing DFFLEGALIZE pass (convert FFs to types supported by the target).
<suppressed ~24 debug messages>
Mapping DFF cells in module `\vibe_bcrc':
  mapped 32 $_DFF_PN0_ cells to \sky130_fd_sc_hd__dfrtp_1 cells.
  mapped 30 $_DFF_PN1_ cells to \sky130_fd_sc_hd__dfstp_2 cells.

yosys> abc -liberty /workspace/scripts/synth/work/sky130_fd_sc_hd__tt_025C_1v80.lib

8. Executing ABC pass (technology mapping using ABC).

8.1. Extracting gate netlist of module `\vibe_bcrc' to `<abc-temp-dir>/input.blif'..
Extracted 2496 gates and 2723 wires to a netlist network with 225 inputs and 62 outputs.

8.1.1. Executing ABC.
Running ABC command: "<yosys-exe-dir>/yosys-abc" -s -f <abc-temp-dir>/abc.script 2>&1
ABC: ABC command line: "source <abc-temp-dir>/abc.script".
ABC: 
ABC: + read_blif <abc-temp-dir>/input.blif 
ABC: + read_lib -w /workspace/scripts/synth/work/sky130_fd_sc_hd__tt_025C_1v80.lib 
ABC: Parsing finished successfully.  Parsing time =     0.06 sec
ABC: Scl_LibertyReadGenlib() skipped cell "sky130_fd_sc_hd__decap_12" without logic function.
ABC: Scl_LibertyReadGenlib() skipped cell "sky130_fd_sc_hd__decap_3" without logic function.
ABC: Scl_LibertyReadGenlib() skipped cell "sky130_fd_sc_hd__decap_4" without logic function.
ABC: Scl_LibertyReadGenlib() skipped cell "sky130_fd_sc_hd__decap_6" without logic function.
ABC: Scl_LibertyReadGenlib() skipped cell "sky130_fd_sc_hd__decap_8" without logic function.
ABC: Scl_LibertyReadGenlib() skipped sequential cell "sky130_fd_sc_hd__dfbbn_1".
ABC: Scl_LibertyReadGenlib() skipped sequential cell "sky130_fd_sc_hd__dfbbn_2".
ABC: Scl_LibertyReadGenlib() skipped sequential cell "sky130_fd_sc_hd__dfbbp_1".
ABC: Scl_LibertyReadGenlib() skipped sequential cell "sky130_fd_sc_hd__dfrbp_1".
ABC: Scl_LibertyReadGenlib() skipped sequential cell "sky130_fd_sc_hd__dfrbp_2".
ABC: Scl_LibertyReadGenlib() skipped sequential cell "sky130_fd_sc_hd__dfrtn_1".
ABC: Scl_LibertyReadGenlib() skipped sequential cell "sky130_fd_sc_hd__dfrtp_1".
ABC: Scl_LibertyReadGenlib() skipped sequential cell "sky130_fd_sc_hd__dfrtp_2".
ABC: Scl_LibertyReadGenlib() skipped sequential cell "sky130_fd_sc_hd__dfrtp_4".
ABC: Scl_LibertyReadGenlib() skipped sequential cell "sky130_fd_sc_hd__dfsbp_1".
ABC: Scl_LibertyReadGenlib() skipped sequential cell "sky130_fd_sc_hd__dfsbp_2".
ABC: Scl_LibertyReadGenlib() skipped sequential cell "sky130_fd_sc_hd__dfstp_1".
ABC: Scl_LibertyReadGenlib() skipped sequential cell "sky130_fd_sc_hd__dfstp_2".
ABC: Scl_LibertyReadGenlib() skipped sequential cell "sky130_fd_sc_hd__dfstp_4".
ABC: Scl_LibertyReadGenlib() skipped sequential cell "sky130_fd_sc_hd__dfxbp_1".
ABC: Scl_LibertyReadGenlib() skipped sequential cell "sky130_fd_sc_hd__dfxbp_2".
ABC: Scl_LibertyReadGenlib() skipped sequential cell "sky130_fd_sc_hd__dfxtp_1".
ABC: Scl_LibertyReadGenlib() skipped sequential cell "sky130_fd_sc_hd__dfxtp_2".
ABC: Scl_LibertyReadGenlib() skipped sequential cell "sky130_fd_sc_hd__dfxtp_4".
ABC: Scl_LibertyReadGenlib() skipped cell "sky130_fd_sc_hd__diode_2" without logic function.
ABC: Scl_LibertyReadGenlib() skipped cell "sky130_fd_sc_hd__dlclkp_1" without logic function.
ABC: Scl_LibertyReadGenlib() skipped cell "sky130_fd_sc_hd__dlclkp_2" without logic function.
ABC: Scl_LibertyReadGenlib() skipped cell "sky130_fd_sc_hd__dlclkp_4" without logic function.
ABC: Scl_LibertyReadGenlib() skipped sequential cell "sky130_fd_sc_hd__dlrbn_1".
ABC: Scl_LibertyReadGenlib() skipped sequential cell "sky130_fd_sc_hd__dlrbn_2".
ABC: Scl_LibertyReadGenlib() skipped sequential cell "sky130_fd_sc_hd__dlrbp_1".
ABC: Scl_LibertyReadGenlib() skipped sequential cell "sky130_fd_sc_hd__dlrbp_2".
ABC: Scl_LibertyReadGenlib() skipped sequential cell "sky130_fd_sc_hd__dlrtn_1".
ABC: Scl_LibertyReadGenlib() skipped sequential cell "sky130_fd_sc_hd__dlrtn_2".
ABC: Scl_LibertyReadGenlib() skipped sequential cell "sky130_fd_sc_hd__dlrtn_4".
ABC: Scl_LibertyReadGenlib() skipped sequential cell "sky130_fd_sc_hd__dlrtp_1".
ABC: Scl_LibertyReadGenlib() skipped sequential cell "sky130_fd_sc_hd__dlrtp_2".
ABC: Scl_LibertyReadGenlib() skipped sequential cell "sky130_fd_sc_hd__dlrtp_4".
ABC: Scl_LibertyReadGenlib() skipped sequential cell "sky130_fd_sc_hd__dlxbn_1".
ABC: Scl_LibertyReadGenlib() skipped sequential cell "sky130_fd_sc_hd__dlxbn_2".
ABC: Scl_LibertyReadGenlib() skipped sequential cell "sky130_fd_sc_hd__dlxbp_1".
ABC: Scl_LibertyReadGenlib() skipped sequential cell "sky130_fd_sc_hd__dlxtn_1".
ABC: Scl_LibertyReadGenlib() skipped sequential cell "sky130_fd_sc_hd__dlxtn_2".
ABC: Scl_LibertyReadGenlib() skipped sequential cell "sky130_fd_sc_hd__dlxtn_4".
ABC: Scl_LibertyReadGenlib() skipped sequential cell "sky130_fd_sc_hd__dlxtp_1".
ABC: Scl_LibertyReadGenlib() skipped three-state cell "sky130_fd_sc_hd__ebufn_1".
ABC: Scl_LibertyReadGenlib() skipped three-state cell "sky130_fd_sc_hd__ebufn_2".
ABC: Scl_LibertyReadGenlib() skipped three-state cell "sky130_fd_sc_hd__ebufn_4".
ABC: Scl_LibertyReadGenlib() skipped three-state cell "sky130_fd_sc_hd__ebufn_8".
ABC: Scl_LibertyReadGenlib() skipped sequential cell "sky130_fd_sc_hd__edfxbp_1".
ABC: Scl_LibertyReadGenlib() skipped sequential cell "sky130_fd_sc_hd__edfxtp_1".
ABC: Scl_LibertyReadGenlib() skipped three-state cell "sky130_fd_sc_hd__einvn_0".
ABC: Scl_LibertyReadGenlib() skipped three-state cell "sky130_fd_sc_hd__einvn_1".
ABC: Scl_LibertyReadGenlib() skipped three-state cell "sky130_fd_sc_hd__einvn_2".
ABC: Scl_LibertyReadGenlib() skipped three-state cell "sky130_fd_sc_hd__einvn_4".
ABC: Scl_LibertyReadGenlib() skipped three-state cell "sky130_fd_sc_hd__einvn_8".
ABC: Scl_LibertyReadGenlib() skipped three-state cell "sky130_fd_sc_hd__einvp_1".
ABC: Scl_LibertyReadGenlib() skipped three-state cell "sky130_fd_sc_hd__einvp_2".
ABC: Scl_LibertyReadGenlib() skipped three-state cell "sky130_fd_sc_hd__einvp_4".
ABC: Scl_LibertyReadGenlib() skipped three-state cell "sky130_fd_sc_hd__einvp_8".
ABC: Scl_LibertyReadGenlib() skipped cell "sky130_fd_sc_hd__lpflow_bleeder_1" without logic function.
ABC: Scl_LibertyReadGenlib() skipped cell "sky130_fd_sc_hd__lpflow_decapkapwr_12" without logic function.
ABC: Scl_LibertyReadGenlib() skipped cell "sky130_fd_sc_hd__lpflow_decapkapwr_3" without logic function.
ABC: Scl_LibertyReadGenlib() skipped cell "sky130_fd_sc_hd__lpflow_decapkapwr_4" without logic function.
ABC: Scl_LibertyReadGenlib() skipped cell "sky130_fd_sc_hd__lpflow_decapkapwr_6" without logic function.
ABC: Scl_LibertyReadGenlib() skipped cell "sky130_fd_sc_hd__lpflow_decapkapwr_8" without logic function.
ABC: Scl_LibertyReadGenlib() skipped sequential cell "sky130_fd_sc_hd__lpflow_inputisolatch_1".
ABC: Scl_LibertyReadGenlib() skipped sequential cell "sky130_fd_sc_hd__sdfbbn_1".
ABC: Scl_LibertyReadGenlib() skipped sequential cell "sky130_fd_sc_hd__sdfbbn_2".
ABC: Scl_LibertyReadGenlib() skipped sequential cell "sky130_fd_sc_hd__sdfbbp_1".
ABC: Scl_LibertyReadGenlib() skipped sequential cell "sky130_fd_sc_hd__sdfrbp_1".
ABC: Scl_LibertyReadGenlib() skipped sequential cell "sky130_fd_sc_hd__sdfrbp_2".
ABC: Scl_LibertyReadGenlib() skipped sequential cell "sky130_fd_sc_hd__sdfrtn_1".
ABC: Scl_LibertyReadGenlib() skipped sequential cell "sky130_fd_sc_hd__sdfrtp_1".
ABC: Scl_LibertyReadGenlib() skipped sequential cell "sky130_fd_sc_hd__sdfrtp_2".
ABC: Scl_LibertyReadGenlib() skipped sequential cell "sky130_fd_sc_hd__sdfrtp_4".
ABC: Scl_LibertyReadGenlib() skipped sequential cell "sky130_fd_sc_hd__sdfsbp_1".
ABC: Scl_LibertyReadGenlib() skipped sequential cell "sky130_fd_sc_hd__sdfsbp_2".
ABC: Scl_LibertyReadGenlib() skipped sequential cell "sky130_fd_sc_hd__sdfstp_1".
ABC: Scl_LibertyReadGenlib() skipped sequential cell "sky130_fd_sc_hd__sdfstp_2".
ABC: Scl_LibertyReadGenlib() skipped sequential cell "sky130_fd_sc_hd__sdfstp_4".
ABC: Scl_LibertyReadGenlib() skipped sequential cell "sky130_fd_sc_hd__sdfxbp_1".
ABC: Scl_LibertyReadGenlib() skipped sequential cell "sky130_fd_sc_hd__sdfxbp_2".
ABC: Scl_LibertyReadGenlib() skipped sequential cell "sky130_fd_sc_hd__sdfxtp_1".
ABC: Scl_LibertyReadGenlib() skipped sequential cell "sky130_fd_sc_hd__sdfxtp_2".
ABC: Scl_LibertyReadGenlib() skipped sequential cell "sky130_fd_sc_hd__sdfxtp_4".
ABC: Scl_LibertyReadGenlib() skipped cell "sky130_fd_sc_hd__sdlclkp_1" without logic function.
ABC: Scl_LibertyReadGenlib() skipped cell "sky130_fd_sc_hd__sdlclkp_2" without logic function.
ABC: Scl_LibertyReadGenlib() skipped cell "sky130_fd_sc_hd__sdlclkp_4" without logic function.
ABC: Scl_LibertyReadGenlib() skipped sequential cell "sky130_fd_sc_hd__sedfxbp_1".
ABC: Scl_LibertyReadGenlib() skipped sequential cell "sky130_fd_sc_hd__sedfxbp_2".
ABC: Scl_LibertyReadGenlib() skipped sequential cell "sky130_fd_sc_hd__sedfxtp_1".
ABC: Scl_LibertyReadGenlib() skipped sequential cell "sky130_fd_sc_hd__sedfxtp_2".
ABC: Scl_LibertyReadGenlib() skipped sequential cell "sky130_fd_sc_hd__sedfxtp_4".
ABC: Library "sky130_fd_sc_hd__tt_025C_1v80" from "/workspace/scripts/synth/work/sky130_fd_sc_hd__tt_025C_1v80.lib" has 334 cells (94 skipped: 63 seq; 13 tri-state; 18 no func; 0 dont_use).  Time =     0.09 sec
ABC: Memory =   19.81 MB. Time =     0.09 sec
ABC: Warning: Detected 9 multi-output gates (for example, "sky130_fd_sc_hd__fa_1").
ABC: + strash 
ABC: + &get -n 
ABC: + &fraig -x 
ABC: + &put 
ABC: + scorr 
ABC: Warning: The network is combinational (run "fraig" or "fraig_sweep").
ABC: + dc2 
ABC: + dretime 
ABC: + strash 
ABC: + &get -n 
ABC: + &dch -f 
ABC: + &nf 
ABC: + &put 
ABC: + write_blif <abc-temp-dir>/output.blif 

8.1.2. Re-integrating ABC results.
ABC RESULTS:   sky130_fd_sc_hd__a21oi_1 cells:       41
ABC RESULTS:   sky130_fd_sc_hd__clkinv_1 cells:        2
ABC RESULTS:   sky130_fd_sc_hd__lpflow_inputiso1p_1 cells:        1
ABC RESULTS:   sky130_fd_sc_hd__lpflow_isobufsrc_1 cells:        1
ABC RESULTS:   sky130_fd_sc_hd__nand2_1 cells:       23
ABC RESULTS:   sky130_fd_sc_hd__nor2_1 cells:       41
ABC RESULTS:   sky130_fd_sc_hd__o21ai_0 cells:       19
ABC RESULTS:   sky130_fd_sc_hd__xnor2_1 cells:      645
ABC RESULTS:   sky130_fd_sc_hd__xnor3_1 cells:      147
ABC RESULTS:   sky130_fd_sc_hd__xor2_1 cells:      211
ABC RESULTS:   sky130_fd_sc_hd__xor3_1 cells:       34
ABC RESULTS:        internal signals:     2436
ABC RESULTS:           input signals:      225
ABC RESULTS:          output signals:       62
Removing temp directory.

yosys> opt_clean

9. Executing OPT_CLEAN pass (remove unused cells and wires).
Finding unused cells or wires in module \vibe_bcrc..
Removed 0 unused cells and 612 unused wires.
<suppressed ~1 debug messages>

yosys> tee -o /workspace/reports/synth/blocks/vibe_bcrc/stat.rpt stat -liberty /workspace/scripts/synth/work/sky130_fd_sc_hd__tt_025C_1v80.lib

yosys> stat -liberty /workspace/scripts/synth/work/sky130_fd_sc_hd__tt_025C_1v80.lib

10. Printing statistics.

=== vibe_bcrc ===

   Number of wires:               1175
   Number of wire bits:           1394
   Number of public wires:          10
   Number of public wire bits:     229
   Number of ports:                  9
   Number of port bits:            199
   Number of memories:               0
   Number of memory bits:            0
   Number of processes:              0
   Number of cells:               1227
     sky130_fd_sc_hd__a21oi_1       41
     sky130_fd_sc_hd__clkinv_1       2
     sky130_fd_sc_hd__dfrtp_1       32
     sky130_fd_sc_hd__dfstp_2       30
     sky130_fd_sc_hd__lpflow_inputiso1p_1      1
     sky130_fd_sc_hd__lpflow_isobufsrc_1      1
     sky130_fd_sc_hd__nand2_1       23
     sky130_fd_sc_hd__nor2_1        41
     sky130_fd_sc_hd__o21ai_0       19
     sky130_fd_sc_hd__xnor2_1      645
     sky130_fd_sc_hd__xnor3_1      147
     sky130_fd_sc_hd__xor2_1       211
     sky130_fd_sc_hd__xor3_1        34

   Chip area for module '\vibe_bcrc': 13765.702400
     of which used for sequential elements: 1589.024000 (11.54%)


yosys> write_verilog -noattr /workspace/scripts/synth/work/blocks/vibe_bcrc/vibe_bcrc.synth.v

11. Executing Verilog backend.

yosys> bmuxmap

11.1. Executing BMUXMAP pass.

yosys> demuxmap

11.2. Executing DEMUXMAP pass.

yosys> clean_zerowidth
Dumping module `\vibe_bcrc'.

End of script. Logfile hash: 00ae1dd6a2, CPU: user 2.04s system 0.03s, MEM: 50.39 MB peak
Yosys 0.54+29 (git sha1 7b0c1fe49, clang++ 18.1.8 -fPIC -O3)
Time spent: 45% 1x proc_mux (1 sec), 20% 1x abc (0 sec), ...
