$date
	Wed Sep  2 08:20:04 2026
$end
$version
	Icarus Verilog
$end
$timescale
	1ps
$end
$scope module tc_nw_pkt_pma_loopback $end
$var reg 1 ! clk_fab $end
$upscope $end
$scope module tc_nw_pkt_pma_loopback $end
$var reg 1 " txclk $end
$upscope $end
$scope module tc_nw_pkt_pma_loopback $end
$var wire 1 # rxclk $end
$upscope $end
$scope module tc_nw_pkt_pma_loopback $end
$var reg 1 $ rst_n $end
$upscope $end
$scope module tc_nw_pkt_pma_loopback $end
$var reg 1 % fab_tx_vld $end
$upscope $end
$scope module tc_nw_pkt_pma_loopback $end
$var wire 1 & fab_tx_ready $end
$upscope $end
$scope module tc_nw_pkt_pma_loopback $end
$var wire 1 ' fab_rx_vld $end
$upscope $end
$scope module tc_nw_pkt_pma_loopback $end
$var reg 1 ( fab_rx_ready $end
$upscope $end
$scope module tc_nw_pkt_pma_loopback $end
$var reg 512 ) fab_tx_data [511:0] $end
$upscope $end
$scope module tc_nw_pkt_pma_loopback $end
$var wire 512 * fab_rx_data [511:0] $end
$upscope $end
$scope module tc_nw_pkt_pma_loopback $end
$var reg 512 + golden_tx [511:0] $end
$upscope $end
$scope module tc_nw_pkt_pma_loopback $end
$var wire 160 , wav_tx_sop [159:0] $end
$upscope $end
$scope module tc_nw_pkt_pma_loopback $end
$var wire 352 - wav_tx_pld [351:0] $end
$upscope $end
$scope module tc_nw_pkt_pma_loopback $end
$var wire 160 . wav_rx_sop [159:0] $end
$upscope $end
$scope module tc_nw_pkt_pma_loopback $end
$var wire 352 / wav_rx_pld [351:0] $end
$upscope $end
$scope module tc_nw_pkt_pma_loopback $end
$var wire 4 0 wav_tx_cfg [3:0] $end
$upscope $end
$scope module tc_nw_pkt_pma_loopback $end
$var wire 2 1 wav_tx_rt [1:0] $end
$upscope $end
$scope module tc_nw_pkt_pma_loopback $end
$var wire 16 2 wav_tx_scna [15:0] $end
$upscope $end
$scope module tc_nw_pkt_pma_loopback $end
$var wire 16 3 wav_tx_dcna [15:0] $end
$upscope $end
$scope module tc_nw_pkt_pma_loopback $end
$var wire 4 4 wav_rx_cfg [3:0] $end
$upscope $end
$scope module tc_nw_pkt_pma_loopback $end
$var wire 2 5 wav_rx_rt [1:0] $end
$upscope $end
$scope module tc_nw_pkt_pma_loopback $end
$var wire 16 6 wav_rx_scna [15:0] $end
$upscope $end
$scope module tc_nw_pkt_pma_loopback $end
$var wire 16 7 wav_rx_dcna [15:0] $end
$upscope $end
$scope module tc_nw_pkt_pma_loopback $end
$var wire 1 8 wav_tx_nz $end
$upscope $end
$scope module tc_nw_pkt_pma_loopback $end
$var wire 1 9 wav_rx_nz $end
$upscope $end
$scope module tc_nw_pkt_pma_loopback $end
$var wire 1 : wav_lb_eq $end
$upscope $end
$scope module tc_nw_pkt_pma_loopback $end
$var wire 32 ; wav_lane0 [31:0] $end
$upscope $end
$scope module tc_nw_pkt_pma_loopback $end
$var wire 32 < wav_lane3 [31:0] $end
$upscope $end
$scope module tc_nw_pkt_pma_loopback $end
$var wire 1 = wav_ptxv $end
$upscope $end
$scope module tc_nw_pkt_pma_loopback $end
$var wire 1 > wav_txlv $end
$upscope $end
$scope module tc_nw_pkt_pma_loopback $end
$var wire 4 ? wav_am [3:0] $end
$upscope $end
$scope module tc_nw_pkt_pma_loopback $end
$var wire 1 @ wav_pcs_rx $end
$upscope $end
$scope module tc_nw_pkt_pma_loopback $end
$var wire 1 A wav_fec $end
$upscope $end
$scope module tc_nw_pkt_pma_loopback $end
$var wire 1 B wav_rx_eq $end
$upscope $end
$scope module tc_nw_pkt_pma_loopback $end
$var wire 512 C txdata [511:0] $end
$upscope $end
$scope module tc_nw_pkt_pma_loopback $end
$var wire 512 D rxdata [511:0] $end
$upscope $end
$enddefinitions $end
$comment Show the parameter values. $end
$dumpall
$end
#0
$dumpvars
b0 D
b0 C
0B
0A
0@
b0 ?
0>
0=
b0 <
b0 ;
1:
09
08
b0 7
b0 6
b0 5
b0 4
b0 3
b0 2
b0 1
b0 0
b0 /
b0 .
b0 -
b0 ,
b10110010001010111010000100011010011000000000000000000011000000001010010110100101010110100101101000000001001000110100010101100111100010011010101111001101111011111111111011011100101110101001100001110110010101000011001000010000000100010001000100100010001000100011001100110011010001000100010001010101010101010110011001100110011101110111011110001000100010001001100110101010101110111100110011011101111011101111111100000000 +
b0 *
b0 )
1(
0'
0&
0%
0$
0#
0"
0!
$end
#1000
1!
#2000
0!
1#
1"
#3000
1!
#4000
0!
0#
0"
#5000
1!
#6000
0!
1#
1"
#7000
1!
#8000
0!
0#
0"
#9000
1!
#10000
0!
1#
1"
#11000
1!
#12000
0!
0#
0"
#13000
1!
#14000
0!
1#
1"
#15000
1$
1!
#16000
0!
0#
0"
#17000
1!
#18000
0!
1#
1"
#19000
1!
#20000
0!
0#
0"
#21000
1!
#22000
0!
1#
1"
#23000
1!
#24000
0!
0#
0"
#25000
1!
#26000
0!
1#
1"
#27000
1!
#28000
0!
0#
0"
#29000
1!
#30000
0!
1#
1"
#31000
b1111 ?
1!
#32000
0!
0#
0"
#33000
1!
#34000
0!
1#
1"
#35000
1!
#36000
0!
0#
0"
#37000
1!
#38000
0!
1#
1"
#39000
1!
#40000
0!
0#
0"
#41000
1!
#42000
0!
1#
1"
#43000
1!
#44000
0!
0#
0"
#45000
1!
#46000
0!
1#
1"
#47000
1!
#48000
0!
0#
0"
#49000
1!
#50000
0!
1#
1"
#51000
1!
#52000
0!
0#
0"
#53000
1!
#54000
0!
1#
1"
#55000
1!
#56000
0!
0#
0"
#57000
1!
#58000
0!
1#
1"
#59000
1!
#60000
0!
0#
0"
#61000
1!
#62000
0!
1#
1"
#63000
1&
1!
#64000
0!
0#
0"
#65000
b0 ?
1!
#66000
0!
1#
1"
#67000
b11 0
b1010000100011010 2
b1011001000101011 3
b1011001000101011101000010001101001100000000000000000001100000000 ,
b1010010110100101010110100101101000000001001000110100010101100111100010011010101111001101111011111111111011011100101110101001100001110110010101000011001000010000000100010001000100100010001000100011001100110011010001000100010001010101010101010110011001100110011101110111011110001000100010001001100110101010101110111100110011011101111011101111111100000000 -
b10110010001010111010000100011010011000000000000000000011000000001010010110100101010110100101101000000001001000110100010101100111100010011010101111001101111011111111111011011100101110101001100001110110010101000011001000010000000100010001000100100010001000100011001100110011010001000100010001010101010101010110011001100110011101110111011110001000100010001001100110101010101110111100110011011101111011101111111100000000 )
1!
#68000
1%
0!
0#
0"
#69000
b0 0
b1110010111100101 2
b1101010011010100 3
b101100101011001011000011110000111101010011010100111001011110010100000000000000000000000000000000 ,
b0 -
b1011001010110010110000111100001111010100110101001110010111100101000000000000000000000000000000000000000000000000000000000000000000000000000000000000000000000000000000000000000000000000000000000000000000000000000000000000000000000000000000000000000000000000000000000000000000000000000000000000000000000000000000000000000000000000000000000000000000000000000000000000000000000000000000000000000000000000000000000000000000000000000000000000000000000000 )
0%
1!
#70000
1%
0!
1#
1"
#71000
0%
1!
#72000
0!
0#
0"
#73000
1&
1!
#74000
0!
1#
1"
#75000
1!
#76000
0!
0#
0"
#77000
1!
#78000
0!
1#
1"
#79000
1!
#80000
0!
0#
0"
#81000
1!
#82000
0!
1#
1"
#83000
1!
#84000
0!
0#
0"
#85000
1!
#86000
0!
1#
1"
#87000
1!
#88000
0!
0#
0"
#89000
1!
#90000
0!
1#
1"
#91000
1!
#92000
0!
0#
0"
#93000
1!
#94000
0!
1#
1"
#95000
1!
#96000
0!
0#
0"
#97000
1!
#98000
0!
1#
1"
#99000
1!
#100000
0!
0#
0"
#101000
1!
#102000
0!
1#
1"
#103000
1!
#104000
0!
0#
0"
#105000
1!
#106000
0!
1#
1"
#107000
1!
#108000
0!
0#
0"
#109000
1!
#110000
0!
1#
1"
#111000
1!
#112000
0!
0#
0"
#113000
1!
#114000
0!
1#
1"
#115000
1!
#116000
0!
0#
0"
#117000
1!
#118000
0!
1#
1"
#119000
1!
#120000
0!
0#
0"
#121000
1!
#122000
0!
1#
1"
#123000
1!
#124000
0!
0#
0"
#125000
1!
#126000
0!
1#
1"
#127000
1!
#128000
0!
0#
0"
#129000
1!
#130000
0!
1#
1"
#131000
1!
#132000
0!
0#
0"
#133000
1!
#134000
0!
1#
1"
#135000
1!
#136000
0!
0#
0"
#137000
1!
#138000
0!
1#
1"
#139000
1!
#140000
0!
0#
0"
#141000
1!
#142000
0!
1#
1"
#143000
1!
#144000
0!
0#
0"
#145000
1!
#146000
0!
1#
1"
#147000
1!
#148000
0!
0#
0"
#149000
1!
#150000
0!
1#
1"
#151000
1!
#152000
0!
0#
0"
#153000
1!
#154000
0!
1#
1"
#155000
1!
#156000
0!
0#
0"
#157000
1!
#158000
0!
1#
1"
#159000
1!
#160000
0!
0#
0"
#161000
1!
#162000
0!
1#
1"
#163000
1!
#164000
0!
0#
0"
#165000
1!
#166000
0!
1#
1"
#167000
1!
#168000
0!
0#
0"
#169000
1!
#170000
0!
1#
1"
#171000
1!
#172000
0!
0#
0"
#173000
1!
#174000
0!
1#
1"
#175000
1!
#176000
0!
0#
0"
#177000
1!
#178000
0!
1#
1"
#179000
1!
#180000
0!
0#
0"
#181000
1!
#182000
0!
1#
1"
#183000
1!
#184000
0!
0#
0"
#185000
1!
#186000
0!
1#
1"
#187000
1!
#188000
0!
0#
0"
#189000
1!
#190000
0!
1#
1"
#191000
1!
#192000
0!
0#
0"
#193000
1!
#194000
0!
1#
1"
#195000
1!
#196000
0!
0#
0"
#197000
1!
#198000
0!
1#
1"
#199000
1!
#200000
0!
0#
0"
#201000
1!
#202000
0!
1#
1"
#203000
1!
#204000
0!
0#
0"
#205000
1!
#206000
0!
1#
1"
#207000
1!
#208000
0!
0#
0"
#209000
1!
#210000
0!
1#
1"
#211000
1!
#212000
0!
0#
0"
#213000
1!
#214000
0!
1#
1"
#215000
1!
#216000
0!
0#
0"
#217000
1!
#218000
0!
1#
1"
#219000
1!
#220000
0!
0#
0"
#221000
1!
#222000
0!
1#
1"
#223000
1!
#224000
0!
0#
0"
#225000
1!
#226000
0!
1#
1"
#227000
1!
#228000
0!
0#
0"
#229000
1!
#230000
0!
1#
1"
#231000
1!
#232000
0!
0#
0"
#233000
1!
#234000
0!
1#
1"
#235000
1!
#236000
0!
0#
0"
#237000
1!
#238000
0!
1#
1"
#239000
1!
#240000
0!
0#
0"
#241000
1!
#242000
0!
1#
1"
#243000
1!
#244000
0!
0#
0"
#245000
1!
#246000
0!
1#
1"
#247000
1!
#248000
0!
0#
0"
#249000
1!
#250000
0!
1#
1"
#251000
1!
#252000
0!
0#
0"
#253000
1!
#254000
0!
1#
1"
#255000
1!
#256000
0!
0#
0"
#257000
1!
#258000
0!
1#
1"
#259000
1!
#260000
0!
0#
0"
#261000
1!
#262000
0!
1#
1"
#263000
1!
#264000
0!
0#
0"
#265000
1!
#266000
0!
1#
1"
#267000
1!
#268000
0!
0#
0"
#269000
1!
#270000
0!
1#
1"
#271000
1!
#272000
0!
0#
0"
#273000
1!
#274000
0!
1#
1"
#275000
1!
#276000
0!
0#
0"
#277000
1!
#278000
0!
1#
1"
#279000
1!
#280000
0!
0#
0"
#281000
1!
#282000
0!
1#
1"
#283000
1!
#284000
0!
0#
0"
#285000
1!
#286000
0!
1#
1"
#287000
1!
#288000
0!
0#
0"
#289000
1!
#290000
0!
1#
1"
#291000
1!
#292000
0!
0#
0"
#293000
1!
#294000
0!
1#
1"
#295000
1!
#296000
0!
0#
0"
#297000
1!
#298000
0!
1#
1"
#299000
1!
#300000
0!
0#
0"
#301000
1!
#302000
0!
1#
1"
#303000
1!
#304000
0!
0#
0"
#305000
1!
#306000
0!
1#
1"
#307000
1!
#308000
0!
0#
0"
#309000
1!
#310000
0!
1#
1"
#311000
1!
#312000
0!
0#
0"
#313000
1!
#314000
0!
1#
1"
#315000
1!
#316000
0!
0#
0"
#317000
1!
#318000
0!
1#
1"
#319000
1!
#320000
0!
0#
0"
#321000
1!
#322000
0!
1#
1"
#323000
1!
#324000
0!
0#
0"
#325000
1!
#326000
0!
1#
1"
#327000
1!
#328000
0!
0#
0"
#329000
1!
#330000
0!
1#
1"
#331000
1!
#332000
0!
0#
0"
#333000
1!
#334000
0!
1#
1"
#335000
1!
#336000
0!
0#
0"
#337000
1!
#338000
0!
1#
1"
#339000
1!
#340000
0!
0#
0"
#341000
1!
#342000
0!
1#
1"
#343000
1!
#344000
0!
0#
0"
#345000
1!
#346000
0!
1#
1"
#347000
1!
#348000
0!
0#
0"
#349000
1!
#350000
0!
1#
1"
#351000
1!
#352000
0!
0#
0"
#353000
1!
#354000
0!
1#
1"
#355000
1!
#356000
0!
0#
0"
#357000
1!
#358000
0!
1#
1"
#359000
1!
#360000
0!
0#
0"
#361000
1!
#362000
0!
1#
1"
#363000
1!
#364000
0!
0#
0"
#365000
1!
#366000
0!
1#
1"
#367000
1!
#368000
0!
0#
0"
#369000
1!
#370000
0!
1#
1"
#371000
1!
#372000
0!
0#
0"
#373000
1!
#374000
0!
1#
1"
#375000
1!
#376000
0!
0#
0"
#377000
1!
#378000
0!
1#
1"
#379000
1!
#380000
0!
0#
0"
#381000
1!
#382000
0!
1#
1"
#383000
1!
#384000
0!
0#
0"
#385000
1!
#386000
0!
1#
1"
#387000
1!
#388000
0!
0#
0"
#389000
1!
#390000
0!
1#
1"
#391000
1!
#392000
0!
0#
0"
#393000
1!
#394000
0!
1#
1"
#395000
1!
#396000
0!
0#
0"
#397000
1!
#398000
0!
1#
1"
#399000
1!
#400000
0!
0#
0"
#401000
1!
#402000
0!
1#
1"
#403000
1!
#404000
0!
0#
0"
#405000
1!
#406000
0!
1#
1"
#407000
1!
#408000
0!
0#
0"
#409000
1!
#410000
0!
1#
1"
#411000
1!
#412000
0!
0#
0"
#413000
1!
#414000
0!
1#
1"
#415000
1!
#416000
0!
0#
0"
#417000
1!
#418000
0!
1#
1"
#419000
1!
#420000
0!
0#
0"
#421000
1!
#422000
0!
1#
1"
#423000
1!
#424000
0!
0#
0"
#425000
1!
#426000
0!
1#
1"
#427000
1!
#428000
0!
0#
0"
#429000
1!
#430000
0!
1#
1"
#431000
1!
#432000
0!
0#
0"
#433000
1!
#434000
0!
1#
1"
#435000
1!
#436000
0!
0#
0"
#437000
1!
#438000
0!
1#
1"
#439000
1!
#440000
0!
0#
0"
#441000
1!
#442000
0!
1#
1"
#443000
1!
#444000
0!
0#
0"
#445000
1!
#446000
0!
1#
1"
#447000
1!
#448000
0!
0#
0"
#449000
1!
#450000
0!
1#
1"
#451000
1!
#452000
0!
0#
0"
#453000
1!
#454000
0!
1#
1"
#455000
1!
#456000
0!
0#
0"
#457000
1!
#458000
0!
1#
1"
#459000
1!
#460000
0!
0#
0"
#461000
1!
#462000
0!
1#
1"
#463000
1!
#464000
0!
0#
0"
#465000
1!
#466000
0!
1#
1"
#467000
1!
#468000
0!
0#
0"
#469000
1!
#470000
0!
1#
1"
#471000
1!
#472000
0!
0#
0"
#473000
1!
#474000
0!
1#
1"
#475000
1!
#476000
0!
0#
0"
#477000
1!
#478000
0!
1#
1"
#479000
1!
#480000
0!
0#
0"
#481000
1!
#482000
0!
1#
1"
#483000
1!
#484000
0!
0#
0"
#485000
1!
#486000
0!
1#
1"
#487000
1!
#488000
0!
0#
0"
#489000
1!
#490000
0!
1#
1"
#491000
1!
#492000
0!
0#
0"
#493000
1!
#494000
0!
1#
1"
#495000
1!
#496000
0!
0#
0"
#497000
1!
#498000
0!
1#
1"
#499000
1!
#500000
0!
0#
0"
#501000
1!
#502000
0!
1#
1"
#503000
1!
#504000
0!
0#
0"
#505000
1!
#506000
0!
1#
1"
#507000
1!
#508000
0!
0#
0"
#509000
1!
#510000
0!
1#
1"
#511000
1!
#512000
0!
0#
0"
#513000
1!
#514000
0!
1#
1"
#515000
1!
#516000
0!
0#
0"
#517000
1!
#518000
0!
1#
1"
#519000
1!
#520000
0!
0#
0"
#521000
1!
#522000
0!
1#
1"
#523000
1!
#524000
0!
0#
0"
#525000
1!
#526000
0!
1#
1"
#527000
1!
#528000
0!
0#
0"
#529000
1!
#530000
0!
1#
1"
#531000
1!
#532000
0!
0#
0"
#533000
1!
#534000
0!
1#
1"
#535000
1!
#536000
0!
0#
0"
#537000
1!
#538000
0!
1#
1"
#539000
1!
#540000
0!
0#
0"
#541000
1!
#542000
0!
1#
1"
#543000
1!
#544000
0!
0#
0"
#545000
1!
#546000
0!
1#
1"
#547000
1!
#548000
0!
0#
0"
#549000
1!
#550000
0!
1#
1"
#551000
1!
#552000
0!
0#
0"
#553000
1!
#554000
0!
1#
1"
#555000
1!
#556000
0!
0#
0"
#557000
1!
#558000
0!
1#
1"
#559000
1!
#560000
0!
0#
0"
#561000
1>
1!
#562000
0!
1#
1"
#563000
1!
#564000
0!
0#
0"
#565000
1!
#566000
0!
1#
1"
#567000
1!
#568000
0!
0#
0"
#569000
0>
1!
#570000
0!
1#
1"
#571000
1!
#572000
0!
0#
0"
#573000
1!
#574000
1=
0!
1#
1"
#575000
1!
#576000
0!
0#
0"
#577000
1!
#578000
b10101100010101111100101100000000 <
b100011000100000000000001 ;
18
19
1:
b10101100010101111100101100000000101010101100000000000001010111110111101111011100010111000001011100000000101111011100000000000001111111000100010111011111000000001000111111000000000000010001011100111001110011000100110000010011000000001001110011000000000000011000010001011110110000010000000010111000010000000000000101111011010110101101010001010100000101010000000010101101010000000000000111010100010011001101010100000000100111010100000000000001001100110001100011000100010001000001000100000000100011000100000000000001 D
b10101100010101111100101100000000101010101100000000000001010111110111101111011100010111000001011100000000101111011100000000000001111111000100010111011111000000001000111111000000000000010001011100111001110011000100110000010011000000001001110011000000000000011000010001011110110000010000000010111000010000000000000101111011010110101101010001010100000101010000000010101101010000000000000111010100010011001101010100000000100111010100000000000001001100110001100011000100010001000001000100000000100011000100000000000001 C
0!
1#
1"
#579000
1!
#580000
0!
0#
0"
#581000
1!
#582000
b10010100011110110111011010011100 <
b1110001100011010111011101011001 ;
1:
b10010100011110110111011010011100000101100101111111000110000111000101110101100111000000001011111100110111101111001001101010111010110010000011100101000011100011000001001000010111101001010000110001001101001000110000000010011110101100111001110111010011111110001011101001011010011011000001010000010100011110111111011110010100010101010100010100000000101011111111010110101100001111100001101111100110000110000101100100000100000100000011001110010100100001000100010100000001000000001000111001110001100011010111011101011001 D
b10010100011110110111011010011100000101100101111111000110000111000101110101100111000000001011111100110111101111001001101010111010110010000011100101000011100011000001001000010111101001010000110001001101001000110000000010011110101100111001110111010011111110001011101001011010011011000001010000010100011110111111011110010100010101010100010100000000101011111111010110101100001111100001101111100110000110000101100100000100000100000011001110010100100001000100010100000001000000001000111001110001100011010111011101011001 C
0!
1#
1"
#583000
1!
#584000
0!
0#
0"
#585000
1!
#586000
b1101010110000010111000101011111 <
b1110111110001001001010001001101 ;
1:
b1101010110000010111000101011111011110010010101111100001111111011011101000010011011000000111011110011010000100000110110001010110010011111100000100110001000101110011101110111111110100001111000011111000011000101111011001000010110100110111011100111100010001001111100001000001010100010111101101011000011000011111100101111011000110110010101110101011011011010011111010100011110001000101111111011101010000010001000100110011000110101111010111001000011101100101100101011010001111010101100001110111110001001001010001001101 D
b1101010110000010111000101011111011110010010101111100001111111011011101000010011011000000111011110011010000100000110110001010110010011111100000100110001000101110011101110111111110100001111000011111000011000101111011001000010110100110111011100111100010001001111100001000001010100010111101101011000011000011111100101111011000110110010101110101011011011010011111010100011110001000101111111011101010000010001000100110011000110101111010111001000011101100101100101011010001111010101100001110111110001001001010001001101 C
0!
1#
1"
#587000
1!
#588000
0!
0#
0"
#589000
1!
#590000
b11101100111001010110100101001011 <
b10010000010111011101010110001100 ;
1:
b11101100111001010110100101001011100101100110011110101010011111110011011011100011111000010110011011110000010000001100101110111101101101111011101101101011010110011001001000100011100011110101111010110010100010101110101000110100101100000101011011011111100111001011001111001010110010000000011010010100010001011011100011101111111101001101011101100100110011111101000001001011110000011010110101100111011010100100000011001000100100000000000110011101110011100111000010111110011011111001110110010000010111011101010110001100 D
b11101100111001010110100101001011100101100110011110101010011111110011011011100011111000010110011011110000010000001100101110111101101101111011101101101011010110011001001000100011100011110101111010110010100010101110101000110100101100000101011011011111100111001011001111001010110010000000011010010100010001011011100011101111111101001101011101100100110011111101000001001011110000011010110101100111011010100100000011001000100100000000000110011101110011100111000010111110011011111001110110010000010111011101010110001100 C
0!
1#
1"
#591000
1!
#592000
0!
0#
0"
#593000
1!
#594000
0=
b10101011111010111010110000110 <
b11100110100101100010100010001001 ;
1:
b10101011111010111010110000110110011001000111101110110001010000101110000001100001100010011000100100110111011111110000000111010101000100101111001000010100100111011101011001101101000010011001011111111110100001011110010001000001101100111101101001010100010011000110100101111011000010000001101000100000011001111101101010010100111000110001011110111011111001100110110000010000100010011000001010011010101101101000101101110000000000101111000101101011010111110001101000000110100010100110011100110100101100010100010001001 D
b10101011111010111010110000110110011001000111101110110001010000101110000001100001100010011000100100110111011111110000000111010101000100101111001000010100100111011101011001101101000010011001011111111110100001011110010001000001101100111101101001010100010011000110100101111011000010000001101000100000011001111101101010010100111000110001011110111011111001100110110000010000100010011000001010011010101101101000101101110000000000101111000101101011010111110001101000000110100010100110011100110100101100010100010001001 C
0!
1#
1"
#595000
1!
#596000
0!
0#
0"
#597000
1!
#598000
0!
1#
1"
#599000
1!
#600000
0!
0#
0"
#601000
1!
#602000
0!
1#
1"
#603000
1!
#604000
0!
0#
0"
#605000
1!
#606000
0!
1#
1"
#607000
1!
#608000
0!
0#
0"
#609000
1!
#610000
0!
1#
1"
#611000
1!
#612000
0!
0#
0"
#613000
1!
#614000
0!
1#
1"
#615000
1!
#616000
0!
0#
0"
#617000
1!
#618000
0!
1#
1"
#619000
1!
#620000
0!
0#
0"
#621000
1!
#622000
0!
1#
1"
#623000
1!
#624000
0!
0#
0"
#625000
1!
#626000
0!
1#
1"
#627000
1!
#628000
0!
0#
0"
#629000
1!
#630000
0!
1#
1"
#631000
1!
#632000
0!
0#
0"
#633000
1!
#634000
0!
1#
1"
#635000
1!
#636000
0!
0#
0"
#637000
1!
#638000
0!
1#
1"
#639000
1!
#640000
0!
0#
0"
#641000
1!
#642000
0!
1#
1"
#643000
1!
#644000
0!
0#
0"
#645000
1!
#646000
0!
1#
1"
#647000
1!
#648000
0!
0#
0"
#649000
1!
#650000
0!
1#
1"
#651000
1!
#652000
0!
0#
0"
#653000
1!
#654000
0!
1#
1"
#655000
1!
#656000
0!
0#
0"
#657000
1!
#658000
0!
1#
1"
#659000
1!
#660000
0!
0#
0"
#661000
1!
#662000
0!
1#
1"
#663000
1!
#664000
0!
0#
0"
#665000
1!
#666000
0!
1#
1"
#667000
1!
#668000
0!
0#
0"
#669000
1!
#670000
0!
1#
1"
#671000
1!
#672000
0!
0#
0"
#673000
1!
#674000
0!
1#
1"
#675000
1!
#676000
0!
0#
0"
#677000
1!
#678000
0!
1#
1"
#679000
1!
#680000
0!
0#
0"
#681000
1!
#682000
0!
1#
1"
#683000
1!
#684000
0!
0#
0"
#685000
1!
#686000
0!
1#
1"
#687000
1!
#688000
0!
0#
0"
#689000
1!
#690000
0!
1#
1"
#691000
1!
#692000
0!
0#
0"
#693000
1!
#694000
0!
1#
1"
#695000
1!
#696000
0!
0#
0"
#697000
1!
#698000
0!
1#
1"
#699000
1!
#700000
0!
0#
0"
#701000
1!
#702000
0!
1#
1"
#703000
1!
#704000
0!
0#
0"
#705000
1!
#706000
0!
1#
1"
#707000
1!
#708000
0!
0#
0"
#709000
1!
#710000
0!
1#
1"
#711000
1!
#712000
0!
0#
0"
#713000
1!
#714000
0!
1#
1"
#715000
1!
#716000
0!
0#
0"
#717000
1!
#718000
0!
1#
1"
#719000
1!
#720000
0!
0#
0"
#721000
1!
#722000
0!
1#
1"
#723000
1!
#724000
0!
0#
0"
#725000
1!
#726000
0!
1#
1"
#727000
1!
#728000
0!
0#
0"
#729000
1!
#730000
0!
1#
1"
#731000
1!
#732000
0!
0#
0"
#733000
1!
#734000
0!
1#
1"
#735000
1!
#736000
0!
0#
0"
#737000
1!
#738000
0!
1#
1"
#739000
1!
#740000
0!
0#
0"
#741000
1!
#742000
0!
1#
1"
#743000
1!
#744000
0!
0#
0"
#745000
1!
#746000
0!
1#
1"
#747000
1!
#748000
0!
0#
0"
#749000
1!
#750000
0!
1#
1"
#751000
1!
#752000
0!
0#
0"
#753000
1!
#754000
0!
1#
1"
#755000
1!
#756000
0!
0#
0"
#757000
1!
#758000
0!
1#
1"
#759000
1!
#760000
0!
0#
0"
#761000
1!
#762000
0!
1#
1"
#763000
1!
#764000
0!
0#
0"
#765000
1!
#766000
0!
1#
1"
#767000
1!
#768000
0!
0#
0"
#769000
1!
#770000
0!
1#
1"
#771000
1!
#772000
0!
0#
0"
#773000
1!
#774000
0!
1#
1"
#775000
1!
#776000
0!
0#
0"
#777000
1!
#778000
0!
1#
1"
#779000
1!
#780000
0!
0#
0"
#781000
1!
#782000
0!
1#
1"
#783000
1!
#784000
0!
0#
0"
#785000
1!
#786000
0!
1#
1"
#787000
1!
#788000
0!
0#
0"
#789000
1!
#790000
0!
1#
1"
#791000
1!
#792000
0!
0#
0"
#793000
1!
#794000
0!
1#
1"
#795000
1!
#796000
0!
0#
0"
#797000
1!
#798000
0!
1#
1"
#799000
1!
#800000
0!
0#
0"
#801000
1!
#802000
0!
1#
1"
#803000
1!
#804000
0!
0#
0"
#805000
1!
#806000
0!
1#
1"
#807000
1!
#808000
0!
0#
0"
#809000
1!
#810000
0!
1#
1"
#811000
1!
#812000
0!
0#
0"
#813000
1!
#814000
0!
1#
1"
#815000
1!
#816000
0!
0#
0"
#817000
1!
#818000
0!
1#
1"
#819000
1!
#820000
0!
0#
0"
#821000
1>
1!
#822000
0!
1#
1"
#823000
1!
#824000
0!
0#
0"
#825000
1!
#826000
0!
1#
1"
#827000
1!
#828000
0!
0#
0"
#829000
0>
1!
#830000
0!
1#
1"
#831000
1!
#832000
0!
0#
0"
#833000
1!
#834000
1=
0!
1#
1"
#835000
1!
#836000
0!
0#
0"
#837000
1!
#838000
b1011101110110101100000010111110 <
b10111000101010001011011111010010 ;
1:
b1011101110110101100000010111110010001111011110010011000010011010001000110111101011100011010111000001010101101101110101101001111111111110000110100000011010111001000000100111010011101010010011001100000101001100010011111111110101110011000001111100010011000000101010111101000010000001010111010100101101011000011110010101110001010010011000011011010100001100101001100101100011011111101100001000101100011010100000010001111011000011000110101110101011010001010101001101010010101011100010010111000101010001011011111010010 D
b1011101110110101100000010111110010001111011110010011000010011010001000110111101011100011010111000001010101101101110101101001111111111110000110100000011010111001000000100111010011101010010011001100000101001100010011111111110101110011000001111100010011000000101010111101000010000001010111010100101101011000011110010101110001010010011000011011010100001100101001100101100011011111101100001000101100011010100000010001111011000011000110101110101011010001010101001101010010101011100010010111000101010001011011111010010 C
0!
1#
1"
#839000
1!
#840000
0!
0#
0"
#841000
1!
#842000
b10001101101011111111101011001101 <
b1000111101111101000010010101 ;
1:
b10001101101011111111101011001101001101100100011110100111010101100011111010111011011101111100001101101101100000111001101000001011010010111111111100100101101110100010111100110010111000110100010001000111111110010100001010011011001010111101101111101001000111111110111010000111100101010111011010111010111111010000010101011111000000100001101001101101011011110100111010101111101000111000000100101000110101110100101000000001101000111000100001000001010011010111101101011000010110000011011100001000111101111101000010010101 D
b10001101101011111111101011001101001101100100011110100111010101100011111010111011011101111100001101101101100000111001101000001011010010111111111100100101101110100010111100110010111000110100010001000111111110010100001010011011001010111101101111101001000111111110111010000111100101010111011010111010111111010000010101011111000000100001101001101101011011110100111010101111101000111000000100101000110101110100101000000001101000111000100001000001010011010111101101011000010110000011011100001000111101111101000010010101 C
0!
1#
1"
#843000
1!
#844000
0!
0#
0"
#845000
1!
#846000
b10101100111100111000110100110000 <
b1011111111101001100100011111000 ;
1:
b10101100111100111000110100110000011001000011101110111101001000010111110010011110101101110100001100100100010011001110000101000010011000011111110111010110011100000111100001101111100111000001000001011101110101101001010000011011011101101001110011010000011011101100101001110100101000001001000001101010000100011010110110111001111011000011101010100110111011110000110100100100111110011101010000000111011110101111101111010000011101100100010110001100100010001100110101110010100001011011011101011111111101001100100011111000 D
b10101100111100111000110100110000011001000011101110111101001000010111110010011110101101110100001100100100010011001110000101000010011000011111110111010110011100000111100001101111100111000001000001011101110101101001010000011011011101101001110011010000011011101100101001110100101000001001000001101010000100011010110110111001111011000011101010100110111011110000110100100100111110011101010000000111011110101111101111010000011101100100010110001100100010001100110101110010100001011011011101011111111101001100100011111000 C
0!
1#
1"
#847000
1!
#848000
0!
0#
0"
#849000
1!
#850000
b10101100010011001111101010001100 <
b11001001010110111010000010010110 ;
1:
b10101100010011001111101010001100111111100000010100110000011111111111010111001110100010111011011000101100011101001100101000001000110001100010110110101110111110111000011101100110110000010000011011111010010100001000100110111001011010100100000101111001000111000001100101111100010100001011011101000010101101001100100011000011011100100000000110001010101100011000111101101110000100111000001001110011000111010000010011000000001110111101011100111001101110100111110110011111100010001011111011001001010110111010000010010110 D
b10101100010011001111101010001100111111100000010100110000011111111111010111001110100010111011011000101100011101001100101000001000110001100010110110101110111110111000011101100110110000010000011011111010010100001000100110111001011010100100000101111001000111000001100101111100010100001011011101000010101101001100100011000011011100100000000110001010101100011000111101101110000100111000001001110011000111010000010011000000001110111101011100111001101110100111110110011111100010001011111011001001010110111010000010010110 C
0!
1#
1"
#851000
1!
#852000
0!
0#
0"
#853000
1!
#854000
0=
b10000101011110010011000010001110 <
b1110000111000000100001011110110 ;
1:
b10000101011110010011000010001110100001100101001110000001000001001000001100011010110111111111100111111010011011001001011101001110101010000000000111010111111011110111100001101100101110110010100110010101110110001001011110010111000010010110010000001110011000011001001111000101010000110011111001111001010011000001110000010010000010000111101111111011110011101000001111101000110110111101100110111110101111011010010001011111100001110111001100100110001111110001111010111001101100111010000001110000111000000100001011110110 D
b10000101011110010011000010001110100001100101001110000001000001001000001100011010110111111111100111111010011011001001011101001110101010000000000111010111111011110111100001101100101110110010100110010101110110001001011110010111000010010110010000001110011000011001001111000101010000110011111001111001010011000001110000010010000010000111101111111011110011101000001111101000110110111101100110111110101111011010010001011111100001110111001100100110001111110001111010111001101100111010000001110000111000000100001011110110 C
0!
1#
1"
#855000
1!
#856000
0!
0#
0"
#857000
1!
#858000
0!
1#
1"
#859000
1!
#860000
0!
0#
0"
#861000
1!
#862000
0!
1#
1"
#863000
1!
#864000
0!
0#
0"
#865000
1!
#866000
0!
1#
1"
#867000
1!
#868000
0!
0#
0"
#869000
1!
#870000
0!
1#
1"
#871000
1!
#872000
0!
0#
0"
#873000
1!
#874000
0!
1#
1"
#875000
1@
1!
#876000
0!
0#
0"
#877000
0@
1!
#878000
0!
1#
1"
#879000
1!
#880000
0!
0#
0"
#881000
b11 4
b1010000100011010 6
b1011001000101011 7
1B
b1010010110100101010110100101101000000001001000110100010101100111100010011010101111001101111011111111111011011100101110101001100001110110010101000011001000010000000100010001000100100010001000100011001100110011010001000100010001010101010101010110011001100110011101110111011110001000100010001001100110101010101110111100110011011101111011101111111100000000 /
b1011001000101011101000010001101001100000000000000000001100000000 .
1'
b10110010001010111010000100011010011000000000000000000011000000001010010110100101010110100101101000000001001000110100010101100111100010011010101111001101111011111111111011011100101110101001100001110110010101000011001000010000000100010001000100100010001000100011001100110011010001000100010001010101010101010110011001100110011101110111011110001000100010001001100110101010101110111100110011011101111011101111111100000000 *
1!
#882000
0!
1#
1"
#883000
b0 4
b1010010010101101 6
b1010100111 7
0B
b0 /
b101100101011001011000011110000110000001010100111101001001010110100000000000000000000000000000000 .
b1011001010110010110000111100001100000010101001111010010010101101000000000000000000000000000000000000000000000000000000000000000000000000000000000000000000000000000000000000000000000000000000000000000000000000000000000000000000000000000000000000000000000000000000000000000000000000000000000000000000000000000000000000000000000000000000000000000000000000000000000000000000000000000000000000000000000000000000000000000000000000000000000000000000000000 *
1'
1!
#884000
0!
0#
0"
#885000
0'
1!
#886000
0!
1#
1"
#887000
1!
#888000
0!
0#
0"
#889000
1!
#890000
0!
1#
1"
#891000
1!
#892000
0!
0#
0"
#893000
1!
#894000
0!
1#
1"
#895000
1!
#896000
0!
0#
0"
#897000
1!
#898000
0!
1#
1"
#899000
1!
#900000
0!
0#
0"
#901000
1!
#902000
0!
1#
1"
#903000
1!
#904000
0!
0#
0"
#905000
1!
#906000
0!
1#
1"
#907000
1!
#908000
0!
0#
0"
#909000
1!
#910000
0!
1#
1"
#911000
1!
#912000
0!
0#
0"
#913000
1!
#914000
0!
1#
1"
#915000
1!
#916000
0!
0#
0"
#917000
1!
#918000
0!
1#
1"
#919000
1!
#920000
0!
0#
0"
#921000
1!
#922000
0!
1#
1"
#923000
1!
#924000
0!
0#
0"
#925000
1!
#926000
0!
1#
1"
#927000
1!
#928000
0!
0#
0"
#929000
1!
#930000
0!
1#
1"
#931000
1!
#932000
0!
0#
0"
#933000
1!
#934000
0!
1#
1"
#935000
1!
#936000
0!
0#
0"
#937000
1!
#938000
0!
1#
1"
#939000
1!
#940000
0!
0#
0"
#941000
1!
#942000
0!
1#
1"
#943000
1!
#944000
0!
0#
0"
#945000
1!
#946000
0!
1#
1"
#947000
1!
#948000
0!
0#
0"
#949000
1!
#950000
0!
1#
1"
#951000
1!
#952000
0!
0#
0"
#953000
1!
#954000
0!
1#
1"
#955000
1!
#956000
0!
0#
0"
#957000
1!
#958000
0!
1#
1"
#959000
1!
#960000
0!
0#
0"
#961000
1!
#962000
0!
1#
1"
#963000
1!
#964000
0!
0#
0"
#965000
1!
#966000
0!
1#
1"
#967000
1!
#968000
0!
0#
0"
#969000
1!
#970000
0!
1#
1"
#971000
1!
#972000
0!
0#
0"
#973000
1!
#974000
0!
1#
1"
#975000
1!
#976000
0!
0#
0"
#977000
1!
#978000
0!
1#
1"
#979000
1!
#980000
0!
0#
0"
#981000
1!
#982000
0!
1#
1"
#983000
1!
#984000
0!
0#
0"
#985000
1!
#986000
0!
1#
1"
#987000
1!
#988000
0!
0#
0"
#989000
1!
#990000
0!
1#
1"
#991000
1!
#992000
0!
0#
0"
#993000
1!
#994000
0!
1#
1"
#995000
1!
#996000
0!
0#
0"
#997000
1!
#998000
0!
1#
1"
#999000
1!
#1000000
0!
0#
0"
#1001000
1!
#1002000
0!
1#
1"
#1003000
1!
#1004000
0!
0#
0"
#1005000
1!
#1006000
0!
1#
1"
#1007000
1!
#1008000
0!
0#
0"
#1009000
1!
#1010000
0!
1#
1"
#1011000
1!
#1012000
0!
0#
0"
#1013000
1!
#1014000
0!
1#
1"
#1015000
1!
#1016000
0!
0#
0"
#1017000
1!
#1018000
0!
1#
1"
#1019000
1!
#1020000
0!
0#
0"
#1021000
1!
#1022000
0!
1#
1"
#1023000
1!
#1024000
0!
0#
0"
#1025000
1!
#1026000
0!
1#
1"
#1027000
1!
#1028000
0!
0#
0"
#1029000
1!
#1030000
0!
1#
1"
#1031000
1!
#1032000
0!
0#
0"
#1033000
1!
#1034000
0!
1#
1"
#1035000
1!
#1036000
0!
0#
0"
#1037000
1!
#1038000
0!
1#
1"
#1039000
1!
#1040000
0!
0#
0"
#1041000
1!
#1042000
0!
1#
1"
#1043000
1!
#1044000
0!
0#
0"
#1045000
1!
#1046000
0!
1#
1"
#1047000
1!
#1048000
0!
0#
0"
#1049000
1!
#1050000
0!
1#
1"
#1051000
1!
#1052000
0!
0#
0"
#1053000
1!
#1054000
0!
1#
1"
#1055000
1!
#1056000
0!
0#
0"
#1057000
1!
#1058000
0!
1#
1"
#1059000
1!
#1060000
0!
0#
0"
#1061000
1!
#1062000
0!
1#
1"
#1063000
1!
#1064000
0!
0#
0"
#1065000
1!
#1066000
0!
1#
1"
#1067000
1!
#1068000
0!
0#
0"
#1069000
1!
#1070000
0!
1#
1"
#1071000
1!
#1072000
0!
0#
0"
#1073000
1!
#1074000
0!
1#
1"
#1075000
1!
#1076000
0!
0#
0"
#1077000
1!
#1078000
0!
1#
1"
#1079000
1!
#1080000
0!
0#
0"
#1081000
1!
#1082000
0!
1#
1"
#1083000
1>
1!
#1084000
0!
0#
0"
#1085000
1!
#1086000
0!
1#
1"
#1087000
1!
#1088000
0!
0#
0"
#1089000
1!
#1090000
0!
1#
1"
#1091000
0>
1!
#1092000
0!
0#
0"
#1093000
1!
#1094000
1=
0!
1#
1"
#1095000
1!
#1096000
0!
0#
0"
#1097000
1!
#1098000
b110100000011011001110010001100 <
b10000010110011011010010000100100 ;
1:
b110100000011011001110010001100011110001111111011101111100011011001000101010101101101101001011000011011101100001010100101111100111111100111101010100000111110110010110000100000111100011101011011110110010100010010010011001010111101011110011010100000111011000101000100110110000000101011011111010010100100011110000010100000001000101101011111111111101110000110110010011011101011011011010010011011010000010011111011000000100001100100111111111110111110110100010111010011011011011110010010000010110011011010010000100100 D
b110100000011011001110010001100011110001111111011101111100011011001000101010101101101101001011000011011101100001010100101111100111111100111101010100000111110110010110000100000111100011101011011110110010100010010010011001010111101011110011010100000111011000101000100110110000000101011011111010010100100011110000010100000001000101101011111111111101110000110110010011011101011011011010010011011010000010011111011000000100001100100111111111110111110110100010111010011011011011110010010000010110011011010010000100100 C
0!
1#
1"
#1099000
1!
#1100000
0!
0#
0"
#1101000
1!
#1102000
b10001000111010010110101001000 <
b11111011101000111100110110011011 ;
1:
b10001000111010010110101001000011110011001011000100001111111001100101000010011011000101000000000100111111110101101011011111000011101100000110101111101000001000011101100100011000100001111000111001000011000101111010000110001010011111001010011000100101110101010001010010101000001010110111001011000110011001011100101111010010010110010101110101001110110001001001111001101110111111101100111000101100001010101010100100010000110100111100110001000011101110100100101011010001111110110100111111011101000111100110110011011 D
b10001000111010010110101001000011110011001011000100001111111001100101000010011011000101000000000100111111110101101011011111000011101100000110101111101000001000011101100100011000100001111000111001000011000101111010000110001010011111001010011000100101110101010001010010101000001010110111001011000110011001011100101111010010010110010101110101001110110001001001111001101110111111101100111000101100001010101010100100010000110100111100110001000011101110100100101011010001111110110100111111011101000111100110110011011 C
0!
1#
1"
#1103000
1!
#1104000
0!
0#
0"
#1105000
1!
#1106000
b11010001100000100110101011110100 <
b1101000111011101010010111111 ;
1:
b11010001100000100110101011110100101000011101101100110000110001011001101010110100001010100110011001011010100000001100101011100010100011001100110001011001110101110010000110111110010111001010011001001110110011110011010100110100001111111001011011011110100010110111111100100101011100110110010101100001111010011000011011110100011100001000100110100101110011110110100000001011110000001101011000100010011010110100000001000110111000011000110011101010100101111010010011110010101110101001110100001101000111011101010010111111 D
b11010001100000100110101011110100101000011101101100110000110001011001101010110100001010100110011001011010100000001100101011100010100011001100110001011001110101110010000110111110010111001010011001001110110011110011010100110100001111111001011011011110100010110111111100100101011100110110010101100001111010011000011011110100011100001000100110100101110011110110100000001011110000001101011000100010011010110100000001000110111000011000110011101010100101111010010011110010101110101001110100001101000111011101010010111111 C
0!
1#
1"
#1107000
1!
#1108000
0!
0#
0"
#1109000
1!
#1110000
b10101111011011100001010111110001 <
b11110110101001011011110000001101 ;
1:
b10101111011011100001010111110001010101101001111100011010011111101100100001110111010001111010110110000010100110111000011100111100111111111001100111101110100010110110100010011001110110000001000110111110010000100011001011101011110110101011000001010101000111011000011100010101111010000100110001001001100111000111101101001001011100110110110111111101000011101010111010001110011011100010110011010111111000100001001100110110011101111001101010111001001001100000010101011000100010000100100011110110101001011011110000001101 D
b10101111011011100001010111110001010101101001111100011010011111101100100001110111010001111010110110000010100110111000011100111100111111111001100111101110100010110110100010011001110110000001000110111110010000100011001011101011110110101011000001010101000111011000011100010101111010000100110001001001100111000111101101001001011100110110110111111101000011101010111010001110011011100010110011010111111000100001001100110110011101111001101010111001001001100000010101011000100010000100100011110110101001011011110000001101 C
0!
1#
1"
#1111000
1!
#1112000
0!
0#
0"
#1113000
1!
#1114000
0=
b1101011001110010010000111011000 <
b11111010111011001010111010000001 ;
1:
b1101011001110010010000111011000101101111111110001010011111100000111101101111100000000001111000101110011100111010000101010110010111111110011010100101010101010110011001111001011000011100001011100101111011001110001011011101001100000100011110000110010100100001010000100111111001001000110000101110101111001111111110100000011110100010111000110001011111111010000101101001101100101101010001100110101001100110010111100010010111100011101000010100000111001001000010101101010100111011110010111111010111011001010111010000001 D
b1101011001110010010000111011000101101111111110001010011111100000111101101111100000000001111000101110011100111010000101010110010111111110011010100101010101010110011001111001011000011100001011100101111011001110001011011101001100000100011110000110010100100001010000100111111001001000110000101110101111001111111110100000011110100010111000110001011111111010000101101001101100101101010001100110101001100110010111100010010111100011101000010100000111001001000010101101010100111011110010111111010111011001010111010000001 C
0!
1#
1"
#1115000
1!
#1116000
0!
0#
0"
#1117000
1!
#1118000
0!
1#
1"
#1119000
1!
#1120000
0!
0#
0"
#1121000
1!
#1122000
0!
1#
1"
#1123000
1!
#1124000
0!
0#
0"
#1125000
1!
#1126000
0!
1#
1"
#1127000
1!
#1128000
0!
0#
0"
#1129000
1!
#1130000
0!
1#
1"
#1131000
1!
#1132000
0!
0#
0"
#1133000
1!
#1134000
0!
1#
1"
#1135000
1!
#1136000
0!
0#
0"
#1137000
1!
#1138000
0!
1#
1"
#1139000
1!
#1140000
0!
0#
0"
#1141000
1!
#1142000
0!
1#
1"
#1143000
1!
#1144000
0!
0#
0"
#1145000
1!
#1146000
0!
1#
1"
#1147000
1!
#1148000
0!
0#
0"
#1149000
1!
#1150000
0!
1#
1"
#1151000
1!
#1152000
0!
0#
0"
#1153000
1!
#1154000
0!
1#
1"
#1155000
1!
#1156000
0!
0#
0"
#1157000
1!
#1158000
0!
1#
1"
#1159000
1!
#1160000
0!
0#
0"
#1161000
1!
#1162000
0!
1#
1"
#1163000
1!
#1164000
0!
0#
0"
#1165000
1!
#1166000
0!
1#
1"
#1167000
1!
#1168000
0!
0#
0"
#1169000
1!
#1170000
0!
1#
1"
#1171000
1!
#1172000
0!
0#
0"
#1173000
1!
#1174000
0!
1#
1"
#1175000
1!
#1176000
0!
0#
0"
#1177000
1!
#1178000
0!
1#
1"
#1179000
1!
#1180000
0!
0#
0"
#1181000
1!
#1182000
0!
1#
1"
#1183000
1!
#1184000
0!
0#
0"
#1185000
1!
#1186000
0!
1#
1"
#1187000
1!
#1188000
0!
0#
0"
#1189000
1!
#1190000
0!
1#
1"
#1191000
1!
#1192000
0!
0#
0"
#1193000
1!
#1194000
0!
1#
1"
#1195000
1!
#1196000
0!
0#
0"
#1197000
1!
#1198000
0!
1#
1"
#1199000
1!
#1200000
0!
0#
0"
#1201000
1!
#1202000
0!
1#
1"
#1203000
1!
#1204000
0!
0#
0"
#1205000
1!
#1206000
0!
1#
1"
#1207000
1!
#1208000
0!
0#
0"
#1209000
1!
#1210000
0!
1#
1"
#1211000
1!
#1212000
0!
0#
0"
#1213000
1!
#1214000
0!
1#
1"
#1215000
1!
#1216000
0!
0#
0"
#1217000
1!
#1218000
0!
1#
1"
#1219000
1!
#1220000
0!
0#
0"
#1221000
1!
#1222000
0!
1#
1"
#1223000
1!
#1224000
0!
0#
0"
#1225000
1!
#1226000
0!
1#
1"
#1227000
1!
#1228000
0!
0#
0"
#1229000
1!
#1230000
0!
1#
1"
#1231000
1!
#1232000
0!
0#
0"
#1233000
1!
#1234000
0!
1#
1"
#1235000
1!
#1236000
0!
0#
0"
#1237000
1!
#1238000
0!
1#
1"
#1239000
1!
#1240000
0!
0#
0"
#1241000
1!
#1242000
0!
1#
1"
#1243000
1!
#1244000
0!
0#
0"
#1245000
1!
#1246000
0!
1#
1"
#1247000
1!
#1248000
0!
0#
0"
#1249000
1!
#1250000
0!
1#
1"
#1251000
1!
#1252000
0!
0#
0"
#1253000
1!
#1254000
0!
1#
1"
#1255000
1!
#1256000
0!
0#
0"
#1257000
1!
#1258000
0!
1#
1"
#1259000
1!
#1260000
0!
0#
0"
#1261000
1!
#1262000
0!
1#
1"
#1263000
1!
#1264000
0!
0#
0"
#1265000
1!
#1266000
0!
1#
1"
#1267000
1!
#1268000
0!
0#
0"
#1269000
1!
#1270000
0!
1#
1"
#1271000
1!
#1272000
0!
0#
0"
#1273000
1!
#1274000
0!
1#
1"
#1275000
1!
#1276000
0!
0#
0"
#1277000
1!
#1278000
0!
1#
1"
#1279000
1!
#1280000
0!
0#
0"
#1281000
1!
#1282000
0!
1#
1"
#1283000
1!
#1284000
0!
0#
0"
#1285000
1!
#1286000
0!
1#
1"
#1287000
1!
#1288000
0!
0#
0"
#1289000
1!
#1290000
0!
1#
1"
#1291000
1!
#1292000
0!
0#
0"
#1293000
1!
#1294000
0!
1#
1"
#1295000
1!
#1296000
0!
0#
0"
#1297000
1!
#1298000
0!
1#
1"
#1299000
1!
#1300000
0!
0#
0"
#1301000
1!
#1302000
0!
1#
1"
#1303000
1!
#1304000
0!
0#
0"
#1305000
1!
#1306000
0!
1#
1"
#1307000
1!
#1308000
0!
0#
0"
#1309000
1!
#1310000
0!
1#
1"
#1311000
1!
#1312000
0!
0#
0"
#1313000
1!
#1314000
0!
1#
1"
#1315000
1!
#1316000
0!
0#
0"
#1317000
1!
#1318000
0!
1#
1"
#1319000
1!
#1320000
0!
0#
0"
#1321000
1!
#1322000
0!
1#
1"
#1323000
1!
#1324000
0!
0#
0"
#1325000
1!
#1326000
0!
1#
1"
#1327000
1!
#1328000
0!
0#
0"
#1329000
1!
#1330000
0!
1#
1"
#1331000
1!
#1332000
0!
0#
0"
#1333000
1!
#1334000
0!
1#
1"
#1335000
1!
#1336000
0!
0#
0"
#1337000
1!
#1338000
0!
1#
1"
#1339000
1!
#1340000
0!
0#
0"
#1341000
1!
#1342000
0!
1#
1"
#1343000
1>
1!
#1344000
0!
0#
0"
#1345000
1!
#1346000
0!
1#
1"
#1347000
1!
#1348000
0!
0#
0"
#1349000
1!
#1350000
0!
1#
1"
#1351000
0>
1!
#1352000
0!
0#
0"
#1353000
1!
#1354000
1=
0!
1#
1"
#1355000
1!
#1356000
0!
0#
0"
#1357000
1!
#1358000
b11010001101000111100101111111100 <
b10011000111101100100110101011011 ;
1:
b11010001101000111100101111111100101000101000001111100110011101101011001001011110000111011000100011111011111001000011000001110100001111011000010001010100110111011110011110010101000100110101010110000110000101100001101111010010101110011111100001100110010000010010011110110000000001000110110000000000000010001001110011100111001010000111101000011110101001011101101011101010000110110110111011001011100101111001101101001101010001010001111001101001110001000001110000110010000110001111111110011000111101100100110101011011 D
b11010001101000111100101111111100101000101000001111100110011101101011001001011110000111011000100011111011111001000011000001110100001111011000010001010100110111011110011110010101000100110101010110000110000101100001101111010010101110011111100001100110010000010010011110110000000001000110110000000000000010001001110011100111001010000111101000011110101001011101101011101010000110110110111011001011100101111001101101001101010001010001111001101001110001000001110000110010000110001111111110011000111101100100110101011011 C
0!
1#
1"
#1359000
1!
#1360000
0!
0#
0"
#1361000
1!
#1362000
b10111101010011101111110010011110 <
b1011111101010101110010110010011 ;
1:
b10111101010011101111110010011110011011101000110101010110011011100110100111100011110000101100010111101000110000111001011101101010000000010101101111110001100011101100000111101100011111100111000001011010001011011000110011010010110011010111001000110100001110111110001101000100011110100001011000111001001111011100001001100001011100000000010011100101110011100111101000011011010001101100001001011111010100010111011100000110100101100101110011101010011111110100001111001010101010111101100101011111101010101110010110010011 D
b10111101010011101111110010011110011011101000110101010110011011100110100111100011110000101100010111101000110000111001011101101010000000010101101111110001100011101100000111101100011111100111000001011010001011011000110011010010110011010111001000110100001110111110001101000100011110100001011000111001001111011100001001100001011100000000010011100101110011100111101000011011010001101100001001011111010100010111011100000110100101100101110011101010011111110100001111001010101010111101100101011111101010101110010110010011 C
0!
1#
1"
#1363000
1!
#1364000
0!
0#
0"
#1365000
1!
#1366000
b10010010111101111000110101001111 <
b10101000110101101101010111111110 ;
1:
b10010010111101111000110101001111100100111000011010101010011101001010100000010100010010110000100001101011110010000101001001000101100000011101010011101100011000001010110010111101001010000001100110110111111011110100100100100110111010011101110010101000100101110001101101100110001111011101100000001100000110110110101101000010001001111110100111001010000111110010101011000010001011110010110000001000010001010101110011110111001100110010000011101001001011110011100000010010110010000011000110101000110101101101010111111110 D
b10010010111101111000110101001111100100111000011010101010011101001010100000010100010010110000100001101011110010000101001001000101100000011101010011101100011000001010110010111101001010000001100110110111111011110100100100100110111010011101110010101000100101110001101101100110001111011101100000001100000110110110101101000010001001111110100111001010000111110010101011000010001011110010110000001000010001010101110011110111001100110010000011101001001011110011100000010010110010000011000110101000110101101101010111111110 C
0!
1#
1"
#1367000
1!
#1368000
0!
0#
0"
#1369000
1!
#1370000
b11111001111001111000011111001101 <
b11010011011010000000001110111011 ;
1:
b11111001111001111000011111001101101000100001111101100000010001100000111010110101001001010011010011001100001010110011000000011000111101011101011101000011111101000000111011110000011010110100011111011110001001111011001000101101001001100101011011101101001001010111111111111111111001011101000101110100011010001110010111000110111001101111110001101110101110000011100100010101110111101000011001110011110011110010000111101000110110001000011111101110110001110011011001101110111110011010000111010011011010000000001110111011 D
b11111001111001111000011111001101101000100001111101100000010001100000111010110101001001010011010011001100001010110011000000011000111101011101011101000011111101000000111011110000011010110100011111011110001001111011001000101101001001100101011011101101001001010111111111111111111001011101000101110100011010001110010111000110111001101111110001101110101110000011100100010101110111101000011001110011110011110010000111101000110110001000011111101110110001110011011001101110111110011010000111010011011010000000001110111011 C
0!
1#
1"
#1371000
1!
#1372000
0!
0#
0"
#1373000
1!
#1374000
0=
b11000001110000110001011100111010 <
b11110100100010000010100010101100 ;
1:
b11000001110000110001011100111010010101001000101000100101100001010011110110100110001110111010011001111111100010110001010001011101000001000010101000101001010000100100011001100001100010001100101010010111101011001111001010111010100011011000100100111100111111000010001100110111100010000000011001011101111111111111001100100010111010001010001101011111001010000000011010001010000000000000110111100110110111101011011001111110010011110001010001011110011011010100001010101001100101100011010011110100100010000010100010101100 D
b11000001110000110001011100111010010101001000101000100101100001010011110110100110001110111010011001111111100010110001010001011101000001000010101000101001010000100100011001100001100010001100101010010111101011001111001010111010100011011000100100111100111111000010001100110111100010000000011001011101111111111111001100100010111010001010001101011111001010000000011010001010000000000000110111100110110111101011011001111110010011110001010001011110011011010100001010101001100101100011010011110100100010000010100010101100 C
0!
1#
1"
#1375000
1!
#1376000
0!
0#
0"
#1377000
1!
#1378000
0!
1#
1"
#1379000
1!
#1380000
0!
0#
0"
#1381000
1!
#1382000
0!
1#
1"
#1383000
1!
#1384000
0!
0#
0"
#1385000
1!
#1386000
0!
1#
1"
#1387000
1!
#1388000
0!
0#
0"
#1389000
1!
#1390000
0!
1#
1"
#1391000
1!
#1392000
0!
0#
0"
#1393000
1!
#1394000
0!
1#
1"
#1395000
1!
#1396000
0!
0#
0"
#1397000
1!
#1398000
0!
1#
1"
#1399000
1!
#1400000
0!
0#
0"
#1401000
1!
#1402000
0!
1#
1"
#1403000
1!
#1404000
0!
0#
0"
#1405000
1!
#1406000
0!
1#
1"
#1407000
1!
#1408000
0!
0#
0"
#1409000
1!
#1410000
0!
1#
1"
#1411000
1!
#1412000
0!
0#
0"
#1413000
1!
#1414000
0!
1#
1"
#1415000
1!
#1416000
0!
0#
0"
#1417000
1!
#1418000
0!
1#
1"
#1419000
1!
#1420000
0!
0#
0"
#1421000
1!
#1422000
0!
1#
1"
#1423000
1!
#1424000
0!
0#
0"
#1425000
1!
#1426000
0!
1#
1"
#1427000
1!
#1428000
0!
0#
0"
#1429000
1!
#1430000
0!
1#
1"
#1431000
1!
#1432000
0!
0#
0"
#1433000
1!
#1434000
0!
1#
1"
#1435000
1!
#1436000
0!
0#
0"
#1437000
1!
#1438000
0!
1#
1"
#1439000
1!
#1440000
0!
0#
0"
#1441000
1!
#1442000
0!
1#
1"
#1443000
1!
#1444000
0!
0#
0"
#1445000
1!
#1446000
0!
1#
1"
#1447000
1!
#1448000
0!
0#
0"
#1449000
1!
#1450000
0!
1#
1"
#1451000
1!
#1452000
0!
0#
0"
#1453000
1!
#1454000
0!
1#
1"
#1455000
1!
#1456000
0!
0#
0"
#1457000
1!
#1458000
0!
1#
1"
#1459000
1!
#1460000
0!
0#
0"
#1461000
1!
#1462000
0!
1#
1"
#1463000
1!
#1464000
0!
0#
0"
#1465000
1!
#1466000
0!
1#
1"
#1467000
1!
#1468000
0!
0#
0"
#1469000
1!
#1470000
0!
1#
1"
#1471000
1!
#1472000
0!
0#
0"
#1473000
1!
#1474000
0!
1#
1"
#1475000
1!
#1476000
0!
0#
0"
#1477000
1!
#1478000
0!
1#
1"
#1479000
1!
#1480000
0!
0#
0"
#1481000
1!
#1482000
0!
1#
1"
#1483000
1!
#1484000
0!
0#
0"
#1485000
1!
#1486000
0!
1#
1"
#1487000
1!
#1488000
0!
0#
0"
#1489000
1!
#1490000
0!
1#
1"
#1491000
1!
#1492000
0!
0#
0"
#1493000
1!
#1494000
0!
1#
1"
#1495000
1!
#1496000
0!
0#
0"
#1497000
1!
#1498000
0!
1#
1"
#1499000
1!
#1500000
0!
0#
0"
#1501000
1!
#1502000
0!
1#
1"
#1503000
1!
#1504000
0!
0#
0"
#1505000
1!
#1506000
0!
1#
1"
#1507000
1!
#1508000
0!
0#
0"
#1509000
1!
#1510000
0!
1#
1"
#1511000
1!
#1512000
0!
0#
0"
#1513000
1!
#1514000
0!
1#
1"
#1515000
1!
#1516000
0!
0#
0"
#1517000
1!
#1518000
0!
1#
1"
#1519000
1!
#1520000
0!
0#
0"
#1521000
1!
#1522000
0!
1#
1"
#1523000
1!
#1524000
0!
0#
0"
#1525000
1!
#1526000
0!
1#
1"
#1527000
1!
#1528000
0!
0#
0"
#1529000
1!
#1530000
0!
1#
1"
#1531000
1!
#1532000
0!
0#
0"
#1533000
1!
#1534000
0!
1#
1"
#1535000
1!
#1536000
0!
0#
0"
#1537000
1!
#1538000
0!
1#
1"
#1539000
1!
#1540000
0!
0#
0"
#1541000
1!
#1542000
0!
1#
1"
#1543000
1!
#1544000
0!
0#
0"
#1545000
1!
#1546000
0!
1#
1"
#1547000
1!
#1548000
0!
0#
0"
#1549000
1!
#1550000
0!
1#
1"
#1551000
1!
#1552000
0!
0#
0"
#1553000
1!
#1554000
0!
1#
1"
#1555000
1!
#1556000
0!
0#
0"
#1557000
1!
#1558000
0!
1#
1"
#1559000
1!
#1560000
0!
0#
0"
#1561000
1!
#1562000
0!
1#
1"
#1563000
1!
#1564000
0!
0#
0"
#1565000
1!
#1566000
0!
1#
1"
#1567000
1!
#1568000
0!
0#
0"
#1569000
1!
#1570000
0!
1#
1"
#1571000
1!
#1572000
0!
0#
0"
#1573000
1!
#1574000
0!
1#
1"
#1575000
1!
#1576000
0!
0#
0"
#1577000
1!
#1578000
0!
1#
1"
#1579000
1!
#1580000
0!
0#
0"
#1581000
1!
#1582000
0!
1#
1"
#1583000
1!
#1584000
0!
0#
0"
#1585000
1!
#1586000
0!
1#
1"
#1587000
1!
#1588000
0!
0#
0"
#1589000
1!
#1590000
0!
1#
1"
#1591000
1!
#1592000
0!
0#
0"
#1593000
1!
#1594000
0!
1#
1"
#1595000
1!
#1596000
0!
0#
0"
#1597000
1!
#1598000
0!
1#
1"
#1599000
1!
#1600000
0!
0#
0"
#1601000
1!
#1602000
0!
1#
1"
#1603000
1!
#1604000
0!
0#
0"
#1605000
1!
#1606000
0!
1#
1"
#1607000
1!
#1608000
0!
0#
0"
#1609000
1!
#1610000
0!
1#
1"
#1611000
1!
#1612000
0!
0#
0"
#1613000
1!
#1614000
0!
1#
1"
#1615000
1!
#1616000
0!
0#
0"
#1617000
1!
#1618000
0!
1#
1"
#1619000
1!
#1620000
0!
0#
0"
#1621000
1!
#1622000
0!
1#
1"
#1623000
1!
#1624000
0!
0#
0"
#1625000
1!
#1626000
0!
1#
1"
#1627000
1!
#1628000
0!
0#
0"
#1629000
1!
#1630000
0!
1#
1"
#1631000
1!
#1632000
0!
0#
0"
#1633000
1!
#1634000
0!
1#
1"
#1635000
1!
#1636000
0!
0#
0"
#1637000
1!
#1638000
0!
1#
1"
#1639000
1!
#1640000
0!
0#
0"
#1641000
1!
#1642000
0!
1#
1"
#1643000
1!
#1644000
0!
0#
0"
#1645000
1!
#1646000
0!
1#
1"
#1647000
1!
#1648000
0!
0#
0"
#1649000
1!
#1650000
0!
1#
1"
#1651000
1!
#1652000
0!
0#
0"
#1653000
1!
#1654000
0!
1#
1"
#1655000
1!
#1656000
0!
0#
0"
#1657000
1!
#1658000
0!
1#
1"
#1659000
1!
#1660000
0!
0#
0"
#1661000
1!
#1662000
0!
1#
1"
#1663000
1!
#1664000
0!
0#
0"
#1665000
1!
#1666000
0!
1#
1"
#1667000
1!
#1668000
0!
0#
0"
#1669000
1!
#1670000
0!
1#
1"
#1671000
1!
#1672000
0!
0#
0"
#1673000
1!
#1674000
0!
1#
1"
#1675000
1!
#1676000
0!
0#
0"
#1677000
1!
#1678000
0!
1#
1"
#1679000
1!
#1680000
0!
0#
0"
#1681000
1!
#1682000
0!
1#
1"
#1683000
1!
#1684000
0!
0#
0"
#1685000
1!
#1686000
0!
1#
1"
#1687000
1!
#1688000
0!
0#
0"
#1689000
1!
#1690000
0!
1#
1"
#1691000
1!
#1692000
0!
0#
0"
#1693000
1!
#1694000
0!
1#
1"
#1695000
1!
#1696000
0!
0#
0"
#1697000
1!
#1698000
0!
1#
1"
#1699000
1!
#1700000
0!
0#
0"
#1701000
1!
#1702000
0!
1#
1"
#1703000
1!
#1704000
0!
0#
0"
#1705000
1!
#1706000
0!
1#
1"
#1707000
1!
#1708000
0!
0#
0"
#1709000
1!
#1710000
0!
1#
1"
#1711000
1!
#1712000
0!
0#
0"
#1713000
1!
#1714000
0!
1#
1"
#1715000
1!
#1716000
0!
0#
0"
#1717000
1!
#1718000
0!
1#
1"
#1719000
1!
#1720000
0!
0#
0"
#1721000
1!
#1722000
0!
1#
1"
#1723000
1!
#1724000
0!
0#
0"
#1725000
1!
#1726000
0!
1#
1"
#1727000
1!
#1728000
0!
0#
0"
#1729000
1!
#1730000
0!
1#
1"
#1731000
1!
#1732000
0!
0#
0"
#1733000
1!
#1734000
0!
1#
1"
#1735000
1!
#1736000
0!
0#
0"
#1737000
1!
#1738000
0!
1#
1"
#1739000
1!
#1740000
0!
0#
0"
#1741000
1!
#1742000
0!
1#
1"
#1743000
1!
#1744000
0!
0#
0"
#1745000
1!
#1746000
0!
1#
1"
#1747000
1!
#1748000
0!
0#
0"
#1749000
1!
#1750000
0!
1#
1"
#1751000
1!
#1752000
0!
0#
0"
#1753000
1!
#1754000
0!
1#
1"
#1755000
1!
#1756000
0!
0#
0"
#1757000
1!
#1758000
0!
1#
1"
#1759000
1!
#1760000
0!
0#
0"
#1761000
1!
#1762000
0!
1#
1"
#1763000
1!
#1764000
0!
0#
0"
#1765000
1!
#1766000
0!
1#
1"
#1767000
1!
#1768000
0!
0#
0"
#1769000
1!
#1770000
0!
1#
1"
#1771000
1!
#1772000
0!
0#
0"
#1773000
1!
#1774000
0!
1#
1"
#1775000
1!
#1776000
0!
0#
0"
#1777000
1!
#1778000
0!
1#
1"
#1779000
1!
#1780000
0!
0#
0"
#1781000
1!
#1782000
0!
1#
1"
#1783000
1!
#1784000
0!
0#
0"
#1785000
1!
#1786000
0!
1#
1"
#1787000
1!
#1788000
0!
0#
0"
#1789000
1!
#1790000
0!
1#
1"
#1791000
1!
#1792000
0!
0#
0"
#1793000
1!
#1794000
0!
1#
1"
#1795000
1!
#1796000
0!
0#
0"
#1797000
1!
#1798000
0!
1#
1"
#1799000
1!
#1800000
0!
0#
0"
#1801000
1!
#1802000
0!
1#
1"
#1803000
1!
#1804000
0!
0#
0"
#1805000
1!
#1806000
0!
1#
1"
#1807000
1!
#1808000
0!
0#
0"
#1809000
1!
#1810000
0!
1#
1"
#1811000
1!
#1812000
0!
0#
0"
#1813000
1!
#1814000
0!
1#
1"
#1815000
1!
#1816000
0!
0#
0"
#1817000
1!
#1818000
0!
1#
1"
#1819000
1!
#1820000
0!
0#
0"
#1821000
1!
#1822000
0!
1#
1"
#1823000
1!
#1824000
0!
0#
0"
#1825000
1!
#1826000
0!
1#
1"
#1827000
1!
#1828000
0!
0#
0"
#1829000
1!
#1830000
0!
1#
1"
#1831000
1!
#1832000
0!
0#
0"
#1833000
1!
#1834000
0!
1#
1"
#1835000
1!
#1836000
0!
0#
0"
#1837000
1!
#1838000
0!
1#
1"
#1839000
1!
#1840000
0!
0#
0"
#1841000
1!
#1842000
0!
1#
1"
#1843000
1!
#1844000
0!
0#
0"
#1845000
1!
#1846000
0!
1#
1"
#1847000
1!
#1848000
0!
0#
0"
#1849000
1!
#1850000
0!
1#
1"
#1851000
1>
1!
#1852000
0!
0#
0"
#1853000
1!
#1854000
0!
1#
1"
#1855000
1!
#1856000
0!
0#
0"
#1857000
1!
#1858000
0!
1#
1"
#1859000
0>
1!
#1860000
0!
0#
0"
#1861000
1!
#1862000
1=
0!
1#
1"
#1863000
1!
#1864000
0!
0#
0"
#1865000
1!
#1866000
b10010010000001111111001010110001 <
b11000000011101001111010000100001 ;
1:
b10010010000001111111001010110001100000111111101010110110101100100110011001011111100110000000110011011001111111111110011010000111111000111101010111101010100100110011001001000111000111101001000000001110010011110101101011001010110010001111001000000101101111001010101011101110111111101010000011011011001001000110001010100011010100100101011111111001011011111101000101111001000101110001101011011011001111001110011010000010011010101001100111001010100000010011101001000111001110111010100111000000011101001111010000100001 D
b10010010000001111111001010110001100000111111101010110110101100100110011001011111100110000000110011011001111111111110011010000111111000111101010111101010100100110011001001000111000111101001000000001110010011110101101011001010110010001111001000000101101111001010101011101110111111101010000011011011001001000110001010100011010100100101011111111001011011111101000101111001000101110001101011011011001111001110011010000010011010101001100111001010100000010011101001000111001110111010100111000000011101001111010000100001 C
0!
1#
1"
#1867000
1!
#1868000
0!
0#
0"
#1869000
1!
#1870000
b1000000110101111101110001100010 <
b10001010011011101111001010000000 ;
1:
b1000000110101111101110001100010101110100110101110011001101110010001111111001101000110101110100011011100110100110100101111100110011110101001110101111101000111011101010001011000111111000100101011100110110011101110001011011011010001111111101001100101101000100101110111110010100011001101110100001101011100100010101101000000111000110100110011100110111100010001000101000111110111001100010001100111101110000010110110100010011000110100000101001110101100110001101001001111000111101100001010001010011011101111001010000000 D
b1000000110101111101110001100010101110100110101110011001101110010001111111001101000110101110100011011100110100110100101111100110011110101001110101111101000111011101010001011000111111000100101011100110110011101110001011011011010001111111101001100101101000100101110111110010100011001101110100001101011100100010101101000000111000110100110011100110111100010001000101000111110111001100010001100111101110000010110110100010011000110100000101001110101100110001101001001111000111101100001010001010011011101111001010000000 C
0!
1#
1"
#1871000
1!
#1872000
0!
0#
0"
#1873000
1!
#1874000
b1100101011111010111011101110001 <
b1110000111010100100001011110110 ;
1:
b1100101011111010111011101110001011100010110010111001100100001101111110001111010110110110010000111111010011001010110100010110001001101111111101100011010101110100010011100001101000111001010101101000000001110001001001000010000111101101001000010100100110010111100110000111110010000011001010011011010010100011010010010010000001000100101101111111111101110010111110000011111100011101000110010011110101110000010110001011111100011000011100101110100101111011001111000011001101101101000100001110000111010100100001011110110 D
b1100101011111010111011101110001011100010110010111001100100001101111110001111010110110110010000111111010011001010110100010110001001101111111101100011010101110100010011100001101000111001010101101000000001110001001001000010000111101101001000010100100110010111100110000111110010000011001010011011010010100011010010010010000001000100101101111111111101110010111110000011111100011101000110010011110101110000010110001011111100011000011100101110100101111011001111000011001101101101000100001110000111010100100001011110110 C
0!
1#
1"
#1875000
1!
#1876000
0!
0#
0"
#1877000
1!
#1878000
b11110001100011010000101110111110 <
b11100000100101010010011011110110 ;
1:
b11110001100011010000101110111110111011010111110010011001000100100110101001100001001011011011100100001010000010110010101101001110101100011111101000011111100111110000110001011101110100001001110001011001011010100110101111101101101110010001111100100010011000011101000110110110100000011010111000011101111011000011110111010101011100111110010010001110100100110101001110000001001011111101100110010001110000011001010110001111111111001100110101110100010110110100000011101111110010001100011111100000100101010010011011110110 D
b11110001100011010000101110111110111011010111110010011001000100100110101001100001001011011011100100001010000010110010101101001110101100011111101000011111100111110000110001011101110100001001110001011001011010100110101111101101101110010001111100100010011000011101000110110110100000011010111000011101111011000011110111010101011100111110010010001110100100110101001110000001001011111101100110010001110000011001010110001111111111001100110101110100010110110100000011101111110010001100011111100000100101010010011011110110 C
0!
1#
1"
#1879000
1!
#1880000
0!
0#
0"
#1881000
1!
#1882000
0=
b11001110101001000110001010001 <
b1111001011110101010011111001100 ;
1:
b11001110101001000110001010001001000000001100001100001010010100110001111011100011101110111110001011010001111110000000010110001100000111100011001100110001101100011110100100101010001100100100000001010110110100100001000000101100110000100011000111010111001110101010011011101111110010110001010101110100001101111001011001011010101110101111101101101110000001011101100000011100111011001101011001110110011110001001100000101101100111011101111010101110010010011111001011001010110001011100101111001011110101010011111001100 D
b11001110101001000110001010001001000000001100001100001010010100110001111011100011101110111110001011010001111110000000010110001100000111100011001100110001101100011110100100101010001100100100000001010110110100100001000000101100110000100011000111010111001110101010011011101111110010110001010101110100001101111001011001011010101110101111101101101110000001011101100000011100111011001101011001110110011110001001100000101101100111011101111010101110010010011111001011001010110001011100101111001011110101010011111001100 C
0!
1#
1"
#1883000
1!
#1884000
0!
0#
0"
#1885000
1!
#1886000
0!
1#
1"
#1887000
1!
#1888000
0!
0#
0"
#1889000
1!
#1890000
0!
1#
1"
#1891000
1!
#1892000
0!
0#
0"
#1893000
1!
#1894000
0!
1#
1"
#1895000
1!
#1896000
0!
0#
0"
#1897000
1!
#1898000
0!
1#
1"
#1899000
1!
#1900000
0!
0#
0"
#1901000
1!
#1902000
0!
1#
1"
#1903000
1!
#1904000
0!
0#
0"
#1905000
1!
#1906000
0!
1#
1"
#1907000
1!
#1908000
0!
0#
0"
#1909000
1!
#1910000
0!
1#
1"
#1911000
1!
#1912000
0!
0#
0"
#1913000
1!
#1914000
0!
1#
1"
#1915000
1!
#1916000
0!
0#
0"
#1917000
1!
#1918000
0!
1#
1"
#1919000
1!
#1920000
0!
0#
0"
#1921000
1!
#1922000
0!
1#
1"
#1923000
1!
#1924000
0!
0#
0"
#1925000
1!
#1926000
0!
1#
1"
#1927000
1!
#1928000
0!
0#
0"
#1929000
1!
#1930000
0!
1#
1"
#1931000
1!
#1932000
0!
0#
0"
#1933000
1!
#1934000
0!
1#
1"
#1935000
1!
#1936000
0!
0#
0"
#1937000
1!
#1938000
0!
1#
1"
#1939000
1!
#1940000
0!
0#
0"
#1941000
1!
#1942000
0!
1#
1"
#1943000
1!
#1944000
0!
0#
0"
#1945000
1!
#1946000
0!
1#
1"
#1947000
1!
#1948000
0!
0#
0"
#1949000
1!
#1950000
0!
1#
1"
#1951000
1!
#1952000
0!
0#
0"
#1953000
1!
#1954000
0!
1#
1"
#1955000
1!
#1956000
0!
0#
0"
#1957000
1!
#1958000
0!
1#
1"
#1959000
1!
#1960000
0!
0#
0"
#1961000
1!
#1962000
0!
1#
1"
#1963000
1!
#1964000
0!
0#
0"
#1965000
1!
#1966000
0!
1#
1"
#1967000
1!
#1968000
0!
0#
0"
#1969000
1!
#1970000
0!
1#
1"
#1971000
1!
#1972000
0!
0#
0"
#1973000
1!
#1974000
0!
1#
1"
#1975000
1!
#1976000
0!
0#
0"
#1977000
1!
#1978000
0!
1#
1"
#1979000
1!
#1980000
0!
0#
0"
#1981000
1!
#1982000
0!
1#
1"
#1983000
1!
#1984000
0!
0#
0"
#1985000
1!
#1986000
0!
1#
1"
#1987000
1!
#1988000
0!
0#
0"
#1989000
1!
#1990000
0!
1#
1"
#1991000
1!
#1992000
0!
0#
0"
#1993000
1!
#1994000
0!
1#
1"
#1995000
1!
#1996000
0!
0#
0"
#1997000
1!
#1998000
0!
1#
1"
#1999000
1!
#2000000
0!
0#
0"
#2001000
1!
#2002000
0!
1#
1"
#2003000
1!
#2004000
0!
0#
0"
#2005000
1!
#2006000
0!
1#
1"
#2007000
1!
#2008000
0!
0#
0"
#2009000
1!
#2010000
0!
1#
1"
#2011000
1!
#2012000
0!
0#
0"
#2013000
1!
#2014000
0!
1#
1"
#2015000
1!
#2016000
0!
0#
0"
#2017000
1!
#2018000
0!
1#
1"
#2019000
1!
#2020000
0!
0#
0"
#2021000
1!
#2022000
0!
1#
1"
#2023000
1!
#2024000
0!
0#
0"
#2025000
1!
#2026000
0!
1#
1"
#2027000
1!
#2028000
0!
0#
0"
#2029000
1!
#2030000
0!
1#
1"
#2031000
1!
#2032000
0!
0#
0"
#2033000
1!
#2034000
0!
1#
1"
#2035000
1!
#2036000
0!
0#
0"
#2037000
1!
#2038000
0!
1#
1"
#2039000
1!
#2040000
0!
0#
0"
#2041000
1!
#2042000
0!
1#
1"
#2043000
1!
#2044000
0!
0#
0"
#2045000
1!
#2046000
0!
1#
1"
#2047000
1!
#2048000
0!
0#
0"
#2049000
1!
#2050000
0!
1#
1"
#2051000
1!
#2052000
0!
0#
0"
#2053000
1!
#2054000
0!
1#
1"
#2055000
1!
#2056000
0!
0#
0"
#2057000
1!
#2058000
0!
1#
1"
#2059000
1!
#2060000
0!
0#
0"
#2061000
1!
#2062000
0!
1#
1"
#2063000
1!
#2064000
0!
0#
0"
#2065000
1!
#2066000
0!
1#
1"
#2067000
1!
#2068000
0!
0#
0"
#2069000
1!
#2070000
0!
1#
1"
#2071000
1!
#2072000
0!
0#
0"
#2073000
1!
#2074000
0!
1#
1"
#2075000
1!
#2076000
0!
0#
0"
#2077000
1!
#2078000
0!
1#
1"
#2079000
1!
#2080000
0!
0#
0"
#2081000
1!
#2082000
0!
1#
1"
#2083000
1!
#2084000
0!
0#
0"
#2085000
1!
#2086000
0!
1#
1"
#2087000
1!
#2088000
0!
0#
0"
#2089000
1!
#2090000
0!
1#
1"
#2091000
1!
#2092000
0!
0#
0"
#2093000
1!
#2094000
0!
1#
1"
#2095000
1!
#2096000
0!
0#
0"
#2097000
1!
#2098000
0!
1#
1"
#2099000
1!
#2100000
0!
0#
0"
#2101000
1!
#2102000
0!
1#
1"
#2103000
1!
#2104000
0!
0#
0"
#2105000
1!
#2106000
0!
1#
1"
#2107000
1!
#2108000
0!
0#
0"
#2109000
1!
#2110000
0!
1#
1"
#2111000
1>
1!
#2112000
0!
0#
0"
#2113000
1!
#2114000
0!
1#
1"
#2115000
0&
1!
#2116000
0!
0#
0"
#2117000
1!
#2118000
0!
1#
1"
#2119000
0>
1!
#2120000
0!
0#
0"
#2121000
1!
#2122000
1=
0!
1#
1"
#2123000
1!
#2124000
0!
0#
0"
#2125000
1!
#2126000
b11000110001100101111110001101111 <
b101000001100000101110010110101 ;
1:
b11000110001100101111110001101111000111010001000001011100110111001100011010001101110101110011010010111110010111001000110100010100001011100011110011100111011001110100001111010000010011001110000010100101101101000110001001011001101001011110101111101100001010100011001000110101111100011110101100110010011100000101010011000010111101110001000100001101100000100011001110000111001111011000101111011010001110111110101011100011011011001011000001000100111111101001010000101000101110001110111100101000001100000101110010110101 D
b11000110001100101111110001101111000111010001000001011100110111001100011010001101110101110011010010111110010111001000110100010100001011100011110011100111011001110100001111010000010011001110000010100101101101000110001001011001101001011110101111101100001010100011001000110101111100011110101100110010011100000101010011000010111101110001000100001101100000100011001110000111001111011000101111011010001110111110101011100011011011001011000001000100111111101001010000101000101110001110111100101000001100000101110010110101 C
0!
1#
1"
#2127000
1!
#2128000
0!
0#
0"
#2129000
1!
#2130000
b100000101010011001000011000111 <
b1011001000001100111010100011010 ;
1:
b100000101010011001000011000111011010000110001010011010000000001100001100101101011010101101000011011100001101000000000110110101000001111100001011110111101100100001010101000101010011100101100001001000110110100110001110001101110110100001011110100110100000000011001100011100001000110111110111010110111100010111000000101100100001101101011011101110011111100101111100100101110100100010111100010100011101110100010000001000101010111101011010100100011101000000110100100001111001110010001101011001000001100111010100011010 D
b100000101010011001000011000111011010000110001010011010000000001100001100101101011010101101000011011100001101000000000110110101000001111100001011110111101100100001010101000101010011100101100001001000110110100110001110001101110110100001011110100110100000000011001100011100001000110111110111010110111100010111000000101100100001101101011011101110011111100101111100100101110100100010111100010100011101110100010000001000101010111101011010100100011101000000110100100001111001110010001101011001000001100111010100011010 C
0!
1#
1"
#2131000
1!
#2132000
0!
0#
0"
#2133000
1!
#2134000
b10010000000001000100010100001000 <
b10010110011101100110101001111111 ;
1:
b10010000000001000100010100001000010010101101110011110111001011001101111100010110111011101100100001101110101010001101011001101110101011111111101011001111001001101100001110000010010111110111110011100011101000111110011011110000110000011100001111111110011100000000111111111011000000000001111100001110011100111010001100000100110000010100110001101010110101000011100100011101010000100110000100110000000001011000101000110001100001110010110100001011010101001111110111111001011000101110110010010110011101100110101001111111 D
b10010000000001000100010100001000010010101101110011110111001011001101111100010110111011101100100001101110101010001101011001101110101011111111101011001111001001101100001110000010010111110111110011100011101000111110011011110000110000011100001111111110011100000000111111111011000000000001111100001110011100111010001100000100110000010100110001101010110101000011100100011101010000100110000100110000000001011000101000110001100001110010110100001011010101001111110111111001011000101110110010010110011101100110101001111111 C
0!
1#
1"
#2135000
1!
#2136000
0!
0#
0"
#2137000
1!
#2138000
b1101001110101110101110000110010 <
b1100010110101001100001011010011 ;
1:
b1101001110101110101110000110010001111110100001001110111110000001000000011101000110001110011100000010001000001100100001000110011101100111100010101100000011001001010111110111101001000000101110110010110111101110000001100110100010011000110010101000010100011000000010011011110010000100001100101110111001111011101110000001110000010111110011100100101001111100011111110110111110000100110110011011110110011000111111001001111111001111100001010001011100100110001110111111000111000010011001001100010110101001100001011010011 D
b1101001110101110101110000110010001111110100001001110111110000001000000011101000110001110011100000010001000001100100001000110011101100111100010101100000011001001010111110111101001000000101110110010110111101110000001100110100010011000110010101000010100011000000010011011110010000100001100101110111001111011101110000001110000010111110011100100101001111100011111110110111110000100110110011011110110011000111111001001111111001111100001010001011100100110001110111111000111000010011001001100010110101001100001011010011 C
0!
1#
1"
#2139000
1!
#2140000
0!
0#
0"
#2141000
1!
#2142000
0=
b10011100101100101101011110000101 <
b11110011010101000001110100001110 ;
1:
b10011100101100101101011110000101010011111101000110000110101010101111010010101000000101010100001101001010011110010100110011110011001111011111001001011000101111100001010000010001111100111011010110001111100110111011011010101010011001000100111100101101101001010100110000010010100100000001100011100010001100011011110000100101010010010011000111000100101101111101110101100010011111000101100011101101010100100001111100100011101110011111000111001001001110100011001000000010011001110101111011110011010101000001110100001110 D
b10011100101100101101011110000101010011111101000110000110101010101111010010101000000101010100001101001010011110010100110011110011001111011111001001011000101111100001010000010001111100111011010110001111100110111011011010101010011001000100111100101101101001010100110000010010100100000001100011100010001100011011110000100101010010010011000111000100101101111101110101100010011111000101100011101101010100100001111100100011101110011111000111001001001110100011001000000010011001110101111011110011010101000001110100001110 C
0!
1#
1"
#2143000
1!
#2144000
0!
0#
0"
#2145000
1!
#2146000
0!
1#
1"
#2147000
1!
#2148000
0!
0#
0"
#2149000
1!
#2150000
0!
1#
1"
#2151000
1!
#2152000
0!
0#
0"
#2153000
1!
#2154000
0!
1#
1"
#2155000
1!
#2156000
0!
0#
0"
#2157000
1!
#2158000
0!
1#
1"
#2159000
1!
#2160000
0!
0#
0"
#2161000
1!
#2162000
0!
1#
1"
#2163000
1!
#2164000
0!
0#
0"
#2165000
1!
#2166000
0!
1#
1"
#2167000
1!
#2168000
0!
0#
0"
#2169000
1!
#2170000
0!
1#
1"
#2171000
1!
#2172000
0!
0#
0"
#2173000
1!
#2174000
0!
1#
1"
#2175000
1!
#2176000
0!
0#
0"
#2177000
1!
#2178000
0!
1#
1"
#2179000
1!
#2180000
0!
0#
0"
#2181000
1!
#2182000
0!
1#
1"
#2183000
1!
#2184000
0!
0#
0"
#2185000
1!
#2186000
0!
1#
1"
#2187000
1!
#2188000
0!
0#
0"
#2189000
1!
#2190000
0!
1#
1"
#2191000
1!
#2192000
0!
0#
0"
#2193000
1!
#2194000
0!
1#
1"
#2195000
1!
#2196000
0!
0#
0"
#2197000
1!
#2198000
0!
1#
1"
#2199000
1!
#2200000
0!
0#
0"
#2201000
1!
#2202000
0!
1#
1"
#2203000
1!
#2204000
0!
0#
0"
#2205000
1!
#2206000
0!
1#
1"
#2207000
1!
#2208000
0!
0#
0"
#2209000
1!
#2210000
0!
1#
1"
#2211000
1!
#2212000
0!
0#
0"
#2213000
1!
#2214000
0!
1#
1"
#2215000
1!
#2216000
0!
0#
0"
#2217000
1!
#2218000
0!
1#
1"
#2219000
1!
#2220000
0!
0#
0"
#2221000
1!
#2222000
0!
1#
1"
#2223000
1!
#2224000
0!
0#
0"
#2225000
1!
#2226000
0!
1#
1"
#2227000
1!
#2228000
0!
0#
0"
#2229000
1!
#2230000
0!
1#
1"
#2231000
1!
#2232000
0!
0#
0"
#2233000
1!
#2234000
0!
1#
1"
#2235000
1!
#2236000
0!
0#
0"
#2237000
1!
#2238000
0!
1#
1"
#2239000
1!
#2240000
0!
0#
0"
#2241000
1!
#2242000
0!
1#
1"
#2243000
1!
#2244000
0!
0#
0"
#2245000
1!
#2246000
0!
1#
1"
#2247000
1!
#2248000
0!
0#
0"
#2249000
1!
#2250000
0!
1#
1"
#2251000
1!
#2252000
0!
0#
0"
#2253000
1!
#2254000
0!
1#
1"
#2255000
1!
#2256000
0!
0#
0"
#2257000
1!
#2258000
0!
1#
1"
#2259000
1!
#2260000
0!
0#
0"
#2261000
1!
#2262000
0!
1#
1"
#2263000
1!
#2264000
0!
0#
0"
#2265000
1!
#2266000
0!
1#
1"
#2267000
1!
#2268000
0!
0#
0"
#2269000
1!
#2270000
0!
1#
1"
#2271000
1!
#2272000
0!
0#
0"
#2273000
1!
#2274000
0!
1#
1"
#2275000
1!
#2276000
0!
0#
0"
#2277000
1!
#2278000
0!
1#
1"
#2279000
1!
#2280000
0!
0#
0"
#2281000
1!
#2282000
0!
1#
1"
#2283000
1!
#2284000
0!
0#
0"
#2285000
1!
#2286000
0!
1#
1"
#2287000
1!
#2288000
0!
0#
0"
#2289000
1!
#2290000
0!
1#
1"
#2291000
1!
#2292000
0!
0#
0"
#2293000
1!
#2294000
0!
1#
1"
#2295000
1!
#2296000
0!
0#
0"
#2297000
1!
#2298000
0!
1#
1"
#2299000
1!
#2300000
0!
0#
0"
#2301000
1!
#2302000
0!
1#
1"
#2303000
1!
#2304000
0!
0#
0"
#2305000
1!
#2306000
0!
1#
1"
#2307000
1!
#2308000
0!
0#
0"
#2309000
1!
#2310000
0!
1#
1"
#2311000
1!
#2312000
0!
0#
0"
#2313000
1!
#2314000
0!
1#
1"
#2315000
1!
#2316000
0!
0#
0"
#2317000
1!
#2318000
0!
1#
1"
#2319000
1!
#2320000
0!
0#
0"
#2321000
1!
#2322000
0!
1#
1"
#2323000
1!
#2324000
0!
0#
0"
#2325000
1!
#2326000
0!
1#
1"
#2327000
1!
#2328000
0!
0#
0"
#2329000
1!
#2330000
0!
1#
1"
#2331000
1!
#2332000
0!
0#
0"
#2333000
1!
#2334000
0!
1#
1"
#2335000
1!
#2336000
0!
0#
0"
#2337000
1!
#2338000
0!
1#
1"
#2339000
1!
#2340000
0!
0#
0"
#2341000
1!
#2342000
0!
1#
1"
#2343000
1!
#2344000
0!
0#
0"
#2345000
1!
#2346000
0!
1#
1"
#2347000
1!
#2348000
0!
0#
0"
#2349000
1!
#2350000
0!
1#
1"
#2351000
1!
#2352000
0!
0#
0"
#2353000
1!
#2354000
0!
1#
1"
#2355000
1!
#2356000
0!
0#
0"
#2357000
1!
#2358000
0!
1#
1"
#2359000
1!
#2360000
0!
0#
0"
#2361000
1!
#2362000
0!
1#
1"
#2363000
1!
#2364000
0!
0#
0"
#2365000
1!
#2366000
0!
1#
1"
#2367000
1!
#2368000
0!
0#
0"
#2369000
1!
#2370000
0!
1#
1"
#2371000
1!
#2372000
0!
0#
0"
#2373000
1>
1!
#2374000
0!
1#
1"
#2375000
1!
#2376000
0!
0#
0"
#2377000
1!
#2378000
0!
1#
1"
#2379000
1!
#2380000
0!
0#
0"
#2381000
0>
1!
#2382000
0!
1#
1"
#2383000
1!
#2384000
0!
0#
0"
#2385000
1!
#2386000
1=
0!
1#
1"
#2387000
1!
#2388000
0!
0#
0"
#2389000
1!
#2390000
b1111101011100011110011111000100 <
b1010010111010010001110001000111 ;
1:
b1111101011100011110011111000100110001011110000010001101111001001110011000101010100111010010010101111110110011000010101110100000111011010011000110001111101001110101100111010001110000001011011000010011000110011010000100101111010010010000101000001110111001011011010101010001110100111111010100001011111110000010101101001101100111001011001100000011001000000110010100101111001110010000001000100101000100011011101110010110100101111100100101100110000111110110100110000000001111110010101001010010111010010001110001000111 D
b1111101011100011110011111000100110001011110000010001101111001001110011000101010100111010010010101111110110011000010101110100000111011010011000110001111101001110101100111010001110000001011011000010011000110011010000100101111010010010000101000001110111001011011010101010001110100111111010100001011111110000010101101001101100111001011001100000011001000000110010100101111001110010000001000100101000100011011101110010110100101111100100101100110000111110110100110000000001111110010101001010010111010010001110001000111 C
0!
1#
1"
#2391000
1!
#2392000
0!
0#
0"
#2393000
1!
#2394000
b11001000101110111101111101 <
b111111111111100001110010011011 ;
1:
b11001000101110111101111101101010001001101000101010000000010011110110111001110011000001101110101110111011110100110100110100001110011011010001000000011100001110111111111111000110010001011101000100000100101011101101010010101100001111000100101100000000011001111001101001101110001111101100001011001010001011001110001010000000010110110001110111101111110010000111100000011111011010111010100100111111110001011111110110010011000100110110000000100111000111100011000111000000001111011000111111111111100001110010011011 D
b11001000101110111101111101101010001001101000101010000000010011110110111001110011000001101110101110111011110100110100110100001110011011010001000000011100001110111111111111000110010001011101000100000100101011101101010010101100001111000100101100000000011001111001101001101110001111101100001011001010001011001110001010000000010110110001110111101111110010000111100000011111011010111010100100111111110001011111110110010011000100110110000000100111000111100011000111000000001111011000111111111111100001110010011011 C
0!
1#
1"
#2395000
1!
#2396000
0!
0#
0"
#2397000
1!
#2398000
b11101110010000000001000101010110 <
b10001010000011001110110001110111 ;
1:
b11101110010000000001000101010110001100011010111111010010111101001111100001100110110111110000100010001001111100011001110111111100010101110011010011111101010001000100101110100111101101010011111010111010101111111000000101111110100010110101100000111100111100010011001011111010011001110101111100001100101010111110000100010001110110010000101001110000001100111000100010100101010011010111101010001011100011101000101101001101011101101010001110000110110110111001101111010011001011100100010110001010000011001110110001110111 D
b11101110010000000001000101010110001100011010111111010010111101001111100001100110110111110000100010001001111100011001110111111100010101110011010011111101010001000100101110100111101101010011111010111010101111111000000101111110100010110101100000111100111100010011001011111010011001110101111100001100101010111110000100010001110110010000101001110000001100111000100010100101010011010111101010001011100011101000101101001101011101101010001110000110110110111001101111010011001011100100010110001010000011001110110001110111 C
0!
1#
1"
#2399000
1!
#2400000
0!
0#
0"
#2401000
1!
#2402000
b11100101101011100101011101110000 <
b11010001110111110100101111111 ;
1:
b11100101101011100101011101110000110110100111110100001001111110110010001100001011101010110001111011100000010101001001100100001000110000111111111011110100001001101100101110110101111000101000001101110000010001110011111100011000010011000001111011000110101011010111011010000110000001101101101111010010100110010111110001000111000010101010110111100001000111011011011001110001101101101101101001010000110101101010010110001101110000110101000110010111001111110101100111100001011101010001101100011010001110111110100101111111 D
b11100101101011100101011101110000110110100111110100001001111110110010001100001011101010110001111011100000010101001001100100001000110000111111111011110100001001101100101110110101111000101000001101110000010001110011111100011000010011000001111011000110101011010111011010000110000001101101101111010010100110010111110001000111000010101010110111100001000111011011011001110001101101101101101001010000110101101010010110001101110000110101000110010111001111110101100111100001011101010001101100011010001110111110100101111111 C
0!
1#
1"
#2403000
1!
#2404000
0!
0#
0"
#2405000
1!
#2406000
0=
b10101100010100111101000111010110 <
b10100100000010010010100000001000 ;
1:
b10101100010100111101000111010110000101110001101101110111100100101010001111110000101000000100010111001111001110010100000110010010011101110101011010001100100010101111101011001111011011101000000110010010010011110111100011100011100000101110011011110000100000010100000111010001011111110111100001100001111100010111101100011011001110110010111101001100000101101110100111010110100110010001101110011010110101000010001000100100100011000010010101100010000010000000101010010000100101001011000010100100000010010010100000001000 D
b10101100010100111101000111010110000101110001101101110111100100101010001111110000101000000100010111001111001110010100000110010010011101110101011010001100100010101111101011001111011011101000000110010010010011110111100011100011100000101110011011110000100000010100000111010001011111110111100001100001111100010111101100011011001110110010111101001100000101101110100111010110100110010001101110011010110101000010001000100100100011000010010101100010000010000000101010010000100101001011000010100100000010010010100000001000 C
0!
1#
1"
#2407000
1!
#2408000
0!
0#
0"
#2409000
1!
#2410000
0!
1#
1"
#2411000
1!
#2412000
0!
0#
0"
#2413000
1!
#2414000
0!
1#
1"
#2415000
1!
#2416000
0!
0#
0"
#2417000
1!
#2418000
0!
1#
1"
#2419000
1!
#2420000
0!
0#
0"
#2421000
1!
#2422000
0!
1#
1"
#2423000
1!
#2424000
0!
0#
0"
#2425000
1!
#2426000
0!
1#
1"
#2427000
1!
#2428000
0!
0#
0"
#2429000
1!
#2430000
0!
1#
1"
#2431000
1!
#2432000
0!
0#
0"
#2433000
1!
#2434000
0!
1#
1"
#2435000
1!
#2436000
0!
0#
0"
#2437000
1!
#2438000
0!
1#
1"
#2439000
1!
#2440000
0!
0#
0"
#2441000
1!
#2442000
0!
1#
1"
#2443000
1!
#2444000
0!
0#
0"
#2445000
1!
#2446000
0!
1#
1"
#2447000
1!
#2448000
0!
0#
0"
#2449000
1!
#2450000
0!
1#
1"
#2451000
1!
#2452000
0!
0#
0"
#2453000
1!
#2454000
0!
1#
1"
#2455000
1!
#2456000
0!
0#
0"
#2457000
1!
#2458000
0!
1#
1"
#2459000
1!
#2460000
0!
0#
0"
#2461000
1!
#2462000
0!
1#
1"
#2463000
1!
#2464000
0!
0#
0"
#2465000
1!
#2466000
0!
1#
1"
#2467000
1!
#2468000
0!
0#
0"
#2469000
1!
#2470000
0!
1#
1"
#2471000
1!
#2472000
0!
0#
0"
#2473000
1!
#2474000
0!
1#
1"
#2475000
1!
#2476000
0!
0#
0"
#2477000
1!
#2478000
0!
1#
1"
#2479000
1!
#2480000
0!
0#
0"
#2481000
1!
#2482000
0!
1#
1"
#2483000
1!
#2484000
0!
0#
0"
#2485000
1!
#2486000
0!
1#
1"
#2487000
1!
#2488000
0!
0#
0"
#2489000
1!
#2490000
0!
1#
1"
#2491000
1!
#2492000
0!
0#
0"
#2493000
1!
#2494000
0!
1#
1"
#2495000
1!
#2496000
0!
0#
0"
#2497000
1!
#2498000
0!
1#
1"
#2499000
1!
#2500000
0!
0#
0"
#2501000
1!
#2502000
0!
1#
1"
#2503000
1!
#2504000
0!
0#
0"
#2505000
1!
#2506000
0!
1#
1"
#2507000
1!
#2508000
0!
0#
0"
#2509000
1!
#2510000
0!
1#
1"
#2511000
1!
#2512000
0!
0#
0"
#2513000
1!
#2514000
0!
1#
1"
#2515000
1!
#2516000
0!
0#
0"
#2517000
1!
#2518000
0!
1#
1"
#2519000
1!
#2520000
0!
0#
0"
#2521000
1!
#2522000
0!
1#
1"
#2523000
1!
#2524000
0!
0#
0"
#2525000
1!
#2526000
0!
1#
1"
#2527000
1!
#2528000
0!
0#
0"
#2529000
1!
#2530000
0!
1#
1"
#2531000
1!
#2532000
0!
0#
0"
#2533000
1!
#2534000
0!
1#
1"
#2535000
1!
#2536000
0!
0#
0"
#2537000
1!
#2538000
0!
1#
1"
#2539000
1!
#2540000
0!
0#
0"
#2541000
1!
#2542000
0!
1#
1"
#2543000
1!
#2544000
0!
0#
0"
#2545000
1!
#2546000
0!
1#
1"
#2547000
1!
#2548000
0!
0#
0"
#2549000
1!
#2550000
0!
1#
1"
#2551000
1!
#2552000
0!
0#
0"
#2553000
1!
#2554000
0!
1#
1"
#2555000
1!
#2556000
0!
0#
0"
#2557000
1!
#2558000
0!
1#
1"
#2559000
1!
#2560000
0!
0#
0"
#2561000
1!
#2562000
0!
1#
1"
#2563000
1!
#2564000
0!
0#
0"
#2565000
1!
#2566000
0!
1#
1"
#2567000
1!
#2568000
0!
0#
0"
#2569000
1!
#2570000
0!
1#
1"
#2571000
1!
#2572000
0!
0#
0"
#2573000
1!
#2574000
0!
1#
1"
#2575000
1!
#2576000
0!
0#
0"
#2577000
1!
#2578000
0!
1#
1"
#2579000
1!
#2580000
0!
0#
0"
#2581000
1!
#2582000
0!
1#
1"
#2583000
1!
#2584000
0!
0#
0"
#2585000
1!
#2586000
0!
1#
1"
#2587000
1!
#2588000
0!
0#
0"
#2589000
1!
#2590000
0!
1#
1"
#2591000
1!
#2592000
0!
0#
0"
#2593000
1!
#2594000
0!
1#
1"
#2595000
1!
#2596000
0!
0#
0"
#2597000
1!
#2598000
0!
1#
1"
#2599000
1!
#2600000
0!
0#
0"
#2601000
1!
#2602000
0!
1#
1"
#2603000
1!
#2604000
0!
0#
0"
#2605000
1!
#2606000
0!
1#
1"
#2607000
1!
#2608000
0!
0#
0"
#2609000
1!
#2610000
0!
1#
1"
#2611000
1!
#2612000
0!
0#
0"
#2613000
1!
#2614000
0!
1#
1"
#2615000
1!
#2616000
0!
0#
0"
#2617000
1!
#2618000
0!
1#
1"
#2619000
1!
#2620000
0!
0#
0"
#2621000
1!
#2622000
0!
1#
1"
#2623000
1!
#2624000
0!
0#
0"
#2625000
1!
#2626000
0!
1#
1"
#2627000
1!
#2628000
0!
0#
0"
#2629000
1!
#2630000
0!
1#
1"
#2631000
1!
#2632000
0!
0#
0"
#2633000
1>
1!
#2634000
0!
1#
1"
#2635000
1!
#2636000
0!
0#
0"
#2637000
1!
#2638000
0!
1#
1"
#2639000
1!
#2640000
0!
0#
0"
#2641000
0>
1!
#2642000
0!
1#
1"
#2643000
1>
1!
#2644000
0!
0#
0"
#2645000
1!
#2646000
1=
0!
1#
1"
#2647000
0>
1!
#2648000
0!
0#
0"
#2649000
1!
#2650000
b1000011011101011110011110111011 <
b10100101110010110000000101000001 ;
1:
b1000011011101011110011110111011001100100101110110011010101100010011001010100000011000010110111000110001010010001001100010100111000011010001100010110101101101111000110100000011011101001011111111111001001000000111110000010010110101100100101001110110000111000110010001000011010011101011110101101101111100101110110110110110010101110110000001101111110100000100001011001001111011111111101000101010001011100001110010110001110100101010110000000011101110001001110011100000011100101010110010100101110010110000000101000001 D
b1000011011101011110011110111011001100100101110110011010101100010011001010100000011000010110111000110001010010001001100010100111000011010001100010110101101101111000110100000011011101001011111111111001001000000111110000010010110101100100101001110110000111000110010001000011010011101011110101101101111100101110110110110110010101110110000001101111110100000100001011001001111011111111101000101010001011100001110010110001110100101010110000000011101110001001110011100000011100101010110010100101110010110000000101000001 C
0!
1#
1"
#2651000
1!
#2652000
0!
0#
0"
#2653000
1!
#2654000
b1010110100010011001001000111100 <
b100101110011011011111110110110 ;
1:
b1010110100010011001001000111100111101001000000001111010001110001100011011000010011000101001100101001110101100001011011100100100000010100100111010101101011111110110011001101001101100110101011001100000011001011000000011000110111111001110011010111000001110001111100011101010000011011001110100111101111101001001111010001111100101011001000110010011101101101001011110011011101100001010101010100100001011010011001011011110101011110001110101010111111000010011001100110110011100011110100100100101110011011011111110110110 D
b1010110100010011001001000111100111101001000000001111010001110001100011011000010011000101001100101001110101100001011011100100100000010100100111010101101011111110110011001101001101100110101011001100000011001011000000011000110111111001110011010111000001110001111100011101010000011011001110100111101111101001001111010001111100101011001000110010011101101101001011110011011101100001010101010100100001011010011001011011110101011110001110101010111111000010011001100110110011100011110100100100101110011011011111110110110 C
0!
1#
1"
#2655000
1!
#2656000
0!
0#
0"
#2657000
1!
#2658000
b10101010111110100011011011100010 <
b1110011001001000011000101101 ;
1:
b10101010111110100011011011100010111000110111011001110110011101010100011011011010001110110101011100001100000101100001111011101111111110110001111100000011111010010111010110101010100001101101110110111000110010111110010001010011000011111011010100001110011011001000001000001000101011000110011100101000000110000000111000100001001110011101001011010100110101010000110111000111100101101010111011010011111011011001100101101100101111101100010011111110100010011100011111000011000010111101000100001110011001001000011000101101 D
b10101010111110100011011011100010111000110111011001110110011101010100011011011010001110110101011100001100000101100001111011101111111110110001111100000011111010010111010110101010100001101101110110111000110010111110010001010011000011111011010100001110011011001000001000001000101011000110011100101000000110000000111000100001001110011101001011010100110101010000110111000111100101101010111011010011111011011001100101101100101111101100010011111110100010011100011111000011000010111101000100001110011001001000011000101101 C
0!
1#
1"
#2659000
1!
#2660000
0!
0#
0"
#2661000
1!
#2662000
b1000011101001000011100101001101 <
b1011000100000101011100101111010 ;
1:
b1000011101001000011100101001101001000010111100101010000110001001101010000000001100001011000010000100010000110111101011011110011110111100101000110111110010011101101010111010010000011011100010110001000010110010100000100011000011100010000101001100011111111011000110101011110111110101100110011011011001011001111111001000100011110100010110111100111110010100000101110010011000011000111010000010000101010110111110111001111001011111000011110100011010001010010011001110101001000110101011001011000100000101011100101111010 D
b1000011101001000011100101001101001000010111100101010000110001001101010000000001100001011000010000100010000110111101011011110011110111100101000110111110010011101101010111010010000011011100010110001000010110010100000100011000011100010000101001100011111111011000110101011110111110101100110011011011001011001111111001000100011110100010110111100111110010100000101110010011000011000111010000010000101010110111110111001111001011111000011110100011010001010010011001110101001000110101011001011000100000101011100101111010 C
0!
1#
1"
#2663000
1!
#2664000
0!
0#
0"
#2665000
1!
#2666000
b11111101100110010010000011111100 <
b11010101110001000001011100010011 ;
1:
b11111101100110010010000011111100110101001110011011001111110101110111011000101110110110000010110100110100000100001101110010001100011110111100011010001100100100110001010110110100100000100011101010111100111000110110111000001001100010101000100001010001100110011011111010110110111101101100101100110100010011111110100100100001100100110100100000000011001111110110101101011100100110100000011000111000111010010101101010100100111101010001110110100100110011000101100110000101101101010001101111010101110001000001011100010011 D
b11111101100110010010000011111100110101001110011011001111110101110111011000101110110110000010110100110100000100001101110010001100011110111100011010001100100100110001010110110100100000100011101010111100111000110110111000001001100010101000100001010001100110011011111010110110111101101100101100110100010011111110100100100001100100110100100000000011001111110110101101011100100110100000011000111000111010010101101010100100111101010001110110100100110011000101100110000101101101010001101111010101110001000001011100010011 C
0!
1#
1"
#2667000
1!
#2668000
0!
0#
0"
#2669000
1!
#2670000
b10101100100011101110000101001101 <
b11110101100100001111010110010 ;
1:
b10101100100011101110000101001101101011001000111011100001010011011011001000111100101100100011110000011110101100100101001101110001101011001000111011100001010011011010110010001110111000010100110110110010001111001011001000111100000111101011001001001101110000111010110010001110111000010100110110101100100011101110000101001101101100100011110010110010001111000001111010110010010001111010110010101100100011101110000101001101101011001000111011100001010011011011001000111100101100100011110000011110101100100001111010110010 D
b10101100100011101110000101001101101011001000111011100001010011011011001000111100101100100011110000011110101100100101001101110001101011001000111011100001010011011010110010001110111000010100110110110010001111001011001000111100000111101011001001001101110000111010110010001110111000010100110110101100100011101110000101001101101100100011110010110010001111000001111010110010010001111010110010101100100011101110000101001101101011001000111011100001010011011011001000111100101100100011110000011110101100100001111010110010 C
0!
1#
1"
#2671000
1!
#2672000
0!
0#
0"
#2673000
1!
#2674000
0=
b1000111101011000100110111000011 <
b10101100100011101110000101001101 ;
1:
b1000111101011000100110111000011010100110111000110110010001111000101001101110001101100100011110010101100100011101110000101001101010001111010110001001101110000110101001101110001101100100011110001010011011100011011001000111100101011001000111011100001010011010100011110101100010011011100001101010011011100011011001000111100010100110111000110110010001111001010110010001110111000010100110101000111101011000100110111000011010100110111000110110010001111000101001101110001101100100011110010101100100011101110000101001101 D
b1000111101011000100110111000011010100110111000110110010001111000101001101110001101100100011110010101100100011101110000101001101010001111010110001001101110000110101001101110001101100100011110001010011011100011011001000111100101011001000111011100001010011010100011110101100010011011100001101010011011100011011001000111100010100110111000110110010001111001010110010001110111000010100110101000111101011000100110111000011010100110111000110110010001111000101001101110001101100100011110010101100100011101110000101001101 C
0!
1#
1"
#2675000
1!
#2676000
0!
0#
0"
#2677000
1!
#2678000
0!
1#
1"
#2679000
1!
#2680000
0!
0#
0"
#2681000
1!
#2682000
0!
1#
1"
#2683000
1!
#2684000
0!
0#
0"
#2685000
1!
#2686000
0!
1#
1"
#2687000
1!
#2688000
0!
0#
0"
#2689000
1!
#2690000
0!
1#
1"
#2691000
1!
#2692000
0!
0#
0"
#2693000
1!
#2694000
0!
1#
1"
#2695000
1!
#2696000
0!
0#
0"
#2697000
1!
#2698000
0!
1#
1"
#2699000
1!
#2700000
0!
0#
0"
#2701000
1!
#2702000
0!
1#
1"
#2703000
1!
#2704000
0!
0#
0"
#2705000
1!
#2706000
0!
1#
1"
#2707000
1!
#2708000
0!
0#
0"
#2709000
1!
#2710000
0!
1#
1"
#2711000
1!
#2712000
0!
0#
0"
#2713000
1!
#2714000
0!
1#
1"
#2715000
1!
#2716000
0!
0#
0"
#2717000
1!
#2718000
0!
1#
1"
#2719000
1!
#2720000
0!
0#
0"
#2721000
1!
#2722000
0!
1#
1"
#2723000
1!
#2724000
0!
0#
0"
#2725000
1!
#2726000
0!
1#
1"
#2727000
1!
#2728000
0!
0#
0"
#2729000
1!
#2730000
0!
1#
1"
#2731000
1!
#2732000
0!
0#
0"
#2733000
1!
#2734000
0!
1#
1"
#2735000
1!
#2736000
0!
0#
0"
#2737000
1!
#2738000
0!
1#
1"
#2739000
1!
#2740000
0!
0#
0"
#2741000
1!
#2742000
0!
1#
1"
#2743000
1!
#2744000
0!
0#
0"
#2745000
1!
#2746000
0!
1#
1"
#2747000
1!
#2748000
0!
0#
0"
#2749000
1!
#2750000
0!
1#
1"
#2751000
1!
#2752000
0!
0#
0"
#2753000
1!
#2754000
0!
1#
1"
#2755000
1!
#2756000
0!
0#
0"
#2757000
1!
#2758000
0!
1#
1"
#2759000
1!
#2760000
0!
0#
0"
#2761000
1!
#2762000
0!
1#
1"
#2763000
1!
#2764000
0!
0#
0"
#2765000
1!
#2766000
0!
1#
1"
#2767000
1!
#2768000
0!
0#
0"
#2769000
1!
#2770000
0!
1#
1"
#2771000
1!
#2772000
0!
0#
0"
#2773000
1!
#2774000
0!
1#
1"
#2775000
1!
#2776000
0!
0#
0"
#2777000
1!
#2778000
0!
1#
1"
#2779000
1!
#2780000
0!
0#
0"
#2781000
1!
#2782000
0!
1#
1"
#2783000
1!
#2784000
0!
0#
0"
#2785000
1!
#2786000
0!
1#
1"
#2787000
1!
#2788000
0!
0#
0"
#2789000
1!
#2790000
0!
1#
1"
#2791000
1!
#2792000
0!
0#
0"
#2793000
1!
#2794000
0!
1#
1"
#2795000
1!
#2796000
0!
0#
0"
#2797000
1!
#2798000
0!
1#
1"
#2799000
1!
#2800000
0!
0#
0"
#2801000
1!
#2802000
0!
1#
1"
#2803000
1!
#2804000
0!
0#
0"
#2805000
1!
#2806000
0!
1#
1"
#2807000
1!
#2808000
0!
0#
0"
#2809000
1!
#2810000
0!
1#
1"
#2811000
1!
#2812000
0!
0#
0"
#2813000
1!
#2814000
0!
1#
1"
#2815000
1!
#2816000
0!
0#
0"
#2817000
1!
#2818000
0!
1#
1"
#2819000
1!
#2820000
0!
0#
0"
#2821000
1!
#2822000
0!
1#
1"
#2823000
1!
#2824000
0!
0#
0"
#2825000
1!
#2826000
0!
1#
1"
#2827000
1!
#2828000
0!
0#
0"
#2829000
1!
#2830000
0!
1#
1"
#2831000
1!
#2832000
0!
0#
0"
#2833000
1!
#2834000
0!
1#
1"
#2835000
1!
#2836000
0!
0#
0"
#2837000
1!
#2838000
0!
1#
1"
#2839000
1!
#2840000
0!
0#
0"
#2841000
1!
#2842000
0!
1#
1"
#2843000
1!
#2844000
0!
0#
0"
#2845000
1!
#2846000
0!
1#
1"
#2847000
1!
#2848000
0!
0#
0"
#2849000
1!
#2850000
0!
1#
1"
#2851000
1!
#2852000
0!
0#
0"
#2853000
1!
#2854000
0!
1#
1"
#2855000
1!
#2856000
0!
0#
0"
#2857000
1!
#2858000
0!
1#
1"
#2859000
1!
#2860000
0!
0#
0"
#2861000
1!
#2862000
0!
1#
1"
#2863000
1!
#2864000
0!
0#
0"
#2865000
1!
#2866000
0!
1#
1"
#2867000
1!
#2868000
0!
0#
0"
#2869000
1!
#2870000
0!
1#
1"
#2871000
1!
#2872000
0!
0#
0"
#2873000
1!
#2874000
0!
1#
1"
#2875000
1!
#2876000
0!
0#
0"
#2877000
1!
#2878000
0!
1#
1"
#2879000
1!
#2880000
0!
0#
0"
#2881000
1!
#2882000
0!
1#
1"
#2883000
1!
#2884000
0!
0#
0"
#2885000
1!
#2886000
0!
1#
1"
#2887000
1!
#2888000
0!
0#
0"
#2889000
1!
#2890000
0!
1#
1"
#2891000
1!
#2892000
0!
0#
0"
#2893000
1!
#2894000
0!
1#
1"
#2895000
1!
#2896000
0!
0#
0"
#2897000
1!
#2898000
0!
1#
1"
#2899000
1!
#2900000
0!
0#
0"
#2901000
1!
#2902000
0!
1#
1"
#2903000
1!
#2904000
0!
0#
0"
#2905000
1!
#2906000
0!
1#
1"
#2907000
1!
#2908000
0!
0#
0"
#2909000
1!
#2910000
0!
1#
1"
#2911000
1!
#2912000
0!
0#
0"
#2913000
1!
#2914000
0!
1#
1"
#2915000
1!
#2916000
0!
0#
0"
#2917000
1!
#2918000
0!
1#
1"
#2919000
1!
#2920000
0!
0#
0"
#2921000
1!
#2922000
0!
1#
1"
#2923000
1!
#2924000
0!
0#
0"
#2925000
1!
#2926000
0!
1#
1"
#2927000
1!
#2928000
0!
0#
0"
#2929000
1!
#2930000
0!
1#
1"
#2931000
1!
#2932000
0!
0#
0"
#2933000
1!
#2934000
0!
1#
1"
#2935000
1!
#2936000
0!
0#
0"
#2937000
1!
#2938000
0!
1#
1"
#2939000
1!
#2940000
0!
0#
0"
#2941000
1!
#2942000
0!
1#
1"
#2943000
1!
#2944000
0!
0#
0"
#2945000
1!
#2946000
0!
1#
1"
#2947000
1!
#2948000
0!
0#
0"
#2949000
1!
#2950000
0!
1#
1"
#2951000
1!
#2952000
0!
0#
0"
#2953000
1!
#2954000
0!
1#
1"
#2955000
1!
#2956000
0!
0#
0"
#2957000
1!
#2958000
0!
1#
1"
#2959000
1!
#2960000
0!
0#
0"
#2961000
1!
#2962000
0!
1#
1"
#2963000
1!
#2964000
0!
0#
0"
#2965000
1!
#2966000
0!
1#
1"
#2967000
1!
#2968000
0!
0#
0"
#2969000
1!
#2970000
0!
1#
1"
#2971000
1!
#2972000
0!
0#
0"
#2973000
1!
#2974000
0!
1#
1"
#2975000
1!
#2976000
0!
0#
0"
#2977000
1!
#2978000
0!
1#
1"
#2979000
1!
#2980000
0!
0#
0"
#2981000
1!
#2982000
0!
1#
1"
#2983000
1!
#2984000
0!
0#
0"
#2985000
1!
#2986000
0!
1#
1"
#2987000
1!
#2988000
0!
0#
0"
#2989000
1!
#2990000
0!
1#
1"
#2991000
1!
#2992000
0!
0#
0"
#2993000
1!
#2994000
0!
1#
1"
#2995000
1!
#2996000
0!
0#
0"
#2997000
1!
#2998000
0!
1#
1"
#2999000
1!
#3000000
0!
0#
0"
#3001000
1!
#3002000
0!
1#
1"
#3003000
1!
#3004000
0!
0#
0"
#3005000
1!
#3006000
0!
1#
1"
#3007000
1!
#3008000
0!
0#
0"
#3009000
1!
#3010000
0!
1#
1"
#3011000
1!
#3012000
0!
0#
0"
#3013000
1!
#3014000
0!
1#
1"
#3015000
1!
#3016000
0!
0#
0"
#3017000
1!
#3018000
0!
1#
1"
#3019000
1!
#3020000
0!
0#
0"
#3021000
1!
#3022000
0!
1#
1"
#3023000
1!
#3024000
0!
0#
0"
#3025000
1!
#3026000
0!
1#
1"
#3027000
1!
#3028000
0!
0#
0"
#3029000
1!
#3030000
0!
1#
1"
#3031000
1!
#3032000
0!
0#
0"
#3033000
1!
#3034000
0!
1#
1"
#3035000
1!
#3036000
0!
0#
0"
#3037000
1!
#3038000
0!
1#
1"
#3039000
1!
#3040000
0!
0#
0"
#3041000
1!
#3042000
0!
1#
1"
#3043000
1!
#3044000
0!
0#
0"
#3045000
1!
#3046000
0!
1#
1"
#3047000
1!
#3048000
0!
0#
0"
#3049000
1!
#3050000
0!
1#
1"
#3051000
1!
#3052000
0!
0#
0"
#3053000
1!
#3054000
0!
1#
1"
#3055000
1!
#3056000
0!
0#
0"
#3057000
1!
#3058000
0!
1#
1"
#3059000
1!
#3060000
0!
0#
0"
#3061000
1!
#3062000
0!
1#
1"
#3063000
1!
#3064000
0!
0#
0"
#3065000
1!
#3066000
0!
1#
1"
#3067000
1!
#3068000
0!
0#
0"
#3069000
1!
#3070000
0!
1#
1"
#3071000
1!
#3072000
0!
0#
0"
#3073000
1!
#3074000
0!
1#
1"
#3075000
1!
#3076000
0!
0#
0"
#3077000
1!
#3078000
0!
1#
1"
#3079000
1!
#3080000
0!
0#
0"
#3081000
1!
#3082000
0!
1#
1"
#3083000
1!
#3084000
0!
0#
0"
#3085000
1!
#3086000
0!
1#
1"
#3087000
1!
#3088000
0!
0#
0"
#3089000
1!
#3090000
0!
1#
1"
#3091000
1!
#3092000
0!
0#
0"
#3093000
1!
#3094000
0!
1#
1"
#3095000
1!
#3096000
0!
0#
0"
#3097000
1!
#3098000
0!
1#
1"
#3099000
1!
#3100000
0!
0#
0"
#3101000
1!
#3102000
0!
1#
1"
#3103000
1!
#3104000
0!
0#
0"
#3105000
1!
#3106000
0!
1#
1"
#3107000
1!
#3108000
0!
0#
0"
#3109000
1!
#3110000
0!
1#
1"
#3111000
1!
#3112000
0!
0#
0"
#3113000
1!
#3114000
0!
1#
1"
#3115000
1!
#3116000
0!
0#
0"
#3117000
1!
#3118000
0!
1#
1"
#3119000
1!
#3120000
0!
0#
0"
#3121000
1!
#3122000
0!
1#
1"
#3123000
1!
#3124000
0!
0#
0"
#3125000
1!
#3126000
0!
1#
1"
#3127000
1!
#3128000
0!
0#
0"
#3129000
1!
#3130000
0!
1#
1"
#3131000
1!
#3132000
0!
0#
0"
#3133000
1!
#3134000
0!
1#
1"
#3135000
1!
#3136000
0!
0#
0"
#3137000
1!
#3138000
0!
1#
1"
#3139000
1!
#3140000
0!
0#
0"
#3141000
1>
1!
#3142000
0!
1#
1"
#3143000
1!
#3144000
0!
0#
0"
#3145000
1!
#3146000
0!
1#
1"
#3147000
1!
#3148000
0!
0#
0"
#3149000
0>
1!
#3150000
0!
1#
1"
#3151000
1!
#3152000
0!
0#
0"
#3153000
1!
#3154000
1=
0!
1#
1"
#3155000
1!
#3156000
0!
0#
0"
#3157000
1!
#3158000
b1010100011011101001000000101001 <
b1000111101011000100110111000011 ;
1:
b1010100011011101001000000101001100100011010110100111010111101000001111010110010010100110111000101000111101011000100110111000011111101111101011111011011001101100001111101001100000011000101110000011110101100100100110111000011010001111010110001001101110000110000010110110010001101011010011001010110110111011010000110100000000111101011001001000111101011000100011110101100010011011100001110100110000010110111111010111001110110000011110010010111000010000001111010110010000111101011001001000111101011000100110111000011 D
b1010100011011101001000000101001100100011010110100111010111101000001111010110010010100110111000101000111101011000100110111000011111101111101011111011011001101100001111101001100000011000101110000011110101100100100110111000011010001111010110001001101110000110000010110110010001101011010011001010110110111011010000110100000000111101011001001000111101011000100011110101100010011011100001110100110000010110111111010111001110110000011110010010111000010000001111010110010000111101011001001000111101011000100110111000011 C
0!
1#
1"
#3159000
1!
#3160000
0!
0#
0"
#3161000
1!
#3162000
b1100100110101000000100010001101 <
b10111111000110011001110110010010 ;
1:
b1100100110101000000100010001101110001100010000000011011010101101111011110001010111110100011111011100010111000110110011011110010100001110100110111011001110000001001111101001001110011110100010010110110001011111111011011011010100010111011000000110100101100101001010100011000111000000010101101101010100101001111000101011111110101110101100001111100010011001101011001001010110011111101001001110110100000010011000101100110001100111111110100100101010011011001011011111101011100001010100010111111000110011001110110010010 D
b1100100110101000000100010001101110001100010000000011011010101101111011110001010111110100011111011100010111000110110011011110010100001110100110111011001110000001001111101001001110011110100010010110110001011111111011011011010100010111011000000110100101100101001010100011000111000000010101101101010100101001111000101011111110101110101100001111100010011001101011001001010110011111101001001110110100000010011000101100110001100111111110100100101010011011001011011111101011100001010100010111111000110011001110110010010 C
0!
1#
1"
#3163000
1!
#3164000
0!
0#
0"
#3165000
1!
#3166000
b1011110011110100100110011011010 <
b100100010010101001101010011100 ;
1:
b1011110011110100100110011011010001001011011010000010100111011000000100001101010100011000111001101001111011000111111100101010100100111010111011010110000101111110001010111001111000001100001101101000100001011010101110001101011000000101010110110111011110110111011111111111100001100101110100010111101100010011001110110010111101011100100100101100100011111110110100110000100110110000001001101111100111100001100111010001101100011011111001010001111011000001110001000001110101101000110011100100100010010101001101010011100 D
b1011110011110100100110011011010001001011011010000010100111011000000100001101010100011000111001101001111011000111111100101010100100111010111011010110000101111110001010111001111000001100001101101000100001011010101110001101011000000101010110110111011110110111011111111111100001100101110100010111101100010011001110110010111101011100100100101100100011111110110100110000100110110000001001101111100111100001100111010001101100011011111001010001111011000001110001000001110101101000110011100100100010010101001101010011100 C
0!
1#
1"
#3167000
1!
#3168000
0!
0#
0"
#3169000
1!
#3170000
b10100000110100100100111100111000 <
b11111100101011111000101110100100 ;
1:
b10100000110100100100111100111000011001111010001101101011100100111101100000010111100110110110101101110100100100100100010011001111101010111111101100111000100100110110110100011001111010011001011010000111111011000100111101110100011110110100010011001110100000101010010101000110111101001110110111100010111111100010101010010001011101111110101001110001011001001111001101111001000000011110100110101110011011111000001101000110111010000100010010101000100101000010100000010001101001010111101111111100101011111000101110100100 D
b10100000110100100100111100111000011001111010001101101011100100111101100000010111100110110110101101110100100100100100010011001111101010111111101100111000100100110110110100011001111010011001011010000111111011000100111101110100011110110100010011001110100000101010010101000110111101001110110111100010111111100010101010010001011101111110101001110001011001001111001101111001000000011110100110101110011011111000001101000110111010000100010010101000100101000010100000010001101001010111101111111100101011111000101110100100 C
0!
1#
1"
#3171000
1!
#3172000
0!
0#
0"
#3173000
1!
#3174000
0=
b11011100111000000111000000111000 <
b110001010011000111001111111 ;
1:
b11011100111000000111000000111000000000001110011101001010010100110101010000110101000011101101111010011110111010101110101001101110101011100001010010000001010101101001110111101101110000110010001011001101111010010000110111110100011100011001011101010010011100000110010110011010000010001000111101001110011000100000111011101011100110001101101100001111010010111110100101010100001101100110000100010111011011101111100111100001110100110110100010000111100110100000000100000111000011000110000100000110001010011000111001111111 D
b11011100111000000111000000111000000000001110011101001010010100110101010000110101000011101101111010011110111010101110101001101110101011100001010010000001010101101001110111101101110000110010001011001101111010010000110111110100011100011001011101010010011100000110010110011010000010001000111101001110011000100000111011101011100110001101101100001111010010111110100101010100001101100110000100010111011011101111100111100001110100110110100010000111100110100000000100000111000011000110000100000110001010011000111001111111 C
0!
1#
1"
#3175000
1!
#3176000
0!
0#
0"
#3177000
1!
#3178000
0!
1#
1"
#3179000
1!
#3180000
0!
0#
0"
#3181000
1!
#3182000
0!
1#
1"
#3183000
1!
#3184000
0!
0#
0"
#3185000
1!
#3186000
0!
1#
1"
#3187000
1!
#3188000
0!
0#
0"
#3189000
1!
#3190000
0!
1#
1"
#3191000
1!
#3192000
0!
0#
0"
#3193000
1!
#3194000
0!
1#
1"
#3195000
1!
#3196000
0!
0#
0"
#3197000
1!
#3198000
0!
1#
1"
#3199000
1!
#3200000
0!
0#
0"
#3201000
1!
#3202000
0!
1#
1"
#3203000
1!
#3204000
0!
0#
0"
#3205000
1!
#3206000
0!
1#
1"
#3207000
1!
#3208000
0!
0#
0"
#3209000
1!
#3210000
0!
1#
1"
#3211000
1!
#3212000
0!
0#
0"
#3213000
1!
#3214000
0!
1#
1"
#3215000
1!
#3216000
0!
0#
0"
#3217000
1!
#3218000
0!
1#
1"
#3219000
1!
#3220000
0!
0#
0"
#3221000
1!
#3222000
0!
1#
1"
#3223000
1!
#3224000
0!
0#
0"
#3225000
1!
#3226000
0!
1#
1"
#3227000
1!
#3228000
0!
0#
0"
#3229000
1!
#3230000
0!
1#
1"
#3231000
1!
#3232000
0!
0#
0"
#3233000
1!
#3234000
0!
1#
1"
#3235000
1!
#3236000
0!
0#
0"
#3237000
1!
#3238000
0!
1#
1"
#3239000
1!
#3240000
0!
0#
0"
#3241000
1!
#3242000
0!
1#
1"
#3243000
1!
#3244000
0!
0#
0"
#3245000
1!
#3246000
0!
1#
1"
#3247000
1!
#3248000
0!
0#
0"
#3249000
1!
#3250000
0!
1#
1"
#3251000
1!
#3252000
0!
0#
0"
#3253000
1!
#3254000
0!
1#
1"
#3255000
1!
#3256000
0!
0#
0"
#3257000
1!
#3258000
0!
1#
1"
#3259000
1!
#3260000
0!
0#
0"
#3261000
1!
#3262000
0!
1#
1"
#3263000
1!
#3264000
0!
0#
0"
#3265000
1!
#3266000
0!
1#
1"
#3267000
1!
#3268000
0!
0#
0"
#3269000
1!
#3270000
0!
1#
1"
#3271000
1!
#3272000
0!
0#
0"
#3273000
1!
#3274000
0!
1#
1"
#3275000
1!
#3276000
0!
0#
0"
#3277000
1!
#3278000
0!
1#
1"
#3279000
1!
#3280000
0!
0#
0"
#3281000
1!
#3282000
0!
1#
1"
#3283000
1!
#3284000
0!
0#
0"
#3285000
1!
#3286000
0!
1#
1"
#3287000
1!
#3288000
0!
0#
0"
#3289000
1!
#3290000
0!
1#
1"
#3291000
1!
#3292000
0!
0#
0"
#3293000
1!
#3294000
0!
1#
1"
#3295000
1!
#3296000
0!
0#
0"
#3297000
1!
#3298000
0!
1#
1"
#3299000
1!
#3300000
0!
0#
0"
#3301000
1!
#3302000
0!
1#
1"
#3303000
1!
#3304000
0!
0#
0"
#3305000
1!
#3306000
0!
1#
1"
#3307000
1!
#3308000
0!
0#
0"
#3309000
1!
#3310000
0!
1#
1"
#3311000
1!
#3312000
0!
0#
0"
#3313000
1!
#3314000
0!
1#
1"
#3315000
1!
#3316000
0!
0#
0"
#3317000
1!
#3318000
0!
1#
1"
#3319000
1!
#3320000
0!
0#
0"
#3321000
1!
#3322000
0!
1#
1"
#3323000
1!
#3324000
0!
0#
0"
#3325000
1!
#3326000
0!
1#
1"
#3327000
1!
#3328000
0!
0#
0"
#3329000
1!
#3330000
0!
1#
1"
#3331000
1!
#3332000
0!
0#
0"
#3333000
1!
#3334000
0!
1#
1"
#3335000
1!
#3336000
0!
0#
0"
#3337000
1!
#3338000
0!
1#
1"
#3339000
1!
#3340000
0!
0#
0"
#3341000
1!
#3342000
0!
1#
1"
#3343000
1!
#3344000
0!
0#
0"
#3345000
1!
#3346000
0!
1#
1"
#3347000
1!
#3348000
0!
0#
0"
#3349000
1!
#3350000
0!
1#
1"
#3351000
1!
#3352000
0!
0#
0"
#3353000
1!
#3354000
0!
1#
1"
#3355000
1!
#3356000
0!
0#
0"
#3357000
1!
#3358000
0!
1#
1"
#3359000
1!
#3360000
0!
0#
0"
#3361000
1!
#3362000
0!
1#
1"
#3363000
1!
#3364000
0!
0#
0"
#3365000
1!
#3366000
0!
1#
1"
#3367000
1!
#3368000
0!
0#
0"
#3369000
1!
#3370000
0!
1#
1"
#3371000
1!
#3372000
0!
0#
0"
#3373000
1!
#3374000
0!
1#
1"
#3375000
1!
#3376000
0!
0#
0"
#3377000
1!
#3378000
0!
1#
1"
#3379000
1!
#3380000
0!
0#
0"
#3381000
1!
#3382000
0!
1#
1"
#3383000
1!
#3384000
0!
0#
0"
#3385000
1!
#3386000
0!
1#
1"
#3387000
1!
#3388000
0!
0#
0"
#3389000
1!
#3390000
0!
1#
1"
#3391000
1!
#3392000
0!
0#
0"
#3393000
1!
#3394000
0!
1#
1"
#3395000
1!
#3396000
0!
0#
0"
#3397000
1!
#3398000
0!
1#
1"
#3399000
1!
#3400000
0!
0#
0"
#3401000
1>
1!
#3402000
0!
1#
1"
#3403000
1!
#3404000
0!
0#
0"
#3405000
1!
#3406000
0!
1#
1"
#3407000
1!
#3408000
0!
0#
0"
#3409000
0>
1!
#3410000
0!
1#
1"
#3411000
1!
#3412000
0!
0#
0"
#3413000
1!
#3414000
1=
0!
1#
1"
#3415000
1!
#3416000
0!
0#
0"
#3417000
1!
#3418000
b100011011011000011010111101001 <
b11001000100101111110101011000111 ;
1:
b100011011011000011010111101001100101001100110110111110110111110110000001111110010011001010010111010010000010010000001110111001101000111001101101110100111000000011011101010011010110101011101101111101010111111000101010101111110000010001110110110010000100101110001100010111100101010110110101000101000000101100110011101101011011101110111010101111101000001101101110000011010110110110110001100011111000001101010001100100111001101001110000101000100010010111001111001111011010011010101011001000100101111110101011000111 D
b100011011011000011010111101001100101001100110110111110110111110110000001111110010011001010010111010010000010010000001110111001101000111001101101110100111000000011011101010011010110101011101101111101010111111000101010101111110000010001110110110010000100101110001100010111100101010110110101000101000000101100110011101101011011101110111010101111101000001101101110000011010110110110110001100011111000001101010001100100111001101001110000101000100010010111001111001111011010011010101011001000100101111110101011000111 C
0!
1#
1"
#3419000
1!
#3420000
0!
0#
0"
#3421000
1!
#3422000
b11101010100010011110101010000001 <
b1011000101000111111111101001 ;
1:
b11101010100010011110101010000001000110110000110101101001011111011111010101111001001100100111100100111011101110010011101110101010110011111001110101101000110110011111010101111010011000001110110110011000000000011101010110011100111001001000111101000011110101110111100000000011101010111010110101101100001101101110110110110101110000111100010101000001100010111101010000100010000001111001010001011101000101110010100111110101100000100100000111100100001001011010111010111101101001100110111000001011000101000111111111101001 D
b11101010100010011110101010000001000110110000110101101001011111011111010101111001001100100111100100111011101110010011101110101010110011111001110101101000110110011111010101111010011000001110110110011000000000011101010110011100111001001000111101000011110101110111100000000011101010111010110101101100001101101110110110110101110000111100010101000001100010111101010000100010000001111001010001011101000101110010100111110101100000100100000111100100001001011010111010111101101001100110111000001011000101000111111111101001 C
0!
1#
1"
#3423000
1!
#3424000
0!
0#
0"
#3425000
1!
#3426000
b10010111011101000110001000111111 <
b11011000011111111111111001000 ;
1:
b10010111011101000110001000111111000100000100011001001100010000101001100001011010010101111000110011010010001111101110111011010010100001010100000111110100101011111111110000001001000101110100001000000010001111110111111111111011101000111110000011110000110000010001111001101110101010010111011101100110011000011110000111000010110101010110100011000011101101110110101011010001111000011101101100001100010110110011111111100111100010100010111010111010110000100100111100001101111010111100000000011011000011111111111111001000 D
b10010111011101000110001000111111000100000100011001001100010000101001100001011010010101111000110011010010001111101110111011010010100001010100000111110100101011111111110000001001000101110100001000000010001111110111111111111011101000111110000011110000110000010001111001101110101010010111011101100110011000011110000111000010110101010110100011000011101101110110101011010001111000011101101100001100010110110011111111100111100010100010111010111010110000100100111100001101111010111100000000011011000011111111111111001000 C
0!
1#
1"
#3427000
1!
#3428000
0!
0#
0"
#3429000
1!
#3430000
b100000101001110100101000010001 <
b1010010010100001110011110011 ;
1:
b100000101001110100101000010001110000001001000010100110101101001000010101100110010110111101010001101111110010011110011111100000101101101010110111000011011101101110110011100001111000101100111110111110001101000011111010001000001010010011010010110101111111010110101110100010000011101010001001010110101010000000010010001001000110001100111101101001011110100100110010110111010011101110111011111101101010001000011111000101011110101101100101000000111100100010001110011101000011000010011000001010010010100001110011110011 D
b100000101001110100101000010001110000001001000010100110101101001000010101100110010110111101010001101111110010011110011111100000101101101010110111000011011101101110110011100001111000101100111110111110001101000011111010001000001010010011010010110101111111010110101110100010000011101010001001010110101010000000010010001001000110001100111101101001011110100100110010110111010011101110111011111101101010001000011111000101011110101101100101000000111100100010001110011101000011000010011000001010010010100001110011110011 C
0!
1#
1"
#3431000
1!
#3432000
0!
0#
0"
#3433000
1!
#3434000
0=
b11111110100101001010011011001011 <
b11111011011110010010001011100001 ;
1:
b11111110100101001010011011001011011100101101101101001100100000011011101101000011000110111010101111011000111100001101000100111000000011001100100011011000110111110110101011100110100010101000000111000011000011010110100011000000000110100000000110001100010101101000011110111010100110011100000101111110110001011010111110000001100001110110010000100010000111100011100110001000011111111000111101110101111001101110011111010101011001101111100001101001100000011111111100101010010100010111010111111011011110010010001011100001 D
b11111110100101001010011011001011011100101101101101001100100000011011101101000011000110111010101111011000111100001101000100111000000011001100100011011000110111110110101011100110100010101000000111000011000011010110100011000000000110100000000110001100010101101000011110111010100110011100000101111110110001011010111110000001100001110110010000100010000111100011100110001000011111111000111101110101111001101110011111010101011001101111100001101001100000011111111100101010010100010111010111111011011110010010001011100001 C
0!
1#
1"
#3435000
1!
#3436000
0!
0#
0"
#3437000
1!
#3438000
0!
1#
1"
#3439000
1!
#3440000
0!
0#
0"
#3441000
1!
#3442000
0!
1#
1"
#3443000
1!
#3444000
0!
0#
0"
#3445000
1!
#3446000
0!
1#
1"
#3447000
1!
#3448000
0!
0#
0"
#3449000
1!
#3450000
0!
1#
1"
#3451000
1!
#3452000
0!
0#
0"
#3453000
1!
#3454000
0!
1#
1"
#3455000
1!
#3456000
0!
0#
0"
#3457000
1!
#3458000
0!
1#
1"
#3459000
1!
#3460000
0!
0#
0"
#3461000
1!
#3462000
0!
1#
1"
#3463000
1!
#3464000
0!
0#
0"
#3465000
1!
#3466000
0!
1#
1"
#3467000
1!
#3468000
0!
0#
0"
#3469000
1!
#3470000
0!
1#
1"
#3471000
1!
#3472000
0!
0#
0"
#3473000
1!
#3474000
0!
1#
1"
#3475000
1!
#3476000
0!
0#
0"
#3477000
1!
#3478000
0!
1#
1"
#3479000
1!
#3480000
0!
0#
0"
#3481000
1!
#3482000
0!
1#
1"
#3483000
1!
#3484000
0!
0#
0"
#3485000
1!
#3486000
0!
1#
1"
#3487000
1!
#3488000
0!
0#
0"
#3489000
1!
#3490000
0!
1#
1"
#3491000
1!
#3492000
0!
0#
0"
#3493000
1!
#3494000
0!
1#
1"
#3495000
1!
#3496000
0!
0#
0"
#3497000
1!
#3498000
0!
1#
1"
#3499000
1!
#3500000
0!
0#
0"
#3501000
1!
#3502000
0!
1#
1"
#3503000
1!
#3504000
0!
0#
0"
#3505000
1!
#3506000
0!
1#
1"
#3507000
1!
#3508000
0!
0#
0"
#3509000
1!
#3510000
0!
1#
1"
#3511000
1!
#3512000
0!
0#
0"
#3513000
1!
#3514000
0!
1#
1"
#3515000
1!
#3516000
0!
0#
0"
#3517000
1!
#3518000
0!
1#
1"
#3519000
1!
#3520000
0!
0#
0"
#3521000
1!
#3522000
0!
1#
1"
#3523000
1!
#3524000
0!
0#
0"
#3525000
1!
#3526000
0!
1#
1"
#3527000
1!
#3528000
0!
0#
0"
#3529000
1!
#3530000
0!
1#
1"
#3531000
1!
#3532000
0!
0#
0"
#3533000
1!
#3534000
0!
1#
1"
#3535000
1!
#3536000
0!
0#
0"
#3537000
1!
#3538000
0!
1#
1"
#3539000
1!
#3540000
0!
0#
0"
#3541000
1!
#3542000
0!
1#
1"
#3543000
1!
#3544000
0!
0#
0"
#3545000
1!
#3546000
0!
1#
1"
#3547000
1!
#3548000
0!
0#
0"
#3549000
1!
#3550000
0!
1#
1"
#3551000
1!
#3552000
0!
0#
0"
#3553000
1!
#3554000
0!
1#
1"
#3555000
1!
#3556000
0!
0#
0"
#3557000
1!
#3558000
0!
1#
1"
#3559000
1!
#3560000
0!
0#
0"
#3561000
1!
#3562000
0!
1#
1"
#3563000
1!
#3564000
0!
0#
0"
#3565000
1!
#3566000
0!
1#
1"
#3567000
1!
#3568000
0!
0#
0"
#3569000
1!
#3570000
0!
1#
1"
#3571000
1!
#3572000
0!
0#
0"
#3573000
1!
#3574000
0!
1#
1"
#3575000
1!
#3576000
0!
0#
0"
#3577000
1!
#3578000
0!
1#
1"
#3579000
1!
#3580000
0!
0#
0"
#3581000
1!
#3582000
0!
1#
1"
#3583000
1!
#3584000
0!
0#
0"
#3585000
1!
#3586000
0!
1#
1"
#3587000
1!
#3588000
0!
0#
0"
#3589000
1!
#3590000
0!
1#
1"
#3591000
1!
#3592000
0!
0#
0"
#3593000
1!
#3594000
0!
1#
1"
#3595000
1!
#3596000
0!
0#
0"
#3597000
1!
#3598000
0!
1#
1"
#3599000
1!
#3600000
0!
0#
0"
#3601000
1!
#3602000
0!
1#
1"
#3603000
1!
#3604000
0!
0#
0"
#3605000
1!
#3606000
0!
1#
1"
#3607000
1!
#3608000
0!
0#
0"
#3609000
1!
#3610000
0!
1#
1"
#3611000
1!
#3612000
0!
0#
0"
#3613000
1!
#3614000
0!
1#
1"
#3615000
1!
#3616000
0!
0#
0"
#3617000
1!
#3618000
0!
1#
1"
#3619000
1!
#3620000
0!
0#
0"
#3621000
1!
#3622000
0!
1#
1"
#3623000
1!
#3624000
0!
0#
0"
#3625000
1!
#3626000
0!
1#
1"
#3627000
1!
#3628000
0!
0#
0"
#3629000
1!
#3630000
0!
1#
1"
#3631000
1!
#3632000
0!
0#
0"
#3633000
1!
#3634000
0!
1#
1"
#3635000
1!
#3636000
0!
0#
0"
#3637000
1!
#3638000
0!
1#
1"
#3639000
1!
#3640000
0!
0#
0"
#3641000
1!
#3642000
0!
1#
1"
#3643000
1!
#3644000
0!
0#
0"
#3645000
1!
#3646000
0!
1#
1"
#3647000
1!
#3648000
0!
0#
0"
#3649000
1!
#3650000
0!
1#
1"
#3651000
1!
#3652000
0!
0#
0"
#3653000
1!
#3654000
0!
1#
1"
#3655000
1!
#3656000
0!
0#
0"
#3657000
1!
#3658000
0!
1#
1"
#3659000
1!
#3660000
0!
0#
0"
#3661000
1!
#3662000
0!
1#
1"
#3663000
1>
1!
#3664000
0!
0#
0"
#3665000
1!
#3666000
0!
1#
1"
#3667000
1!
#3668000
0!
0#
0"
#3669000
1!
#3670000
0!
1#
1"
#3671000
0>
1!
#3672000
0!
0#
0"
#3673000
1!
#3674000
1=
0!
1#
1"
#3675000
1!
#3676000
0!
0#
0"
#3677000
1!
#3678000
b100111011100000011000111000000 <
b11100111100110110010010011101000 ;
1:
b100111011100000011000111000000111001110101100101001011100100100010001110001011011111111011101011000000111110001011000000000001010110010001110001100111100011100100101010011011110000101000000100111110011101101011011111000010111110101011101001010111010011110001100001000110000110101110011110110001101110000000111100011011101011010111010110011011100001101101110111011001110000111010011001100110001010100100110010101001000111000111101010000110000010001011000010001000010100111111111011100111100110110010010011101000 D
b100111011100000011000111000000111001110101100101001011100100100010001110001011011111111011101011000000111110001011000000000001010110010001110001100111100011100100101010011011110000101000000100111110011101101011011111000010111110101011101001010111010011110001100001000110000110101110011110110001101110000000111100011011101011010111010110011011100001101101110111011001110000111010011001100110001010100100110010101001000111000111101010000110000010001011000010001000010100111111111011100111100110110010010011101000 C
0!
1#
1"
#3679000
1!
#3680000
0!
0#
0"
#3681000
1!
#3682000
b10100011111000110110110000100110 <
b11110001100011101000110110001111 ;
1:
b10100011111000110110110000100110111100010101001011011011001110110111111001000100010101000101111001111011011100110010010111011000111001101011000000111100001011000000000001111011100001000010000111111000110011100011001001100010100010000010010111101010010000100000000101001010110001000010001110001001110001100111010010110110001111010000000101100111010000000000001011011000010000100001010101000100000110011001010000101001011110001110111100101011101011001011101110001011000000010111110011110001100011101000110110001111 D
b10100011111000110110110000100110111100010101001011011011001110110111111001000100010101000101111001111011011100110010010111011000111001101011000000111100001011000000000001111011100001000010000111111000110011100011001001100010100010000010010111101010010000100000000101001010110001000010001110001001110001100111010010110110001111010000000101100111010000000000001011011000010000100001010101000100000110011001010000101001011110001110111100101011101011001011101110001011000000010111110011110001100011101000110110001111 C
0!
1#
1"
#3683000
1!
#3684000
0!
0#
0"
#3685000
1!
#3686000
b1010111010110001011010100000110 <
b100100100100110001110010101100 ;
1:
b1010111010110001011010100000110100001010100000000001101011000011000110001111001000010110100001011100101001111110111111000111011000111011101010011001110010010011110011010101001110111010010010001110000001110111001010001000010011001000000100011000010110111100111001000011110100010001010000100110100101101001110010101000011011100100101100001000100110000101010010110100100101000000100100100111000100100101111001111101110010101110101110100110101000001101000111000011010110110111100001000100100100100110001110010101100 D
b1010111010110001011010100000110100001010100000000001101011000011000110001111001000010110100001011100101001111110111111000111011000111011101010011001110010010011110011010101001110111010010010001110000001110111001010001000010011001000000100011000010110111100111001000011110100010001010000100110100101101001110010101000011011100100101100001000100110000101010010110100100101000000100100100111000100100101111001111101110010101110101110100110101000001101000111000011010110110111100001000100100100100110001110010101100 C
0!
1#
1"
#3687000
1!
#3688000
0!
0#
0"
#3689000
1!
#3690000
b11010100100010101111110001001011 <
b110101110101001010101100110010 ;
1:
b11010100100010101111110001001011010011111000010010110011000001110011000011100001000001100101001101011000110010101111000100111000111010100011100111011101001111011001111101000000011110001111100101001010101001001101010000110100111011101101111010011101001101001100101111010011011011001111000000100111111001101101011011111000000011011100001111101111011000001000001111000000110001110011111011110101011000000100110110000110111101110010001000011101000001100111011110000110001111010000011100110101110101001010101100110010 D
b11010100100010101111110001001011010011111000010010110011000001110011000011100001000001100101001101011000110010101111000100111000111010100011100111011101001111011001111101000000011110001111100101001010101001001101010000110100111011101101111010011101001101001100101111010011011011001111000000100111111001101101011011111000000011011100001111101111011000001000001111000000110001110011111011110101011000000100110110000110111101110010001000011101000001100111011110000110001111010000011100110101110101001010101100110010 C
0!
1#
1"
#3691000
1!
#3692000
0!
0#
0"
#3693000
1!
#3694000
0=
b11111011011110111010111010000010 <
b1000101011001010110010110100111 ;
1:
b11111011011110111010111010000010111000000101111111111010000100000011111000000100000000000111111111110111101111010001011101010101001001000111011100111011100101000100110000010111100101000011100111100000001010010011101000010000110101001101001010110100000010011001010011111101111001000000100110110110011110111100110100000100110100010001001010011101010010000110011000001010110001101111101101001011111100010111000100011111000110100011001110100011001011010000111100111111101001110010011101000101011001010110010110100111 D
b11111011011110111010111010000010111000000101111111111010000100000011111000000100000000000111111111110111101111010001011101010101001001000111011100111011100101000100110000010111100101000011100111100000001010010011101000010000110101001101001010110100000010011001010011111101111001000000100110110110011110111100110100000100110100010001001010011101010010000110011000001010110001101111101101001011111100010111000100011111000110100011001110100011001011010000111100111111101001110010011101000101011001010110010110100111 C
0!
1#
1"
#3695000
1!
#3696000
0!
0#
0"
#3697000
1!
#3698000
0!
1#
1"
#3699000
1!
#3700000
0!
0#
0"
#3701000
1!
#3702000
0!
1#
1"
#3703000
1!
#3704000
0!
0#
0"
#3705000
1!
#3706000
0!
1#
1"
#3707000
1!
#3708000
0!
0#
0"
#3709000
1!
#3710000
0!
1#
1"
#3711000
1!
#3712000
0!
0#
0"
#3713000
1!
#3714000
0!
1#
1"
#3715000
1!
#3716000
0!
0#
0"
#3717000
1!
#3718000
0!
1#
1"
#3719000
1!
#3720000
0!
0#
0"
#3721000
1!
#3722000
0!
1#
1"
#3723000
1!
#3724000
0!
0#
0"
#3725000
1!
#3726000
0!
1#
1"
#3727000
1!
#3728000
0!
0#
0"
#3729000
1!
#3730000
0!
1#
1"
#3731000
1!
#3732000
0!
0#
0"
#3733000
1!
#3734000
0!
1#
1"
#3735000
1!
#3736000
0!
0#
0"
#3737000
1!
#3738000
0!
1#
1"
#3739000
1!
#3740000
0!
0#
0"
#3741000
1!
#3742000
0!
1#
1"
#3743000
1!
#3744000
0!
0#
0"
#3745000
1!
#3746000
0!
1#
1"
#3747000
1!
#3748000
0!
0#
0"
#3749000
1!
#3750000
0!
1#
1"
#3751000
1!
#3752000
0!
0#
0"
#3753000
1!
#3754000
0!
1#
1"
#3755000
1!
#3756000
0!
0#
0"
#3757000
1!
#3758000
0!
1#
1"
#3759000
1!
#3760000
0!
0#
0"
#3761000
1!
#3762000
0!
1#
1"
#3763000
1!
#3764000
0!
0#
0"
#3765000
1!
#3766000
0!
1#
1"
#3767000
1!
#3768000
0!
0#
0"
#3769000
1!
#3770000
0!
1#
1"
#3771000
1!
#3772000
0!
0#
0"
#3773000
1!
#3774000
0!
1#
1"
#3775000
1!
#3776000
0!
0#
0"
#3777000
1!
#3778000
0!
1#
1"
#3779000
1!
#3780000
0!
0#
0"
#3781000
1!
#3782000
0!
1#
1"
#3783000
1!
#3784000
0!
0#
0"
#3785000
1!
#3786000
0!
1#
1"
#3787000
1!
#3788000
0!
0#
0"
#3789000
1!
#3790000
0!
1#
1"
#3791000
1!
#3792000
0!
0#
0"
#3793000
1!
#3794000
0!
1#
1"
#3795000
1!
#3796000
0!
0#
0"
#3797000
1!
#3798000
0!
1#
1"
#3799000
1!
#3800000
0!
0#
0"
#3801000
1!
#3802000
0!
1#
1"
#3803000
1!
#3804000
0!
0#
0"
#3805000
1!
#3806000
0!
1#
1"
#3807000
1!
#3808000
0!
0#
0"
#3809000
1!
#3810000
0!
1#
1"
#3811000
1!
#3812000
0!
0#
0"
#3813000
1!
#3814000
0!
1#
1"
#3815000
1!
#3816000
0!
0#
0"
#3817000
1!
#3818000
0!
1#
1"
#3819000
1!
#3820000
0!
0#
0"
#3821000
1!
#3822000
0!
1#
1"
#3823000
1!
#3824000
0!
0#
0"
#3825000
1!
#3826000
0!
1#
1"
#3827000
1!
#3828000
0!
0#
0"
#3829000
1!
#3830000
0!
1#
1"
#3831000
1!
#3832000
0!
0#
0"
#3833000
1!
#3834000
0!
1#
1"
#3835000
1!
#3836000
0!
0#
0"
#3837000
1!
#3838000
0!
1#
1"
#3839000
1!
#3840000
0!
0#
0"
#3841000
1!
#3842000
0!
1#
1"
#3843000
1!
#3844000
0!
0#
0"
#3845000
1!
#3846000
0!
1#
1"
#3847000
1!
#3848000
0!
0#
0"
#3849000
1!
#3850000
0!
1#
1"
#3851000
1!
#3852000
0!
0#
0"
#3853000
1!
#3854000
0!
1#
1"
#3855000
1!
#3856000
0!
0#
0"
#3857000
1!
#3858000
0!
1#
1"
#3859000
1!
#3860000
0!
0#
0"
#3861000
1!
#3862000
0!
1#
1"
#3863000
1!
#3864000
0!
0#
0"
#3865000
1!
#3866000
0!
1#
1"
#3867000
1!
#3868000
0!
0#
0"
#3869000
1!
#3870000
0!
1#
1"
#3871000
1!
#3872000
0!
0#
0"
#3873000
1!
#3874000
0!
1#
1"
#3875000
1!
#3876000
0!
0#
0"
#3877000
1!
#3878000
0!
1#
1"
#3879000
1!
#3880000
0!
0#
0"
#3881000
1!
#3882000
0!
1#
1"
#3883000
1!
#3884000
0!
0#
0"
#3885000
1!
#3886000
0!
1#
1"
#3887000
1!
#3888000
0!
0#
0"
#3889000
1!
#3890000
0!
1#
1"
#3891000
1!
#3892000
0!
0#
0"
#3893000
1!
#3894000
0!
1#
1"
#3895000
1!
#3896000
0!
0#
0"
#3897000
1!
#3898000
0!
1#
1"
#3899000
1!
#3900000
0!
0#
0"
#3901000
1!
#3902000
0!
1#
1"
#3903000
1!
#3904000
0!
0#
0"
#3905000
1!
#3906000
0!
1#
1"
#3907000
1!
#3908000
0!
0#
0"
#3909000
1!
#3910000
0!
1#
1"
#3911000
1!
#3912000
0!
0#
0"
#3913000
1!
#3914000
0!
1#
1"
#3915000
1!
#3916000
0!
0#
0"
#3917000
1!
#3918000
0!
1#
1"
#3919000
1!
#3920000
0!
0#
0"
#3921000
1!
#3922000
0!
1#
1"
#3923000
1>
1!
#3924000
0!
0#
0"
#3925000
1!
#3926000
0!
1#
1"
#3927000
1!
#3928000
0!
0#
0"
#3929000
1!
#3930000
0!
1#
1"
#3931000
0>
1!
#3932000
0!
0#
0"
#3933000
1!
#3934000
1=
0!
1#
1"
#3935000
1!
#3936000
0!
0#
0"
#3937000
1!
#3938000
b10111110101111001110010001011111 <
b11100011010100001101011101111101 ;
1:
b10111110101111001110010001011111100001011110011110000011000100110101010110101011011111010100000101011100000110100101000000111001000000100111010001100101001011011000010011101101001100101001110100110011111110101110110100001111100010011001011010101010010000011110000011011000101001001110011010000101011000101101101111010100011001101000001110110101011001100011011011011100001011010000010101011100000100000010010110010100100001000110100001101010010110100000000011010010001001010010100011100011010100001101011101111101 D
b10111110101111001110010001011111100001011110011110000011000100110101010110101011011111010100000101011100000110100101000000111001000000100111010001100101001011011000010011101101001100101001110100110011111110101110110100001111100010011001011010101010010000011110000011011000101001001110011010000101011000101101101111010100011001101000001110110101011001100011011011011100001011010000010101011100000100000010010110010100100001000110100001101010010110100000000011010010001001010010100011100011010100001101011101111101 C
0!
1#
1"
#3939000
1!
#3940000
0!
0#
0"
#3941000
1!
#3942000
b11110111000010100010111010011010 <
b11001000011001110111100001010010 ;
1:
b11110111000010100010111010011010110000100100111101001111111110110100010010111010001001111011010011010010110110011010010010000001111110000001111001111110000000000011110100010100101001010101000010101100001010111111111010101101001111100000110100110011111000110111000010000000000001101101011110111101111000101011101010101110101100001111001011001011001110000010010010110011111011110011000001111111100101000101011001001101010000101011100101010000000001010101100001100011000100100010000111001000011001110111100001010010 D
b11110111000010100010111010011010110000100100111101001111111110110100010010111010001001111011010011010010110110011010010010000001111110000001111001111110000000000011110100010100101001010101000010101100001010111111111010101101001111100000110100110011111000110111000010000000000001101101011110111101111000101011101010101110101100001111001011001011001110000010010010110011111011110011000001111111100101000101011001001101010000101011100101010000000001010101100001100011000100100010000111001000011001110111100001010010 C
0!
1#
1"
#3943000
1!
#3944000
0!
0#
0"
#3945000
1!
#3946000
b11010101110111100111100001101000 <
b11101100110101100011010001111010 ;
1:
b11010101110111100111100001101000111110110010100110011101000111101010011000001010011011100011110111111011000001000101100100111111001011101010110000010110111010100000100001101110101000010001100000011101101011110100101001101000000111100110011111101111010001101010100001100111010011110010100110000010100010100000001100011101111110111101100011111100000101110000100110110101100000100000001101010011000101010010000110101011011100011100110100111111000110110100000001111101110110000100001011101100110101100011010001111010 D
b11010101110111100111100001101000111110110010100110011101000111101010011000001010011011100011110111111011000001000101100100111111001011101010110000010110111010100000100001101110101000010001100000011101101011110100101001101000000111100110011111101111010001101010100001100111010011110010100110000010100010100000001100011101111110111101100011111100000101110000100110110101100000100000001101010011000101010010000110101011011100011100110100111111000110110100000001111101110110000100001011101100110101100011010001111010 C
0!
1#
1"
#3947000
1!
#3948000
0!
0#
0"
#3949000
1!
#3950000
b1100110110011101111000101000111 <
b1111001001110001100011011000100 ;
1:
b1100110110011101111000101000111101000001110010110100010010100110101000111001010111100010010101011000011111111011011100001000101000011101111011110100111001001001100100100000110011110100100000000001100100100000000000000011001111011110111101111101100101110110101001011010010010110100111011000010100000101000100111001011010111111110110011110001001101100110101010110111110100100100011101000111010111010110000110000010101011111011111011110010110010010011010001000111101011110001000000001111001001110001100011011000100 D
b1100110110011101111000101000111101000001110010110100010010100110101000111001010111100010010101011000011111111011011100001000101000011101111011110100111001001001100100100000110011110100100000000001100100100000000000000011001111011110111101111101100101110110101001011010010010110100111011000010100000101000100111001011010111111110110011110001001101100110101010110111110100100100011101000111010111010110000110000010101011111011111011110010110010010011010001000111101011110001000000001111001001110001100011011000100 C
0!
1#
1"
#3951000
1!
#3952000
0!
0#
0"
#3953000
1!
#3954000
0=
b10100010000101100110101000010100 <
b1101101101101011001111000101010 ;
1:
b10100010000101100110101000010100100010001001000010101100011100101011010011111111000111011000010111010000101111101111110001000011111001110010100001011001000001100110001110101111011101110111110010111011001101110100001101101101000001101011001101000000000011010000000010001001011100111001110111111101000011110100000111110101101100110001101100110010111100011011101110111000001000100110010001000101101101110100000010001111000101100011000010011010111110111011110011010011011011000001100101101101101101011001111000101010 D
b10100010000101100110101000010100100010001001000010101100011100101011010011111111000111011000010111010000101111101111110001000011111001110010100001011001000001100110001110101111011101110111110010111011001101110100001101101101000001101011001101000000000011010000000010001001011100111001110111111101000011110100000111110101101100110001101100110010111100011011101110111000001000100110010001000101101101110100000010001111000101100011000010011010111110111011110011010011011011000001100101101101101101011001111000101010 C
0!
1#
1"
#3955000
1!
#3956000
0!
0#
0"
#3957000
1!
#3958000
0!
1#
1"
#3959000
1!
#3960000
0!
0#
0"
#3961000
1!
#3962000
0!
1#
1"
#3963000
1!
#3964000
0!
0#
0"
#3965000
1!
#3966000
0!
1#
1"
#3967000
1!
#3968000
0!
0#
0"
#3969000
1!
#3970000
0!
1#
1"
#3971000
1!
#3972000
0!
0#
0"
#3973000
1!
#3974000
0!
1#
1"
#3975000
1!
#3976000
0!
0#
0"
#3977000
1!
#3978000
0!
1#
1"
#3979000
1!
#3980000
0!
0#
0"
#3981000
1!
#3982000
0!
1#
1"
#3983000
1!
#3984000
0!
0#
0"
#3985000
1!
#3986000
0!
1#
1"
#3987000
1!
#3988000
0!
0#
0"
#3989000
1!
#3990000
0!
1#
1"
#3991000
1!
#3992000
0!
0#
0"
#3993000
1!
#3994000
0!
1#
1"
#3995000
1!
#3996000
0!
0#
0"
#3997000
1!
#3998000
0!
1#
1"
#3999000
1!
#4000000
0!
0#
0"
#4001000
1!
#4002000
0!
1#
1"
#4003000
1!
#4004000
0!
0#
0"
#4005000
1!
#4006000
0!
1#
1"
#4007000
1!
#4008000
0!
0#
0"
#4009000
1!
#4010000
0!
1#
1"
#4011000
1!
#4012000
0!
0#
0"
#4013000
1!
#4014000
0!
1#
1"
#4015000
1!
#4016000
0!
0#
0"
#4017000
1!
#4018000
0!
1#
1"
#4019000
1!
#4020000
0!
0#
0"
#4021000
1!
#4022000
0!
1#
1"
#4023000
1!
#4024000
0!
0#
0"
#4025000
1!
#4026000
0!
1#
1"
#4027000
1!
#4028000
0!
0#
0"
#4029000
1!
#4030000
0!
1#
1"
#4031000
1!
#4032000
0!
0#
0"
#4033000
1!
#4034000
0!
1#
1"
#4035000
1!
#4036000
0!
0#
0"
#4037000
1!
#4038000
0!
1#
1"
#4039000
1!
#4040000
0!
0#
0"
#4041000
1!
#4042000
0!
1#
1"
#4043000
1!
#4044000
0!
0#
0"
#4045000
1!
#4046000
0!
1#
1"
#4047000
1!
#4048000
0!
0#
0"
#4049000
1!
#4050000
0!
1#
1"
#4051000
1!
#4052000
0!
0#
0"
#4053000
1!
#4054000
0!
1#
1"
#4055000
1!
#4056000
0!
0#
0"
#4057000
1!
#4058000
0!
1#
1"
#4059000
1!
#4060000
0!
0#
0"
#4061000
1!
#4062000
0!
1#
1"
#4063000
1!
#4064000
0!
0#
0"
#4065000
1!
#4066000
0!
1#
1"
#4067000
1!
#4068000
0!
0#
0"
#4069000
1!
#4070000
0!
1#
1"
#4071000
1!
#4072000
0!
0#
0"
#4073000
1!
#4074000
0!
1#
1"
#4075000
1!
#4076000
0!
0#
0"
#4077000
1!
#4078000
0!
1#
1"
#4079000
1!
#4080000
0!
0#
0"
#4081000
1!
#4082000
0!
1#
1"
#4083000
1!
#4084000
0!
0#
0"
#4085000
1!
#4086000
0!
1#
1"
#4087000
1!
#4088000
0!
0#
0"
#4089000
1!
#4090000
0!
1#
1"
#4091000
1!
#4092000
0!
0#
0"
#4093000
1!
#4094000
0!
1#
1"
#4095000
1!
#4096000
0!
0#
0"
#4097000
1!
#4098000
0!
1#
1"
#4099000
1!
#4100000
0!
0#
0"
#4101000
1!
#4102000
0!
1#
1"
#4103000
1!
#4104000
0!
0#
0"
#4105000
1!
#4106000
0!
1#
1"
#4107000
1!
#4108000
0!
0#
0"
#4109000
1!
#4110000
0!
1#
1"
#4111000
1!
#4112000
0!
0#
0"
#4113000
1!
#4114000
0!
1#
1"
#4115000
1!
#4116000
0!
0#
0"
#4117000
1!
#4118000
0!
1#
1"
#4119000
1!
#4120000
0!
0#
0"
#4121000
1!
#4122000
0!
1#
1"
#4123000
1!
#4124000
0!
0#
0"
#4125000
1!
#4126000
0!
1#
1"
#4127000
1!
#4128000
0!
0#
0"
#4129000
1!
#4130000
0!
1#
1"
#4131000
1!
#4132000
0!
0#
0"
#4133000
1!
#4134000
0!
1#
1"
#4135000
1!
#4136000
0!
0#
0"
#4137000
1!
#4138000
0!
1#
1"
#4139000
1!
#4140000
0!
0#
0"
#4141000
1!
#4142000
0!
1#
1"
#4143000
1!
#4144000
0!
0#
0"
#4145000
1!
#4146000
0!
1#
1"
#4147000
1!
#4148000
0!
0#
0"
#4149000
1!
#4150000
0!
1#
1"
#4151000
1!
#4152000
0!
0#
0"
#4153000
1!
#4154000
0!
1#
1"
#4155000
1!
#4156000
0!
0#
0"
#4157000
1!
#4158000
0!
1#
1"
#4159000
1!
#4160000
0!
0#
0"
#4161000
1!
#4162000
0!
1#
1"
#4163000
1!
#4164000
0!
0#
0"
#4165000
1!
#4166000
0!
1#
1"
#4167000
1!
#4168000
0!
0#
0"
#4169000
1!
#4170000
0!
1#
1"
#4171000
1!
#4172000
0!
0#
0"
#4173000
1!
#4174000
0!
1#
1"
#4175000
1!
#4176000
0!
0#
0"
#4177000
1!
#4178000
0!
1#
1"
#4179000
1!
#4180000
0!
0#
0"
#4181000
1!
#4182000
0!
1#
1"
#4183000
1!
#4184000
0!
0#
0"
#4185000
1!
#4186000
0!
1#
1"
#4187000
1!
#4188000
0!
0#
0"
#4189000
1!
#4190000
0!
1#
1"
#4191000
1!
#4192000
0!
0#
0"
#4193000
1!
#4194000
0!
1#
1"
#4195000
1!
#4196000
0!
0#
0"
#4197000
1!
#4198000
0!
1#
1"
#4199000
1!
#4200000
0!
0#
0"
#4201000
1!
#4202000
0!
1#
1"
#4203000
1!
#4204000
0!
0#
0"
#4205000
1!
#4206000
0!
1#
1"
#4207000
1!
#4208000
0!
0#
0"
#4209000
1!
#4210000
0!
1#
1"
#4211000
1!
#4212000
0!
0#
0"
#4213000
1!
#4214000
0!
1#
1"
#4215000
1!
#4216000
0!
0#
0"
#4217000
1!
#4218000
0!
1#
1"
#4219000
1!
#4220000
0!
0#
0"
#4221000
1!
#4222000
0!
1#
1"
#4223000
1!
#4224000
0!
0#
0"
#4225000
1!
#4226000
0!
1#
1"
#4227000
1!
#4228000
0!
0#
0"
#4229000
1!
#4230000
0!
1#
1"
#4231000
1!
#4232000
0!
0#
0"
#4233000
1!
#4234000
0!
1#
1"
#4235000
1!
#4236000
0!
0#
0"
#4237000
1!
#4238000
0!
1#
1"
#4239000
1!
#4240000
0!
0#
0"
#4241000
1!
#4242000
0!
1#
1"
#4243000
1!
#4244000
0!
0#
0"
#4245000
1!
#4246000
0!
1#
1"
#4247000
1!
#4248000
0!
0#
0"
#4249000
1!
#4250000
0!
1#
1"
#4251000
1!
#4252000
0!
0#
0"
#4253000
1!
#4254000
0!
1#
1"
#4255000
1!
#4256000
0!
0#
0"
#4257000
1!
#4258000
0!
1#
1"
#4259000
1!
#4260000
0!
0#
0"
#4261000
1!
#4262000
0!
1#
1"
#4263000
1!
#4264000
0!
0#
0"
#4265000
1!
#4266000
0!
1#
1"
#4267000
1!
#4268000
0!
0#
0"
#4269000
1!
#4270000
0!
1#
1"
#4271000
1!
#4272000
0!
0#
0"
#4273000
1!
#4274000
0!
1#
1"
#4275000
1!
#4276000
0!
0#
0"
#4277000
1!
#4278000
0!
1#
1"
#4279000
1!
#4280000
0!
0#
0"
#4281000
1!
#4282000
0!
1#
1"
#4283000
1!
#4284000
0!
0#
0"
#4285000
1!
#4286000
0!
1#
1"
#4287000
1!
#4288000
0!
0#
0"
#4289000
1!
#4290000
0!
1#
1"
#4291000
1!
#4292000
0!
0#
0"
#4293000
1!
#4294000
0!
1#
1"
#4295000
1!
#4296000
0!
0#
0"
#4297000
1!
#4298000
0!
1#
1"
#4299000
1!
#4300000
0!
0#
0"
#4301000
1!
#4302000
0!
1#
1"
#4303000
1!
#4304000
0!
0#
0"
#4305000
1!
#4306000
0!
1#
1"
#4307000
1!
#4308000
0!
0#
0"
#4309000
1!
#4310000
0!
1#
1"
#4311000
1!
#4312000
0!
0#
0"
#4313000
1!
#4314000
0!
1#
1"
#4315000
1!
#4316000
0!
0#
0"
#4317000
1!
#4318000
0!
1#
1"
#4319000
1!
#4320000
0!
0#
0"
#4321000
1!
#4322000
0!
1#
1"
#4323000
1!
#4324000
0!
0#
0"
#4325000
1!
#4326000
0!
1#
1"
#4327000
1!
#4328000
0!
0#
0"
#4329000
1!
#4330000
0!
1#
1"
#4331000
1!
#4332000
0!
0#
0"
#4333000
1!
#4334000
0!
1#
1"
#4335000
1!
#4336000
0!
0#
0"
#4337000
1!
#4338000
0!
1#
1"
#4339000
1!
#4340000
0!
0#
0"
#4341000
1!
#4342000
0!
1#
1"
#4343000
1!
#4344000
0!
0#
0"
#4345000
1!
#4346000
0!
1#
1"
#4347000
1!
#4348000
0!
0#
0"
#4349000
1!
#4350000
0!
1#
1"
#4351000
1!
#4352000
0!
0#
0"
#4353000
1!
#4354000
0!
1#
1"
#4355000
1!
#4356000
0!
0#
0"
#4357000
1!
#4358000
0!
1#
1"
#4359000
1!
#4360000
0!
0#
0"
#4361000
1!
#4362000
0!
1#
1"
#4363000
1!
#4364000
0!
0#
0"
#4365000
1!
#4366000
0!
1#
1"
#4367000
1!
#4368000
0!
0#
0"
#4369000
1!
#4370000
0!
1#
1"
#4371000
1!
#4372000
0!
0#
0"
#4373000
1!
#4374000
0!
1#
1"
#4375000
1!
#4376000
0!
0#
0"
#4377000
1!
#4378000
0!
1#
1"
#4379000
1!
#4380000
0!
0#
0"
#4381000
1!
#4382000
0!
1#
1"
#4383000
1!
#4384000
0!
0#
0"
#4385000
1!
#4386000
0!
1#
1"
#4387000
1!
#4388000
0!
0#
0"
#4389000
1!
#4390000
0!
1#
1"
#4391000
1!
#4392000
0!
0#
0"
#4393000
1!
#4394000
0!
1#
1"
#4395000
1!
#4396000
0!
0#
0"
#4397000
1!
#4398000
0!
1#
1"
#4399000
1!
#4400000
0!
0#
0"
#4401000
1!
#4402000
0!
1#
1"
#4403000
1!
#4404000
0!
0#
0"
#4405000
1!
#4406000
0!
1#
1"
#4407000
1!
#4408000
0!
0#
0"
#4409000
1!
#4410000
0!
1#
1"
#4411000
1!
#4412000
0!
0#
0"
#4413000
1!
#4414000
0!
1#
1"
#4415000
1!
#4416000
0!
0#
0"
#4417000
1!
#4418000
0!
1#
1"
#4419000
1!
#4420000
0!
0#
0"
#4421000
1!
#4422000
0!
1#
1"
#4423000
1!
#4424000
0!
0#
0"
#4425000
1!
#4426000
0!
1#
1"
#4427000
1!
#4428000
0!
0#
0"
#4429000
1!
#4430000
0!
1#
1"
#4431000
1>
1!
#4432000
0!
0#
0"
#4433000
1!
#4434000
0!
1#
1"
#4435000
1!
#4436000
0!
0#
0"
#4437000
1!
#4438000
0!
1#
1"
#4439000
0>
1!
#4440000
0!
0#
0"
#4441000
1!
#4442000
1=
0!
1#
1"
#4443000
1!
#4444000
0!
0#
0"
#4445000
1!
#4446000
b11000101000000111011110001101 <
b10001011010101111100110101111101 ;
1:
b11000101000000111011110001101001010011010001000001010000000110101111011100011000111100100111110111011111000111000001101101100001001011011110101010100111011000001101001111010000010000111011101001110011000111111000100010100011001001100010000001000100011011000011000101110111001100011110110110000010011100000101100111001010101101010001101101001111000100101010001110000010001101001110010111011001100111100010101011100100000111001011000001001010011010100011000100011100001101011100110001011010101111100110101111101 D
b11000101000000111011110001101001010011010001000001010000000110101111011100011000111100100111110111011111000111000001101101100001001011011110101010100111011000001101001111010000010000111011101001110011000111111000100010100011001001100010000001000100011011000011000101110111001100011110110110000010011100000101100111001010101101010001101101001111000100101010001110000010001101001110010111011001100111100010101011100100000111001011000001001010011010100011000100011100001101011100110001011010101111100110101111101 C
0!
1#
1"
#4447000
1!
#4448000
0!
0#
0"
#4449000
1!
#4450000
b1110100110100111100101010111100 <
b1000010011010110111010100101101 ;
1:
b1110100110100111100101010111100010001011011100010111101011000000111001011101101101011011000100110010111111001000011001010111010001000111010001001111001100010110001110000010011100010100110101101111100111100110100110010011101000011101110111001001000010111111101111101101011000100110010011111101001011011010010011011100101111101011110001011011101000000111101101101100001000011111100100010001000000110101010000000010000101100001100011000010001111011101111101111111100001111000001011101000010011010110111010100101101 D
b1110100110100111100101010111100010001011011100010111101011000000111001011101101101011011000100110010111111001000011001010111010001000111010001001111001100010110001110000010011100010100110101101111100111100110100110010011101000011101110111001001000010111111101111101101011000100110010011111101001011011010010011011100101111101011110001011011101000000111101101101100001000011111100100010001000000110101010000000010000101100001100011000010001111011101111101111111100001111000001011101000010011010110111010100101101 C
0!
1#
1"
#4451000
1!
#4452000
0!
0#
0"
#4453000
1!
#4454000
b10101010110011101010100000010101 <
b101001101011100010110100111010 ;
1:
b10101010110011101010100000010101001101001111011110010110110111110001011110010001001101111001001110111111100100111011101010101010000100101111011111101111010111110001011101100101100100101011101100010011101110001011001110111010101001000100010101011111101101011111011011010010000010111011000000100101001111101001010011101101000101011000010111110101100001110011001001111000110010000010010101001110111010110100110011111010000001101010110010010000100010010001000110101100011100011010111000101001101011100010110100111010 D
b10101010110011101010100000010101001101001111011110010110110111110001011110010001001101111001001110111111100100111011101010101010000100101111011111101111010111110001011101100101100100101011101100010011101110001011001110111010101001000100010101011111101101011111011011010010000010111011000000100101001111101001010011101101000101011000010111110101100001110011001001111000110010000010010101001110111010110100110011111010000001101010110010010000100010010001000110101100011100011010111000101001101011100010110100111010 C
0!
1#
1"
#4455000
1!
#4456000
0!
0#
0"
#4457000
1!
#4458000
b1110111000000101010010111000000 <
b111101100010100100111000001011 ;
1:
b1110111000000101010010111000000000001010110000010000100001010111001110111100111011011000101100100000110111011111100110001101110010101000100110010101111110101100010100000011111010101101110011100000110100110010000011000111100110101001010100100110000001010001110011010100101101000001100101100010011110111110110110101001101110100000101100001011001011010111110111111001100101100100100110111000101111010111010101011011101001111101010000010111111100000010100101100100110001100110000111000111101100010100100111000001011 D
b1110111000000101010010111000000000001010110000010000100001010111001110111100111011011000101100100000110111011111100110001101110010101000100110010101111110101100010100000011111010101101110011100000110100110010000011000111100110101001010100100110000001010001110011010100101101000001100101100010011110111110110110101001101110100000101100001011001011010111110111111001100101100100100110111000101111010111010101011011101001111101010000010111111100000010100101100100110001100110000111000111101100010100100111000001011 C
0!
1#
1"
#4459000
1!
#4460000
0!
0#
0"
#4461000
1!
#4462000
0=
b10001110010111011110001000001100 <
b10110100000011011110001001111011 ;
1:
b10001110010111011110001000001100110111010010110101110010001010110000001011110011110010000100011111011001010110100101110101011000010010001101000010110001000110010110101000110011101011111010100100101110001011100010001101000110011011110011111101110111011001011110110100011011010010111000011000000110101000100001110011101010000101001001110100111101110001110000001001101000110010000100011000101011100101100001100010010011101100011011110011000001011010000011100001000000110101101100011010110100000011011110001001111011 D
b10001110010111011110001000001100110111010010110101110010001010110000001011110011110010000100011111011001010110100101110101011000010010001101000010110001000110010110101000110011101011111010100100101110001011100010001101000110011011110011111101110111011001011110110100011011010010111000011000000110101000100001110011101010000101001001110100111101110001110000001001101000110010000100011000101011100101100001100010010011101100011011110011000001011010000011100001000000110101101100011010110100000011011110001001111011 C
0!
1#
1"
#4463000
1!
#4464000
0!
0#
0"
#4465000
1!
#4466000
0!
1#
1"
#4467000
1!
#4468000
0!
0#
0"
#4469000
1!
#4470000
0!
1#
1"
#4471000
1!
#4472000
0!
0#
0"
#4473000
1!
#4474000
0!
1#
1"
#4475000
1!
#4476000
0!
0#
0"
#4477000
1!
#4478000
0!
1#
1"
#4479000
1!
#4480000
0!
0#
0"
#4481000
1!
#4482000
0!
1#
1"
#4483000
1!
#4484000
0!
0#
0"
#4485000
1!
#4486000
0!
1#
1"
#4487000
1!
#4488000
0!
0#
0"
#4489000
1!
#4490000
0!
1#
1"
#4491000
1!
#4492000
0!
0#
0"
#4493000
1!
#4494000
0!
1#
1"
#4495000
1!
#4496000
0!
0#
0"
#4497000
1!
#4498000
0!
1#
1"
#4499000
1!
#4500000
0!
0#
0"
#4501000
1!
#4502000
0!
1#
1"
#4503000
1!
#4504000
0!
0#
0"
#4505000
1!
#4506000
0!
1#
1"
#4507000
1!
#4508000
0!
0#
0"
#4509000
1!
#4510000
0!
1#
1"
#4511000
1!
#4512000
0!
0#
0"
#4513000
1!
#4514000
0!
1#
1"
#4515000
1!
#4516000
0!
0#
0"
#4517000
1!
#4518000
0!
1#
1"
#4519000
1!
#4520000
0!
0#
0"
#4521000
1!
#4522000
0!
1#
1"
#4523000
1!
#4524000
0!
0#
0"
#4525000
1!
#4526000
0!
1#
1"
#4527000
1!
#4528000
0!
0#
0"
#4529000
1!
#4530000
0!
1#
1"
#4531000
1!
#4532000
0!
0#
0"
#4533000
1!
#4534000
0!
1#
1"
#4535000
1!
#4536000
0!
0#
0"
#4537000
1!
#4538000
0!
1#
1"
#4539000
1!
#4540000
0!
0#
0"
#4541000
1!
#4542000
0!
1#
1"
#4543000
1!
#4544000
0!
0#
0"
#4545000
1!
#4546000
0!
1#
1"
#4547000
1!
#4548000
0!
0#
0"
#4549000
1!
#4550000
0!
1#
1"
#4551000
1!
#4552000
0!
0#
0"
#4553000
1!
#4554000
0!
1#
1"
#4555000
1!
#4556000
0!
0#
0"
#4557000
1!
#4558000
0!
1#
1"
#4559000
1!
#4560000
0!
0#
0"
#4561000
1!
#4562000
0!
1#
1"
#4563000
1!
#4564000
0!
0#
0"
#4565000
1!
#4566000
0!
1#
1"
#4567000
1!
#4568000
0!
0#
0"
#4569000
1!
#4570000
0!
1#
1"
#4571000
1!
#4572000
0!
0#
0"
#4573000
1!
#4574000
0!
1#
1"
#4575000
1!
#4576000
0!
0#
0"
#4577000
1!
#4578000
0!
1#
1"
#4579000
1!
#4580000
0!
0#
0"
#4581000
1!
#4582000
0!
1#
1"
#4583000
1!
#4584000
0!
0#
0"
#4585000
1!
#4586000
0!
1#
1"
#4587000
1!
#4588000
0!
0#
0"
#4589000
1!
#4590000
0!
1#
1"
#4591000
1!
#4592000
0!
0#
0"
#4593000
1!
#4594000
0!
1#
1"
#4595000
1!
#4596000
0!
0#
0"
#4597000
1!
#4598000
0!
1#
1"
#4599000
1!
#4600000
0!
0#
0"
#4601000
1!
#4602000
0!
1#
1"
#4603000
1!
#4604000
0!
0#
0"
#4605000
1!
#4606000
0!
1#
1"
#4607000
1!
#4608000
0!
0#
0"
#4609000
1!
#4610000
0!
1#
1"
#4611000
1!
#4612000
0!
0#
0"
#4613000
1!
#4614000
0!
1#
1"
#4615000
1!
#4616000
0!
0#
0"
#4617000
1!
#4618000
0!
1#
1"
#4619000
1!
#4620000
0!
0#
0"
#4621000
1!
#4622000
0!
1#
1"
#4623000
1!
#4624000
0!
0#
0"
#4625000
1!
#4626000
0!
1#
1"
#4627000
1!
#4628000
0!
0#
0"
#4629000
1!
#4630000
0!
1#
1"
#4631000
1!
#4632000
0!
0#
0"
#4633000
1!
#4634000
0!
1#
1"
#4635000
1!
#4636000
0!
0#
0"
#4637000
1!
#4638000
0!
1#
1"
#4639000
1!
#4640000
0!
0#
0"
#4641000
1!
#4642000
0!
1#
1"
#4643000
1!
#4644000
0!
0#
0"
#4645000
1!
#4646000
0!
1#
1"
#4647000
1!
#4648000
0!
0#
0"
#4649000
1!
#4650000
0!
1#
1"
#4651000
1!
#4652000
0!
0#
0"
#4653000
1!
#4654000
0!
1#
1"
#4655000
1!
#4656000
0!
0#
0"
#4657000
1!
#4658000
0!
1#
1"
#4659000
1!
#4660000
0!
0#
0"
#4661000
1!
#4662000
0!
1#
1"
#4663000
1!
#4664000
0!
0#
0"
#4665000
1!
#4666000
0!
1#
1"
#4667000
1!
#4668000
0!
0#
0"
#4669000
1!
#4670000
0!
1#
1"
#4671000
1!
#4672000
0!
0#
0"
#4673000
1!
#4674000
0!
1#
1"
#4675000
1!
#4676000
0!
0#
0"
#4677000
1!
#4678000
0!
1#
1"
#4679000
1!
#4680000
0!
0#
0"
#4681000
1!
#4682000
0!
1#
1"
#4683000
1!
#4684000
0!
0#
0"
#4685000
1!
#4686000
0!
1#
1"
#4687000
1!
#4688000
0!
0#
0"
#4689000
1!
#4690000
0!
1#
1"
#4691000
1>
1!
#4692000
0!
0#
0"
#4693000
1!
#4694000
0!
1#
1"
#4695000
1!
#4696000
0!
0#
0"
#4697000
1!
#4698000
0!
1#
1"
#4699000
0>
1!
#4700000
0!
0#
0"
#4701000
1!
#4702000
1=
0!
1#
1"
#4703000
1!
#4704000
0!
0#
0"
#4705000
1!
#4706000
b11001001000011100010111011100101 <
b111111010001010110010101010100 ;
1:
b11001001000011100010111011100101001101011111001001011000101011101001000000110000110110111111111110011101010111010001011110000110000110000011011101000100000100001110100111000110000100010101100101000110000100100010001110010000101000010100110101001011000110101010000110010010100110111001111111011011111010000111110001010101011110110010000110100111110010000000001101010101001110011100100001110000101010111111000101101010000001111101110000110101101000101010110100000011010111111010011100111111010001010110010101010100 D
b11001001000011100010111011100101001101011111001001011000101011101001000000110000110110111111111110011101010111010001011110000110000110000011011101000100000100001110100111000110000100010101100101000110000100100010001110010000101000010100110101001011000110101010000110010010100110111001111111011011111010000111110001010101011110110010000110100111110010000000001101010101001110011100100001110000101010111111000101101010000001111101110000110101101000101010110100000011010111111010011100111111010001010110010101010100 C
0!
1#
1"
#4707000
1!
#4708000
0!
0#
0"
#4709000
1!
#4710000
b10000000011101010000010100101001 <
b11110110111001011001011101010111 ;
1:
b10000000011101010000010100101001101001110011001111001101001001110101110101110001110000001011111100011011010110111010001100101111000111010101011011111011111001011000000111111000000010110101100100111001110110000111000111111100010100100111000001111011011111111100111011100100111110100100111110110100010101100010111000011000011011110010010100011000000111101011111111001110010011110000011101010011110001110000010010000011100100101001110111101000011001100000101110001100101010010101110111110110111001011001011101010111 D
b10000000011101010000010100101001101001110011001111001101001001110101110101110001110000001011111100011011010110111010001100101111000111010101011011111011111001011000000111111000000010110101100100111001110110000111000111111100010100100111000001111011011111111100111011100100111110100100111110110100010101100010111000011000011011110010010100011000000111101011111111001110010011110000011101010011110001110000010010000011100100101001110111101000011001100000101110001100101010010101110111110110111001011001011101010111 C
0!
1#
1"
#4711000
1!
#4712000
0!
0#
0"
#4713000
1!
#4714000
b100010011101001101011011110011 <
b11111101010100001010110010011110 ;
1:
b100010011101001101011011110011011100100011110000000110110100101110111101110110000101010111010101000110000110100011101101010110101000101101110001011001100010011111011100001011010010011010001100001110111001000110010100110100011010111001011011011110001001101110001000100000100100010100111000110000101001111010000101101010000111111011111100101101010101011101000011011100010010011110111001100010100010000001111000110100101101011001000011101110000110111111111000101101010111010001010011111101010100001010110010011110 D
b100010011101001101011011110011011100100011110000000110110100101110111101110110000101010111010101000110000110100011101101010110101000101101110001011001100010011111011100001011010010011010001100001110111001000110010100110100011010111001011011011110001001101110001000100000100100010100111000110000101001111010000101101010000111111011111100101101010101011101000011011100010010011110111001100010100010000001111000110100101101011001000011101110000110111111111000101101010111010001010011111101010100001010110010011110 C
0!
1#
1"
#4715000
1!
#4716000
0!
0#
0"
#4717000
1!
#4718000
b100000111000000010000101001 <
b101111000011001100111000101111 ;
1:
b100000111000000010000101001011100111001010011110101010011010100001111110101001100110001111100010010111100011011001110111000111110101000011100010011011011100111110111001000100110000011101001000011001010010011110101101101001110111010011111100101010111011111101101010001100011111000101011110100101110101100001111110110110000111001101100110100001001100000011001011010100110001100101000000101110010101001100011001101111110101110011010101110100000011100001101000111001110100101010000101111000011001100111000101111 D
b100000111000000010000101001011100111001010011110101010011010100001111110101001100110001111100010010111100011011001110111000111110101000011100010011011011100111110111001000100110000011101001000011001010010011110101101101001110111010011111100101010111011111101101010001100011111000101011110100101110101100001111110110110000111001101100110100001001100000011001011010100110001100101000000101110010101001100011001101111110101110011010101110100000011100001101000111001110100101010000101111000011001100111000101111 C
0!
1#
1"
#4719000
1!
#4720000
0!
0#
0"
#4721000
1!
#4722000
0=
b1001001011010101000011010100111 <
b11111010100110101111001001100110 ;
1:
b1001001011010101000011010100111111010100101111110110010010001101000101100111101011001100010011101000000110010100001111001110010001010010010110101010100111101011111010100000001111001001100110001100000110011111110011111111110011011001010101010101001100101010111100101001001011011111000111011100101111100001001100100000011111111101100010000100110110010111101011011111010010001011000000100011001000011101011110111011100111110101010111011001111100010010001010100110110101001110001001011111010100110101111001001100110 D
b1001001011010101000011010100111111010100101111110110010010001101000101100111101011001100010011101000000110010100001111001110010001010010010110101010100111101011111010100000001111001001100110001100000110011111110011111111110011011001010101010101001100101010111100101001001011011111000111011100101111100001001100100000011111111101100010000100110110010111101011011111010010001011000000100011001000011101011110111011100111110101010111011001111100010010001010100110110101001110001001011111010100110101111001001100110 C
0!
1#
1"
#4723000
1!
#4724000
0!
0#
0"
#4725000
1!
#4726000
0!
1#
1"
#4727000
1!
#4728000
0!
0#
0"
#4729000
1!
#4730000
0!
1#
1"
#4731000
1!
#4732000
0!
0#
0"
#4733000
1!
#4734000
0!
1#
1"
#4735000
1!
#4736000
0!
0#
0"
#4737000
1!
#4738000
0!
1#
1"
#4739000
1!
#4740000
0!
0#
0"
#4741000
1!
#4742000
0!
1#
1"
#4743000
1!
#4744000
0!
0#
0"
#4745000
1!
#4746000
0!
1#
1"
#4747000
1!
#4748000
0!
0#
0"
#4749000
1!
#4750000
0!
1#
1"
#4751000
1!
#4752000
0!
0#
0"
#4753000
1!
#4754000
0!
1#
1"
#4755000
1!
#4756000
0!
0#
0"
#4757000
1!
#4758000
0!
1#
1"
#4759000
1!
#4760000
0!
0#
0"
#4761000
1!
#4762000
0!
1#
1"
#4763000
1!
#4764000
0!
0#
0"
#4765000
1!
#4766000
0!
1#
1"
#4767000
1!
#4768000
0!
0#
0"
#4769000
1!
#4770000
0!
1#
1"
#4771000
1!
#4772000
0!
0#
0"
#4773000
1!
#4774000
0!
1#
1"
#4775000
1!
#4776000
0!
0#
0"
#4777000
1!
#4778000
0!
1#
1"
#4779000
1!
#4780000
0!
0#
0"
#4781000
1!
#4782000
0!
1#
1"
#4783000
1!
#4784000
0!
0#
0"
#4785000
1!
#4786000
0!
1#
1"
#4787000
1!
#4788000
0!
0#
0"
#4789000
1!
#4790000
0!
1#
1"
#4791000
1!
#4792000
0!
0#
0"
#4793000
1!
#4794000
0!
1#
1"
#4795000
1!
#4796000
0!
0#
0"
#4797000
1!
#4798000
0!
1#
1"
#4799000
1!
#4800000
0!
0#
0"
#4801000
1!
#4802000
0!
1#
1"
#4803000
1!
#4804000
0!
0#
0"
#4805000
1!
#4806000
0!
1#
1"
#4807000
1!
#4808000
0!
0#
0"
#4809000
1!
#4810000
0!
1#
1"
#4811000
1!
#4812000
0!
0#
0"
#4813000
1!
#4814000
0!
1#
1"
#4815000
1!
#4816000
0!
0#
0"
#4817000
1!
#4818000
0!
1#
1"
#4819000
1!
#4820000
0!
0#
0"
#4821000
1!
#4822000
0!
1#
1"
#4823000
1!
#4824000
0!
0#
0"
#4825000
1!
#4826000
0!
1#
1"
#4827000
1!
#4828000
0!
0#
0"
#4829000
1!
#4830000
0!
1#
1"
#4831000
1!
#4832000
0!
0#
0"
#4833000
1!
#4834000
0!
1#
1"
#4835000
1!
#4836000
0!
0#
0"
#4837000
1!
#4838000
0!
1#
1"
#4839000
1!
#4840000
0!
0#
0"
#4841000
1!
#4842000
0!
1#
1"
#4843000
1!
#4844000
0!
0#
0"
#4845000
1!
#4846000
0!
1#
1"
#4847000
1!
#4848000
0!
0#
0"
#4849000
1!
#4850000
0!
1#
1"
#4851000
1!
#4852000
0!
0#
0"
#4853000
1!
#4854000
0!
1#
1"
#4855000
1!
#4856000
0!
0#
0"
#4857000
1!
#4858000
0!
1#
1"
#4859000
1!
#4860000
0!
0#
0"
#4861000
1!
#4862000
0!
1#
1"
#4863000
1!
#4864000
0!
0#
0"
#4865000
1!
#4866000
0!
1#
1"
#4867000
1!
#4868000
0!
0#
0"
#4869000
1!
#4870000
0!
1#
1"
#4871000
1!
#4872000
0!
0#
0"
#4873000
1!
#4874000
0!
1#
1"
#4875000
1!
#4876000
0!
0#
0"
#4877000
1!
#4878000
0!
1#
1"
#4879000
1!
#4880000
0!
0#
0"
#4881000
1!
#4882000
0!
1#
1"
#4883000
1!
#4884000
0!
0#
0"
#4885000
1!
#4886000
0!
1#
1"
#4887000
1!
#4888000
0!
0#
0"
#4889000
1!
#4890000
0!
1#
1"
#4891000
1!
#4892000
0!
0#
0"
#4893000
1!
#4894000
0!
1#
1"
#4895000
1!
#4896000
0!
0#
0"
#4897000
1!
#4898000
0!
1#
1"
#4899000
1!
#4900000
0!
0#
0"
#4901000
1!
#4902000
0!
1#
1"
#4903000
1!
#4904000
0!
0#
0"
#4905000
1!
#4906000
0!
1#
1"
#4907000
1!
#4908000
0!
0#
0"
#4909000
1!
#4910000
0!
1#
1"
#4911000
1!
#4912000
0!
0#
0"
#4913000
1!
#4914000
0!
1#
1"
#4915000
1!
#4916000
0!
0#
0"
#4917000
1!
#4918000
0!
1#
1"
#4919000
1!
#4920000
0!
0#
0"
#4921000
1!
#4922000
0!
1#
1"
#4923000
1!
#4924000
0!
0#
0"
#4925000
1!
#4926000
0!
1#
1"
#4927000
1!
#4928000
0!
0#
0"
#4929000
1!
#4930000
0!
1#
1"
#4931000
1!
#4932000
0!
0#
0"
#4933000
1!
#4934000
0!
1#
1"
#4935000
1!
#4936000
0!
0#
0"
#4937000
1!
#4938000
0!
1#
1"
#4939000
1!
#4940000
0!
0#
0"
#4941000
1!
#4942000
0!
1#
1"
#4943000
1!
#4944000
0!
0#
0"
#4945000
1!
#4946000
0!
1#
1"
#4947000
1!
#4948000
0!
0#
0"
#4949000
1!
#4950000
0!
1#
1"
#4951000
1!
#4952000
0!
0#
0"
#4953000
1>
1!
#4954000
0!
1#
1"
#4955000
1!
#4956000
0!
0#
0"
#4957000
1!
#4958000
0!
1#
1"
#4959000
1!
#4960000
0!
0#
0"
#4961000
0>
1!
#4962000
0!
1#
1"
#4963000
1!
#4964000
0!
0#
0"
#4965000
1!
#4966000
1=
0!
1#
1"
#4967000
1!
#4968000
0!
0#
0"
#4969000
1!
#4970000
b11000000001011001101011100111001 <
b111111100111001110001101100100 ;
1:
b11000000001011001101011100111001100101010000011001000001001000110001010000100011010111001100111000110111000000011001000011101001100110001001010100111010111001100001101010100000110010100110011001110010000001001110101110111001110001111110100000110010000111110110110001110000001000011101011001010010110101010000010010000001101001110011000010000111011101011100111101110101010000011001001000110100110010011100110000001001110111010111001110001111110001001100000100010111001100000000001000111111100111001110001101100100 D
b11000000001011001101011100111001100101010000011001000001001000110001010000100011010111001100111000110111000000011001000011101001100110001001010100111010111001100001101010100000110010100110011001110010000001001110101110111001110001111110100000110010000111110110110001110000001000011101011001010010110101010000010010000001101001110011000010000111011101011100111101110101010000011001001000110100110010011100110000001001110111010111001110001111110001001100000100010111001100000000001000111111100111001110001101100100 C
0!
1#
1"
#4971000
1!
#4972000
0!
0#
0"
#4973000
1!
#4974000
b11110100001011011011011001011010 <
b111111100111101011011111000001 ;
1:
b11110100001011011011011001011010100011110001010000010101101100111011010110000111010111011000011100110111000000110001011011011000010111001001010000011110010010110111001110100001100110100011011011110100100100001110101010111100110001111110101000101000110010011010000001110001011000100101001001110001010011101101001001110001000101010000110010000110000110101100111101110111100010011101000000001000110010001100101001000011100011011111101101011101111101000101010000011011001100010010000100111111100111101011011111000001 D
b11110100001011011011011001011010100011110001010000010101101100111011010110000111010111011000011100110111000000110001011011011000010111001001010000011110010010110111001110100001100110100011011011110100100100001110101010111100110001111110101000101000110010011010000001110001011000100101001001110001010011101101001001110001000101010000110010000110000110101100111101110111100010011101000000001000110010001100101001000011100011011111101101011101111101000101010000011011001100010010000100111111100111101011011111000001 C
0!
1#
1"
#4975000
1!
#4976000
0!
0#
0"
#4977000
1!
#4978000
b101111011110000100001001001 <
b10111110000111000100011101000110 ;
1:
b101111011110000100001001001100100101000010010110110100100011000010101000111000110111101010000101111010011011100011001101101001010001011111111100011010010110010011011110001000111101011100000100011001001000101001011010000110011101101001100111000010111110001001101000111011111011100100011001000101111100110001010000101010101100111011010111111010101100101111110000010101110010111010000111110000101111001011011001010011111001100101111001010101011001111000000010101111101100101001010111110000111000100011101000110 D
b101111011110000100001001001100100101000010010110110100100011000010101000111000110111101010000101111010011011100011001101101001010001011111111100011010010110010011011110001000111101011100000100011001001000101001011010000110011101101001100111000010111110001001101000111011111011100100011001000101111100110001010000101010101100111011010111111010101100101111110000010101110010111010000111110000101111001011011001010011111001100101111001010101011001111000000010101111101100101001010111110000111000100011101000110 C
0!
1#
1"
#4979000
1!
#4980000
0!
0#
0"
#4981000
1!
#4982000
b10011001110011001101010110011111 <
b100110010111111001110010101 ;
1:
b10011001110011001101010110011111011000101011111011001000100000010111011000100000000000101111101110011100111000101110000000111000010110110110100000000010101000111100111001110110111100000001110000001101100011000101101011001101011100110010110011111101000011101111100010011110101111100000000100110100110110101101010011001111110010111111011000101110111000001110101100000101111011101010001100111010001110100110100100111101100110000001001011101100010100101011000001011010011101101101011000000100110010111111001110010101 D
b10011001110011001101010110011111011000101011111011001000100000010111011000100000000000101111101110011100111000101110000000111000010110110110100000000010101000111100111001110110111100000001110000001101100011000101101011001101011100110010110011111101000011101111100010011110101111100000000100110100110110101101010011001111110010111111011000101110111000001110101100000101111011101010001100111010001110100110100100111101100110000001001011101100010100101011000001011010011101101101011000000100110010111111001110010101 C
0!
1#
1"
#4983000
1!
#4984000
0!
0#
0"
#4985000
1!
#4986000
0=
b1010100111010010100001010111100 <
b111001111010011111010111011101 ;
1:
b1010100111010010100001010111100001100110001110110010100110000000011101011111110011100111110101010101001101010101000000101011001000111101010111001000010001011000011110101101111001000010111000101010100111001011100110011001111101101100010100011011001101000010111000111001010110000101111010000110100001001001100111000011000100011011111001110101100011110000010011001101011101011010010010100111011100011011100001001100100001110100101011001111011101010011110001111101000000100110101110100111001111010011111010111011101 D
b1010100111010010100001010111100001100110001110110010100110000000011101011111110011100111110101010101001101010101000000101011001000111101010111001000010001011000011110101101111001000010111000101010100111001011100110011001111101101100010100011011001101000010111000111001010110000101111010000110100001001001100111000011000100011011111001110101100011110000010011001101011101011010010010100111011100011011100001001100100001110100101011001111011101010011110001111101000000100110101110100111001111010011111010111011101 C
0!
1#
1"
#4987000
1!
#4988000
0!
0#
0"
#4989000
1!
#4990000
0!
1#
1"
#4991000
1!
#4992000
0!
0#
0"
#4993000
1!
#4994000
0!
1#
1"
#4995000
1!
#4996000
0!
0#
0"
#4997000
1!
#4998000
0!
1#
1"
#4999000
1!
#5000000
0!
0#
0"
#5001000
1!
#5002000
0!
1#
1"
#5003000
1!
#5004000
0!
0#
0"
#5005000
1!
#5006000
0!
1#
1"
#5007000
1!
#5008000
0!
0#
0"
#5009000
1!
#5010000
0!
1#
1"
#5011000
1!
#5012000
0!
0#
0"
#5013000
1!
#5014000
0!
1#
1"
#5015000
1!
#5016000
0!
0#
0"
#5017000
1!
#5018000
0!
1#
1"
#5019000
1!
#5020000
0!
0#
0"
#5021000
1!
#5022000
0!
1#
1"
#5023000
1!
#5024000
0!
0#
0"
#5025000
1!
#5026000
0!
1#
1"
#5027000
1!
#5028000
0!
0#
0"
#5029000
1!
#5030000
0!
1#
1"
#5031000
1!
#5032000
0!
0#
0"
#5033000
1!
#5034000
0!
1#
1"
#5035000
1!
#5036000
0!
0#
0"
#5037000
1!
#5038000
0!
1#
1"
#5039000
1!
#5040000
0!
0#
0"
#5041000
1!
#5042000
0!
1#
1"
#5043000
1!
#5044000
0!
0#
0"
#5045000
1!
#5046000
0!
1#
1"
#5047000
1!
#5048000
0!
0#
0"
#5049000
1!
#5050000
0!
1#
1"
#5051000
1!
#5052000
0!
0#
0"
#5053000
1!
#5054000
0!
1#
1"
#5055000
1!
#5056000
0!
0#
0"
#5057000
1!
#5058000
0!
1#
1"
#5059000
1!
#5060000
0!
0#
0"
#5061000
1!
#5062000
0!
1#
1"
#5063000
1!
#5064000
0!
0#
0"
#5065000
1!
#5066000
0!
1#
1"
#5067000
1!
#5068000
0!
0#
0"
#5069000
1!
#5070000
0!
1#
1"
#5071000
1!
#5072000
0!
0#
0"
#5073000
1!
#5074000
0!
1#
1"
#5075000
1!
#5076000
0!
0#
0"
#5077000
1!
#5078000
0!
1#
1"
#5079000
1!
#5080000
0!
0#
0"
#5081000
1!
#5082000
0!
1#
1"
#5083000
1!
#5084000
0!
0#
0"
#5085000
1!
#5086000
0!
1#
1"
#5087000
1!
#5088000
0!
0#
0"
#5089000
1!
#5090000
0!
1#
1"
#5091000
1!
#5092000
0!
0#
0"
#5093000
1!
#5094000
0!
1#
1"
#5095000
1!
#5096000
0!
0#
0"
#5097000
1!
#5098000
0!
1#
1"
#5099000
1!
#5100000
0!
0#
0"
#5101000
1!
#5102000
0!
1#
1"
#5103000
1!
#5104000
0!
0#
0"
#5105000
1!
#5106000
0!
1#
1"
#5107000
1!
#5108000
0!
0#
0"
#5109000
1!
#5110000
0!
1#
1"
#5111000
1!
#5112000
0!
0#
0"
#5113000
1!
#5114000
0!
1#
1"
#5115000
1!
#5116000
0!
0#
0"
#5117000
1!
#5118000
0!
1#
1"
#5119000
1!
#5120000
0!
0#
0"
#5121000
1!
#5122000
0!
1#
1"
#5123000
1!
#5124000
0!
0#
0"
#5125000
1!
#5126000
0!
1#
1"
#5127000
1!
#5128000
0!
0#
0"
#5129000
1!
#5130000
0!
1#
1"
#5131000
1!
#5132000
0!
0#
0"
#5133000
1!
#5134000
0!
1#
1"
#5135000
1!
#5136000
0!
0#
0"
#5137000
1!
#5138000
0!
1#
1"
#5139000
1!
#5140000
0!
0#
0"
#5141000
1!
#5142000
0!
1#
1"
#5143000
1!
#5144000
0!
0#
0"
#5145000
1!
#5146000
0!
1#
1"
#5147000
1!
#5148000
0!
0#
0"
#5149000
1!
#5150000
0!
1#
1"
#5151000
1!
#5152000
0!
0#
0"
#5153000
1!
#5154000
0!
1#
1"
#5155000
1!
#5156000
0!
0#
0"
#5157000
1!
#5158000
0!
1#
1"
#5159000
1!
#5160000
0!
0#
0"
#5161000
1!
#5162000
0!
1#
1"
#5163000
1!
#5164000
0!
0#
0"
#5165000
1!
#5166000
0!
1#
1"
#5167000
1!
#5168000
0!
0#
0"
#5169000
1!
#5170000
0!
1#
1"
#5171000
1!
#5172000
0!
0#
0"
#5173000
1!
#5174000
0!
1#
1"
#5175000
1!
#5176000
0!
0#
0"
#5177000
1!
#5178000
0!
1#
1"
#5179000
1!
#5180000
0!
0#
0"
#5181000
1!
#5182000
0!
1#
1"
#5183000
1!
#5184000
0!
0#
0"
#5185000
1!
#5186000
0!
1#
1"
#5187000
1!
#5188000
0!
0#
0"
#5189000
1!
#5190000
0!
1#
1"
#5191000
1!
#5192000
0!
0#
0"
#5193000
1!
#5194000
0!
1#
1"
#5195000
1!
#5196000
0!
0#
0"
#5197000
1!
#5198000
0!
1#
1"
#5199000
1!
#5200000
0!
0#
0"
#5201000
1!
#5202000
0!
1#
1"
#5203000
1!
#5204000
0!
0#
0"
#5205000
1!
#5206000
0!
1#
1"
#5207000
1!
#5208000
0!
0#
0"
#5209000
1!
#5210000
0!
1#
1"
#5211000
1!
#5212000
0!
0#
0"
#5213000
1>
1!
#5214000
0!
1#
1"
#5215000
1!
#5216000
0!
0#
0"
#5217000
1!
#5218000
0!
1#
1"
#5219000
1!
#5220000
0!
0#
0"
#5221000
0>
1!
#5222000
0!
1#
1"
#5223000
1>
1!
#5224000
0!
0#
0"
#5225000
1!
#5226000
1=
0!
1#
1"
#5227000
0>
1!
#5228000
0!
0#
0"
#5229000
1!
#5230000
b10000010100001101100110101101110 <
b11001000010001010010100011010110 ;
1:
b10000010100001101100110101101110011111100110100110010000011111110010101001110011011001010111111100011110001110110010011100000100001100110111100011011000101000111110111011000111011111000011110001101101100101001101111000101010011110100110111100101101100110001101101001111001110001111000100010110110001111101110011001011110100010011000000010111000110101011010110000010001001000100100101001101011100001111101001001000101001001101001000000001010000111011100111001100111000000111000000011001000010001010010100011010110 D
b10000010100001101100110101101110011111100110100110010000011111110010101001110011011001010111111100011110001110110010011100000100001100110111100011011000101000111110111011000111011111000011110001101101100101001101111000101010011110100110111100101101100110001101101001111001110001111000100010110110001111101110011001011110100010011000000010111000110101011010110000010001001000100100101001101011100001111101001001000101001001101001000000001010000111011100111001100111000000111000000011001000010001010010100011010110 C
0!
1#
1"
#5231000
1!
#5232000
0!
0#
0"
#5233000
1!
#5234000
b10110010010001000000110100001100 <
b1001100111011000110110111110110 ;
1:
b10110010010001000000110100001100111011110110000100010001010101000110000100101011111101110111100110011011001101110100100101111101111001001100111001111010000110010101011001000110000000101011100101000110001101001101010000101101000000011010010101110001100011111001100100000001001101101000011000110011111100101001100010100010111100101010010001100110110100111101011001111110010101010000010011001111100010110100000110010011100010101101010110001011010011111101010110111011010001011000011101001100111011000110110111110110 D
b10110010010001000000110100001100111011110110000100010001010101000110000100101011111101110111100110011011001101110100100101111101111001001100111001111010000110010101011001000110000000101011100101000110001101001101010000101101000000011010010101110001100011111001100100000001001101101000011000110011111100101001100010100010111100101010010001100110110100111101011001111110010101010000010011001111100010110100000110010011100010101101010110001011010011111101010110111011010001011000011101001100111011000110110111110110 C
0!
1#
1"
#5235000
1!
#5236000
0!
0#
0"
#5237000
1!
#5238000
b1011001011011011100010010010110 <
b101000110100001111101110001101 ;
1:
b1011001011011011100010010010110011010001100111101010110011000101000101011111011000111011111101000100111000000111110101100010110110000110101111101100010100100100010111110111000111000110100010101011011000111100111100101111101110100100110000111110100000001001001010001110100100101111001010001001011011101001000110011110001011000100000100110101111101110011101110110110010111001001001111100001110010001100011000110010000000011000000001100111001110101101011001111101100110010110011111000101000110100001111101110001101 D
b1011001011011011100010010010110011010001100111101010110011000101000101011111011000111011111101000100111000000111110101100010110110000110101111101100010100100100010111110111000111000110100010101011011000111100111100101111101110100100110000111110100000001001001010001110100100101111001010001001011011101001000110011110001011000100000100110101111101110011101110110110010111001001001111100001110010001100011000110010000000011000000001100111001110101101011001111101100110010110011111000101000110100001111101110001101 C
0!
1#
1"
#5239000
1!
#5240000
0!
0#
0"
#5241000
1!
#5242000
b10100110000111001001001111010010 <
b1101000000001110001101000000000 ;
1:
b10100110000111001001001111010010101011000100010110001001000100000000101101001000011000110000111011100111111110011101001101010101001001111100100100110001110000011001111010010111001110101110101001111101100110010001110000011011111011010101001010100010110011000110011011110110010000101101101100110101001011001101000011101101001100000010000011011100100001000110001010101100011010111001100111100111001000111110000011001000000001111111111001100011000101110100011011110001101000111001000101101000000001110001101000000000 D
b10100110000111001001001111010010101011000100010110001001000100000000101101001000011000110000111011100111111110011101001101010101001001111100100100110001110000011001111010010111001110101110101001111101100110010001110000011011111011010101001010100010110011000110011011110110010000101101101100110101001011001101000011101101001100000010000011011100100001000110001010101100011010111001100111100111001000111110000011001000000001111111111001100011000101110100011011110001101000111001000101101000000001110001101000000000 C
0!
1#
1"
#5243000
1!
#5244000
0!
0#
0"
#5245000
1!
#5246000
b10000011110110011110010000100110 <
b10001010000011000000110101111111 ;
1:
b10000011110110011110010000100110100001111111011111110010100110110011011001010111100010100011110101000101001111011001011000111011110110111011110000000111100010110010000100000111001011110011101111010000110110001011001000110000001100001110001101111011101111001010111111101011000101011111000001010100100011111001110001001011010001010001000000010110001110111111111111010010111000001111100011110111100011101111011001011101111100100111111101000001111010111010001110011111001011100011011010001010000011000000110101111111 D
b10000011110110011110010000100110100001111111011111110010100110110011011001010111100010100011110101000101001111011001011000111011110110111011110000000111100010110010000100000111001011110011101111010000110110001011001000110000001100001110001101111011101111001010111111101011000101011111000001010100100011111001110001001011010001010001000000010110001110111111111111010010111000001111100011110111100011101111011001011101111100100111111101000001111010111010001110011111001011100011011010001010000011000000110101111111 C
0!
1#
1"
#5247000
1!
#5248000
0!
0#
0"
#5249000
1!
#5250000
b10110010001111001011001000111100 <
b11000101011110000001100101000000 ;
1:
b10110010001111001011001000111100000111101011001001010011011100011011000110011011010110011010111001000100100101111110001110010101101100100011110010110010001111000001111010110010010011011100001100001110000101111111100111010010101110100010001010110000111100111011001000111100101100100011110000011110101100100100011110101100111011100101110100001001100100000011101111001101010010100010011010110010001111001011001000111100000111101011001000011110101100100101000111010001101010011110110011000101011110000001100101000000 D
b10110010001111001011001000111100000111101011001001010011011100011011000110011011010110011010111001000100100101111110001110010101101100100011110010110010001111000001111010110010010011011100001100001110000101111111100111010010101110100010001010110000111100111011001000111100101100100011110000011110101100100100011110101100111011100101110100001001100100000011101111001101010010100010011010110010001111001011001000111100000111101011001000011110101100100101000111010001101010011110110011000101011110000001100101000000 C
0!
1#
1"
#5251000
1!
#5252000
0!
0#
0"
#5253000
1!
#5254000
b1010011011100011011001000111100 <
b10101100100011101110000101001101 ;
1:
b1010011011100011011001000111100101011001000111011100001010011011010110010001110111000010100110110101100100011101110000101001101010100110111000110110010001111001010110010001110111000010100110110101100100011101110000101001101101011001000111011100001010011010101001101110001101100100011110010101100100011101110000101001101101011001000111011100001010011011010110010001110111000010100110101010011011100011011001000111100101011001000111011100001010011011010110010001110111000010100110110101100100011101110000101001101 D
b1010011011100011011001000111100101011001000111011100001010011011010110010001110111000010100110110101100100011101110000101001101010100110111000110110010001111001010110010001110111000010100110110101100100011101110000101001101101011001000111011100001010011010101001101110001101100100011110010101100100011101110000101001101101011001000111011100001010011011010110010001110111000010100110101010011011100011011001000111100101011001000111011100001010011011010110010001110111000010100110110101100100011101110000101001101 C
0!
1#
1"
#5255000
1!
#5256000
0!
0#
0"
#5257000
1!
#5258000
0=
b11110101100100101001101110001 <
b1010011011100011011001000111100 ;
1:
b11110101100100101001101110001010001111010110001001101110000110100011110101100010011011100001101010011011100011011001000111100000111101011001001001101110000110100011110101100010011011100001101000111101011000100110111000011010100110111000110110010001111000001111010110010010001111010110001000111101011000100110111000011010001111010110001001101110000110101001101110001101100100011110000011110101100100001111010110010010001111010110001001101110000110100011110101100010011011100001101010011011100011011001000111100 D
b11110101100100101001101110001010001111010110001001101110000110100011110101100010011011100001101010011011100011011001000111100000111101011001001001101110000110100011110101100010011011100001101000111101011000100110111000011010100110111000110110010001111000001111010110010010001111010110001000111101011000100110111000011010001111010110001001101110000110101001101110001101100100011110000011110101100100001111010110010010001111010110001001101110000110100011110101100010011011100001101010011011100011011001000111100 C
0!
1#
1"
#5259000
1!
#5260000
0!
0#
0"
#5261000
1!
#5262000
0!
1#
1"
#5263000
1!
#5264000
0!
0#
0"
#5265000
1!
#5266000
0!
1#
1"
#5267000
1!
#5268000
0!
0#
0"
#5269000
1!
#5270000
0!
1#
1"
#5271000
1!
#5272000
0!
0#
0"
#5273000
1!
#5274000
0!
1#
1"
#5275000
1!
#5276000
0!
0#
0"
#5277000
1!
#5278000
0!
1#
1"
#5279000
1!
#5280000
0!
0#
0"
#5281000
1!
#5282000
0!
1#
1"
#5283000
1!
#5284000
0!
0#
0"
#5285000
1!
#5286000
0!
1#
1"
#5287000
1!
#5288000
0!
0#
0"
#5289000
1!
#5290000
0!
1#
1"
#5291000
1!
#5292000
0!
0#
0"
#5293000
1!
#5294000
0!
1#
1"
#5295000
1!
#5296000
0!
0#
0"
#5297000
1!
#5298000
0!
1#
1"
#5299000
1!
#5300000
0!
0#
0"
#5301000
1!
#5302000
0!
1#
1"
#5303000
1!
#5304000
0!
0#
0"
#5305000
1!
#5306000
0!
1#
1"
#5307000
1!
#5308000
0!
0#
0"
#5309000
1!
#5310000
0!
1#
1"
#5311000
1!
#5312000
0!
0#
0"
#5313000
1!
#5314000
0!
1#
1"
#5315000
1!
#5316000
0!
0#
0"
#5317000
1!
#5318000
0!
1#
1"
#5319000
1!
#5320000
0!
0#
0"
#5321000
1!
#5322000
0!
1#
1"
#5323000
1!
#5324000
0!
0#
0"
#5325000
1!
#5326000
0!
1#
1"
#5327000
1!
#5328000
0!
0#
0"
#5329000
1!
#5330000
0!
1#
1"
#5331000
1!
#5332000
0!
0#
0"
#5333000
1!
#5334000
0!
1#
1"
#5335000
1!
#5336000
0!
0#
0"
#5337000
1!
#5338000
0!
1#
1"
#5339000
1!
#5340000
0!
0#
0"
#5341000
1!
#5342000
0!
1#
1"
#5343000
1!
#5344000
0!
0#
0"
#5345000
1!
#5346000
0!
1#
1"
#5347000
1!
#5348000
0!
0#
0"
#5349000
1!
#5350000
0!
1#
1"
#5351000
1!
#5352000
0!
0#
0"
#5353000
1!
#5354000
0!
1#
1"
#5355000
1!
#5356000
0!
0#
0"
#5357000
1!
#5358000
0!
1#
1"
#5359000
1!
#5360000
0!
0#
0"
#5361000
1!
#5362000
0!
1#
1"
#5363000
1!
#5364000
0!
0#
0"
#5365000
1!
#5366000
0!
1#
1"
#5367000
1!
#5368000
0!
0#
0"
#5369000
1!
#5370000
0!
1#
1"
#5371000
1!
#5372000
0!
0#
0"
#5373000
1!
#5374000
0!
1#
1"
#5375000
1!
#5376000
0!
0#
0"
#5377000
1!
#5378000
0!
1#
1"
#5379000
1!
#5380000
0!
0#
0"
#5381000
1!
#5382000
0!
1#
1"
#5383000
1!
#5384000
0!
0#
0"
#5385000
1!
#5386000
0!
1#
1"
#5387000
1!
#5388000
0!
0#
0"
#5389000
1!
#5390000
0!
1#
1"
#5391000
1!
#5392000
0!
0#
0"
#5393000
1!
#5394000
0!
1#
1"
#5395000
1!
#5396000
0!
0#
0"
#5397000
1!
#5398000
0!
1#
1"
#5399000
1!
#5400000
0!
0#
0"
#5401000
1!
#5402000
0!
1#
1"
#5403000
1!
#5404000
0!
0#
0"
#5405000
1!
#5406000
0!
1#
1"
#5407000
1!
#5408000
0!
0#
0"
#5409000
1!
#5410000
0!
1#
1"
#5411000
1!
#5412000
0!
0#
0"
#5413000
1!
#5414000
0!
1#
1"
#5415000
1!
#5416000
0!
0#
0"
#5417000
1!
#5418000
0!
1#
1"
#5419000
1!
#5420000
0!
0#
0"
#5421000
1!
#5422000
0!
1#
1"
#5423000
1!
#5424000
0!
0#
0"
#5425000
1!
#5426000
0!
1#
1"
#5427000
1!
#5428000
0!
0#
0"
#5429000
1!
#5430000
0!
1#
1"
#5431000
1!
#5432000
0!
0#
0"
#5433000
1!
#5434000
0!
1#
1"
#5435000
1!
#5436000
0!
0#
0"
#5437000
1!
#5438000
0!
1#
1"
#5439000
1!
#5440000
0!
0#
0"
#5441000
1!
#5442000
0!
1#
1"
#5443000
1!
#5444000
0!
0#
0"
#5445000
1!
#5446000
0!
1#
1"
#5447000
1!
#5448000
0!
0#
0"
#5449000
1!
#5450000
0!
1#
1"
#5451000
1!
#5452000
0!
0#
0"
#5453000
1!
#5454000
0!
1#
1"
#5455000
1!
#5456000
0!
0#
0"
#5457000
1!
#5458000
0!
1#
1"
#5459000
1!
#5460000
0!
0#
0"
#5461000
1!
#5462000
0!
1#
1"
#5463000
1!
#5464000
0!
0#
0"
#5465000
1!
#5466000
0!
1#
1"
#5467000
1!
#5468000
0!
0#
0"
#5469000
1!
#5470000
0!
1#
1"
#5471000
1!
#5472000
0!
0#
0"
#5473000
1!
#5474000
0!
1#
1"
#5475000
1!
#5476000
0!
0#
0"
#5477000
1!
#5478000
0!
1#
1"
#5479000
1!
#5480000
0!
0#
0"
#5481000
1!
#5482000
0!
1#
1"
#5483000
1!
#5484000
0!
0#
0"
#5485000
1!
#5486000
0!
1#
1"
#5487000
1!
#5488000
0!
0#
0"
#5489000
1!
#5490000
0!
1#
1"
#5491000
1!
#5492000
0!
0#
0"
#5493000
1!
#5494000
0!
1#
1"
#5495000
1!
#5496000
0!
0#
0"
#5497000
1!
#5498000
0!
1#
1"
#5499000
1!
#5500000
0!
0#
0"
#5501000
1!
#5502000
0!
1#
1"
#5503000
1!
#5504000
0!
0#
0"
#5505000
1!
#5506000
0!
1#
1"
#5507000
1!
#5508000
0!
0#
0"
#5509000
1!
#5510000
0!
1#
1"
#5511000
1!
#5512000
0!
0#
0"
#5513000
1!
#5514000
0!
1#
1"
#5515000
1!
#5516000
0!
0#
0"
#5517000
1!
#5518000
0!
1#
1"
#5519000
1!
#5520000
0!
0#
0"
#5521000
1!
#5522000
0!
1#
1"
#5523000
1!
#5524000
0!
0#
0"
#5525000
1!
#5526000
0!
1#
1"
#5527000
1!
#5528000
0!
0#
0"
#5529000
1!
#5530000
0!
1#
1"
#5531000
1!
#5532000
0!
0#
0"
#5533000
1!
#5534000
0!
1#
1"
#5535000
1!
#5536000
0!
0#
0"
#5537000
1!
#5538000
0!
1#
1"
#5539000
1!
#5540000
0!
0#
0"
#5541000
1!
#5542000
0!
1#
1"
#5543000
1!
#5544000
0!
0#
0"
#5545000
1!
#5546000
0!
1#
1"
#5547000
1!
#5548000
0!
0#
0"
#5549000
1!
#5550000
0!
1#
1"
#5551000
1!
#5552000
0!
0#
0"
#5553000
1!
#5554000
0!
1#
1"
#5555000
1!
#5556000
0!
0#
0"
#5557000
1!
#5558000
0!
1#
1"
#5559000
1!
#5560000
0!
0#
0"
#5561000
1!
#5562000
0!
1#
1"
#5563000
1!
#5564000
0!
0#
0"
#5565000
1!
#5566000
0!
1#
1"
#5567000
1!
#5568000
0!
0#
0"
#5569000
1!
#5570000
0!
1#
1"
#5571000
1!
#5572000
0!
0#
0"
#5573000
1!
#5574000
0!
1#
1"
#5575000
1!
#5576000
0!
0#
0"
#5577000
1!
#5578000
0!
1#
1"
#5579000
1!
#5580000
0!
0#
0"
#5581000
1!
#5582000
0!
1#
1"
#5583000
1!
#5584000
0!
0#
0"
#5585000
1!
#5586000
0!
1#
1"
#5587000
1!
#5588000
0!
0#
0"
#5589000
1!
#5590000
0!
1#
1"
#5591000
1!
#5592000
0!
0#
0"
#5593000
1!
#5594000
0!
1#
1"
#5595000
1!
#5596000
0!
0#
0"
#5597000
1!
#5598000
0!
1#
1"
#5599000
1!
#5600000
0!
0#
0"
#5601000
1!
#5602000
0!
1#
1"
#5603000
1!
#5604000
0!
0#
0"
#5605000
1!
#5606000
0!
1#
1"
#5607000
1!
#5608000
0!
0#
0"
#5609000
1!
#5610000
0!
1#
1"
#5611000
1!
#5612000
0!
0#
0"
#5613000
1!
#5614000
0!
1#
1"
#5615000
1!
#5616000
0!
0#
0"
#5617000
1!
#5618000
0!
1#
1"
#5619000
1!
#5620000
0!
0#
0"
#5621000
1!
#5622000
0!
1#
1"
#5623000
1!
#5624000
0!
0#
0"
#5625000
1!
#5626000
0!
1#
1"
#5627000
1!
#5628000
0!
0#
0"
#5629000
1!
#5630000
0!
1#
1"
#5631000
1!
#5632000
0!
0#
0"
#5633000
1!
#5634000
0!
1#
1"
#5635000
1!
#5636000
0!
0#
0"
#5637000
1!
#5638000
0!
1#
1"
#5639000
1!
#5640000
0!
0#
0"
#5641000
1!
#5642000
0!
1#
1"
#5643000
1!
#5644000
0!
0#
0"
#5645000
1!
#5646000
0!
1#
1"
#5647000
1!
#5648000
0!
0#
0"
#5649000
1!
#5650000
0!
1#
1"
#5651000
1!
#5652000
0!
0#
0"
#5653000
1!
#5654000
0!
1#
1"
#5655000
1!
#5656000
0!
0#
0"
#5657000
1!
#5658000
0!
1#
1"
#5659000
1!
#5660000
0!
0#
0"
#5661000
1!
#5662000
0!
1#
1"
#5663000
1!
#5664000
0!
0#
0"
#5665000
1!
#5666000
0!
1#
1"
#5667000
1!
#5668000
0!
0#
0"
#5669000
1!
#5670000
0!
1#
1"
#5671000
1!
#5672000
0!
0#
0"
#5673000
1!
#5674000
0!
1#
1"
#5675000
1!
#5676000
0!
0#
0"
#5677000
1!
#5678000
0!
1#
1"
#5679000
1!
#5680000
0!
0#
0"
#5681000
1!
#5682000
0!
1#
1"
#5683000
1!
#5684000
0!
0#
0"
#5685000
1!
#5686000
0!
1#
1"
#5687000
1!
#5688000
0!
0#
0"
#5689000
1!
#5690000
0!
1#
1"
#5691000
1!
#5692000
0!
0#
0"
#5693000
1!
#5694000
0!
1#
1"
#5695000
1!
#5696000
0!
0#
0"
#5697000
1!
#5698000
0!
1#
1"
#5699000
1!
#5700000
0!
0#
0"
#5701000
1!
#5702000
0!
1#
1"
#5703000
1!
#5704000
0!
0#
0"
#5705000
1!
#5706000
0!
1#
1"
#5707000
1!
#5708000
0!
0#
0"
#5709000
1!
#5710000
0!
1#
1"
#5711000
1!
#5712000
0!
0#
0"
#5713000
1!
#5714000
0!
1#
1"
#5715000
1!
#5716000
0!
0#
0"
#5717000
1!
#5718000
0!
1#
1"
#5719000
1!
#5720000
0!
0#
0"
#5721000
1>
1!
#5722000
0!
1#
1"
#5723000
1!
#5724000
0!
0#
0"
#5725000
1!
#5726000
0!
1#
1"
#5727000
1!
#5728000
0!
0#
0"
#5729000
0>
1!
#5730000
0!
1#
1"
#5731000
1!
#5732000
0!
0#
0"
#5733000
1!
#5734000
1=
0!
1#
1"
#5735000
1!
#5736000
0!
0#
0"
#5737000
1!
#5738000
b11001100001011011001110101110011 <
b1110111011000011010111110010010 ;
1:
b11001100001011011001110101110011110001010001001001110100001010110111111100010000110100000111110111001111110111100000101111000001000010100000100100000110001001010011101111010010110111001001001100111100010110111111100110110101000111110000101100110011101000110010111100111111110100001101100010111010011100100010000001110111010111101011010101000100100110011010011110110100100101111111000011101001000110110100101110001110010001001011001010001000110011110001110111111110011011010101000101110111011000011010111110010010 D
b11001100001011011001110101110011110001010001001001110100001010110111111100010000110100000111110111001111110111100000101111000001000010100000100100000110001001010011101111010010110111001001001100111100010110111111100110110101000111110000101100110011101000110010111100111111110100001101100010111010011100100010000001110111010111101011010101000100100110011010011110110100100101111111000011101001000110110100101110001110010001001011001010001000110011110001110111111110011011010101000101110111011000011010111110010010 C
0!
1#
1"
#5739000
1!
#5740000
0!
0#
0"
#5741000
1!
#5742000
b10110110000011001101010111000010 <
b1000011010101110010100111001000 ;
1:
b10110110000011001101010111000010000010011110010010100001000110110001000111001100010101001000011110100101100001010010011001111000100101010001100101100000001010110110100110001100001101110110100001011010101110110000100011110010111000010001100100101100101001111010011110000110000011110011011010111001110100001110101000100010101101000111011111111010101111010000011111001011001000110001011110000100100100111011101011011111110110011011100001111100010100011111111100000000101001101100100001000011010101110010100111001000 D
b10110110000011001101010111000010000010011110010010100001000110110001000111001100010101001000011110100101100001010010011001111000100101010001100101100000001010110110100110001100001101110110100001011010101110110000100011110010111000010001100100101100101001111010011110000110000011110011011010111001110100001110101000100010101101000111011111111010101111010000011111001011001000110001011110000100100100111011101011011111110110011011100001111100010100011111111100000000101001101100100001000011010101110010100111001000 C
0!
1#
1"
#5743000
1!
#5744000
0!
0#
0"
#5745000
1!
#5746000
b11001110110100111100010110110000 <
b10100111100011000101101110010011 ;
1:
b11001110110100111100010110110000001001101011111010010100111010100010110001001011100010000001100001010101101111011101111001011001000010000111000111010010100001001100010110001001010000111001011110101111111110001110100000011111000010011001110011011000110101010010110110000010110011100010101001010111001001010111111101010100111011011001001000111000000110111111101110101101010111010001111111101011001000001101100100011110101101000001001010101000001010010110111000100001010110000001110010100111100011000101101110010011 D
b11001110110100111100010110110000001001101011111010010100111010100010110001001011100010000001100001010101101111011101111001011001000010000111000111010010100001001100010110001001010000111001011110101111111110001110100000011111000010011001110011011000110101010010110110000010110011100010101001010111001001010111111101010100111011011001001000111000000110111111101110101101010111010001111111101011001000001101100100011110101101000001001010101000001010010110111000100001010110000001110010100111100011000101101110010011 C
0!
1#
1"
#5747000
1!
#5748000
0!
0#
0"
#5749000
1!
#5750000
b101111100111000110110100110110 <
b10000100010010100011110011101111 ;
1:
b101111100111000110110100110110100011001011111110010001100101011101000110101110010110010110100000011100010100000101001010101101010001010010101100111101011000010101110010011110001100110010000000111101100010100001000011111100111100111011110000011001001011101001101011000111110001010001110101100100101011110100000011001111001001111011110001111101101000100110101110100110011101110110110011110000011100001001010101001010101101001000111011100010011110101100101110011000001101000011011010000100010010100011110011101111 D
b101111100111000110110100110110100011001011111110010001100101011101000110101110010110010110100000011100010100000101001010101101010001010010101100111101011000010101110010011110001100110010000000111101100010100001000011111100111100111011110000011001001011101001101011000111110001010001110101100100101011110100000011001111001001111011110001111101101000100110101110100110011101110110110011110000011100001001010101001010101101001000111011100010011110101100101110011000001101000011011010000100010010100011110011101111 C
0!
1#
1"
#5751000
1!
#5752000
0!
0#
0"
#5753000
1!
#5754000
0=
b11111000111001110010001011100110 <
b100010010110111111100110001000 ;
1:
b11111000111001110010001011100110111110011000100110000001111111001111010010100110110011111001010111100010100010110111000001000111000111010101110011010110100011101100111111010011100000011001001100111110111101001000001001101110100111011110101110000001001100100000101000111010110110001101001011100010101001001000000111001011000100011000111111101001011010000101110100111011000010001111110111101111100000010010110010111010110101001111111010000001101001001101101111011101101001001001001100100010010110111111100110001000 D
b11111000111001110010001011100110111110011000100110000001111111001111010010100110110011111001010111100010100010110111000001000111000111010101110011010110100011101100111111010011100000011001001100111110111101001000001001101110100111011110101110000001001100100000101000111010110110001101001011100010101001001000000111001011000100011000111111101001011010000101110100111011000010001111110111101111100000010010110010111010110101001111111010000001101001001101101111011101101001001001001100100010010110111111100110001000 C
0!
1#
1"
#5755000
1!
#5756000
0!
0#
0"
#5757000
1!
#5758000
0!
1#
1"
#5759000
1!
#5760000
0!
0#
0"
#5761000
1!
#5762000
0!
1#
1"
#5763000
1!
#5764000
0!
0#
0"
#5765000
1!
#5766000
0!
1#
1"
#5767000
1!
#5768000
0!
0#
0"
#5769000
1!
#5770000
0!
1#
1"
#5771000
1!
#5772000
0!
0#
0"
#5773000
1!
#5774000
0!
1#
1"
#5775000
1!
#5776000
0!
0#
0"
#5777000
1!
#5778000
0!
1#
1"
#5779000
1!
#5780000
0!
0#
0"
#5781000
1!
#5782000
0!
1#
1"
#5783000
1!
#5784000
0!
0#
0"
#5785000
1!
#5786000
0!
1#
1"
#5787000
1!
#5788000
0!
0#
0"
#5789000
1!
#5790000
0!
1#
1"
#5791000
1!
#5792000
0!
0#
0"
#5793000
1!
#5794000
0!
1#
1"
#5795000
1!
#5796000
0!
0#
0"
#5797000
1!
#5798000
0!
1#
1"
#5799000
1!
#5800000
0!
0#
0"
#5801000
1!
#5802000
0!
1#
1"
#5803000
1!
#5804000
0!
0#
0"
#5805000
1!
#5806000
0!
1#
1"
#5807000
1!
#5808000
0!
0#
0"
#5809000
1!
#5810000
0!
1#
1"
#5811000
1!
#5812000
0!
0#
0"
#5813000
1!
#5814000
0!
1#
1"
#5815000
1!
#5816000
0!
0#
0"
#5817000
1!
#5818000
0!
1#
1"
#5819000
1!
#5820000
0!
0#
0"
#5821000
1!
#5822000
0!
1#
1"
#5823000
1!
#5824000
0!
0#
0"
#5825000
1!
#5826000
0!
1#
1"
#5827000
1!
#5828000
0!
0#
0"
#5829000
1!
#5830000
0!
1#
1"
#5831000
1!
#5832000
0!
0#
0"
#5833000
1!
#5834000
0!
1#
1"
#5835000
1!
#5836000
0!
0#
0"
#5837000
1!
#5838000
0!
1#
1"
#5839000
1!
#5840000
0!
0#
0"
#5841000
1!
#5842000
0!
1#
1"
#5843000
1!
#5844000
0!
0#
0"
#5845000
1!
#5846000
0!
1#
1"
#5847000
1!
#5848000
0!
0#
0"
#5849000
1!
#5850000
0!
1#
1"
#5851000
1!
#5852000
0!
0#
0"
#5853000
1!
#5854000
0!
1#
1"
#5855000
1!
#5856000
0!
0#
0"
#5857000
1!
#5858000
0!
1#
1"
#5859000
1!
#5860000
0!
0#
0"
#5861000
1!
#5862000
0!
1#
1"
#5863000
1!
#5864000
0!
0#
0"
#5865000
1!
#5866000
0!
1#
1"
#5867000
1!
#5868000
0!
0#
0"
#5869000
1!
#5870000
0!
1#
1"
#5871000
1!
#5872000
0!
0#
0"
#5873000
1!
#5874000
0!
1#
1"
#5875000
1!
#5876000
0!
0#
0"
#5877000
1!
#5878000
0!
1#
1"
#5879000
1!
#5880000
0!
0#
0"
#5881000
1!
#5882000
0!
1#
1"
#5883000
1!
#5884000
0!
0#
0"
#5885000
1!
#5886000
0!
1#
1"
#5887000
1!
#5888000
0!
0#
0"
#5889000
1!
#5890000
0!
1#
1"
#5891000
1!
#5892000
0!
0#
0"
#5893000
1!
#5894000
0!
1#
1"
#5895000
1!
#5896000
0!
0#
0"
#5897000
1!
#5898000
0!
1#
1"
#5899000
1!
#5900000
0!
0#
0"
#5901000
1!
#5902000
0!
1#
1"
#5903000
1!
#5904000
0!
0#
0"
#5905000
1!
#5906000
0!
1#
1"
#5907000
1!
#5908000
0!
0#
0"
#5909000
1!
#5910000
0!
1#
1"
#5911000
1!
#5912000
0!
0#
0"
#5913000
1!
#5914000
0!
1#
1"
#5915000
1!
#5916000
0!
0#
0"
#5917000
1!
#5918000
0!
1#
1"
#5919000
1!
#5920000
0!
0#
0"
#5921000
1!
#5922000
0!
1#
1"
#5923000
1!
#5924000
0!
0#
0"
#5925000
1!
#5926000
0!
1#
1"
#5927000
1!
#5928000
0!
0#
0"
#5929000
1!
#5930000
0!
1#
1"
#5931000
1!
#5932000
0!
0#
0"
#5933000
1!
#5934000
0!
1#
1"
#5935000
1!
#5936000
0!
0#
0"
#5937000
1!
#5938000
0!
1#
1"
#5939000
1!
#5940000
0!
0#
0"
#5941000
1!
#5942000
0!
1#
1"
#5943000
1!
#5944000
0!
0#
0"
#5945000
1!
#5946000
0!
1#
1"
#5947000
1!
#5948000
0!
0#
0"
#5949000
1!
#5950000
0!
1#
1"
#5951000
1!
#5952000
0!
0#
0"
#5953000
1!
#5954000
0!
1#
1"
#5955000
1!
#5956000
0!
0#
0"
#5957000
1!
#5958000
0!
1#
1"
#5959000
1!
#5960000
0!
0#
0"
#5961000
1!
#5962000
0!
1#
1"
#5963000
1!
#5964000
0!
0#
0"
#5965000
1!
#5966000
0!
1#
1"
#5967000
1!
#5968000
0!
0#
0"
#5969000
1!
#5970000
0!
1#
1"
#5971000
1!
#5972000
0!
0#
0"
#5973000
1!
#5974000
0!
1#
1"
#5975000
1!
#5976000
0!
0#
0"
#5977000
1!
#5978000
0!
1#
1"
#5979000
1!
#5980000
0!
0#
0"
#5981000
1>
1!
#5982000
0!
1#
1"
#5983000
1!
#5984000
0!
0#
0"
#5985000
1!
#5986000
0!
1#
1"
#5987000
1!
#5988000
0!
0#
0"
#5989000
0>
1!
#5990000
0!
1#
1"
#5991000
1!
#5992000
0!
0#
0"
#5993000
1!
#5994000
1=
0!
1#
1"
#5995000
1!
#5996000
0!
0#
0"
#5997000
1!
#5998000
b11011110000100100101111101000110 <
b10110011001111000111111010010010 ;
1:
b11011110000100100101111101000110000101000001111001111111110101101000100010111010011111101110011001000110110010111001000000001101010001011011000000111011010100011110111100001110110101010111010110110000001010111011011011010110111000000110111011011011000110000001001111000011011011010100110111101001100101100010101010000111000101001111001010011010111111100001010110011001001101011000011110001000011000010000100101011010000100101000011010000000001001000010110001100011010100101100111010110011001111000111111010010010 D
b11011110000100100101111101000110000101000001111001111111110101101000100010111010011111101110011001000110110010111001000000001101010001011011000000111011010100011110111100001110110101010111010110110000001010111011011011010110111000000110111011011011000110000001001111000011011011010100110111101001100101100010101010000111000101001111001010011010111111100001010110011001001101011000011110001000011000010000100101011010000100101000011010000000001001000010110001100011010100101100111010110011001111000111111010010010 C
0!
1#
1"
#5999000
1!
#6000000
0!
0#
0"
#6001000
1!
#6002000
b10001001110011101010111001100000 <
b11000100010001100001000100000000 ;
1:
b10001001110011101010111001100000100110011001000001000011001010100111001100011110101000011110100101110110111101000111000101100110010011101110000111000100101110000000001110010101110111101111000010101110110010111011110010111000010101011101011111001110110111011110101001011001000110110000110011010100100100101000110111000111000111011111010000101111010000011110011101100101101011101011101100101101011101100111000111010100010011101001011100010000000111011100000000100001001100100001000011000100010001100001000100000000 D
b10001001110011101010111001100000100110011001000001000011001010100111001100011110101000011110100101110110111101000111000101100110010011101110000111000100101110000000001110010101110111101111000010101110110010111011110010111000010101011101011111001110110111011110101001011001000110110000110011010100100100101000110111000111000111011111010000101111010000011110011101100101101011101011101100101101011101100111000111010100010011101001011100010000000111011100000000100001001100100001000011000100010001100001000100000000 C
0!
1#
1"
#6003000
1!
#6004000
0!
0#
0"
#6005000
1!
#6006000
b10000100000100111000011100110001 <
b1001011000100100000111011100001 ;
1:
b10000100000100111000011100110001101010100101110010000111011011111100011100110111011001001010101100110111011100101100000001101101001101000001011011001000001010010110011010100101011110010000010101100001111111011110010111101100100111110011001001001011011001011101110000010001001000001011110111001100001000000111100001011010100101000101001000100100000010001110001101010010100001011110100101101100000101000110111110100101000000001101100110000110001100000011001010011000101001010100111101001011000100100000111011100001 D
b10000100000100111000011100110001101010100101110010000111011011111100011100110111011001001010101100110111011100101100000001101101001101000001011011001000001010010110011010100101011110010000010101100001111111011110010111101100100111110011001001001011011001011101110000010001001000001011110111001100001000000111100001011010100101000101001000100100000010001110001101010010100001011110100101101100000101000110111110100101000000001101100110000110001100000011001010011000101001010100111101001011000100100000111011100001 C
0!
1#
1"
#6007000
1!
#6008000
0!
0#
0"
#6009000
1!
#6010000
b11101000111101101001110100111000 <
b11011010101011111011101001100110 ;
1:
b11101000111101101001110100111000001011000101100010110101111101110000100100100010111110011101110010100000111101000001100110001101110011010100100010011011010000001001010110011010010100111011011010000000101000100111111011110110111100110110011011011011001111110111101000101001100111100000010001110000101110011100011011010111110011011110001010111010010010011000100100111101011110001101010001011111100101111001100001111100110010010111101100100000100101100100010001100010001111010110001111011010101011111011101001100110 D
b11101000111101101001110100111000001011000101100010110101111101110000100100100010111110011101110010100000111101000001100110001101110011010100100010011011010000001001010110011010010100111011011010000000101000100111111011110110111100110110011011011011001111110111101000101001100111100000010001110000101110011100011011010111110011011110001010111010010010011000100100111101011110001101010001011111100101111001100001111100110010010111101100100000100101100100010001100010001111010110001111011010101011111011101001100110 C
0!
1#
1"
#6011000
1!
#6012000
0!
0#
0"
#6013000
1!
#6014000
0=
b1101010001100010000111010100001 <
b11111011001101011010110010010 ;
1:
b1101010001100010000111010100001011010010101011111111101001110110111010001011000101100110111001100101000001001111101100010010100001011011100000000110111111001001010010101000101111001100111100101000001110000101110010110101110111100100101100110010001011011110100100111001001100100100000001110001111010111101111000010011010011011101001010110011000000111011100010100011000111111000110100100001110001110001010101101000110010000110100110011101011110110000101101100001111110011101100000000011111011001101011010110010010 D
b1101010001100010000111010100001011010010101011111111101001110110111010001011000101100110111001100101000001001111101100010010100001011011100000000110111111001001010010101000101111001100111100101000001110000101110010110101110111100100101100110010001011011110100100111001001100100100000001110001111010111101111000010011010011011101001010110011000000111011100010100011000111111000110100100001110001110001010101101000110010000110100110011101011110110000101101100001111110011101100000000011111011001101011010110010010 C
0!
1#
1"
#6015000
1!
#6016000
0!
0#
0"
#6017000
1!
#6018000
0!
1#
1"
#6019000
1!
#6020000
0!
0#
0"
#6021000
1!
#6022000
0!
1#
1"
#6023000
1!
#6024000
0!
0#
0"
#6025000
1!
#6026000
0!
1#
1"
#6027000
1!
#6028000
0!
0#
0"
#6029000
1!
#6030000
0!
1#
1"
#6031000
1!
#6032000
0!
0#
0"
#6033000
1!
#6034000
0!
1#
1"
#6035000
1!
#6036000
0!
0#
0"
#6037000
1!
#6038000
0!
1#
1"
#6039000
1!
#6040000
0!
0#
0"
#6041000
1!
#6042000
0!
1#
1"
#6043000
1!
#6044000
0!
0#
0"
#6045000
1!
#6046000
0!
1#
1"
#6047000
1!
#6048000
0!
0#
0"
#6049000
1!
#6050000
0!
1#
1"
#6051000
1!
#6052000
0!
0#
0"
#6053000
1!
#6054000
0!
1#
1"
#6055000
1!
#6056000
0!
0#
0"
#6057000
1!
#6058000
0!
1#
1"
#6059000
1!
#6060000
0!
0#
0"
#6061000
1!
#6062000
0!
1#
1"
#6063000
1!
#6064000
0!
0#
0"
#6065000
1!
#6066000
0!
1#
1"
#6067000
1!
#6068000
0!
0#
0"
#6069000
1!
#6070000
0!
1#
1"
#6071000
1!
#6072000
0!
0#
0"
#6073000
1!
#6074000
0!
1#
1"
#6075000
1!
#6076000
0!
0#
0"
#6077000
1!
#6078000
0!
1#
1"
#6079000
1!
#6080000
0!
0#
0"
#6081000
1!
#6082000
0!
1#
1"
#6083000
1!
#6084000
0!
0#
0"
#6085000
1!
#6086000
0!
1#
1"
#6087000
1!
#6088000
0!
0#
0"
#6089000
1!
#6090000
0!
1#
1"
#6091000
1!
#6092000
0!
0#
0"
#6093000
1!
#6094000
0!
1#
1"
#6095000
1!
#6096000
0!
0#
0"
#6097000
1!
#6098000
0!
1#
1"
#6099000
1!
#6100000
0!
0#
0"
#6101000
1!
#6102000
0!
1#
1"
#6103000
1!
#6104000
0!
0#
0"
#6105000
1!
#6106000
0!
1#
1"
#6107000
1!
#6108000
0!
0#
0"
#6109000
1!
#6110000
0!
1#
1"
#6111000
1!
#6112000
0!
0#
0"
#6113000
1!
#6114000
0!
1#
1"
#6115000
1!
#6116000
0!
0#
0"
#6117000
1!
#6118000
0!
1#
1"
#6119000
1!
#6120000
0!
0#
0"
#6121000
1!
#6122000
0!
1#
1"
#6123000
1!
#6124000
0!
0#
0"
#6125000
1!
#6126000
0!
1#
1"
#6127000
1!
#6128000
0!
0#
0"
#6129000
1!
#6130000
0!
1#
1"
#6131000
1!
#6132000
0!
0#
0"
#6133000
1!
#6134000
0!
1#
1"
#6135000
1!
#6136000
0!
0#
0"
#6137000
1!
#6138000
0!
1#
1"
#6139000
1!
#6140000
0!
0#
0"
#6141000
1!
#6142000
0!
1#
1"
#6143000
1!
#6144000
0!
0#
0"
#6145000
1!
#6146000
0!
1#
1"
#6147000
1!
#6148000
0!
0#
0"
#6149000
1!
#6150000
0!
1#
1"
#6151000
1!
#6152000
0!
0#
0"
#6153000
1!
#6154000
0!
1#
1"
#6155000
1!
#6156000
0!
0#
0"
#6157000
1!
#6158000
0!
1#
1"
#6159000
1!
#6160000
0!
0#
0"
#6161000
1!
#6162000
0!
1#
1"
#6163000
1!
#6164000
0!
0#
0"
#6165000
1!
#6166000
0!
1#
1"
#6167000
1!
#6168000
0!
0#
0"
#6169000
1!
#6170000
0!
1#
1"
#6171000
1!
#6172000
0!
0#
0"
#6173000
1!
#6174000
0!
1#
1"
#6175000
1!
#6176000
0!
0#
0"
#6177000
1!
#6178000
0!
1#
1"
#6179000
1!
#6180000
0!
0#
0"
#6181000
1!
#6182000
0!
1#
1"
#6183000
1!
#6184000
0!
0#
0"
#6185000
1!
#6186000
0!
1#
1"
#6187000
1!
#6188000
0!
0#
0"
#6189000
1!
#6190000
0!
1#
1"
#6191000
1!
#6192000
0!
0#
0"
#6193000
1!
#6194000
0!
1#
1"
#6195000
1!
#6196000
0!
0#
0"
#6197000
1!
#6198000
0!
1#
1"
#6199000
1!
#6200000
0!
0#
0"
#6201000
1!
#6202000
0!
1#
1"
#6203000
1!
#6204000
0!
0#
0"
#6205000
1!
#6206000
0!
1#
1"
#6207000
1!
#6208000
0!
0#
0"
#6209000
1!
#6210000
0!
1#
1"
#6211000
1!
#6212000
0!
0#
0"
#6213000
1!
#6214000
0!
1#
1"
#6215000
1!
#6216000
0!
0#
0"
#6217000
1!
#6218000
0!
1#
1"
#6219000
1!
#6220000
0!
0#
0"
#6221000
1!
#6222000
0!
1#
1"
#6223000
1!
#6224000
0!
0#
0"
#6225000
1!
#6226000
0!
1#
1"
#6227000
1!
#6228000
0!
0#
0"
#6229000
1!
#6230000
0!
1#
1"
#6231000
1!
#6232000
0!
0#
0"
#6233000
1!
#6234000
0!
1#
1"
#6235000
1!
#6236000
0!
0#
0"
#6237000
1!
#6238000
0!
1#
1"
#6239000
1!
#6240000
0!
0#
0"
#6241000
1!
#6242000
0!
1#
1"
#6243000
1>
1!
#6244000
0!
0#
0"
#6245000
1!
#6246000
0!
1#
1"
#6247000
1!
#6248000
0!
0#
0"
#6249000
1!
#6250000
0!
1#
1"
#6251000
0>
1!
#6252000
0!
0#
0"
#6253000
1!
#6254000
1=
0!
1#
1"
#6255000
1!
#6256000
0!
0#
0"
#6257000
1!
#6258000
b110101110101010011000111100100 <
b11001001010110110010010010110111 ;
1:
b110101110101010011000111100100100011100001001101010011100000000010011110011011110111101011101011100000101110001011000001000011010011101010010101100111101000000100100010001011000110000101001110001010011000111011101011000010110100011111101001010111000110110000100001101101000110101100011011101101010111110111011001101001111100010110011111101100100001101111100000011001110000111110111101110011000111010100110010000010001010111100011100111101101110100101110010011111100010001111111011001001010110110010010010110111 D
b110101110101010011000111100100100011100001001101010011100000000010011110011011110111101011101011100000101110001011000001000011010011101010010101100111101000000100100010001011000110000101001110001010011000111011101011000010110100011111101001010111000110110000100001101101000110101100011011101101010111110111011001101001111100010110011111101100100001101111100000011001110000111110111101110011000111010100110010000010001010111100011100111101101110100101110010011111100010001111111011001001010110110010010010110111 C
0!
1#
1"
#6259000
1!
#6260000
0!
0#
0"
#6261000
1!
#6262000
b10110001110000110001010111001101 <
b1100010111101000100001011010011 ;
1:
b10110001110000110001010111001101111010010110000010011111001010111001110111010000110100011011011000010001001010100011110111001100001101000010101000101011001100011101101010000010011100000011010010100001111011110001000111001101101100111011111001101000001001100111001100110111100010101011001111110000100100011110100010100100000000111100111100110001100010111100000001100000000101110011100111110110110111101011010001001111110000110111001100000111101110110011111111110000111100011111000001100010111101000100001011010011 D
b10110001110000110001010111001101111010010110000010011111001010111001110111010000110100011011011000010001001010100011110111001100001101000010101000101011001100011101101010000010011100000011010010100001111011110001000111001101101100111011111001101000001001100111001100110111100010101011001111110000100100011110100010100100000000111100111100110001100010111100000001100000000101110011100111110110110111101011010001001111110000110111001100000111101110110011111111110000111100011111000001100010111101000100001011010011 C
0!
1#
1"
#6263000
1!
#6264000
0!
0#
0"
#6265000
1!
#6266000
b111110010100000011100110110001 <
b11000000111110001011010000100000 ;
1:
b111110010100000011100110110001001010010011101010110111111011010001110110000011110001000001101111011001010000100010011010000110000111111001000000110101100100111011110110000111000111111000011100110111100000110001011011011001110010000110111011000101101111010010111010110000001111111010000001100011011001000110001111011000000010001000001110101101011110101101000111010100010101110001101100001111011100000011001110000010111101111101100111001011101100100010001010000011011111111011100011000000111110001011010000100000 D
b111110010100000011100110110001001010010011101010110111111011010001110110000011110001000001101111011001010000100010011010000110000111111001000000110101100100111011110110000111000111111000011100110111100000110001011011011001110010000110111011000101101111010010111010110000001111111010000001100011011001000110001111011000000010001000001110101101011110101101000111010100010101110001101100001111011100000011001110000010111101111101100111001011101100100010001010000011011111111011100011000000111110001011010000100000 C
0!
1#
1"
#6267000
1!
#6268000
0!
0#
0"
#6269000
1!
#6270000
b11010100101011001010101011111110 <
b11111011111000111000010111011001 ;
1:
b11010100101011001010101011111110101011000011010001011111101001010100001010101010000110100101011111101011011011111101000101011100101100101010010000111110100100011100011001001111010110010100011010101011111011011110001001000101111101000110011110110110010110101110011110101000111000001100100100011001000010011101110011010100101101100000100111100110010111101110010011101011111000101101111110000001101000000111010010100110011100110111001011011010001101110101111101001110000111100100110011111011111000111000010111011001 D
b11010100101011001010101011111110101011000011010001011111101001010100001010101010000110100101011111101011011011111101000101011100101100101010010000111110100100011100011001001111010110010100011010101011111011011110001001000101111101000110011110110110010110101110011110101000111000001100100100011001000010011101110011010100101101100000100111100110010111101110010011101011111000101101111110000001101000000111010010100110011100110111001011011010001101110101111101001110000111100100110011111011111000111000010111011001 C
0!
1#
1"
#6271000
1!
#6272000
0!
0#
0"
#6273000
1!
#6274000
0=
b1111101111000000011000101110 <
b111001011101101011010111011 ;
1:
b1111101111000000011000101110000010000100111000101101011110110100011001101001101110110101011001100000011101010000010011100111011110000011101000101011101011010001110010110010110011000101101110111000010110100110010001010010001001011110011110011000100011110011010001111111000100001110111110000010001100000101110111101011001110010111000001010100110101000100001010111100010010101101001101000011111110010011110101101100100101101100110010111100110010111100011101000011100010111101000000000111001011101101011010111011 D
b1111101111000000011000101110000010000100111000101101011110110100011001101001101110110101011001100000011101010000010011100111011110000011101000101011101011010001110010110010110011000101101110111000010110100110010001010010001001011110011110011000100011110011010001111111000100001110111110000010001100000101110111101011001110010111000001010100110101000100001010111100010010101101001101000011111110010011110101101100100101101100110010111100110010111100011101000011100010111101000000000111001011101101011010111011 C
0!
1#
1"
#6275000
1!
#6276000
0!
0#
0"
#6277000
1!
#6278000
0!
1#
1"
#6279000
1!
#6280000
0!
0#
0"
#6281000
1!
#6282000
0!
1#
1"
#6283000
1!
#6284000
0!
0#
0"
#6285000
1!
#6286000
0!
1#
1"
#6287000
1!
#6288000
0!
0#
0"
#6289000
1!
#6290000
0!
1#
1"
#6291000
1!
#6292000
0!
0#
0"
#6293000
1!
#6294000
0!
1#
1"
#6295000
1!
#6296000
0!
0#
0"
#6297000
1!
#6298000
0!
1#
1"
#6299000
1!
#6300000
0!
0#
0"
#6301000
1!
#6302000
0!
1#
1"
#6303000
1!
#6304000
0!
0#
0"
#6305000
1!
#6306000
0!
1#
1"
#6307000
1!
#6308000
0!
0#
0"
#6309000
1!
#6310000
0!
1#
1"
#6311000
1!
#6312000
0!
0#
0"
#6313000
1!
#6314000
0!
1#
1"
#6315000
1!
#6316000
0!
0#
0"
#6317000
1!
#6318000
0!
1#
1"
#6319000
1!
#6320000
0!
0#
0"
#6321000
1!
#6322000
0!
1#
1"
#6323000
1!
#6324000
0!
0#
0"
#6325000
1!
#6326000
0!
1#
1"
#6327000
1!
#6328000
0!
0#
0"
#6329000
1!
#6330000
0!
1#
1"
#6331000
1!
#6332000
0!
0#
0"
#6333000
1!
#6334000
0!
1#
1"
#6335000
1!
#6336000
0!
0#
0"
#6337000
1!
#6338000
0!
1#
1"
#6339000
1!
#6340000
0!
0#
0"
#6341000
1!
#6342000
0!
1#
1"
#6343000
1!
#6344000
0!
0#
0"
#6345000
1!
#6346000
0!
1#
1"
#6347000
1!
#6348000
0!
0#
0"
#6349000
1!
#6350000
0!
1#
1"
#6351000
1!
#6352000
0!
0#
0"
#6353000
1!
#6354000
0!
1#
1"
#6355000
1!
#6356000
0!
0#
0"
#6357000
1!
#6358000
0!
1#
1"
#6359000
1!
#6360000
0!
0#
0"
#6361000
1!
#6362000
0!
1#
1"
#6363000
1!
#6364000
0!
0#
0"
#6365000
1!
#6366000
0!
1#
1"
#6367000
1!
#6368000
0!
0#
0"
#6369000
1!
#6370000
0!
1#
1"
#6371000
1!
#6372000
0!
0#
0"
#6373000
1!
#6374000
0!
1#
1"
#6375000
1!
#6376000
0!
0#
0"
#6377000
1!
#6378000
0!
1#
1"
#6379000
1!
#6380000
0!
0#
0"
#6381000
1!
#6382000
0!
1#
1"
#6383000
1!
#6384000
0!
0#
0"
#6385000
1!
#6386000
0!
1#
1"
#6387000
1!
#6388000
0!
0#
0"
#6389000
1!
#6390000
0!
1#
1"
#6391000
1!
#6392000
0!
0#
0"
#6393000
1!
#6394000
0!
1#
1"
#6395000
1!
#6396000
0!
0#
0"
#6397000
1!
#6398000
0!
1#
1"
#6399000
1!
#6400000
0!
0#
0"
#6401000
1!
#6402000
0!
1#
1"
#6403000
1!
#6404000
0!
0#
0"
#6405000
1!
#6406000
0!
1#
1"
#6407000
1!
#6408000
0!
0#
0"
#6409000
1!
#6410000
0!
1#
1"
#6411000
1!
#6412000
0!
0#
0"
#6413000
1!
#6414000
0!
1#
1"
#6415000
1!
#6416000
0!
0#
0"
#6417000
1!
#6418000
0!
1#
1"
#6419000
1!
#6420000
0!
0#
0"
#6421000
1!
#6422000
0!
1#
1"
#6423000
1!
#6424000
0!
0#
0"
#6425000
1!
#6426000
0!
1#
1"
#6427000
1!
#6428000
0!
0#
0"
#6429000
1!
#6430000
0!
1#
1"
#6431000
1!
#6432000
0!
0#
0"
#6433000
1!
#6434000
0!
1#
1"
#6435000
1!
#6436000
0!
0#
0"
#6437000
1!
#6438000
0!
1#
1"
#6439000
1!
#6440000
0!
0#
0"
#6441000
1!
#6442000
0!
1#
1"
#6443000
1!
#6444000
0!
0#
0"
#6445000
1!
#6446000
0!
1#
1"
#6447000
1!
#6448000
0!
0#
0"
#6449000
1!
#6450000
0!
1#
1"
#6451000
1!
#6452000
0!
0#
0"
#6453000
1!
#6454000
0!
1#
1"
#6455000
1!
#6456000
0!
0#
0"
#6457000
1!
#6458000
0!
1#
1"
#6459000
1!
#6460000
0!
0#
0"
#6461000
1!
#6462000
0!
1#
1"
#6463000
1!
#6464000
0!
0#
0"
#6465000
1!
#6466000
0!
1#
1"
#6467000
1!
#6468000
0!
0#
0"
#6469000
1!
#6470000
0!
1#
1"
#6471000
1!
#6472000
0!
0#
0"
#6473000
1!
#6474000
0!
1#
1"
#6475000
1!
#6476000
0!
0#
0"
#6477000
1!
#6478000
0!
1#
1"
#6479000
1!
#6480000
0!
0#
0"
#6481000
1!
#6482000
0!
1#
1"
#6483000
1!
#6484000
0!
0#
0"
#6485000
1!
#6486000
0!
1#
1"
#6487000
1!
#6488000
0!
0#
0"
#6489000
1!
#6490000
0!
1#
1"
#6491000
1!
#6492000
0!
0#
0"
#6493000
1!
#6494000
0!
1#
1"
#6495000
1!
#6496000
0!
0#
0"
#6497000
1!
#6498000
0!
1#
1"
#6499000
1!
#6500000
0!
0#
0"
#6501000
1!
#6502000
0!
1#
1"
#6503000
1>
1!
#6504000
0!
0#
0"
#6505000
1!
#6506000
0!
1#
1"
#6507000
1!
#6508000
0!
0#
0"
#6509000
1!
#6510000
0!
1#
1"
#6511000
0>
1!
#6512000
0!
0#
0"
#6513000
1!
#6514000
1=
0!
1#
1"
#6515000
1!
#6516000
0!
0#
0"
#6517000
1!
#6518000
b1111101011010000110000111110101 <
b1110000110010001111001101111010 ;
1:
b1111101011010000110000111110101011110110001101100110011011011010101110010000010110011001101111111111010010010111110000011110011011100000001010101000110110101101001111001111110010111111100001011101011111000001000000111011001000010010100100111111101111111011111101111010110111100100110010010001001101010011000010100111010100001110011001111101010010111001000001111001010111011100111010011110110101010111101010101000111011011001100110011101001100101010011000001010001101001110101101001110000110010001111001101111010 D
b1111101011010000110000111110101011110110001101100110011011011010101110010000010110011001101111111111010010010111110000011110011011100000001010101000110110101101001111001111110010111111100001011101011111000001000000111011001000010010100100111111101111111011111101111010110111100100110010010001001101010011000010100111010100001110011001111101010010111001000001111001010111011100111010011110110101010111101010101000111011011001100110011101001100101010011000001010001101001110101101001110000110010001111001101111010 C
0!
1#
1"
#6519000
1!
#6520000
0!
0#
0"
#6521000
1!
#6522000
b1100101010011111100111010111 <
b10011111111011001000111101000101 ;
1:
b1100101010011111100111010111111011001001011100010111011000100011111111010000010001100100110111001110111110110100000110010001100001000011110101111110111111111000011011001011101000100001110101111100101000010011001101100010010100001110000111001010111101101100100011100011101110100100001111011001101110010100110111011101100111100110100011111100110110100000000111110110000001000010001001000000011101110011110101101011101100111110010111111000101000101101110100011001100010011111010110011111111011001000111101000101 D
b1100101010011111100111010111111011001001011100010111011000100011111111010000010001100100110111001110111110110100000110010001100001000011110101111110111111111000011011001011101000100001110101111100101000010011001101100010010100001110000111001010111101101100100011100011101110100100001111011001101110010100110111011101100111100110100011111100110110100000000111110110000001000010001001000000011101110011110101101011101100111110010111111000101000101101110100011001100010011111010110011111111011001000111101000101 C
0!
1#
1"
#6523000
1!
#6524000
0!
0#
0"
#6525000
1!
#6526000
b10011011111010000011110011010001 <
b11001000001010010011101001000010 ;
1:
b10011011111010000011110011010001010110101010110011000100100100011101011100110000101001101001101010110100111010100110011001011011011000111000001100100111111110001100000001001101100111010110101111000101000100100100010110100111000111000110100000001110010010100110011111011101101100010100010110010111110111000110100001101100110111100010000111010111000001000110000010101011010100100101001110011111101101101010101001101100000011010011110100110001100101101100110000000011001101000011100111001000001010010011101001000010 D
b10011011111010000011110011010001010110101010110011000100100100011101011100110000101001101001101010110100111010100110011001011011011000111000001100100111111110001100000001001101100111010110101111000101000100100100010110100111000111000110100000001110010010100110011111011101101100010100010110010111110111000110100001101100110111100010000111010111000001000110000010101011010100100101001110011111101101101010101001101100000011010011110100110001100101101100110000000011001101000011100111001000001010010011101001000010 C
0!
1#
1"
#6527000
1!
#6528000
0!
0#
0"
#6529000
1!
#6530000
b10101101000001100110101000001010 <
b1010001111100011010010110001111 ;
1:
b10101101000001100110101000001010010111100010010100111101010101101111110110010110000111010001001110110001101101111001101110111110010011000011110111010010000010000011101001110111101011010001110000001111001000110010000100010110111100011100110001001111100111111101110110011011101101100000101101101100000011000111010101110011100001001100110010000011000100010001000110001010011100011010111000111100101000000000111000001001000010000101111011100101001110010111011001111001101111110001010001010001111100011010010110001111 D
b10101101000001100110101000001010010111100010010100111101010101101111110110010110000111010001001110110001101101111001101110111110010011000011110111010010000010000011101001110111101011010001110000001111001000110010000100010110111100011100110001001111100111111101110110011011101101100000101101101100000011000111010101110011100001001100110010000011000100010001000110001010011100011010111000111100101000000000111000001001000010000101111011100101001110010111011001111001101111110001010001010001111100011010010110001111 C
0!
1#
1"
#6531000
1!
#6532000
0!
0#
0"
#6533000
1!
#6534000
0=
b111100111101111100100000111000 <
b11001001100000101010001010000111 ;
1:
b111100111101111100100000111000001011101110011101001010000011011010001110001000010110011000101101001010111001000011011100101100110011100000011100011001010101101011101111101101110000110110110010111110011101010111001011101011101101110101111100101110000111101100010110001111101000001000111101100100011000100000111010111101001011010111011011001100001110110011010000111001101110111011010100110111011111110111000111100001111100010110100010000111110111000011000010001011111001110101101111001001100000101010001010000111 D
b111100111101111100100000111000001011101110011101001010000011011010001110001000010110011000101101001010111001000011011100101100110011100000011100011001010101101011101111101101110000110110110010111110011101010111001011101011101101110101111100101110000111101100010110001111101000001000111101100100011000100000111010111101001011010111011011001100001110110011010000111001101110111011010100110111011111110111000111100001111100010110100010000111110111000011000010001011111001110101101111001001100000101010001010000111 C
0!
1#
1"
#6535000
1!
#6536000
0!
0#
0"
#6537000
1!
#6538000
0!
1#
1"
#6539000
1!
#6540000
0!
0#
0"
#6541000
1!
#6542000
0!
1#
1"
#6543000
1!
#6544000
0!
0#
0"
#6545000
1!
#6546000
0!
1#
1"
#6547000
1!
#6548000
0!
0#
0"
#6549000
1!
#6550000
0!
1#
1"
#6551000
1!
#6552000
0!
0#
0"
#6553000
1!
#6554000
0!
1#
1"
#6555000
1!
#6556000
0!
0#
0"
#6557000
1!
#6558000
0!
1#
1"
#6559000
1!
#6560000
0!
0#
0"
#6561000
1!
#6562000
0!
1#
1"
#6563000
1!
#6564000
0!
0#
0"
#6565000
1!
#6566000
0!
1#
1"
#6567000
1!
#6568000
0!
0#
0"
#6569000
1!
#6570000
0!
1#
1"
#6571000
1!
#6572000
0!
0#
0"
#6573000
1!
#6574000
0!
1#
1"
#6575000
1!
#6576000
0!
0#
0"
#6577000
1!
#6578000
0!
1#
1"
#6579000
1!
#6580000
0!
0#
0"
#6581000
1!
#6582000
0!
1#
1"
#6583000
1!
#6584000
0!
0#
0"
#6585000
1!
#6586000
0!
1#
1"
#6587000
1!
#6588000
0!
0#
0"
#6589000
1!
#6590000
0!
1#
1"
#6591000
1!
#6592000
0!
0#
0"
#6593000
1!
#6594000
0!
1#
1"
#6595000
1!
#6596000
0!
0#
0"
#6597000
1!
#6598000
0!
1#
1"
#6599000
1!
#6600000
0!
0#
0"
#6601000
1!
#6602000
0!
1#
1"
#6603000
1!
#6604000
0!
0#
0"
#6605000
1!
#6606000
0!
1#
1"
#6607000
1!
#6608000
0!
0#
0"
#6609000
1!
#6610000
0!
1#
1"
#6611000
1!
#6612000
0!
0#
0"
#6613000
1!
#6614000
0!
1#
1"
#6615000
1!
#6616000
0!
0#
0"
#6617000
1!
#6618000
0!
1#
1"
#6619000
1!
#6620000
0!
0#
0"
#6621000
1!
#6622000
0!
1#
1"
#6623000
1!
#6624000
0!
0#
0"
#6625000
1!
#6626000
0!
1#
1"
#6627000
1!
#6628000
0!
0#
0"
#6629000
1!
#6630000
0!
1#
1"
#6631000
1!
#6632000
0!
0#
0"
#6633000
1!
#6634000
0!
1#
1"
#6635000
1!
#6636000
0!
0#
0"
#6637000
1!
#6638000
0!
1#
1"
#6639000
1!
#6640000
0!
0#
0"
#6641000
1!
#6642000
0!
1#
1"
#6643000
1!
#6644000
0!
0#
0"
#6645000
1!
#6646000
0!
1#
1"
#6647000
1!
#6648000
0!
0#
0"
#6649000
1!
#6650000
0!
1#
1"
#6651000
1!
#6652000
0!
0#
0"
#6653000
1!
#6654000
0!
1#
1"
#6655000
1!
#6656000
0!
0#
0"
#6657000
1!
#6658000
0!
1#
1"
#6659000
1!
#6660000
0!
0#
0"
#6661000
1!
#6662000
0!
1#
1"
#6663000
1!
#6664000
0!
0#
0"
#6665000
1!
#6666000
0!
1#
1"
#6667000
1!
#6668000
0!
0#
0"
#6669000
1!
#6670000
0!
1#
1"
#6671000
1!
#6672000
0!
0#
0"
#6673000
1!
#6674000
0!
1#
1"
#6675000
1!
#6676000
0!
0#
0"
#6677000
1!
#6678000
0!
1#
1"
#6679000
1!
#6680000
0!
0#
0"
#6681000
1!
#6682000
0!
1#
1"
#6683000
1!
#6684000
0!
0#
0"
#6685000
1!
#6686000
0!
1#
1"
#6687000
1!
#6688000
0!
0#
0"
#6689000
1!
#6690000
0!
1#
1"
#6691000
1!
#6692000
0!
0#
0"
#6693000
1!
#6694000
0!
1#
1"
#6695000
1!
#6696000
0!
0#
0"
#6697000
1!
#6698000
0!
1#
1"
#6699000
1!
#6700000
0!
0#
0"
#6701000
1!
#6702000
0!
1#
1"
#6703000
1!
#6704000
0!
0#
0"
#6705000
1!
#6706000
0!
1#
1"
#6707000
1!
#6708000
0!
0#
0"
#6709000
1!
#6710000
0!
1#
1"
#6711000
1!
#6712000
0!
0#
0"
#6713000
1!
#6714000
0!
1#
1"
#6715000
1!
#6716000
0!
0#
0"
#6717000
1!
#6718000
0!
1#
1"
#6719000
1!
#6720000
0!
0#
0"
#6721000
1!
#6722000
0!
1#
1"
#6723000
1!
#6724000
0!
0#
0"
#6725000
1!
#6726000
0!
1#
1"
#6727000
1!
#6728000
0!
0#
0"
#6729000
1!
#6730000
0!
1#
1"
#6731000
1!
#6732000
0!
0#
0"
#6733000
1!
#6734000
0!
1#
1"
#6735000
1!
#6736000
0!
0#
0"
#6737000
1!
#6738000
0!
1#
1"
#6739000
1!
#6740000
0!
0#
0"
#6741000
1!
#6742000
0!
1#
1"
#6743000
1!
#6744000
0!
0#
0"
#6745000
1!
#6746000
0!
1#
1"
#6747000
1!
#6748000
0!
0#
0"
#6749000
1!
#6750000
0!
1#
1"
#6751000
1!
#6752000
0!
0#
0"
#6753000
1!
#6754000
0!
1#
1"
#6755000
1!
#6756000
0!
0#
0"
#6757000
1!
#6758000
0!
1#
1"
#6759000
1!
#6760000
0!
0#
0"
#6761000
1!
#6762000
0!
1#
1"
#6763000
1!
#6764000
0!
0#
0"
#6765000
1!
#6766000
0!
1#
1"
#6767000
1!
#6768000
0!
0#
0"
#6769000
1!
#6770000
0!
1#
1"
#6771000
1!
#6772000
0!
0#
0"
#6773000
1!
#6774000
0!
1#
1"
#6775000
1!
#6776000
0!
0#
0"
#6777000
1!
#6778000
0!
1#
1"
#6779000
1!
#6780000
0!
0#
0"
#6781000
1!
#6782000
0!
1#
1"
#6783000
1!
#6784000
0!
0#
0"
#6785000
1!
#6786000
0!
1#
1"
#6787000
1!
#6788000
0!
0#
0"
#6789000
1!
#6790000
0!
1#
1"
#6791000
1!
#6792000
0!
0#
0"
#6793000
1!
#6794000
0!
1#
1"
#6795000
1!
#6796000
0!
0#
0"
#6797000
1!
#6798000
0!
1#
1"
#6799000
1!
#6800000
0!
0#
0"
#6801000
1!
#6802000
0!
1#
1"
#6803000
1!
#6804000
0!
0#
0"
#6805000
1!
#6806000
0!
1#
1"
#6807000
1!
#6808000
0!
0#
0"
#6809000
1!
#6810000
0!
1#
1"
#6811000
1!
#6812000
0!
0#
0"
#6813000
1!
#6814000
0!
1#
1"
#6815000
1!
#6816000
0!
0#
0"
#6817000
1!
#6818000
0!
1#
1"
#6819000
1!
#6820000
0!
0#
0"
#6821000
1!
#6822000
0!
1#
1"
#6823000
1!
#6824000
0!
0#
0"
#6825000
1!
#6826000
0!
1#
1"
#6827000
1!
#6828000
0!
0#
0"
#6829000
1!
#6830000
0!
1#
1"
#6831000
1!
#6832000
0!
0#
0"
#6833000
1!
#6834000
0!
1#
1"
#6835000
1!
#6836000
0!
0#
0"
#6837000
1!
#6838000
0!
1#
1"
#6839000
1!
#6840000
0!
0#
0"
#6841000
1!
#6842000
0!
1#
1"
#6843000
1!
#6844000
0!
0#
0"
#6845000
1!
#6846000
0!
1#
1"
#6847000
1!
#6848000
0!
0#
0"
#6849000
1!
#6850000
0!
1#
1"
#6851000
1!
#6852000
0!
0#
0"
#6853000
1!
#6854000
0!
1#
1"
#6855000
1!
#6856000
0!
0#
0"
#6857000
1!
#6858000
0!
1#
1"
#6859000
1!
#6860000
0!
0#
0"
#6861000
1!
#6862000
0!
1#
1"
#6863000
1!
#6864000
0!
0#
0"
#6865000
1!
#6866000
0!
1#
1"
#6867000
1!
#6868000
0!
0#
0"
#6869000
1!
#6870000
0!
1#
1"
#6871000
1!
#6872000
0!
0#
0"
#6873000
1!
#6874000
0!
1#
1"
#6875000
1!
#6876000
0!
0#
0"
#6877000
1!
#6878000
0!
1#
1"
#6879000
1!
#6880000
0!
0#
0"
#6881000
1!
#6882000
0!
1#
1"
#6883000
1!
#6884000
0!
0#
0"
#6885000
1!
#6886000
0!
1#
1"
#6887000
1!
#6888000
0!
0#
0"
#6889000
1!
#6890000
0!
1#
1"
#6891000
1!
#6892000
0!
0#
0"
#6893000
1!
#6894000
0!
1#
1"
#6895000
1!
#6896000
0!
0#
0"
#6897000
1!
#6898000
0!
1#
1"
#6899000
1!
#6900000
0!
0#
0"
#6901000
1!
#6902000
0!
1#
1"
#6903000
1!
#6904000
0!
0#
0"
#6905000
1!
#6906000
0!
1#
1"
#6907000
1!
#6908000
0!
0#
0"
#6909000
1!
#6910000
0!
1#
1"
#6911000
1!
#6912000
0!
0#
0"
#6913000
1!
#6914000
0!
1#
1"
#6915000
1!
#6916000
0!
0#
0"
#6917000
1!
#6918000
0!
1#
1"
#6919000
1!
#6920000
0!
0#
0"
#6921000
1!
#6922000
0!
1#
1"
#6923000
1!
#6924000
0!
0#
0"
#6925000
1!
#6926000
0!
1#
1"
#6927000
1!
#6928000
0!
0#
0"
#6929000
1!
#6930000
0!
1#
1"
#6931000
1!
#6932000
0!
0#
0"
#6933000
1!
#6934000
0!
1#
1"
#6935000
1!
#6936000
0!
0#
0"
#6937000
1!
#6938000
0!
1#
1"
#6939000
1!
#6940000
0!
0#
0"
#6941000
1!
#6942000
0!
1#
1"
#6943000
1!
#6944000
0!
0#
0"
#6945000
1!
#6946000
0!
1#
1"
#6947000
1!
#6948000
0!
0#
0"
#6949000
1!
#6950000
0!
1#
1"
#6951000
1!
#6952000
0!
0#
0"
#6953000
1!
#6954000
0!
1#
1"
#6955000
1!
#6956000
0!
0#
0"
#6957000
1!
#6958000
0!
1#
1"
#6959000
1!
#6960000
0!
0#
0"
#6961000
1!
#6962000
0!
1#
1"
#6963000
1!
#6964000
0!
0#
0"
#6965000
1!
#6966000
0!
1#
1"
#6967000
1!
#6968000
0!
0#
0"
#6969000
1!
#6970000
0!
1#
1"
#6971000
1!
#6972000
0!
0#
0"
#6973000
1!
#6974000
0!
1#
1"
#6975000
1!
#6976000
0!
0#
0"
#6977000
1!
#6978000
0!
1#
1"
#6979000
1!
#6980000
0!
0#
0"
#6981000
1!
#6982000
0!
1#
1"
#6983000
1!
#6984000
0!
0#
0"
#6985000
1!
#6986000
0!
1#
1"
#6987000
1!
#6988000
0!
0#
0"
#6989000
1!
#6990000
0!
1#
1"
#6991000
1!
#6992000
0!
0#
0"
#6993000
1!
#6994000
0!
1#
1"
#6995000
1!
#6996000
0!
0#
0"
#6997000
1!
#6998000
0!
1#
1"
#6999000
1!
#7000000
0!
0#
0"
#7001000
1!
#7002000
0!
1#
1"
#7003000
1!
#7004000
0!
0#
0"
#7005000
1!
#7006000
0!
1#
1"
#7007000
1!
#7008000
0!
0#
0"
#7009000
1!
#7010000
0!
1#
1"
#7011000
1>
1!
#7012000
0!
0#
0"
#7013000
1!
#7014000
0!
1#
1"
#7015000
1!
#7016000
0!
0#
0"
#7017000
1!
#7018000
0!
1#
1"
#7019000
0>
1!
#7020000
0!
0#
0"
#7021000
1!
#7022000
1=
0!
1#
1"
#7023000
1!
#7024000
0!
0#
0"
#7025000
1!
#7026000
b11000101100110111010011010111110 <
b10101011100011110110001001000101 ;
1:
b11000101100110111010011010111110110000010100011101000111101111110111010100100110010011001000111000111101011100101000100000111011011101011110100011001110100111110010100011011011111000010101101101101100101001111000101010001101001001100010010000111011100100000001110110100010000100101010111000110101100010010001010011001101011110011110011010101111100011111011000011011001110100011110111010101101110100010111101010001111110111000001010110110010001010010110000001100111011010011000110010101011100011110110001001000101 D
b11000101100110111010011010111110110000010100011101000111101111110111010100100110010011001000111000111101011100101000100000111011011101011110100011001110100111110010100011011011111000010101101101101100101001111000101010001101001001100010010000111011100100000001110110100010000100101010111000110101100010010001010011001101011110011110011010101111100011111011000011011001110100011110111010101101110100010111101010001111110111000001010110110010001010010110000001100111011010011000110010101011100011110110001001000101 C
0!
1#
1"
#7027000
1!
#7028000
0!
0#
0"
#7029000
1!
#7030000
b11001110010111110011100001011 <
b10000011101101000101111111111000 ;
1:
b11001110010111110011100001011110010011000001000000111101011100111011110110010110010101011101010110000000101011101101110111101100101011111001110001111010100010110110001111101010010001001110000011010010000110010000100111101011011010010101100100011110001001101111111010111110100110010011010011011011111011010000000110111010000010100101000111111011110010101111010001010101001111000000101010011111011111011101101111100001111101000001011101111000001010010110010111011110101001111111010000011101101000101111111111000 D
b11001110010111110011100001011110010011000001000000111101011100111011110110010110010101011101010110000000101011101101110111101100101011111001110001111010100010110110001111101010010001001110000011010010000110010000100111101011011010010101100100011110001001101111111010111110100110010011010011011011111011010000000110111010000010100101000111111011110010101111010001010101001111000000101010011111011111011101101111100001111101000001011101111000001010010110010111011110101001111111010000011101101000101111111111000 C
0!
1#
1"
#7031000
1!
#7032000
0!
0#
0"
#7033000
1!
#7034000
b1001001011111000111101101001000 <
b11010000001001001011100001100011 ;
1:
b1001001011111000111101101001000101111010001111001100010011010010111011101111111001010111011001101100101011111001000001011011100000100110100101100101111010111000111010111110001001100010110000011100101010010001000010111100101101111001110110010101110000010011110010001100111110100010100001011011001011010011100101111101101101111100110010011111100100110000000100110110100100101001011011010111110010100001000010101010110000100011000011010011000111001000010110001010011010100101100111011010000001001001011100001100011 D
b1001001011111000111101101001000101111010001111001100010011010010111011101111111001010111011001101100101011111001000001011011100000100110100101100101111010111000111010111110001001100010110000011100101010010001000010111100101101111001110110010101110000010011110010001100111110100010100001011011001011010011100101111101101101111100110010011111100100110000000100110110100100101001011011010111110010100001000010101010110000100011000011010011000111001000010110001010011010100101100111011010000001001001011100001100011 C
0!
1#
1"
#7035000
1!
#7036000
0!
0#
0"
#7037000
1!
#7038000
b10010001111111100001000110101 <
b11000100010111011101000100000000 ;
1:
b10010001111111100001000110101110100010000110000001011111111011111011110101010101011101001101110001001000101011001101111001100010011111011100100111101011101001101010011011100000010011110011010001100011100000100111101100011111111110110010111101000101110110011110011111100101111011001010101010011111001000000101011110000010010100100011111011110011001111011001000101101101000100111011101100001011110100100001011010100010101100011010000001000111010110011000110011101001111111001111111000100010111011101000100000000 D
b10010001111111100001000110101110100010000110000001011111111011111011110101010101011101001101110001001000101011001101111001100010011111011100100111101011101001101010011011100000010011110011010001100011100000100111101100011111111110110010111101000101110110011110011111100101111011001010101010011111001000000101011110000010010100100011111011110011001111011001000101101101000100111011101100001011110100100001011010100010101100011010000001000111010110011000110011101001111111001111111000100010111011101000100000000 C
0!
1#
1"
#7039000
1!
#7040000
0!
0#
0"
#7041000
1!
#7042000
0=
b111111110000100111101110100010 <
b10000111000100010011100011001000 ;
1:
b111111110000100111101110100010100100000111010011100010001100010110001011010010111101010110111011010011011100010101011100011110110110111111100010100100100100110110101000011001111010011001100011110100011100001011010001001010101101001100111011100010011110100100110111011111000101000011101001101101010000100110011111100101101010011000001111010101111111001110000010101110100011011010110010101001111001011100101100001011100101110010111101101100010011000011111100100001100101001101100010000111000100010011100011001000 D
b111111110000100111101110100010100100000111010011100010001100010110001011010010111101010110111011010011011100010101011100011110110110111111100010100100100100110110101000011001111010011001100011110100011100001011010001001010101101001100111011100010011110100100110111011111000101000011101001101101010000100110011111100101101010011000001111010101111111001110000010101110100011011010110010101001111001011100101100001011100101110010111101101100010011000011111100100001100101001101100010000111000100010011100011001000 C
0!
1#
1"
#7043000
1!
#7044000
0!
0#
0"
#7045000
1!
#7046000
0!
1#
1"
#7047000
1!
#7048000
0!
0#
0"
#7049000
1!
#7050000
0!
1#
1"
#7051000
1!
#7052000
0!
0#
0"
#7053000
1!
#7054000
0!
1#
1"
#7055000
1!
#7056000
0!
0#
0"
#7057000
1!
#7058000
0!
1#
1"
#7059000
1!
#7060000
0!
0#
0"
#7061000
1!
#7062000
0!
1#
1"
#7063000
1!
#7064000
0!
0#
0"
#7065000
1!
#7066000
0!
1#
1"
#7067000
1!
#7068000
0!
0#
0"
#7069000
1!
#7070000
0!
1#
1"
#7071000
1!
#7072000
0!
0#
0"
#7073000
1!
#7074000
0!
1#
1"
#7075000
1!
#7076000
0!
0#
0"
#7077000
1!
#7078000
0!
1#
1"
#7079000
1!
#7080000
0!
0#
0"
#7081000
1!
#7082000
0!
1#
1"
#7083000
1!
#7084000
0!
0#
0"
#7085000
1!
#7086000
0!
1#
1"
#7087000
1!
#7088000
0!
0#
0"
#7089000
1!
#7090000
0!
1#
1"
#7091000
1!
#7092000
0!
0#
0"
#7093000
1!
#7094000
0!
1#
1"
#7095000
1!
#7096000
0!
0#
0"
#7097000
1!
#7098000
0!
1#
1"
#7099000
1!
#7100000
0!
0#
0"
#7101000
1!
#7102000
0!
1#
1"
#7103000
1!
#7104000
0!
0#
0"
#7105000
1!
#7106000
0!
1#
1"
#7107000
1!
#7108000
0!
0#
0"
#7109000
1!
#7110000
0!
1#
1"
#7111000
1!
#7112000
0!
0#
0"
#7113000
1!
#7114000
0!
1#
1"
#7115000
1!
#7116000
0!
0#
0"
#7117000
1!
#7118000
0!
1#
1"
#7119000
1!
#7120000
0!
0#
0"
#7121000
1!
#7122000
0!
1#
1"
#7123000
1!
#7124000
0!
0#
0"
#7125000
1!
#7126000
0!
1#
1"
#7127000
1!
#7128000
0!
0#
0"
#7129000
1!
#7130000
0!
1#
1"
#7131000
1!
#7132000
0!
0#
0"
#7133000
1!
#7134000
0!
1#
1"
#7135000
1!
#7136000
0!
0#
0"
#7137000
1!
#7138000
0!
1#
1"
#7139000
1!
#7140000
0!
0#
0"
#7141000
1!
#7142000
0!
1#
1"
#7143000
1!
#7144000
0!
0#
0"
#7145000
1!
#7146000
0!
1#
1"
#7147000
1!
#7148000
0!
0#
0"
#7149000
1!
#7150000
0!
1#
1"
#7151000
1!
#7152000
0!
0#
0"
#7153000
1!
#7154000
0!
1#
1"
#7155000
1!
#7156000
0!
0#
0"
#7157000
1!
#7158000
0!
1#
1"
#7159000
1!
#7160000
0!
0#
0"
#7161000
1!
#7162000
0!
1#
1"
#7163000
1!
#7164000
0!
0#
0"
#7165000
1!
#7166000
0!
1#
1"
#7167000
1!
#7168000
0!
0#
0"
#7169000
1!
#7170000
0!
1#
1"
#7171000
1!
#7172000
0!
0#
0"
#7173000
1!
#7174000
0!
1#
1"
#7175000
1!
#7176000
0!
0#
0"
#7177000
1!
#7178000
0!
1#
1"
#7179000
1!
#7180000
0!
0#
0"
#7181000
1!
#7182000
0!
1#
1"
#7183000
1!
#7184000
0!
0#
0"
#7185000
1!
#7186000
0!
1#
1"
#7187000
1!
#7188000
0!
0#
0"
#7189000
1!
#7190000
0!
1#
1"
#7191000
1!
#7192000
0!
0#
0"
#7193000
1!
#7194000
0!
1#
1"
#7195000
1!
#7196000
0!
0#
0"
#7197000
1!
#7198000
0!
1#
1"
#7199000
1!
#7200000
0!
0#
0"
#7201000
1!
#7202000
0!
1#
1"
#7203000
1!
#7204000
0!
0#
0"
#7205000
1!
#7206000
0!
1#
1"
#7207000
1!
#7208000
0!
0#
0"
#7209000
1!
#7210000
0!
1#
1"
#7211000
1!
#7212000
0!
0#
0"
#7213000
1!
#7214000
0!
1#
1"
#7215000
1!
#7216000
0!
0#
0"
#7217000
1!
#7218000
0!
1#
1"
#7219000
1!
#7220000
0!
0#
0"
#7221000
1!
#7222000
0!
1#
1"
#7223000
1!
#7224000
0!
0#
0"
#7225000
1!
#7226000
0!
1#
1"
#7227000
1!
#7228000
0!
0#
0"
#7229000
1!
#7230000
0!
1#
1"
#7231000
1!
#7232000
0!
0#
0"
#7233000
1!
#7234000
0!
1#
1"
#7235000
1!
#7236000
0!
0#
0"
#7237000
1!
#7238000
0!
1#
1"
#7239000
1!
#7240000
0!
0#
0"
#7241000
1!
#7242000
0!
1#
1"
#7243000
1!
#7244000
0!
0#
0"
#7245000
1!
#7246000
0!
1#
1"
#7247000
1!
#7248000
0!
0#
0"
#7249000
1!
#7250000
0!
1#
1"
#7251000
1!
#7252000
0!
0#
0"
#7253000
1!
#7254000
0!
1#
1"
#7255000
1!
#7256000
0!
0#
0"
#7257000
1!
#7258000
0!
1#
1"
#7259000
1!
#7260000
0!
0#
0"
#7261000
1!
#7262000
0!
1#
1"
#7263000
1!
#7264000
0!
0#
0"
#7265000
1!
#7266000
0!
1#
1"
#7267000
1!
#7268000
0!
0#
0"
#7269000
1!
#7270000
0!
1#
1"
#7271000
1>
1!
#7272000
0!
0#
0"
#7273000
1!
#7274000
0!
1#
1"
#7275000
1!
#7276000
0!
0#
0"
#7277000
1!
#7278000
0!
1#
1"
#7279000
0>
1!
#7280000
0!
0#
0"
#7281000
1!
#7282000
1=
0!
1#
1"
#7283000
1!
#7284000
0!
0#
0"
#7285000
1!
#7286000
b1001010110000000100001010000001 <
b11101100100111100101010101110010 ;
1:
b1001010110000000100001010000001100011001110001000010011100001011110101101111100111011001011001101100010110011110001111000110100001111000110011100011010101011011010001100101100001110101001001011001110000001010000110111110011100101101010111010010011101100001111000110010011111011101001011110011011000001010000011100001110011110011100000000011100000100110001100011111111110110001111011010000111001101001011011010111011101101001100101100101110000110010101110010111001111111010101001111101100100111100101010101110010 D
b1001010110000000100001010000001100011001110001000010011100001011110101101111100111011001011001101100010110011110001111000110100001111000110011100011010101011011010001100101100001110101001001011001110000001010000110111110011100101101010111010010011101100001111000110010011111011101001011110011011000001010000011100001110011110011100000000011100000100110001100011111111110110001111011010000111001101001011011010111011101101001100101100101110000110010101110010111001111111010101001111101100100111100101010101110010 C
0!
1#
1"
#7287000
1!
#7288000
0!
0#
0"
#7289000
1!
#7290000
b11000111011010101111000000001110 <
b1011110111001011000011010001001 ;
1:
b11000111011010101111000000001110101000001110011100100100011000101101100010001100101000001011010010111100101001000100101100100000100010000110001110100110001000011100100100000100011000001001011010111101001010000110111000001010000000001101101011000010000100011110000011101110010110110001100100010100000101101000011000011000111010100101111011000111111010111110001010011011000011111011100010101111111001110000110100110110011111011111010111000010111011001000111111111010000010010101010101011110111001011000011010001001 D
b11000111011010101111000000001110101000001110011100100100011000101101100010001100101000001011010010111100101001000100101100100000100010000110001110100110001000011100100100000100011000001001011010111101001010000110111000001010000000001101101011000010000100011110000011101110010110110001100100010100000101101000011000011000111010100101111011000111111010111110001010011011000011111011100010101111111001110000110100110110011111011111010111000010111011001000111111111010000010010101010101011110111001011000011010001001 C
0!
1#
1"
#7291000
1!
#7292000
0!
0#
0"
#7293000
1!
#7294000
b10010010110101100010110001000111 <
b111101001111010100110000011010 ;
1:
b10010010110101100010110001000111100100001101111001111100110001111000000011111110011111001110011011001010101011001010100011010011001100001001110011100001011010100110101010010110011001111110101001111111001101100110011111000000011011111011001000010000010111010100001111110011010010101101000101101101111110100111000101010001011111110001101001110001011101011001100000100011111101001001010011100001101110011000011111111100100101111011001001101010011111001000000011010010011010100101001100111101001111010100110000011010 D
b10010010110101100010110001000111100100001101111001111100110001111000000011111110011111001110011011001010101011001010100011010011001100001001110011100001011010100110101010010110011001111110101001111111001101100110011111000000011011111011001000010000010111010100001111110011010010101101000101101101111110100111000101010001011111110001101001110001011101011001100000100011111101001001010011100001101110011000011111111100100101111011001001101010011111001000000011010010011010100101001100111101001111010100110000011010 C
0!
1#
1"
#7295000
1!
#7296000
0!
0#
0"
#7297000
1!
#7298000
b11101011110001110110111010100010 <
b1111010011001110101101000100101 ;
1:
b11101011110001110110111010100010100110100000110100101100010101101010111100100001101000000101110010100110011100110010000001001110000010110001010101011100111100011010011110000101110011010010011000111010010010000000110000010100001100011001010010001100000000110001101110101110011101111000101100000100110010010101110011101110111001011001010101110110011110001110110110000000111101100110100011111011011111000100010111011000001110010100000110111101100111100111000011111100110110100011000001111010011001110101101000100101 D
b11101011110001110110111010100010100110100000110100101100010101101010111100100001101000000101110010100110011100110010000001001110000010110001010101011100111100011010011110000101110011010010011000111010010010000000110000010100001100011001010010001100000000110001101110101110011101111000101100000100110010010101110011101110111001011001010101110110011110001110110110000000111101100110100011111011011111000100010111011000001110010100000110111101100111100111000011111100110110100011000001111010011001110101101000100101 C
0!
1#
1"
#7299000
1!
#7300000
0!
0#
0"
#7301000
1!
#7302000
0=
b111000000011011011101110101101 <
b10100110101100100101001111010011 ;
1:
b111000000011011011101110101101011100001111000011011100000000011110111011001110011100000101111101100111110111100100110010101010011110101100101111101111100010011101100100010111101011101100010000001111001001001010110101110101111001100110100110100110111110111001100101101110100100011011111100100100000000110110010101100011000111100011101100011110110010100010011100000101101110011000001011011011101010001100010110011011100011011110010000010111101001101111111111010001110000111110000010100110101100100101001111010011 D
b111000000011011011101110101101011100001111000011011100000000011110111011001110011100000101111101100111110111100100110010101010011110101100101111101111100010011101100100010111101011101100010000001111001001001010110101110101111001100110100110100110111110111001100101101110100100011011111100100100000000110110010101100011000111100011101100011110110010100010011100000101101110011000001011011011101010001100010110011011100011011110010000010111101001101111111111010001110000111110000010100110101100100101001111010011 C
0!
1#
1"
#7303000
1!
#7304000
0!
0#
0"
#7305000
1!
#7306000
0!
1#
1"
#7307000
1!
#7308000
0!
0#
0"
#7309000
1!
#7310000
0!
1#
1"
#7311000
1!
#7312000
0!
0#
0"
#7313000
1!
#7314000
0!
1#
1"
#7315000
1!
#7316000
0!
0#
0"
#7317000
1!
#7318000
0!
1#
1"
#7319000
1!
#7320000
0!
0#
0"
#7321000
1!
#7322000
0!
1#
1"
#7323000
1!
#7324000
0!
0#
0"
#7325000
1!
#7326000
0!
1#
1"
#7327000
1!
#7328000
0!
0#
0"
#7329000
1!
#7330000
0!
1#
1"
#7331000
1!
#7332000
0!
0#
0"
#7333000
1!
#7334000
0!
1#
1"
#7335000
1!
#7336000
0!
0#
0"
#7337000
1!
#7338000
0!
1#
1"
#7339000
1!
#7340000
0!
0#
0"
#7341000
1!
#7342000
0!
1#
1"
#7343000
1!
#7344000
0!
0#
0"
#7345000
1!
#7346000
0!
1#
1"
#7347000
1!
#7348000
0!
0#
0"
#7349000
1!
#7350000
0!
1#
1"
#7351000
1!
#7352000
0!
0#
0"
#7353000
1!
#7354000
0!
1#
1"
#7355000
1!
#7356000
0!
0#
0"
#7357000
1!
#7358000
0!
1#
1"
#7359000
1!
#7360000
0!
0#
0"
#7361000
1!
#7362000
0!
1#
1"
#7363000
1!
#7364000
0!
0#
0"
#7365000
1!
#7366000
0!
1#
1"
#7367000
1!
#7368000
0!
0#
0"
#7369000
1!
#7370000
0!
1#
1"
#7371000
1!
#7372000
0!
0#
0"
#7373000
1!
#7374000
0!
1#
1"
#7375000
1!
#7376000
0!
0#
0"
#7377000
1!
#7378000
0!
1#
1"
#7379000
1!
#7380000
0!
0#
0"
#7381000
1!
#7382000
0!
1#
1"
#7383000
1!
#7384000
0!
0#
0"
#7385000
1!
#7386000
0!
1#
1"
#7387000
1!
#7388000
0!
0#
0"
#7389000
1!
#7390000
0!
1#
1"
#7391000
1!
#7392000
0!
0#
0"
#7393000
1!
#7394000
0!
1#
1"
#7395000
1!
#7396000
0!
0#
0"
#7397000
1!
#7398000
0!
1#
1"
#7399000
1!
#7400000
0!
0#
0"
#7401000
1!
#7402000
0!
1#
1"
#7403000
1!
#7404000
0!
0#
0"
#7405000
1!
#7406000
0!
1#
1"
#7407000
1!
#7408000
0!
0#
0"
#7409000
1!
#7410000
0!
1#
1"
#7411000
1!
#7412000
0!
0#
0"
#7413000
1!
#7414000
0!
1#
1"
#7415000
1!
#7416000
0!
0#
0"
#7417000
1!
#7418000
0!
1#
1"
#7419000
1!
#7420000
0!
0#
0"
#7421000
1!
#7422000
0!
1#
1"
#7423000
1!
#7424000
0!
0#
0"
#7425000
1!
#7426000
0!
1#
1"
#7427000
1!
#7428000
0!
0#
0"
#7429000
1!
#7430000
0!
1#
1"
#7431000
1!
#7432000
0!
0#
0"
#7433000
1!
#7434000
0!
1#
1"
#7435000
1!
#7436000
0!
0#
0"
#7437000
1!
#7438000
0!
1#
1"
#7439000
1!
#7440000
0!
0#
0"
#7441000
1!
#7442000
0!
1#
1"
#7443000
1!
#7444000
0!
0#
0"
#7445000
1!
#7446000
0!
1#
1"
#7447000
1!
#7448000
0!
0#
0"
#7449000
1!
#7450000
0!
1#
1"
#7451000
1!
#7452000
0!
0#
0"
#7453000
1!
#7454000
0!
1#
1"
#7455000
1!
#7456000
0!
0#
0"
#7457000
1!
#7458000
0!
1#
1"
#7459000
1!
#7460000
0!
0#
0"
#7461000
1!
#7462000
0!
1#
1"
#7463000
1!
#7464000
0!
0#
0"
#7465000
1!
#7466000
0!
1#
1"
#7467000
1!
#7468000
0!
0#
0"
#7469000
1!
#7470000
0!
1#
1"
#7471000
1!
#7472000
0!
0#
0"
#7473000
1!
#7474000
0!
1#
1"
#7475000
1!
#7476000
0!
0#
0"
#7477000
1!
#7478000
0!
1#
1"
#7479000
1!
#7480000
0!
0#
0"
#7481000
1!
#7482000
0!
1#
1"
#7483000
1!
#7484000
0!
0#
0"
#7485000
1!
#7486000
0!
1#
1"
#7487000
1!
#7488000
0!
0#
0"
#7489000
1!
#7490000
0!
1#
1"
#7491000
1!
#7492000
0!
0#
0"
#7493000
1!
#7494000
0!
1#
1"
#7495000
1!
#7496000
0!
0#
0"
#7497000
1!
#7498000
0!
1#
1"
#7499000
1!
#7500000
0!
0#
0"
#7501000
1!
#7502000
0!
1#
1"
#7503000
1!
#7504000
0!
0#
0"
#7505000
1!
#7506000
0!
1#
1"
#7507000
1!
#7508000
0!
0#
0"
#7509000
1!
#7510000
0!
1#
1"
#7511000
1!
#7512000
0!
0#
0"
#7513000
1!
#7514000
0!
1#
1"
#7515000
1!
#7516000
0!
0#
0"
#7517000
1!
#7518000
0!
1#
1"
#7519000
1!
#7520000
0!
0#
0"
#7521000
1!
#7522000
0!
1#
1"
#7523000
1!
#7524000
0!
0#
0"
#7525000
1!
#7526000
0!
1#
1"
#7527000
1!
#7528000
0!
0#
0"
#7529000
1!
#7530000
0!
1#
1"
#7531000
1!
#7532000
0!
0#
0"
#7533000
1>
1!
#7534000
0!
1#
1"
#7535000
1!
#7536000
0!
0#
0"
#7537000
1!
#7538000
0!
1#
1"
#7539000
1!
#7540000
0!
0#
0"
#7541000
0>
1!
#7542000
0!
1#
1"
#7543000
1!
#7544000
0!
0#
0"
#7545000
1!
#7546000
1=
0!
1#
1"
#7547000
1!
#7548000
0!
0#
0"
#7549000
1!
#7550000
b10111010010000111011111010000000 <
b10001011111010101011101011000001 ;
1:
b10111010010000111011111010000000100000110110011000110000100000101101101010110100101000001011000011101110001100001110011011101011001010111000011011111101101110101101101100100010011001101000001001010110011111101111001100110101010101110101110010001110110110001111001010100001000111110001110110101111010001000001101110000010100111001101000110001001011100100011001010000110110100101111001001100011011001000101110000100111111101110000000001001101100000100001000000011011110110101111011110001011111010101011101011000001 D
b10111010010000111011111010000000100000110110011000110000100000101101101010110100101000001011000011101110001100001110011011101011001010111000011011111101101110101101101100100010011001101000001001010110011111101111001100110101010101110101110010001110110110001111001010100001000111110001110110101111010001000001101110000010100111001101000110001001011100100011001010000110110100101111001001100011011001000101110000100111111101110000000001001101100000100001000000011011110110101111011110001011111010101011101011000001 C
0!
1#
1"
#7551000
1!
#7552000
0!
0#
0"
#7553000
1!
#7554000
b111100010110100011011111000110 <
b100001010011000011111110111111 ;
1:
b111100010110100011011111000110100000000110110011101010010100100100101110001000111000111000101101001011100110111100100011010001011111111110110010100101110100010101001111010101000010101111000000101011010011111001110010110011000001110000000101101101011001011001110110000001011111101100110101101001101100000001101000000011011110111110101101011100000101110110110111010110100110100000101111011110001101111110110011011010101110100000100111111010101000010001101100101100001000110010111100100001010011000011111110111111 D
b111100010110100011011111000110100000000110110011101010010100100100101110001000111000111000101101001011100110111100100011010001011111111110110010100101110100010101001111010101000010101111000000101011010011111001110010110011000001110000000101101101011001011001110110000001011111101100110101101001101100000001101000000011011110111110101101011100000101110110110111010110100110100000101111011110001101111110110011011010101110100000100111111010101000010001101100101100001000110010111100100001010011000011111110111111 C
0!
1#
1"
#7555000
1!
#7556000
0!
0#
0"
#7557000
1!
#7558000
b1100101100011010000100010001111 <
b11000010010000110001100101001 ;
1:
b1100101100011010000100010001111011000010001100111010000010000000011001000110001000010000010010101001000010100101101110001110011010101011111101000011100010010011011100111110111001010100010001011111001100110001000000111111100110101111011111000001001111000000111110110110110100000101110110000001101011011101010110101110001010101111110010111001100110010011000011110100100101101101011101001001101110000011001011000101010110101011000000001010111000100111001110001001100010001010001000000011000010010000110001100101001 D
b1100101100011010000100010001111011000010001100111010000010000000011001000110001000010000010010101001000010100101101110001110011010101011111101000011100010010011011100111110111001010100010001011111001100110001000000111111100110101111011111000001001111000000111110110110110100000101110110000001101011011101010110101110001010101111110010111001100110010011000011110100100101101101011101001001101110000011001011000101010110101011000000001010111000100111001110001001100010001010001000000011000010010000110001100101001 C
0!
1#
1"
#7559000
1!
#7560000
0!
0#
0"
#7561000
1!
#7562000
b1001000101111010101000000010001 <
b10111001100100111101011111001101 ;
1:
b1001000101111010101000000010001111101010000100001100000111011010111101100011001000100100110010100011010111100110101000010110000001111101011000000100001011101101101011011110101010001111001000101100001100000110011101100011011110110001011001110101010111001101111001110111011111010001010001001100100111101101111001101010011011101100101010000000110110110100111101111010011001011011001101110000101101101101001100111000101010001110000101111010100001011110110110011001110001011111010010010111001100100111101011111001101 D
b1001000101111010101000000010001111101010000100001100000111011010111101100011001000100100110010100011010111100110101000010110000001111101011000000100001011101101101011011110101010001111001000101100001100000110011101100011011110110001011001110101010111001101111001110111011111010001010001001100100111101101111001101010011011101100101010000000110110110100111101111010011001011011001101110000101101101101001100111000101010001110000101111010100001011110110110011001110001011111010010010111001100100111101011111001101 C
0!
1#
1"
#7563000
1!
#7564000
0!
0#
0"
#7565000
1!
#7566000
0=
b10111101011010101110110000011010 <
b11111101000110001100110110010110 ;
1:
b10111101011010101110110000011010000001011111011110001000010010011010001000000000100101111111101111011111110100010111110001011101101100000001011101010101110011100101110001001001110100100010100111011101010011100010001010101111111000110101111110100010110100001011101111010100001100001111000000101001001010001010010101111001100111011010011111001101010100011100000110010110000100110001101110110110101010011000100100100100011100001001011011111111000110011110001011101001011110000000010111111101000110001100110110010110 D
b10111101011010101110110000011010000001011111011110001000010010011010001000000000100101111111101111011111110100010111110001011101101100000001011101010101110011100101110001001001110100100010100111011101010011100010001010101111111000110101111110100010110100001011101111010100001100001111000000101001001010001010010101111001100111011010011111001101010100011100000110010110000100110001101110110110101010011000100100100100011100001001011011111111000110011110001011101001011110000000010111111101000110001100110110010110 C
0!
1#
1"
#7567000
1!
#7568000
0!
0#
0"
#7569000
1!
#7570000
0!
1#
1"
#7571000
1!
#7572000
0!
0#
0"
#7573000
1!
#7574000
0!
1#
1"
#7575000
1!
#7576000
0!
0#
0"
#7577000
1!
#7578000
0!
1#
1"
#7579000
1!
#7580000
0!
0#
0"
#7581000
1!
#7582000
0!
1#
1"
#7583000
1!
#7584000
0!
0#
0"
#7585000
1!
#7586000
0!
1#
1"
#7587000
1!
#7588000
0!
0#
0"
#7589000
1!
#7590000
0!
1#
1"
#7591000
1!
#7592000
0!
0#
0"
#7593000
1!
#7594000
0!
1#
1"
#7595000
1!
#7596000
0!
0#
0"
#7597000
1!
#7598000
0!
1#
1"
#7599000
1!
#7600000
0!
0#
0"
#7601000
1!
#7602000
0!
1#
1"
#7603000
1!
#7604000
0!
0#
0"
#7605000
1!
#7606000
0!
1#
1"
#7607000
1!
#7608000
0!
0#
0"
#7609000
1!
#7610000
0!
1#
1"
#7611000
1!
#7612000
0!
0#
0"
#7613000
1!
#7614000
0!
1#
1"
#7615000
1!
#7616000
0!
0#
0"
#7617000
1!
#7618000
0!
1#
1"
#7619000
1!
#7620000
0!
0#
0"
#7621000
1!
#7622000
0!
1#
1"
#7623000
1!
#7624000
0!
0#
0"
#7625000
1!
#7626000
0!
1#
1"
#7627000
1!
#7628000
0!
0#
0"
#7629000
1!
#7630000
0!
1#
1"
#7631000
1!
#7632000
0!
0#
0"
#7633000
1!
#7634000
0!
1#
1"
#7635000
1!
#7636000
0!
0#
0"
#7637000
1!
#7638000
0!
1#
1"
#7639000
1!
#7640000
0!
0#
0"
#7641000
1!
#7642000
0!
1#
1"
#7643000
1!
#7644000
0!
0#
0"
#7645000
1!
#7646000
0!
1#
1"
#7647000
1!
#7648000
0!
0#
0"
#7649000
1!
#7650000
0!
1#
1"
#7651000
1!
#7652000
0!
0#
0"
#7653000
1!
#7654000
0!
1#
1"
#7655000
1!
#7656000
0!
0#
0"
#7657000
1!
#7658000
0!
1#
1"
#7659000
1!
#7660000
0!
0#
0"
#7661000
1!
#7662000
0!
1#
1"
#7663000
1!
#7664000
0!
0#
0"
#7665000
1!
#7666000
0!
1#
1"
#7667000
1!
#7668000
0!
0#
0"
#7669000
1!
#7670000
0!
1#
1"
#7671000
1!
#7672000
0!
0#
0"
#7673000
1!
#7674000
0!
1#
1"
#7675000
1!
#7676000
0!
0#
0"
#7677000
1!
#7678000
0!
1#
1"
#7679000
1!
#7680000
0!
0#
0"
#7681000
1!
#7682000
0!
1#
1"
#7683000
1!
#7684000
0!
0#
0"
#7685000
1!
#7686000
0!
1#
1"
#7687000
1!
#7688000
0!
0#
0"
#7689000
1!
#7690000
0!
1#
1"
#7691000
1!
#7692000
0!
0#
0"
#7693000
1!
#7694000
0!
1#
1"
#7695000
1!
#7696000
0!
0#
0"
#7697000
1!
#7698000
0!
1#
1"
#7699000
1!
#7700000
0!
0#
0"
#7701000
1!
#7702000
0!
1#
1"
#7703000
1!
#7704000
0!
0#
0"
#7705000
1!
#7706000
0!
1#
1"
#7707000
1!
#7708000
0!
0#
0"
#7709000
1!
#7710000
0!
1#
1"
#7711000
1!
#7712000
0!
0#
0"
#7713000
1!
#7714000
0!
1#
1"
#7715000
1!
#7716000
0!
0#
0"
#7717000
1!
#7718000
0!
1#
1"
#7719000
1!
#7720000
0!
0#
0"
#7721000
1!
#7722000
0!
1#
1"
#7723000
1!
#7724000
0!
0#
0"
#7725000
1!
#7726000
0!
1#
1"
#7727000
1!
#7728000
0!
0#
0"
#7729000
1!
#7730000
0!
1#
1"
#7731000
1!
#7732000
0!
0#
0"
#7733000
1!
#7734000
0!
1#
1"
#7735000
1!
#7736000
0!
0#
0"
#7737000
1!
#7738000
0!
1#
1"
#7739000
1!
#7740000
0!
0#
0"
#7741000
1!
#7742000
0!
1#
1"
#7743000
1!
#7744000
0!
0#
0"
#7745000
1!
#7746000
0!
1#
1"
#7747000
1!
#7748000
0!
0#
0"
#7749000
1!
#7750000
0!
1#
1"
#7751000
1!
#7752000
0!
0#
0"
#7753000
1!
#7754000
0!
1#
1"
#7755000
1!
#7756000
0!
0#
0"
#7757000
1!
#7758000
0!
1#
1"
#7759000
1!
#7760000
0!
0#
0"
#7761000
1!
#7762000
0!
1#
1"
#7763000
1!
#7764000
0!
0#
0"
#7765000
1!
#7766000
0!
1#
1"
#7767000
1!
#7768000
0!
0#
0"
#7769000
1!
#7770000
0!
1#
1"
#7771000
1!
#7772000
0!
0#
0"
#7773000
1!
#7774000
0!
1#
1"
#7775000
1!
#7776000
0!
0#
0"
#7777000
1!
#7778000
0!
1#
1"
#7779000
1!
#7780000
0!
0#
0"
#7781000
1!
#7782000
0!
1#
1"
#7783000
1!
#7784000
0!
0#
0"
#7785000
1!
#7786000
0!
1#
1"
#7787000
1!
#7788000
0!
0#
0"
#7789000
1!
#7790000
0!
1#
1"
#7791000
1!
#7792000
0!
0#
0"
#7793000
1>
1!
#7794000
0!
1#
1"
#7795000
1!
#7796000
0!
0#
0"
#7797000
1!
#7798000
0!
1#
1"
#7799000
1!
#7800000
0!
0#
0"
#7801000
0>
1!
#7802000
0!
1#
1"
#7803000
1>
1!
#7804000
0!
0#
0"
#7805000
1!
#7806000
1=
0!
1#
1"
#7807000
0>
1!
#7808000
0!
0#
0"
#7809000
1!
#7810000
b10100101101110000000010101100000 <
b1000110100011000111001100010 ;
1:
b10100101101110000000010101100000011100111001011001110011011111001100101010110011011000101000000101101101101010000100000011011101011111000001001100010010011010110111110111001010100000101110110011110010100100010101001101111110110101000000011011001011111101110100100101101101100011101110010111110100101110000000101110110100110101101010001001111010011111101011000101111111000001010100100010010000110001101001100111101110111110101110010011111010001001001110111010000000010010111000000100001000110100011000111001100010 D
b10100101101110000000010101100000011100111001011001110011011111001100101010110011011000101000000101101101101010000100000011011101011111000001001100010010011010110111110111001010100000101110110011110010100100010101001101111110110101000000011011001011111101110100100101101101100011101110010111110100101110000000101110110100110101101010001001111010011111101011000101111111000001010100100010010000110001101001100111101110111110101110010011111010001001001110111010000000010010111000000100001000110100011000111001100010 C
0!
1#
1"
#7811000
1!
#7812000
0!
0#
0"
#7813000
1!
#7814000
b1111001101010101100000011110100 <
b10101010000100100010000001010110 ;
1:
b1111001101010101100000011110100111100100001000101100010111100111011111100111100000001110100010001011010110110000100101011100010111111101001100111101100100110011111110000111000111101000101101010100100110011101100001101010011000001011010101111111001110001010011101000110011010101101100001001110101000001011010100110100111001100101100010101100101010011111111010101100001100100110111000110111101000000000111101010101111011110110010110000111111000011100010100100110111101000010101100010101010000100100010000001010110 D
b1111001101010101100000011110100111100100001000101100010111100111011111100111100000001110100010001011010110110000100101011100010111111101001100111101100100110011111110000111000111101000101101010100100110011101100001101010011000001011010101111111001110001010011101000110011010101101100001001110101000001011010100110100111001100101100010101100101010011111111010101100001100100110111000110111101000000000111101010101111011110110010110000111111000011100010100100110111101000010101100010101010000100100010000001010110 C
0!
1#
1"
#7815000
1!
#7816000
0!
0#
0"
#7817000
1!
#7818000
b110011010010111100111000010110 <
b11001110101011000111010000111100 ;
1:
b110011010010111100111000010110001001101010100101100111011101101110010111100001111000101101110100101010100100010011001111001011101101100011110100110010111110111010011101011111000011110011011100000110001011110001011010111001100100101011100010110110100100011111000111110000101100000110000011100110010100100101001101010110000101000000011010011000111011110111011010000101111100010110011001110100100001100100110010001101011001111010010000111011000101111111011111001000011011001000101111001110101011000111010000111100 D
b110011010010111100111000010110001001101010100101100111011101101110010111100001111000101101110100101010100100010011001111001011101101100011110100110010111110111010011101011111000011110011011100000110001011110001011010111001100100101011100010110110100100011111000111110000101100000110000011100110010100100101001101010110000101000000011010011000111011110111011010000101111100010110011001110100100001100100110010001101011001111010010000111011000101111111011111001000011011001000101111001110101011000111010000111100 C
0!
1#
1"
#7819000
1!
#7820000
0!
0#
0"
#7821000
1!
#7822000
b10111000111100111100011101001011 <
b11011011010001111001000100111111 ;
1:
b10111000111100111100011101001011101110100101110001110100110100100010100110100100100000000101000111000111001110010110100011001000000001011111110110001000010010011011011010100101101111101001100110000111010001110000101101010100001011110110110111000110011011011110011001110100111000001100101010111100001000001001000111110111111111101101010101000101110100110011001100010011001111111001101001011011011110101010111111001000101100001101100101011011101111000101000000110110110011101101011011011011010001111001000100111111 D
b10111000111100111100011101001011101110100101110001110100110100100010100110100100100000000101000111000111001110010110100011001000000001011111110110001000010010011011011010100101101111101001100110000111010001110000101101010100001011110110110111000110011011011110011001110100111000001100101010111100001000001001000111110111111111101101010101000101110100110011001100010011001111111001101001011011011110101010111111001000101100001101100101011011101111000101000000110110110011101101011011011011010001111001000100111111 C
0!
1#
1"
#7823000
1!
#7824000
0!
0#
0"
#7825000
1!
#7826000
b10101011000100001111011011100 <
b11100010110001101000010111101 ;
1:
b10101011000100001111011011100001001010001010100010000110011000100100001100010100011001111011101111110111011101001101000101100000100011100111011110001101011101110101010110110111010101000000101100110111000100001001001011111001111011100101011101001001100100001011100110100011010010110010101000010110001001110110111101010110111110010001011000011101000110101111101111100101000111010001100010011100110001000011000010111100011010110011100010111101001111111000110100010010111010000101100011100010110001101000010111101 D
b10101011000100001111011011100001001010001010100010000110011000100100001100010100011001111011101111110111011101001101000101100000100011100111011110001101011101110101010110110111010101000000101100110111000100001001001011111001111011100101011101001001100100001011100110100011010010110010101000010110001001110110111101010110111110010001011000011101000110101111101111100101000111010001100010011100110001000011000010111100011010110011100010111101001111111000110100010010111010000101100011100010110001101000010111101 C
0!
1#
1"
#7827000
1!
#7828000
0!
0#
0"
#7829000
1!
#7830000
b10101100100011101110000101001101 <
b11110101100100001111010110010 ;
1:
b10101100100011101110000101001101101011001000111011100001010011011011001000111100101100100011110000011110101100100101001101110001101011001000111011100001010011011010110010001110111000010100110110110010001111001011001000111100000111101011001001001101110000111010110010001110111000010100110110101100100011101110000101001101101100100011110010110010001111000001111010110010010001111010110010101100100011101110000101001101101011001000111011100001010011011011001000111100101100100011110000011110101100100001111010110010 D
b10101100100011101110000101001101101011001000111011100001010011011011001000111100101100100011110000011110101100100101001101110001101011001000111011100001010011011010110010001110111000010100110110110010001111001011001000111100000111101011001001001101110000111010110010001110111000010100110110101100100011101110000101001101101100100011110010110010001111000001111010110010010001111010110010101100100011101110000101001101101011001000111011100001010011011011001000111100101100100011110000011110101100100001111010110010 C
0!
1#
1"
#7831000
1!
#7832000
0!
0#
0"
#7833000
1!
#7834000
0=
b1000111101011000100110111000011 <
b10101100100011101110000101001101 ;
1:
b1000111101011000100110111000011010100110111000110110010001111000101001101110001101100100011110010101100100011101110000101001101010001111010110001001101110000110101001101110001101100100011110001010011011100011011001000111100101011001000111011100001010011010100011110101100010011011100001101010011011100011011001000111100010100110111000110110010001111001010110010001110111000010100110101000111101011000100110111000011010100110111000110110010001111000101001101110001101100100011110010101100100011101110000101001101 D
b1000111101011000100110111000011010100110111000110110010001111000101001101110001101100100011110010101100100011101110000101001101010001111010110001001101110000110101001101110001101100100011110001010011011100011011001000111100101011001000111011100001010011010100011110101100010011011100001101010011011100011011001000111100010100110111000110110010001111001010110010001110111000010100110101000111101011000100110111000011010100110111000110110010001111000101001101110001101100100011110010101100100011101110000101001101 C
0!
1#
1"
#7835000
1!
#7836000
0!
0#
0"
#7837000
1!
#7838000
0!
1#
1"
#7839000
1!
#7840000
0!
0#
0"
#7841000
1!
#7842000
0!
1#
1"
#7843000
1!
#7844000
0!
0#
0"
#7845000
1!
#7846000
0!
1#
1"
#7847000
1!
#7848000
0!
0#
0"
#7849000
1!
#7850000
0!
1#
1"
#7851000
1!
#7852000
0!
0#
0"
#7853000
1!
#7854000
0!
1#
1"
#7855000
1!
#7856000
0!
0#
0"
#7857000
1!
#7858000
0!
1#
1"
#7859000
1!
#7860000
0!
0#
0"
#7861000
1!
#7862000
0!
1#
1"
#7863000
1!
#7864000
0!
0#
0"
#7865000
1!
#7866000
0!
1#
1"
#7867000
1!
#7868000
0!
0#
0"
#7869000
1!
#7870000
0!
1#
1"
#7871000
1!
#7872000
0!
0#
0"
#7873000
1!
#7874000
0!
1#
1"
#7875000
1!
#7876000
0!
0#
0"
#7877000
1!
#7878000
0!
1#
1"
#7879000
1!
#7880000
0!
0#
0"
#7881000
1!
#7882000
0!
1#
1"
#7883000
1!
#7884000
0!
0#
0"
#7885000
1!
#7886000
0!
1#
1"
#7887000
1!
#7888000
0!
0#
0"
#7889000
1!
#7890000
0!
1#
1"
#7891000
1!
#7892000
0!
0#
0"
#7893000
1!
#7894000
0!
1#
1"
#7895000
1!
#7896000
0!
0#
0"
#7897000
1!
#7898000
0!
1#
1"
#7899000
1!
#7900000
0!
0#
0"
#7901000
1!
#7902000
0!
1#
1"
#7903000
1!
#7904000
0!
0#
0"
#7905000
1!
#7906000
0!
1#
1"
#7907000
1!
#7908000
0!
0#
0"
#7909000
1!
#7910000
0!
1#
1"
#7911000
1!
#7912000
0!
0#
0"
#7913000
1!
#7914000
0!
1#
1"
#7915000
1!
#7916000
0!
0#
0"
#7917000
1!
#7918000
0!
1#
1"
#7919000
1!
#7920000
0!
0#
0"
#7921000
1!
#7922000
0!
1#
1"
#7923000
1!
#7924000
0!
0#
0"
#7925000
1!
#7926000
0!
1#
1"
#7927000
1!
#7928000
0!
0#
0"
#7929000
1!
#7930000
0!
1#
1"
#7931000
1!
#7932000
0!
0#
0"
#7933000
1!
#7934000
0!
1#
1"
#7935000
1!
#7936000
0!
0#
0"
#7937000
1!
#7938000
0!
1#
1"
#7939000
1!
#7940000
0!
0#
0"
#7941000
1!
#7942000
0!
1#
1"
#7943000
1!
#7944000
0!
0#
0"
#7945000
1!
#7946000
0!
1#
1"
#7947000
1!
#7948000
0!
0#
0"
#7949000
1!
#7950000
0!
1#
1"
#7951000
1!
#7952000
0!
0#
0"
#7953000
1!
#7954000
0!
1#
1"
#7955000
1!
#7956000
0!
0#
0"
#7957000
1!
#7958000
0!
1#
1"
#7959000
1!
#7960000
0!
0#
0"
#7961000
1!
#7962000
0!
1#
1"
#7963000
1!
#7964000
0!
0#
0"
#7965000
1!
#7966000
0!
1#
1"
#7967000
1!
#7968000
0!
0#
0"
#7969000
1!
#7970000
0!
1#
1"
#7971000
1!
#7972000
0!
0#
0"
#7973000
1!
#7974000
0!
1#
1"
#7975000
1!
#7976000
0!
0#
0"
#7977000
1!
#7978000
0!
1#
1"
#7979000
1!
#7980000
0!
0#
0"
#7981000
1!
#7982000
0!
1#
1"
#7983000
1!
#7984000
0!
0#
0"
#7985000
1!
#7986000
0!
1#
1"
#7987000
1!
#7988000
0!
0#
0"
#7989000
1!
#7990000
0!
1#
1"
#7991000
1!
#7992000
0!
0#
0"
#7993000
1!
#7994000
0!
1#
1"
#7995000
1!
#7996000
0!
0#
0"
#7997000
1!
#7998000
0!
1#
1"
#7999000
1!
#8000000
0!
0#
0"
#8001000
1!
#8002000
0!
1#
1"
#8003000
1!
#8004000
0!
0#
0"
#8005000
1!
#8006000
0!
1#
1"
#8007000
1!
#8008000
0!
0#
0"
#8009000
1!
#8010000
0!
1#
1"
#8011000
1!
#8012000
0!
0#
0"
#8013000
1!
#8014000
0!
1#
1"
#8015000
1!
#8016000
0!
0#
0"
#8017000
1!
#8018000
0!
1#
1"
#8019000
1!
#8020000
0!
0#
0"
#8021000
1!
#8022000
0!
1#
1"
#8023000
1!
#8024000
0!
0#
0"
#8025000
1!
#8026000
0!
1#
1"
#8027000
1!
#8028000
0!
0#
0"
#8029000
1!
#8030000
0!
1#
1"
#8031000
1!
#8032000
0!
0#
0"
#8033000
1!
#8034000
0!
1#
1"
#8035000
1!
#8036000
0!
0#
0"
#8037000
1!
#8038000
0!
1#
1"
#8039000
1!
#8040000
0!
0#
0"
#8041000
1!
#8042000
0!
1#
1"
#8043000
1!
#8044000
0!
0#
0"
#8045000
1!
#8046000
0!
1#
1"
#8047000
1!
#8048000
0!
0#
0"
#8049000
1!
#8050000
0!
1#
1"
#8051000
1!
#8052000
0!
0#
0"
#8053000
1!
#8054000
0!
1#
1"
#8055000
1!
#8056000
0!
0#
0"
#8057000
1!
#8058000
0!
1#
1"
#8059000
1!
#8060000
0!
0#
0"
#8061000
1!
#8062000
0!
1#
1"
#8063000
1!
#8064000
0!
0#
0"
#8065000
1!
#8066000
0!
1#
1"
#8067000
1!
#8068000
0!
0#
0"
#8069000
1!
#8070000
0!
1#
1"
#8071000
1!
#8072000
0!
0#
0"
#8073000
1!
#8074000
0!
1#
1"
#8075000
1!
#8076000
0!
0#
0"
#8077000
1!
#8078000
0!
1#
1"
#8079000
1!
#8080000
0!
0#
0"
#8081000
1!
#8082000
0!
1#
1"
#8083000
1!
#8084000
0!
0#
0"
#8085000
1!
#8086000
0!
1#
1"
#8087000
1!
#8088000
0!
0#
0"
#8089000
1!
#8090000
0!
1#
1"
#8091000
1!
#8092000
0!
0#
0"
#8093000
1!
#8094000
0!
1#
1"
#8095000
1!
#8096000
0!
0#
0"
#8097000
1!
#8098000
0!
1#
1"
#8099000
1!
#8100000
0!
0#
0"
#8101000
1!
#8102000
0!
1#
1"
#8103000
1!
#8104000
0!
0#
0"
#8105000
1!
#8106000
0!
1#
1"
#8107000
1!
#8108000
0!
0#
0"
#8109000
1!
#8110000
0!
1#
1"
#8111000
1!
#8112000
0!
0#
0"
#8113000
1!
#8114000
0!
1#
1"
#8115000
1!
#8116000
0!
0#
0"
#8117000
1!
#8118000
0!
1#
1"
#8119000
1!
#8120000
0!
0#
0"
#8121000
1!
#8122000
0!
1#
1"
#8123000
1!
#8124000
0!
0#
0"
#8125000
1!
#8126000
0!
1#
1"
#8127000
1!
#8128000
0!
0#
0"
#8129000
1!
#8130000
0!
1#
1"
#8131000
1!
#8132000
0!
0#
0"
#8133000
1!
#8134000
0!
1#
1"
#8135000
1!
#8136000
0!
0#
0"
#8137000
1!
#8138000
0!
1#
1"
#8139000
1!
#8140000
0!
0#
0"
#8141000
1!
#8142000
0!
1#
1"
#8143000
1!
#8144000
0!
0#
0"
#8145000
1!
#8146000
0!
1#
1"
#8147000
1!
#8148000
0!
0#
0"
#8149000
1!
#8150000
0!
1#
1"
#8151000
1!
#8152000
0!
0#
0"
#8153000
1!
#8154000
0!
1#
1"
#8155000
1!
#8156000
0!
0#
0"
#8157000
1!
#8158000
0!
1#
1"
#8159000
1!
#8160000
0!
0#
0"
#8161000
1!
#8162000
0!
1#
1"
#8163000
1!
#8164000
0!
0#
0"
#8165000
1!
#8166000
0!
1#
1"
#8167000
1!
#8168000
0!
0#
0"
#8169000
1!
#8170000
0!
1#
1"
#8171000
1!
#8172000
0!
0#
0"
#8173000
1!
#8174000
0!
1#
1"
#8175000
1!
#8176000
0!
0#
0"
#8177000
1!
#8178000
0!
1#
1"
#8179000
1!
#8180000
0!
0#
0"
#8181000
1!
#8182000
0!
1#
1"
#8183000
1!
#8184000
0!
0#
0"
#8185000
1!
#8186000
0!
1#
1"
#8187000
1!
#8188000
0!
0#
0"
#8189000
1!
#8190000
0!
1#
1"
#8191000
1!
#8192000
0!
0#
0"
#8193000
1!
#8194000
0!
1#
1"
#8195000
1!
#8196000
0!
0#
0"
#8197000
1!
#8198000
0!
1#
1"
#8199000
1!
#8200000
0!
0#
0"
#8201000
1!
#8202000
0!
1#
1"
#8203000
1!
#8204000
0!
0#
0"
#8205000
1!
#8206000
0!
1#
1"
#8207000
1!
#8208000
0!
0#
0"
#8209000
1!
#8210000
0!
1#
1"
#8211000
1!
#8212000
0!
0#
0"
#8213000
1!
#8214000
0!
1#
1"
#8215000
1!
#8216000
0!
0#
0"
#8217000
1!
#8218000
0!
1#
1"
#8219000
1!
#8220000
0!
0#
0"
#8221000
1!
#8222000
0!
1#
1"
#8223000
1!
#8224000
0!
0#
0"
#8225000
1!
#8226000
0!
1#
1"
#8227000
1!
#8228000
0!
0#
0"
#8229000
1!
#8230000
0!
1#
1"
#8231000
1!
#8232000
0!
0#
0"
#8233000
1!
#8234000
0!
1#
1"
#8235000
1!
#8236000
0!
0#
0"
#8237000
1!
#8238000
0!
1#
1"
#8239000
1!
#8240000
0!
0#
0"
#8241000
1!
#8242000
0!
1#
1"
#8243000
1!
#8244000
0!
0#
0"
#8245000
1!
#8246000
0!
1#
1"
#8247000
1!
#8248000
0!
0#
0"
#8249000
1!
#8250000
0!
1#
1"
#8251000
1!
#8252000
0!
0#
0"
#8253000
1!
#8254000
0!
1#
1"
#8255000
1!
#8256000
0!
0#
0"
#8257000
1!
#8258000
0!
1#
1"
#8259000
1!
#8260000
0!
0#
0"
#8261000
1!
#8262000
0!
1#
1"
#8263000
1!
#8264000
0!
0#
0"
#8265000
1!
#8266000
0!
1#
1"
#8267000
1!
#8268000
0!
0#
0"
#8269000
1!
#8270000
0!
1#
1"
#8271000
1!
#8272000
0!
0#
0"
#8273000
1!
#8274000
0!
1#
1"
#8275000
1!
#8276000
0!
0#
0"
#8277000
1!
#8278000
0!
1#
1"
#8279000
1!
#8280000
0!
0#
0"
#8281000
1!
#8282000
0!
1#
1"
#8283000
1!
#8284000
0!
0#
0"
#8285000
1!
#8286000
0!
1#
1"
#8287000
1!
#8288000
0!
0#
0"
#8289000
1!
#8290000
0!
1#
1"
#8291000
1!
#8292000
0!
0#
0"
#8293000
1!
#8294000
0!
1#
1"
#8295000
1!
#8296000
0!
0#
0"
#8297000
1!
#8298000
0!
1#
1"
#8299000
1!
#8300000
0!
0#
0"
#8301000
1>
1!
#8302000
0!
1#
1"
#8303000
1!
#8304000
0!
0#
0"
#8305000
1!
#8306000
0!
1#
1"
#8307000
1!
#8308000
0!
0#
0"
#8309000
0>
1!
#8310000
0!
1#
1"
#8311000
1!
#8312000
0!
0#
0"
#8313000
1!
#8314000
1=
0!
1#
1"
#8315000
1!
#8316000
0!
0#
0"
#8317000
1!
#8318000
b10100000010011111000110100101001 <
b1000111101011000100110111000011 ;
1:
b10100000010011111000110100101001110100011001011011100100100001110001111010110010010100110111000101000111101011000100110111000011001000000101101011000000010000101010000010000100101000000100001100011110101100100100110111000011010001111010110001001101110000110110000001000101001010111001110001101001000111111100011011100101000111101011001001000111101011000100011110101100010011011100001111100000010100000110011011110111000110000000110110000010001000010001111010110010000111101011001001000111101011000100110111000011 D
b10100000010011111000110100101001110100011001011011100100100001110001111010110010010100110111000101000111101011000100110111000011001000000101101011000000010000101010000010000100101000000100001100011110101100100100110111000011010001111010110001001101110000110110000001000101001010111001110001101001000111111100011011100101000111101011001001000111101011000100011110101100010011011100001111100000010100000110011011110111000110000000110110000010001000010001111010110010000111101011001001000111101011000100110111000011 C
0!
1#
1"
#8319000
1!
#8320000
0!
0#
0"
#8321000
1!
#8322000
b1010001111001011001110001000 <
b11100101110111010100101110010 ;
1:
b1010001111001011001110001000001110001010001000000000011100101101001010010100010001111001100111100111101100101010011011111000100000110101001101101110011101010000111010101001101001110010010001110000110010000000100010100100101101011011110010101100000010111100111010001011010111010111011010100011101001111101001111011001100000111011101001100000000001110100111010110101101000111000000101000111111001001000000010001011100101011010110001110100100011110010000111100110001011110011101000011100101110111010100101110010 D
b1010001111001011001110001000001110001010001000000000011100101101001010010100010001111001100111100111101100101010011011111000100000110101001101101110011101010000111010101001101001110010010001110000110010000000100010100100101101011011110010101100000010111100111010001011010111010111011010100011101001111101001111011001100000111011101001100000000001110100111010110101101000111000000101000111111001001000000010001011100101011010110001110100100011110010000111100110001011110011101000011100101110111010100101110010 C
0!
1#
1"
#8323000
1!
#8324000
0!
0#
0"
#8325000
1!
#8326000
b11000001010110101010110011100101 <
b1011110011010101110110111010010 ;
1:
b11000001010110101010110011100101100110011001010101100000001100101011111100111001101010000011111110001111001010010011011010101011010010100000010111000110101000010000001110010001110011000110010000000011100001001110111101111100111011101010101110100100111110101000010011110101000110011100011111010100100101110011011000011001111000010110011100001011100111100011111111101000011111111000001100001111101010100111001110000011010011101001001110011010010011110101110111011010010011001101110101011110011010101110110111010010 D
b11000001010110101010110011100101100110011001010101100000001100101011111100111001101010000011111110001111001010010011011010101011010010100000010111000110101000010000001110010001110011000110010000000011100001001110111101111100111011101010101110100100111110101000010011110101000110011100011111010100100101110011011000011001111000010110011100001011100111100011111111101000011111111000001100001111101010100111001110000011010011101001001110011010010011110101110111011010010011001101110101011110011010101110110111010010 C
0!
1#
1"
#8327000
1!
#8328000
0!
0#
0"
#8329000
1!
#8330000
b10011110010110101010000000111101 <
b1100110010001111110101110010000 ;
1:
b10011110010110101010000000111101010111111011110110010110000011110000001100110101101100111001101010111110100100111010100000111100101000101010001010000111011111101011000010001010101010000010000000010101111111111011110111000101110100011111010000101010111101000000000000100110101100111001110010101000001001100000100100011000100010000101000010110100101101010000100100100000011010010101100000111100110111101001010011011111010001110001000100110111001101111001111010011010101110101110101001100110010001111110101110010000 D
b10011110010110101010000000111101010111111011110110010110000011110000001100110101101100111001101010111110100100111010100000111100101000101010001010000111011111101011000010001010101010000010000000010101111111111011110111000101110100011111010000101010111101000000000000100110101100111001110010101000001001100000100100011000100010000101000010110100101101010000100100100000011010010101100000111100110111101001010011011111010001110001000100110111001101111001111010011010101110101110101001100110010001111110101110010000 C
0!
1#
1"
#8331000
1!
#8332000
0!
0#
0"
#8333000
b1111 ?
1!
#8334000
0=
b10101111001111100110101000001110 <
b1101000110111101001110000110000 ;
1:
b10101111001111100110101000001110000011001011000110010000100111011000111101011011111001000011111101001101101001010101010000111010101001110110101101001111001101110110110111110001111000011101010101001001100011111101010000110010100010111111011111011011110010011010101100010100111110001001001010111100000100011010100000111001111011000011000111111100001110011010111010001100000100111100001110100011010000011101110110101011110111010101000111011001011100010010101011100101110011000011010001101000110111101001110000110000 D
b10101111001111100110101000001110000011001011000110010000100111011000111101011011111001000011111101001101101001010101010000111010101001110110101101001111001101110110110111110001111000011101010101001001100011111101010000110010100010111111011111011011110010011010101100010100111110001001001010111100000100011010100000111001111011000011000111111100001110011010111010001100000100111100001110100011010000011101110110101011110111010101000111011001011100010010101011100101110011000011010001101000110111101001110000110000 C
0!
1#
1"
#8335000
1!
#8336000
0!
0#
0"
#8337000
1!
#8338000
0!
1#
1"
#8339000
1!
#8340000
0!
0#
0"
#8341000
1!
#8342000
0!
1#
1"
#8343000
1!
#8344000
0!
0#
0"
#8345000
1!
#8346000
0!
1#
1"
#8347000
1!
#8348000
0!
0#
0"
#8349000
1!
#8350000
0!
1#
1"
#8351000
1!
#8352000
0!
0#
0"
#8353000
1!
#8354000
0!
1#
1"
#8355000
1!
#8356000
0!
0#
0"
#8357000
1!
#8358000
0!
1#
1"
#8359000
1!
#8360000
0!
0#
0"
#8361000
1!
#8362000
0!
1#
1"
#8363000
1!
#8364000
0!
0#
0"
#8365000
1!
#8366000
0!
1#
1"
#8367000
1!
#8368000
0!
0#
0"
#8369000
1!
#8370000
0!
1#
1"
#8371000
1!
#8372000
0!
0#
0"
#8373000
1!
#8374000
0!
1#
1"
#8375000
1!
#8376000
0!
0#
0"
#8377000
1!
#8378000
0!
1#
1"
#8379000
1!
#8380000
0!
0#
0"
#8381000
1!
#8382000
0!
1#
1"
#8383000
1!
#8384000
0!
0#
0"
#8385000
1!
#8386000
0!
1#
1"
#8387000
1!
#8388000
0!
0#
0"
#8389000
1!
#8390000
0!
1#
1"
#8391000
1!
#8392000
0!
0#
0"
#8393000
1!
#8394000
0!
1#
1"
#8395000
1!
#8396000
0!
0#
0"
