
 /----------------------------------------------------------------------------\
 |  yosys -- Yosys Open SYnthesis Suite                                       |
 |  Copyright (C) 2012 - 2025  Claire Xenia Wolf <claire@yosyshq.com>         |
 |  Distributed under an ISC-like license, type "license" to see terms        |
 \----------------------------------------------------------------------------/
 Yosys 0.54+29 (git sha1 7b0c1fe49, clang++ 18.1.8 -fPIC -O3)

-- Executing script file `/workspace/scripts/synth/work/blocks/vibe_dll_rx/vibe_dll_rx.ys' --
Disabled timestamp in logs.
echo on

yosys> read_verilog -sv -I /workspace/rtl/common /workspace/rtl/dll/vibe_dll_rx.sv

1. Executing Verilog-2005 frontend: /workspace/rtl/dll/vibe_dll_rx.sv
Parsing SystemVerilog input from `/workspace/rtl/dll/vibe_dll_rx.sv' to AST representation.
Generating RTLIL representation for module `\vibe_dll_rx'.
Warning: Replacing memory \rptr with list of registers. See /workspace/rtl/dll/vibe_dll_rx.sv:76
Warning: Replacing memory \wptr with list of registers. See /workspace/rtl/dll/vibe_dll_rx.sv:75
Successfully finished Verilog frontend.

yosys> synth -top vibe_dll_rx -run :fine

2. Executing SYNTH pass.

yosys> hierarchy -check -top vibe_dll_rx

2.1. Executing HIERARCHY pass (managing design hierarchy).

2.1.1. Analyzing design hierarchy..
Top module:  \vibe_dll_rx

2.1.2. Analyzing design hierarchy..
Top module:  \vibe_dll_rx
Removed 0 unused modules.

yosys> proc

2.2. Executing PROC pass (convert processes to netlists).

yosys> proc_clean

2.2.1. Executing PROC_CLEAN pass (remove empty switches from decision trees).
Cleaned up 0 empty switches.

yosys> proc_rmdead

2.2.2. Executing PROC_RMDEAD pass (remove dead branches from decision trees).
Marked 2 switch rules as full_case in process $proc$/workspace/rtl/common/vibe_ub_fn.vh:0$130 in module vibe_dll_rx.
Removed 3 dead cases from process $proc$/workspace/rtl/dll/vibe_dll_rx.sv:60$47 in module vibe_dll_rx.
Marked 12 switch rules as full_case in process $proc$/workspace/rtl/dll/vibe_dll_rx.sv:60$47 in module vibe_dll_rx.
Removed a total of 3 dead cases.

yosys> proc_prune

2.2.3. Executing PROC_PRUNE pass (remove redundant assignments in processes).
Removed 1 redundant assignment.
Promoted 25 assignments to connections.

yosys> proc_init

2.2.4. Executing PROC_INIT pass (extract init attributes).

yosys> proc_arst

2.2.5. Executing PROC_ARST pass (detect async resets in processes).
Found async reset \rst_n in `\vibe_dll_rx.$proc$/workspace/rtl/dll/vibe_dll_rx.sv:60$47'.

yosys> proc_rom

2.2.6. Executing PROC_ROM pass (convert switches to ROMs).
Converted 0 switches.
<suppressed ~17 debug messages>

yosys> proc_mux

2.2.7. Executing PROC_MUX pass (convert decision trees to multiplexers).
Creating decoders for process `\vibe_dll_rx.$proc$/workspace/rtl/common/vibe_ub_fn.vh:0$130'.
     1/2: $2\vibe_decl_flits$func$/workspace/rtl/common/vibe_ub_fn.vh:115$12.$result[31:0]$149
     2/2: $1\vibe_decl_flits$func$/workspace/rtl/common/vibe_ub_fn.vh:115$12.$result[31:0]$147
Creating decoders for process `\vibe_dll_rx.$proc$/workspace/rtl/common/vibe_ub_fn.vh:0$126'.
Creating decoders for process `\vibe_dll_rx.$proc$/workspace/rtl/common/vibe_ub_fn.vh:0$122'.
Creating decoders for process `\vibe_dll_rx.$proc$/workspace/rtl/dll/vibe_dll_rx.sv:60$47'.
     1/84: $6$mem2reg_rd$\wptr$/workspace/rtl/dll/vibe_dll_rx.sv:105$16_DATA[10:0]$105
     2/84: $5$mem2reg_rd$\wptr$/workspace/rtl/dll/vibe_dll_rx.sv:105$16_DATA[10:0]$104
     3/84: $5$mem2reg_rd$\wptr$/workspace/rtl/dll/vibe_dll_rx.sv:105$16_ADDR[3:0]$103
     4/84: $5$mem2reg_wr$\wptr$/workspace/rtl/dll/vibe_dll_rx.sv:105$15_DATA[10:0]$102
     5/84: $5$mem2reg_wr$\wptr$/workspace/rtl/dll/vibe_dll_rx.sv:105$15_ADDR[3:0]$101
     6/84: $5$mem2reg_rd$\rptr$/workspace/rtl/dll/vibe_dll_rx.sv:100$14_DATA[10:0]$98
     7/84: $5$mem2reg_rd$\wptr$/workspace/rtl/dll/vibe_dll_rx.sv:100$13_DATA[10:0]$97
     8/84: $4$mem2reg_rd$\wptr$/workspace/rtl/dll/vibe_dll_rx.sv:105$16_DATA[10:0]$96
     9/84: $4$mem2reg_rd$\wptr$/workspace/rtl/dll/vibe_dll_rx.sv:105$16_ADDR[3:0]$95
    10/84: $4$mem2reg_wr$\wptr$/workspace/rtl/dll/vibe_dll_rx.sv:105$15_DATA[10:0]$94
    11/84: $4$mem2reg_wr$\wptr$/workspace/rtl/dll/vibe_dll_rx.sv:105$15_ADDR[3:0]$93
    12/84: $4$mem2reg_rd$\rptr$/workspace/rtl/dll/vibe_dll_rx.sv:100$14_DATA[10:0]$92
    13/84: $4$mem2reg_rd$\rptr$/workspace/rtl/dll/vibe_dll_rx.sv:100$14_ADDR[3:0]$91
    14/84: $4$mem2reg_rd$\wptr$/workspace/rtl/dll/vibe_dll_rx.sv:100$13_DATA[10:0]$90
    15/84: $4$mem2reg_rd$\wptr$/workspace/rtl/dll/vibe_dll_rx.sv:100$13_ADDR[3:0]$89
    16/84: $3$mem2reg_rd$\wptr$/workspace/rtl/dll/vibe_dll_rx.sv:105$16_DATA[10:0]$88
    17/84: $3$mem2reg_rd$\wptr$/workspace/rtl/dll/vibe_dll_rx.sv:105$16_ADDR[3:0]$87
    18/84: $3$mem2reg_wr$\wptr$/workspace/rtl/dll/vibe_dll_rx.sv:105$15_DATA[10:0]$86
    19/84: $3$mem2reg_wr$\wptr$/workspace/rtl/dll/vibe_dll_rx.sv:105$15_ADDR[3:0]$85
    20/84: $3$mem2reg_rd$\rptr$/workspace/rtl/dll/vibe_dll_rx.sv:100$14_DATA[10:0]$84
    21/84: $3$mem2reg_rd$\rptr$/workspace/rtl/dll/vibe_dll_rx.sv:100$14_ADDR[3:0]$83
    22/84: $3$mem2reg_rd$\wptr$/workspace/rtl/dll/vibe_dll_rx.sv:100$13_DATA[10:0]$82
    23/84: $3$mem2reg_rd$\wptr$/workspace/rtl/dll/vibe_dll_rx.sv:100$13_ADDR[3:0]$81
    24/84: $0\cfg0_hit[0:0]
    25/84: $2$mem2reg_rd$\wptr$/workspace/rtl/dll/vibe_dll_rx.sv:105$16_DATA[10:0]$74
    26/84: $2$mem2reg_rd$\wptr$/workspace/rtl/dll/vibe_dll_rx.sv:105$16_ADDR[3:0]$73
    27/84: $2$mem2reg_wr$\wptr$/workspace/rtl/dll/vibe_dll_rx.sv:105$15_DATA[10:0]$72
    28/84: $2$mem2reg_wr$\wptr$/workspace/rtl/dll/vibe_dll_rx.sv:105$15_ADDR[3:0]$71
    29/84: $2$mem2reg_rd$\rptr$/workspace/rtl/dll/vibe_dll_rx.sv:100$14_DATA[10:0]$70
    30/84: $2$mem2reg_rd$\rptr$/workspace/rtl/dll/vibe_dll_rx.sv:100$14_ADDR[3:0]$69
    31/84: $2$mem2reg_rd$\wptr$/workspace/rtl/dll/vibe_dll_rx.sv:100$13_DATA[10:0]$68
    32/84: $2$mem2reg_rd$\wptr$/workspace/rtl/dll/vibe_dll_rx.sv:100$13_ADDR[3:0]$67
    33/84: $1$mem2reg_rd$\wptr$/workspace/rtl/dll/vibe_dll_rx.sv:105$16_DATA[10:0]$64
    34/84: $1$mem2reg_rd$\wptr$/workspace/rtl/dll/vibe_dll_rx.sv:105$16_ADDR[3:0]$63
    35/84: $1$mem2reg_wr$\wptr$/workspace/rtl/dll/vibe_dll_rx.sv:105$15_DATA[10:0]$62
    36/84: $1$mem2reg_wr$\wptr$/workspace/rtl/dll/vibe_dll_rx.sv:105$15_ADDR[3:0]$61
    37/84: $1$mem2reg_rd$\rptr$/workspace/rtl/dll/vibe_dll_rx.sv:100$14_DATA[10:0]$60
    38/84: $1$mem2reg_rd$\rptr$/workspace/rtl/dll/vibe_dll_rx.sv:100$14_ADDR[3:0]$59
    39/84: $1$mem2reg_rd$\wptr$/workspace/rtl/dll/vibe_dll_rx.sv:100$13_DATA[10:0]$58
    40/84: $1$mem2reg_rd$\wptr$/workspace/rtl/dll/vibe_dll_rx.sv:100$13_ADDR[3:0]$57
    41/84: $1\v[31:0]
    42/84: $0\rptr[15][10:0]
    43/84: $0\rptr[14][10:0]
    44/84: $0\rptr[13][10:0]
    45/84: $0\rptr[12][10:0]
    46/84: $0\rptr[11][10:0]
    47/84: $0\rptr[10][10:0]
    48/84: $0\rptr[9][10:0]
    49/84: $0\rptr[8][10:0]
    50/84: $0\rptr[7][10:0]
    51/84: $0\rptr[6][10:0]
    52/84: $0\rptr[5][10:0]
    53/84: $0\rptr[4][10:0]
    54/84: $0\rptr[3][10:0]
    55/84: $0\rptr[2][10:0]
    56/84: $0\rptr[1][10:0]
    57/84: $0\rptr[0][10:0]
    58/84: $0\wptr[15][10:0]
    59/84: $0\wptr[14][10:0]
    60/84: $0\wptr[13][10:0]
    61/84: $0\wptr[12][10:0]
    62/84: $0\wptr[11][10:0]
    63/84: $0\wptr[10][10:0]
    64/84: $0\wptr[9][10:0]
    65/84: $0\wptr[8][10:0]
    66/84: $0\wptr[7][10:0]
    67/84: $0\wptr[6][10:0]
    68/84: $0\wptr[5][10:0]
    69/84: $0\wptr[4][10:0]
    70/84: $0\wptr[3][10:0]
    71/84: $0\wptr[2][10:0]
    72/84: $0\wptr[1][10:0]
    73/84: $0\wptr[0][10:0]
    74/84: $0\pkt_left[15:0]
    75/84: $0\pkt_act[0:0]
    76/84: $0\by_n[7:0]
    77/84: $0\by_lj[1279:0]
    78/84: $0\have[0:0]
    79/84: $0\hold[639:0]
    80/84: $0\rx_ovf[0:0]
    81/84: $0\bcrc_fail[0:0]
    82/84: $0\cfg0_data[639:0]
    83/84: $0\nw_vld[0:0]
    84/84: $0\nw_data[511:0]

yosys> proc_dlatch

2.2.8. Executing PROC_DLATCH pass (convert process syncs to latches).
No latch inferred for signal `\vibe_dll_rx.\vibe_pkt_bytes$func$/workspace/rtl/dll/vibe_dll_rx.sv:51$7.$result' from process `\vibe_dll_rx.$proc$/workspace/rtl/common/vibe_ub_fn.vh:0$130'.
No latch inferred for signal `\vibe_dll_rx.\vibe_pkt_bytes$func$/workspace/rtl/dll/vibe_dll_rx.sv:51$10.$result' from process `\vibe_dll_rx.$proc$/workspace/rtl/common/vibe_ub_fn.vh:0$130'.
No latch inferred for signal `\vibe_dll_rx.\vibe_pkt_bytes$func$/workspace/rtl/dll/vibe_dll_rx.sv:51$10.flit' from process `\vibe_dll_rx.$proc$/workspace/rtl/common/vibe_ub_fn.vh:0$130'.
No latch inferred for signal `\vibe_dll_rx.\vibe_pkt_bytes$func$/workspace/rtl/dll/vibe_dll_rx.sv:51$10.n' from process `\vibe_dll_rx.$proc$/workspace/rtl/common/vibe_ub_fn.vh:0$130'.
No latch inferred for signal `\vibe_dll_rx.\vibe_lph_plength$func$/workspace/rtl/common/vibe_ub_fn.vh:115$11.$result' from process `\vibe_dll_rx.$proc$/workspace/rtl/common/vibe_ub_fn.vh:0$130'.
No latch inferred for signal `\vibe_dll_rx.\vibe_lph_plength$func$/workspace/rtl/common/vibe_ub_fn.vh:115$11.flit' from process `\vibe_dll_rx.$proc$/workspace/rtl/common/vibe_ub_fn.vh:0$130'.
No latch inferred for signal `\vibe_dll_rx.\vibe_decl_flits$func$/workspace/rtl/common/vibe_ub_fn.vh:115$12.$result' from process `\vibe_dll_rx.$proc$/workspace/rtl/common/vibe_ub_fn.vh:0$130'.
No latch inferred for signal `\vibe_dll_rx.\vibe_decl_flits$func$/workspace/rtl/common/vibe_ub_fn.vh:115$12.plen' from process `\vibe_dll_rx.$proc$/workspace/rtl/common/vibe_ub_fn.vh:0$130'.
No latch inferred for signal `\vibe_dll_rx.\vibe_decl_flits$func$/workspace/rtl/common/vibe_ub_fn.vh:115$12.nblk' from process `\vibe_dll_rx.$proc$/workspace/rtl/common/vibe_ub_fn.vh:0$130'.
No latch inferred for signal `\vibe_dll_rx.\vibe_decl_flits$func$/workspace/rtl/common/vibe_ub_fn.vh:115$12.lastn' from process `\vibe_dll_rx.$proc$/workspace/rtl/common/vibe_ub_fn.vh:0$130'.
No latch inferred for signal `\vibe_dll_rx.\vibe_lph_vl$func$/workspace/rtl/dll/vibe_dll_rx.sv:43$6.$result' from process `\vibe_dll_rx.$proc$/workspace/rtl/common/vibe_ub_fn.vh:0$126'.
No latch inferred for signal `\vibe_dll_rx.\vibe_lph_vl$func$/workspace/rtl/dll/vibe_dll_rx.sv:43$9.$result' from process `\vibe_dll_rx.$proc$/workspace/rtl/common/vibe_ub_fn.vh:0$126'.
No latch inferred for signal `\vibe_dll_rx.\vibe_lph_vl$func$/workspace/rtl/dll/vibe_dll_rx.sv:43$9.flit' from process `\vibe_dll_rx.$proc$/workspace/rtl/common/vibe_ub_fn.vh:0$126'.
No latch inferred for signal `\vibe_dll_rx.\vibe_lph_cfg$func$/workspace/rtl/dll/vibe_dll_rx.sv:42$5.$result' from process `\vibe_dll_rx.$proc$/workspace/rtl/common/vibe_ub_fn.vh:0$122'.
No latch inferred for signal `\vibe_dll_rx.\vibe_lph_cfg$func$/workspace/rtl/dll/vibe_dll_rx.sv:42$8.$result' from process `\vibe_dll_rx.$proc$/workspace/rtl/common/vibe_ub_fn.vh:0$122'.
No latch inferred for signal `\vibe_dll_rx.\vibe_lph_cfg$func$/workspace/rtl/dll/vibe_dll_rx.sv:42$8.flit' from process `\vibe_dll_rx.$proc$/workspace/rtl/common/vibe_ub_fn.vh:0$122'.

yosys> proc_dff

2.2.9. Executing PROC_DFF pass (convert process syncs to FFs).
Creating register for signal `\vibe_dll_rx.\nw_data' using process `\vibe_dll_rx.$proc$/workspace/rtl/dll/vibe_dll_rx.sv:60$47'.
  created $adff cell `$procdff$915' with positive edge clock and positive level reset.
Creating register for signal `\vibe_dll_rx.\nw_vld' using process `\vibe_dll_rx.$proc$/workspace/rtl/dll/vibe_dll_rx.sv:60$47'.
  created $adff cell `$procdff$920' with positive edge clock and positive level reset.
Creating register for signal `\vibe_dll_rx.\cfg0_hit' using process `\vibe_dll_rx.$proc$/workspace/rtl/dll/vibe_dll_rx.sv:60$47'.
  created $adff cell `$procdff$925' with positive edge clock and positive level reset.
Creating register for signal `\vibe_dll_rx.\cfg0_data' using process `\vibe_dll_rx.$proc$/workspace/rtl/dll/vibe_dll_rx.sv:60$47'.
  created $adff cell `$procdff$930' with positive edge clock and positive level reset.
Creating register for signal `\vibe_dll_rx.\bcrc_fail' using process `\vibe_dll_rx.$proc$/workspace/rtl/dll/vibe_dll_rx.sv:60$47'.
  created $adff cell `$procdff$935' with positive edge clock and positive level reset.
Creating register for signal `\vibe_dll_rx.\rx_ovf' using process `\vibe_dll_rx.$proc$/workspace/rtl/dll/vibe_dll_rx.sv:60$47'.
  created $adff cell `$procdff$940' with positive edge clock and positive level reset.
Creating register for signal `\vibe_dll_rx.\hold' using process `\vibe_dll_rx.$proc$/workspace/rtl/dll/vibe_dll_rx.sv:60$47'.
  created $adff cell `$procdff$945' with positive edge clock and positive level reset.
Creating register for signal `\vibe_dll_rx.\have' using process `\vibe_dll_rx.$proc$/workspace/rtl/dll/vibe_dll_rx.sv:60$47'.
  created $adff cell `$procdff$950' with positive edge clock and positive level reset.
Creating register for signal `\vibe_dll_rx.\by_lj' using process `\vibe_dll_rx.$proc$/workspace/rtl/dll/vibe_dll_rx.sv:60$47'.
  created $adff cell `$procdff$955' with positive edge clock and positive level reset.
Creating register for signal `\vibe_dll_rx.\by_n' using process `\vibe_dll_rx.$proc$/workspace/rtl/dll/vibe_dll_rx.sv:60$47'.
  created $adff cell `$procdff$960' with positive edge clock and positive level reset.
Creating register for signal `\vibe_dll_rx.\pkt_act' using process `\vibe_dll_rx.$proc$/workspace/rtl/dll/vibe_dll_rx.sv:60$47'.
  created $adff cell `$procdff$965' with positive edge clock and positive level reset.
Creating register for signal `\vibe_dll_rx.\pkt_left' using process `\vibe_dll_rx.$proc$/workspace/rtl/dll/vibe_dll_rx.sv:60$47'.
  created $adff cell `$procdff$970' with positive edge clock and positive level reset.
Creating register for signal `\vibe_dll_rx.\v' using process `\vibe_dll_rx.$proc$/workspace/rtl/dll/vibe_dll_rx.sv:60$47'.
  created $adff cell `$procdff$975' with positive edge clock and positive level reset.
Creating register for signal `\vibe_dll_rx.\wptr[0]' using process `\vibe_dll_rx.$proc$/workspace/rtl/dll/vibe_dll_rx.sv:60$47'.
  created $adff cell `$procdff$980' with positive edge clock and positive level reset.
Creating register for signal `\vibe_dll_rx.\wptr[1]' using process `\vibe_dll_rx.$proc$/workspace/rtl/dll/vibe_dll_rx.sv:60$47'.
  created $adff cell `$procdff$985' with positive edge clock and positive level reset.
Creating register for signal `\vibe_dll_rx.\wptr[2]' using process `\vibe_dll_rx.$proc$/workspace/rtl/dll/vibe_dll_rx.sv:60$47'.
  created $adff cell `$procdff$990' with positive edge clock and positive level reset.
Creating register for signal `\vibe_dll_rx.\wptr[3]' using process `\vibe_dll_rx.$proc$/workspace/rtl/dll/vibe_dll_rx.sv:60$47'.
  created $adff cell `$procdff$995' with positive edge clock and positive level reset.
Creating register for signal `\vibe_dll_rx.\wptr[4]' using process `\vibe_dll_rx.$proc$/workspace/rtl/dll/vibe_dll_rx.sv:60$47'.
  created $adff cell `$procdff$1000' with positive edge clock and positive level reset.
Creating register for signal `\vibe_dll_rx.\wptr[5]' using process `\vibe_dll_rx.$proc$/workspace/rtl/dll/vibe_dll_rx.sv:60$47'.
  created $adff cell `$procdff$1005' with positive edge clock and positive level reset.
Creating register for signal `\vibe_dll_rx.\wptr[6]' using process `\vibe_dll_rx.$proc$/workspace/rtl/dll/vibe_dll_rx.sv:60$47'.
  created $adff cell `$procdff$1010' with positive edge clock and positive level reset.
Creating register for signal `\vibe_dll_rx.\wptr[7]' using process `\vibe_dll_rx.$proc$/workspace/rtl/dll/vibe_dll_rx.sv:60$47'.
  created $adff cell `$procdff$1015' with positive edge clock and positive level reset.
Creating register for signal `\vibe_dll_rx.\wptr[8]' using process `\vibe_dll_rx.$proc$/workspace/rtl/dll/vibe_dll_rx.sv:60$47'.
  created $adff cell `$procdff$1020' with positive edge clock and positive level reset.
Creating register for signal `\vibe_dll_rx.\wptr[9]' using process `\vibe_dll_rx.$proc$/workspace/rtl/dll/vibe_dll_rx.sv:60$47'.
  created $adff cell `$procdff$1025' with positive edge clock and positive level reset.
Creating register for signal `\vibe_dll_rx.\wptr[10]' using process `\vibe_dll_rx.$proc$/workspace/rtl/dll/vibe_dll_rx.sv:60$47'.
  created $adff cell `$procdff$1030' with positive edge clock and positive level reset.
Creating register for signal `\vibe_dll_rx.\wptr[11]' using process `\vibe_dll_rx.$proc$/workspace/rtl/dll/vibe_dll_rx.sv:60$47'.
  created $adff cell `$procdff$1035' with positive edge clock and positive level reset.
Creating register for signal `\vibe_dll_rx.\wptr[12]' using process `\vibe_dll_rx.$proc$/workspace/rtl/dll/vibe_dll_rx.sv:60$47'.
  created $adff cell `$procdff$1040' with positive edge clock and positive level reset.
Creating register for signal `\vibe_dll_rx.\wptr[13]' using process `\vibe_dll_rx.$proc$/workspace/rtl/dll/vibe_dll_rx.sv:60$47'.
  created $adff cell `$procdff$1045' with positive edge clock and positive level reset.
Creating register for signal `\vibe_dll_rx.\wptr[14]' using process `\vibe_dll_rx.$proc$/workspace/rtl/dll/vibe_dll_rx.sv:60$47'.
  created $adff cell `$procdff$1050' with positive edge clock and positive level reset.
Creating register for signal `\vibe_dll_rx.\wptr[15]' using process `\vibe_dll_rx.$proc$/workspace/rtl/dll/vibe_dll_rx.sv:60$47'.
  created $adff cell `$procdff$1055' with positive edge clock and positive level reset.
Creating register for signal `\vibe_dll_rx.\rptr[0]' using process `\vibe_dll_rx.$proc$/workspace/rtl/dll/vibe_dll_rx.sv:60$47'.
  created $adff cell `$procdff$1060' with positive edge clock and positive level reset.
Creating register for signal `\vibe_dll_rx.\rptr[1]' using process `\vibe_dll_rx.$proc$/workspace/rtl/dll/vibe_dll_rx.sv:60$47'.
  created $adff cell `$procdff$1065' with positive edge clock and positive level reset.
Creating register for signal `\vibe_dll_rx.\rptr[2]' using process `\vibe_dll_rx.$proc$/workspace/rtl/dll/vibe_dll_rx.sv:60$47'.
  created $adff cell `$procdff$1070' with positive edge clock and positive level reset.
Creating register for signal `\vibe_dll_rx.\rptr[3]' using process `\vibe_dll_rx.$proc$/workspace/rtl/dll/vibe_dll_rx.sv:60$47'.
  created $adff cell `$procdff$1075' with positive edge clock and positive level reset.
Creating register for signal `\vibe_dll_rx.\rptr[4]' using process `\vibe_dll_rx.$proc$/workspace/rtl/dll/vibe_dll_rx.sv:60$47'.
  created $adff cell `$procdff$1080' with positive edge clock and positive level reset.
Creating register for signal `\vibe_dll_rx.\rptr[5]' using process `\vibe_dll_rx.$proc$/workspace/rtl/dll/vibe_dll_rx.sv:60$47'.
  created $adff cell `$procdff$1085' with positive edge clock and positive level reset.
Creating register for signal `\vibe_dll_rx.\rptr[6]' using process `\vibe_dll_rx.$proc$/workspace/rtl/dll/vibe_dll_rx.sv:60$47'.
  created $adff cell `$procdff$1090' with positive edge clock and positive level reset.
Creating register for signal `\vibe_dll_rx.\rptr[7]' using process `\vibe_dll_rx.$proc$/workspace/rtl/dll/vibe_dll_rx.sv:60$47'.
  created $adff cell `$procdff$1095' with positive edge clock and positive level reset.
Creating register for signal `\vibe_dll_rx.\rptr[8]' using process `\vibe_dll_rx.$proc$/workspace/rtl/dll/vibe_dll_rx.sv:60$47'.
  created $adff cell `$procdff$1100' with positive edge clock and positive level reset.
Creating register for signal `\vibe_dll_rx.\rptr[9]' using process `\vibe_dll_rx.$proc$/workspace/rtl/dll/vibe_dll_rx.sv:60$47'.
  created $adff cell `$procdff$1105' with positive edge clock and positive level reset.
Creating register for signal `\vibe_dll_rx.\rptr[10]' using process `\vibe_dll_rx.$proc$/workspace/rtl/dll/vibe_dll_rx.sv:60$47'.
  created $adff cell `$procdff$1110' with positive edge clock and positive level reset.
Creating register for signal `\vibe_dll_rx.\rptr[11]' using process `\vibe_dll_rx.$proc$/workspace/rtl/dll/vibe_dll_rx.sv:60$47'.
  created $adff cell `$procdff$1115' with positive edge clock and positive level reset.
Creating register for signal `\vibe_dll_rx.\rptr[12]' using process `\vibe_dll_rx.$proc$/workspace/rtl/dll/vibe_dll_rx.sv:60$47'.
  created $adff cell `$procdff$1120' with positive edge clock and positive level reset.
Creating register for signal `\vibe_dll_rx.\rptr[13]' using process `\vibe_dll_rx.$proc$/workspace/rtl/dll/vibe_dll_rx.sv:60$47'.
  created $adff cell `$procdff$1125' with positive edge clock and positive level reset.
Creating register for signal `\vibe_dll_rx.\rptr[14]' using process `\vibe_dll_rx.$proc$/workspace/rtl/dll/vibe_dll_rx.sv:60$47'.
  created $adff cell `$procdff$1130' with positive edge clock and positive level reset.
Creating register for signal `\vibe_dll_rx.\rptr[15]' using process `\vibe_dll_rx.$proc$/workspace/rtl/dll/vibe_dll_rx.sv:60$47'.
  created $adff cell `$procdff$1135' with positive edge clock and positive level reset.
Creating register for signal `\vibe_dll_rx.$mem2reg_rd$\wptr$/workspace/rtl/dll/vibe_dll_rx.sv:100$13_ADDR' using process `\vibe_dll_rx.$proc$/workspace/rtl/dll/vibe_dll_rx.sv:60$47'.
  created $adff cell `$procdff$1140' with positive edge clock and positive level reset.
Creating register for signal `\vibe_dll_rx.$mem2reg_rd$\wptr$/workspace/rtl/dll/vibe_dll_rx.sv:100$13_DATA' using process `\vibe_dll_rx.$proc$/workspace/rtl/dll/vibe_dll_rx.sv:60$47'.
  created $adff cell `$procdff$1145' with positive edge clock and positive level reset.
Creating register for signal `\vibe_dll_rx.$mem2reg_rd$\rptr$/workspace/rtl/dll/vibe_dll_rx.sv:100$14_ADDR' using process `\vibe_dll_rx.$proc$/workspace/rtl/dll/vibe_dll_rx.sv:60$47'.
  created $adff cell `$procdff$1150' with positive edge clock and positive level reset.
Creating register for signal `\vibe_dll_rx.$mem2reg_rd$\rptr$/workspace/rtl/dll/vibe_dll_rx.sv:100$14_DATA' using process `\vibe_dll_rx.$proc$/workspace/rtl/dll/vibe_dll_rx.sv:60$47'.
  created $adff cell `$procdff$1155' with positive edge clock and positive level reset.
Creating register for signal `\vibe_dll_rx.$mem2reg_wr$\wptr$/workspace/rtl/dll/vibe_dll_rx.sv:105$15_ADDR' using process `\vibe_dll_rx.$proc$/workspace/rtl/dll/vibe_dll_rx.sv:60$47'.
  created $adff cell `$procdff$1160' with positive edge clock and positive level reset.
Creating register for signal `\vibe_dll_rx.$mem2reg_wr$\wptr$/workspace/rtl/dll/vibe_dll_rx.sv:105$15_DATA' using process `\vibe_dll_rx.$proc$/workspace/rtl/dll/vibe_dll_rx.sv:60$47'.
  created $adff cell `$procdff$1165' with positive edge clock and positive level reset.
Creating register for signal `\vibe_dll_rx.$mem2reg_rd$\wptr$/workspace/rtl/dll/vibe_dll_rx.sv:105$16_ADDR' using process `\vibe_dll_rx.$proc$/workspace/rtl/dll/vibe_dll_rx.sv:60$47'.
  created $adff cell `$procdff$1170' with positive edge clock and positive level reset.
Creating register for signal `\vibe_dll_rx.$mem2reg_rd$\wptr$/workspace/rtl/dll/vibe_dll_rx.sv:105$16_DATA' using process `\vibe_dll_rx.$proc$/workspace/rtl/dll/vibe_dll_rx.sv:60$47'.
  created $adff cell `$procdff$1175' with positive edge clock and positive level reset.

yosys> proc_memwr

2.2.10. Executing PROC_MEMWR pass (convert process memory writes to cells).

yosys> proc_clean

2.2.11. Executing PROC_CLEAN pass (remove empty switches from decision trees).
Found and cleaned up 2 empty switches in `\vibe_dll_rx.$proc$/workspace/rtl/common/vibe_ub_fn.vh:0$130'.
Removing empty process `vibe_dll_rx.$proc$/workspace/rtl/common/vibe_ub_fn.vh:0$130'.
Removing empty process `vibe_dll_rx.$proc$/workspace/rtl/common/vibe_ub_fn.vh:0$126'.
Removing empty process `vibe_dll_rx.$proc$/workspace/rtl/common/vibe_ub_fn.vh:0$122'.
Found and cleaned up 15 empty switches in `\vibe_dll_rx.$proc$/workspace/rtl/dll/vibe_dll_rx.sv:60$47'.
Removing empty process `vibe_dll_rx.$proc$/workspace/rtl/dll/vibe_dll_rx.sv:60$47'.
Cleaned up 17 empty switches.

yosys> opt_expr -keepdc

2.2.12. Executing OPT_EXPR pass (perform const folding).
Optimizing module vibe_dll_rx.
<suppressed ~114 debug messages>

yosys> opt_expr

2.3. Executing OPT_EXPR pass (perform const folding).
Optimizing module vibe_dll_rx.
<suppressed ~9 debug messages>

yosys> opt_clean

2.4. Executing OPT_CLEAN pass (remove unused cells and wires).
Finding unused cells or wires in module \vibe_dll_rx..
Removed 127 unused cells and 497 unused wires.
<suppressed ~130 debug messages>

yosys> check

2.5. Executing CHECK pass (checking for obvious problems).
Checking module vibe_dll_rx...
Found and reported 0 problems.

yosys> opt -nodffe -nosdff

2.6. Executing OPT pass (performing simple optimizations).

yosys> opt_expr

2.6.1. Executing OPT_EXPR pass (perform const folding).
Optimizing module vibe_dll_rx.

yosys> opt_merge -nomux

2.6.2. Executing OPT_MERGE pass (detect identical cells).
Finding identical cells in module `\vibe_dll_rx'.
<suppressed ~150 debug messages>
Removed a total of 50 cells.

yosys> opt_muxtree

2.6.3. Executing OPT_MUXTREE pass (detect dead branches in mux trees).
Running muxtree optimizer on module \vibe_dll_rx..
  Creating internal representation of mux trees.
  Evaluating internal representation of mux trees.
  Analyzing evaluation results.
Removed 0 multiplexer ports.
<suppressed ~37 debug messages>

yosys> opt_reduce

2.6.4. Executing OPT_REDUCE pass (consolidate $*mux and $reduce_* inputs).
  Optimizing cells in module \vibe_dll_rx.
Performed a total of 0 changes.

yosys> opt_merge

2.6.5. Executing OPT_MERGE pass (detect identical cells).
Finding identical cells in module `\vibe_dll_rx'.
<suppressed ~6 debug messages>
Removed a total of 2 cells.

yosys> opt_dff -nodffe -nosdff

2.6.6. Executing OPT_DFF pass (perform DFF optimizations).
Handling D = Q on $procdff$1135 ($adff) from module vibe_dll_rx (removing D path).
Handling D = Q on $procdff$1130 ($adff) from module vibe_dll_rx (removing D path).
Handling D = Q on $procdff$1125 ($adff) from module vibe_dll_rx (removing D path).
Handling D = Q on $procdff$1120 ($adff) from module vibe_dll_rx (removing D path).
Handling D = Q on $procdff$1115 ($adff) from module vibe_dll_rx (removing D path).
Handling D = Q on $procdff$1110 ($adff) from module vibe_dll_rx (removing D path).
Handling D = Q on $procdff$1105 ($adff) from module vibe_dll_rx (removing D path).
Handling D = Q on $procdff$1100 ($adff) from module vibe_dll_rx (removing D path).
Handling D = Q on $procdff$1095 ($adff) from module vibe_dll_rx (removing D path).
Handling D = Q on $procdff$1090 ($adff) from module vibe_dll_rx (removing D path).
Handling D = Q on $procdff$1085 ($adff) from module vibe_dll_rx (removing D path).
Handling D = Q on $procdff$1080 ($adff) from module vibe_dll_rx (removing D path).
Handling D = Q on $procdff$1075 ($adff) from module vibe_dll_rx (removing D path).
Handling D = Q on $procdff$1070 ($adff) from module vibe_dll_rx (removing D path).
Handling D = Q on $procdff$1065 ($adff) from module vibe_dll_rx (removing D path).
Handling D = Q on $procdff$1060 ($adff) from module vibe_dll_rx (removing D path).
Setting constant 0-bit at position 0 on $procdff$1060 ($dlatch) from module vibe_dll_rx.
Setting constant 0-bit at position 1 on $procdff$1060 ($dlatch) from module vibe_dll_rx.
Setting constant 0-bit at position 2 on $procdff$1060 ($dlatch) from module vibe_dll_rx.
Setting constant 0-bit at position 3 on $procdff$1060 ($dlatch) from module vibe_dll_rx.
Setting constant 0-bit at position 4 on $procdff$1060 ($dlatch) from module vibe_dll_rx.
Setting constant 0-bit at position 5 on $procdff$1060 ($dlatch) from module vibe_dll_rx.
Setting constant 0-bit at position 6 on $procdff$1060 ($dlatch) from module vibe_dll_rx.
Setting constant 0-bit at position 7 on $procdff$1060 ($dlatch) from module vibe_dll_rx.
Setting constant 0-bit at position 8 on $procdff$1060 ($dlatch) from module vibe_dll_rx.
Setting constant 0-bit at position 9 on $procdff$1060 ($dlatch) from module vibe_dll_rx.
Setting constant 0-bit at position 10 on $procdff$1060 ($dlatch) from module vibe_dll_rx.
Setting constant 0-bit at position 0 on $procdff$1065 ($dlatch) from module vibe_dll_rx.
Setting constant 0-bit at position 1 on $procdff$1065 ($dlatch) from module vibe_dll_rx.
Setting constant 0-bit at position 2 on $procdff$1065 ($dlatch) from module vibe_dll_rx.
Setting constant 0-bit at position 3 on $procdff$1065 ($dlatch) from module vibe_dll_rx.
Setting constant 0-bit at position 4 on $procdff$1065 ($dlatch) from module vibe_dll_rx.
Setting constant 0-bit at position 5 on $procdff$1065 ($dlatch) from module vibe_dll_rx.
Setting constant 0-bit at position 6 on $procdff$1065 ($dlatch) from module vibe_dll_rx.
Setting constant 0-bit at position 7 on $procdff$1065 ($dlatch) from module vibe_dll_rx.
Setting constant 0-bit at position 8 on $procdff$1065 ($dlatch) from module vibe_dll_rx.
Setting constant 0-bit at position 9 on $procdff$1065 ($dlatch) from module vibe_dll_rx.
Setting constant 0-bit at position 10 on $procdff$1065 ($dlatch) from module vibe_dll_rx.
Setting constant 0-bit at position 0 on $procdff$1070 ($dlatch) from module vibe_dll_rx.
Setting constant 0-bit at position 1 on $procdff$1070 ($dlatch) from module vibe_dll_rx.
Setting constant 0-bit at position 2 on $procdff$1070 ($dlatch) from module vibe_dll_rx.
Setting constant 0-bit at position 3 on $procdff$1070 ($dlatch) from module vibe_dll_rx.
Setting constant 0-bit at position 4 on $procdff$1070 ($dlatch) from module vibe_dll_rx.
Setting constant 0-bit at position 5 on $procdff$1070 ($dlatch) from module vibe_dll_rx.
Setting constant 0-bit at position 6 on $procdff$1070 ($dlatch) from module vibe_dll_rx.
Setting constant 0-bit at position 7 on $procdff$1070 ($dlatch) from module vibe_dll_rx.
Setting constant 0-bit at position 8 on $procdff$1070 ($dlatch) from module vibe_dll_rx.
Setting constant 0-bit at position 9 on $procdff$1070 ($dlatch) from module vibe_dll_rx.
Setting constant 0-bit at position 10 on $procdff$1070 ($dlatch) from module vibe_dll_rx.
Setting constant 0-bit at position 0 on $procdff$1075 ($dlatch) from module vibe_dll_rx.
Setting constant 0-bit at position 1 on $procdff$1075 ($dlatch) from module vibe_dll_rx.
Setting constant 0-bit at position 2 on $procdff$1075 ($dlatch) from module vibe_dll_rx.
Setting constant 0-bit at position 3 on $procdff$1075 ($dlatch) from module vibe_dll_rx.
Setting constant 0-bit at position 4 on $procdff$1075 ($dlatch) from module vibe_dll_rx.
Setting constant 0-bit at position 5 on $procdff$1075 ($dlatch) from module vibe_dll_rx.
Setting constant 0-bit at position 6 on $procdff$1075 ($dlatch) from module vibe_dll_rx.
Setting constant 0-bit at position 7 on $procdff$1075 ($dlatch) from module vibe_dll_rx.
Setting constant 0-bit at position 8 on $procdff$1075 ($dlatch) from module vibe_dll_rx.
Setting constant 0-bit at position 9 on $procdff$1075 ($dlatch) from module vibe_dll_rx.
Setting constant 0-bit at position 10 on $procdff$1075 ($dlatch) from module vibe_dll_rx.
Setting constant 0-bit at position 0 on $procdff$1080 ($dlatch) from module vibe_dll_rx.
Setting constant 0-bit at position 1 on $procdff$1080 ($dlatch) from module vibe_dll_rx.
Setting constant 0-bit at position 2 on $procdff$1080 ($dlatch) from module vibe_dll_rx.
Setting constant 0-bit at position 3 on $procdff$1080 ($dlatch) from module vibe_dll_rx.
Setting constant 0-bit at position 4 on $procdff$1080 ($dlatch) from module vibe_dll_rx.
Setting constant 0-bit at position 5 on $procdff$1080 ($dlatch) from module vibe_dll_rx.
Setting constant 0-bit at position 6 on $procdff$1080 ($dlatch) from module vibe_dll_rx.
Setting constant 0-bit at position 7 on $procdff$1080 ($dlatch) from module vibe_dll_rx.
Setting constant 0-bit at position 8 on $procdff$1080 ($dlatch) from module vibe_dll_rx.
Setting constant 0-bit at position 9 on $procdff$1080 ($dlatch) from module vibe_dll_rx.
Setting constant 0-bit at position 10 on $procdff$1080 ($dlatch) from module vibe_dll_rx.
Setting constant 0-bit at position 0 on $procdff$1085 ($dlatch) from module vibe_dll_rx.
Setting constant 0-bit at position 1 on $procdff$1085 ($dlatch) from module vibe_dll_rx.
Setting constant 0-bit at position 2 on $procdff$1085 ($dlatch) from module vibe_dll_rx.
Setting constant 0-bit at position 3 on $procdff$1085 ($dlatch) from module vibe_dll_rx.
Setting constant 0-bit at position 4 on $procdff$1085 ($dlatch) from module vibe_dll_rx.
Setting constant 0-bit at position 5 on $procdff$1085 ($dlatch) from module vibe_dll_rx.
Setting constant 0-bit at position 6 on $procdff$1085 ($dlatch) from module vibe_dll_rx.
Setting constant 0-bit at position 7 on $procdff$1085 ($dlatch) from module vibe_dll_rx.
Setting constant 0-bit at position 8 on $procdff$1085 ($dlatch) from module vibe_dll_rx.
Setting constant 0-bit at position 9 on $procdff$1085 ($dlatch) from module vibe_dll_rx.
Setting constant 0-bit at position 10 on $procdff$1085 ($dlatch) from module vibe_dll_rx.
Setting constant 0-bit at position 0 on $procdff$1090 ($dlatch) from module vibe_dll_rx.
Setting constant 0-bit at position 1 on $procdff$1090 ($dlatch) from module vibe_dll_rx.
Setting constant 0-bit at position 2 on $procdff$1090 ($dlatch) from module vibe_dll_rx.
Setting constant 0-bit at position 3 on $procdff$1090 ($dlatch) from module vibe_dll_rx.
Setting constant 0-bit at position 4 on $procdff$1090 ($dlatch) from module vibe_dll_rx.
Setting constant 0-bit at position 5 on $procdff$1090 ($dlatch) from module vibe_dll_rx.
Setting constant 0-bit at position 6 on $procdff$1090 ($dlatch) from module vibe_dll_rx.
Setting constant 0-bit at position 7 on $procdff$1090 ($dlatch) from module vibe_dll_rx.
Setting constant 0-bit at position 8 on $procdff$1090 ($dlatch) from module vibe_dll_rx.
Setting constant 0-bit at position 9 on $procdff$1090 ($dlatch) from module vibe_dll_rx.
Setting constant 0-bit at position 10 on $procdff$1090 ($dlatch) from module vibe_dll_rx.
Setting constant 0-bit at position 0 on $procdff$1095 ($dlatch) from module vibe_dll_rx.
Setting constant 0-bit at position 1 on $procdff$1095 ($dlatch) from module vibe_dll_rx.
Setting constant 0-bit at position 2 on $procdff$1095 ($dlatch) from module vibe_dll_rx.
Setting constant 0-bit at position 3 on $procdff$1095 ($dlatch) from module vibe_dll_rx.
Setting constant 0-bit at position 4 on $procdff$1095 ($dlatch) from module vibe_dll_rx.
Setting constant 0-bit at position 5 on $procdff$1095 ($dlatch) from module vibe_dll_rx.
Setting constant 0-bit at position 6 on $procdff$1095 ($dlatch) from module vibe_dll_rx.
Setting constant 0-bit at position 7 on $procdff$1095 ($dlatch) from module vibe_dll_rx.
Setting constant 0-bit at position 8 on $procdff$1095 ($dlatch) from module vibe_dll_rx.
Setting constant 0-bit at position 9 on $procdff$1095 ($dlatch) from module vibe_dll_rx.
Setting constant 0-bit at position 10 on $procdff$1095 ($dlatch) from module vibe_dll_rx.
Setting constant 0-bit at position 0 on $procdff$1100 ($dlatch) from module vibe_dll_rx.
Setting constant 0-bit at position 1 on $procdff$1100 ($dlatch) from module vibe_dll_rx.
Setting constant 0-bit at position 2 on $procdff$1100 ($dlatch) from module vibe_dll_rx.
Setting constant 0-bit at position 3 on $procdff$1100 ($dlatch) from module vibe_dll_rx.
Setting constant 0-bit at position 4 on $procdff$1100 ($dlatch) from module vibe_dll_rx.
Setting constant 0-bit at position 5 on $procdff$1100 ($dlatch) from module vibe_dll_rx.
Setting constant 0-bit at position 6 on $procdff$1100 ($dlatch) from module vibe_dll_rx.
Setting constant 0-bit at position 7 on $procdff$1100 ($dlatch) from module vibe_dll_rx.
Setting constant 0-bit at position 8 on $procdff$1100 ($dlatch) from module vibe_dll_rx.
Setting constant 0-bit at position 9 on $procdff$1100 ($dlatch) from module vibe_dll_rx.
Setting constant 0-bit at position 10 on $procdff$1100 ($dlatch) from module vibe_dll_rx.
Setting constant 0-bit at position 0 on $procdff$1105 ($dlatch) from module vibe_dll_rx.
Setting constant 0-bit at position 1 on $procdff$1105 ($dlatch) from module vibe_dll_rx.
Setting constant 0-bit at position 2 on $procdff$1105 ($dlatch) from module vibe_dll_rx.
Setting constant 0-bit at position 3 on $procdff$1105 ($dlatch) from module vibe_dll_rx.
Setting constant 0-bit at position 4 on $procdff$1105 ($dlatch) from module vibe_dll_rx.
Setting constant 0-bit at position 5 on $procdff$1105 ($dlatch) from module vibe_dll_rx.
Setting constant 0-bit at position 6 on $procdff$1105 ($dlatch) from module vibe_dll_rx.
Setting constant 0-bit at position 7 on $procdff$1105 ($dlatch) from module vibe_dll_rx.
Setting constant 0-bit at position 8 on $procdff$1105 ($dlatch) from module vibe_dll_rx.
Setting constant 0-bit at position 9 on $procdff$1105 ($dlatch) from module vibe_dll_rx.
Setting constant 0-bit at position 10 on $procdff$1105 ($dlatch) from module vibe_dll_rx.
Setting constant 0-bit at position 0 on $procdff$1110 ($dlatch) from module vibe_dll_rx.
Setting constant 0-bit at position 1 on $procdff$1110 ($dlatch) from module vibe_dll_rx.
Setting constant 0-bit at position 2 on $procdff$1110 ($dlatch) from module vibe_dll_rx.
Setting constant 0-bit at position 3 on $procdff$1110 ($dlatch) from module vibe_dll_rx.
Setting constant 0-bit at position 4 on $procdff$1110 ($dlatch) from module vibe_dll_rx.
Setting constant 0-bit at position 5 on $procdff$1110 ($dlatch) from module vibe_dll_rx.
Setting constant 0-bit at position 6 on $procdff$1110 ($dlatch) from module vibe_dll_rx.
Setting constant 0-bit at position 7 on $procdff$1110 ($dlatch) from module vibe_dll_rx.
Setting constant 0-bit at position 8 on $procdff$1110 ($dlatch) from module vibe_dll_rx.
Setting constant 0-bit at position 9 on $procdff$1110 ($dlatch) from module vibe_dll_rx.
Setting constant 0-bit at position 10 on $procdff$1110 ($dlatch) from module vibe_dll_rx.
Setting constant 0-bit at position 0 on $procdff$1115 ($dlatch) from module vibe_dll_rx.
Setting constant 0-bit at position 1 on $procdff$1115 ($dlatch) from module vibe_dll_rx.
Setting constant 0-bit at position 2 on $procdff$1115 ($dlatch) from module vibe_dll_rx.
Setting constant 0-bit at position 3 on $procdff$1115 ($dlatch) from module vibe_dll_rx.
Setting constant 0-bit at position 4 on $procdff$1115 ($dlatch) from module vibe_dll_rx.
Setting constant 0-bit at position 5 on $procdff$1115 ($dlatch) from module vibe_dll_rx.
Setting constant 0-bit at position 6 on $procdff$1115 ($dlatch) from module vibe_dll_rx.
Setting constant 0-bit at position 7 on $procdff$1115 ($dlatch) from module vibe_dll_rx.
Setting constant 0-bit at position 8 on $procdff$1115 ($dlatch) from module vibe_dll_rx.
Setting constant 0-bit at position 9 on $procdff$1115 ($dlatch) from module vibe_dll_rx.
Setting constant 0-bit at position 10 on $procdff$1115 ($dlatch) from module vibe_dll_rx.
Setting constant 0-bit at position 0 on $procdff$1120 ($dlatch) from module vibe_dll_rx.
Setting constant 0-bit at position 1 on $procdff$1120 ($dlatch) from module vibe_dll_rx.
Setting constant 0-bit at position 2 on $procdff$1120 ($dlatch) from module vibe_dll_rx.
Setting constant 0-bit at position 3 on $procdff$1120 ($dlatch) from module vibe_dll_rx.
Setting constant 0-bit at position 4 on $procdff$1120 ($dlatch) from module vibe_dll_rx.
Setting constant 0-bit at position 5 on $procdff$1120 ($dlatch) from module vibe_dll_rx.
Setting constant 0-bit at position 6 on $procdff$1120 ($dlatch) from module vibe_dll_rx.
Setting constant 0-bit at position 7 on $procdff$1120 ($dlatch) from module vibe_dll_rx.
Setting constant 0-bit at position 8 on $procdff$1120 ($dlatch) from module vibe_dll_rx.
Setting constant 0-bit at position 9 on $procdff$1120 ($dlatch) from module vibe_dll_rx.
Setting constant 0-bit at position 10 on $procdff$1120 ($dlatch) from module vibe_dll_rx.
Setting constant 0-bit at position 0 on $procdff$1125 ($dlatch) from module vibe_dll_rx.
Setting constant 0-bit at position 1 on $procdff$1125 ($dlatch) from module vibe_dll_rx.
Setting constant 0-bit at position 2 on $procdff$1125 ($dlatch) from module vibe_dll_rx.
Setting constant 0-bit at position 3 on $procdff$1125 ($dlatch) from module vibe_dll_rx.
Setting constant 0-bit at position 4 on $procdff$1125 ($dlatch) from module vibe_dll_rx.
Setting constant 0-bit at position 5 on $procdff$1125 ($dlatch) from module vibe_dll_rx.
Setting constant 0-bit at position 6 on $procdff$1125 ($dlatch) from module vibe_dll_rx.
Setting constant 0-bit at position 7 on $procdff$1125 ($dlatch) from module vibe_dll_rx.
Setting constant 0-bit at position 8 on $procdff$1125 ($dlatch) from module vibe_dll_rx.
Setting constant 0-bit at position 9 on $procdff$1125 ($dlatch) from module vibe_dll_rx.
Setting constant 0-bit at position 10 on $procdff$1125 ($dlatch) from module vibe_dll_rx.
Setting constant 0-bit at position 0 on $procdff$1130 ($dlatch) from module vibe_dll_rx.
Setting constant 0-bit at position 1 on $procdff$1130 ($dlatch) from module vibe_dll_rx.
Setting constant 0-bit at position 2 on $procdff$1130 ($dlatch) from module vibe_dll_rx.
Setting constant 0-bit at position 3 on $procdff$1130 ($dlatch) from module vibe_dll_rx.
Setting constant 0-bit at position 4 on $procdff$1130 ($dlatch) from module vibe_dll_rx.
Setting constant 0-bit at position 5 on $procdff$1130 ($dlatch) from module vibe_dll_rx.
Setting constant 0-bit at position 6 on $procdff$1130 ($dlatch) from module vibe_dll_rx.
Setting constant 0-bit at position 7 on $procdff$1130 ($dlatch) from module vibe_dll_rx.
Setting constant 0-bit at position 8 on $procdff$1130 ($dlatch) from module vibe_dll_rx.
Setting constant 0-bit at position 9 on $procdff$1130 ($dlatch) from module vibe_dll_rx.
Setting constant 0-bit at position 10 on $procdff$1130 ($dlatch) from module vibe_dll_rx.
Setting constant 0-bit at position 0 on $procdff$1135 ($dlatch) from module vibe_dll_rx.
Setting constant 0-bit at position 1 on $procdff$1135 ($dlatch) from module vibe_dll_rx.
Setting constant 0-bit at position 2 on $procdff$1135 ($dlatch) from module vibe_dll_rx.
Setting constant 0-bit at position 3 on $procdff$1135 ($dlatch) from module vibe_dll_rx.
Setting constant 0-bit at position 4 on $procdff$1135 ($dlatch) from module vibe_dll_rx.
Setting constant 0-bit at position 5 on $procdff$1135 ($dlatch) from module vibe_dll_rx.
Setting constant 0-bit at position 6 on $procdff$1135 ($dlatch) from module vibe_dll_rx.
Setting constant 0-bit at position 7 on $procdff$1135 ($dlatch) from module vibe_dll_rx.
Setting constant 0-bit at position 8 on $procdff$1135 ($dlatch) from module vibe_dll_rx.
Setting constant 0-bit at position 9 on $procdff$1135 ($dlatch) from module vibe_dll_rx.
Setting constant 0-bit at position 10 on $procdff$1135 ($dlatch) from module vibe_dll_rx.

yosys> opt_clean

2.6.7. Executing OPT_CLEAN pass (remove unused cells and wires).
Finding unused cells or wires in module \vibe_dll_rx..
Removed 0 unused cells and 52 unused wires.
<suppressed ~1 debug messages>

yosys> opt_expr

2.6.8. Executing OPT_EXPR pass (perform const folding).
Optimizing module vibe_dll_rx.

2.6.9. Rerunning OPT passes. (Maybe there is more to do..)

yosys> opt_muxtree

2.6.10. Executing OPT_MUXTREE pass (detect dead branches in mux trees).
Running muxtree optimizer on module \vibe_dll_rx..
  Creating internal representation of mux trees.
  Evaluating internal representation of mux trees.
  Analyzing evaluation results.
Removed 0 multiplexer ports.
<suppressed ~38 debug messages>

yosys> opt_reduce

2.6.11. Executing OPT_REDUCE pass (consolidate $*mux and $reduce_* inputs).
  Optimizing cells in module \vibe_dll_rx.
    New ctrl vector for $pmux cell $procmux$235: $auto$opt_reduce.cc:137:opt_pmux$1177
  Optimizing cells in module \vibe_dll_rx.
Performed a total of 1 changes.

yosys> opt_merge

2.6.12. Executing OPT_MERGE pass (detect identical cells).
Finding identical cells in module `\vibe_dll_rx'.
Removed a total of 0 cells.

yosys> opt_dff -nodffe -nosdff

2.6.13. Executing OPT_DFF pass (perform DFF optimizations).

yosys> opt_clean

2.6.14. Executing OPT_CLEAN pass (remove unused cells and wires).
Finding unused cells or wires in module \vibe_dll_rx..

yosys> opt_expr

2.6.15. Executing OPT_EXPR pass (perform const folding).
Optimizing module vibe_dll_rx.

2.6.16. Rerunning OPT passes. (Maybe there is more to do..)

yosys> opt_muxtree

2.6.17. Executing OPT_MUXTREE pass (detect dead branches in mux trees).
Running muxtree optimizer on module \vibe_dll_rx..
  Creating internal representation of mux trees.
  Evaluating internal representation of mux trees.
  Analyzing evaluation results.
Removed 0 multiplexer ports.
<suppressed ~38 debug messages>

yosys> opt_reduce

2.6.18. Executing OPT_REDUCE pass (consolidate $*mux and $reduce_* inputs).
  Optimizing cells in module \vibe_dll_rx.
Performed a total of 0 changes.

yosys> opt_merge

2.6.19. Executing OPT_MERGE pass (detect identical cells).
Finding identical cells in module `\vibe_dll_rx'.
Removed a total of 0 cells.

yosys> opt_dff -nodffe -nosdff

2.6.20. Executing OPT_DFF pass (perform DFF optimizations).

yosys> opt_clean

2.6.21. Executing OPT_CLEAN pass (remove unused cells and wires).
Finding unused cells or wires in module \vibe_dll_rx..

yosys> opt_expr

2.6.22. Executing OPT_EXPR pass (perform const folding).
Optimizing module vibe_dll_rx.

2.6.23. Finished OPT passes. (There is nothing left to do.)

yosys> fsm

2.7. Executing FSM pass (extract and optimize FSM).

yosys> fsm_detect

2.7.1. Executing FSM_DETECT pass (finding FSMs in design).

yosys> fsm_extract

2.7.2. Executing FSM_EXTRACT pass (extracting FSM from design).

yosys> fsm_opt

2.7.3. Executing FSM_OPT pass (simple optimizations of FSMs).

yosys> opt_clean

2.7.4. Executing OPT_CLEAN pass (remove unused cells and wires).
Finding unused cells or wires in module \vibe_dll_rx..

yosys> fsm_opt

2.7.5. Executing FSM_OPT pass (simple optimizations of FSMs).

yosys> fsm_recode

2.7.6. Executing FSM_RECODE pass (re-assigning FSM state encoding).

yosys> fsm_info

2.7.7. Executing FSM_INFO pass (dumping all available information on FSM cells).

yosys> fsm_map

2.7.8. Executing FSM_MAP pass (mapping FSMs to basic logic).

yosys> opt

2.8. Executing OPT pass (performing simple optimizations).

yosys> opt_expr

2.8.1. Executing OPT_EXPR pass (perform const folding).
Optimizing module vibe_dll_rx.

yosys> opt_merge -nomux

2.8.2. Executing OPT_MERGE pass (detect identical cells).
Finding identical cells in module `\vibe_dll_rx'.
Removed a total of 0 cells.

yosys> opt_muxtree

2.8.3. Executing OPT_MUXTREE pass (detect dead branches in mux trees).
Running muxtree optimizer on module \vibe_dll_rx..
  Creating internal representation of mux trees.
  Evaluating internal representation of mux trees.
  Analyzing evaluation results.
Removed 0 multiplexer ports.
<suppressed ~38 debug messages>

yosys> opt_reduce

2.8.4. Executing OPT_REDUCE pass (consolidate $*mux and $reduce_* inputs).
  Optimizing cells in module \vibe_dll_rx.
Performed a total of 0 changes.

yosys> opt_merge

2.8.5. Executing OPT_MERGE pass (detect identical cells).
Finding identical cells in module `\vibe_dll_rx'.
Removed a total of 0 cells.

yosys> opt_dff

2.8.6. Executing OPT_DFF pass (perform DFF optimizations).
Adding EN signal on $procdff$995 ($adff) from module vibe_dll_rx (D = $add$/workspace/rtl/dll/vibe_dll_rx.sv:105$106_Y, Q = \wptr[3]).
Adding EN signal on $procdff$990 ($adff) from module vibe_dll_rx (D = $add$/workspace/rtl/dll/vibe_dll_rx.sv:105$106_Y, Q = \wptr[2]).
Adding EN signal on $procdff$985 ($adff) from module vibe_dll_rx (D = $add$/workspace/rtl/dll/vibe_dll_rx.sv:105$106_Y, Q = \wptr[1]).
Adding EN signal on $procdff$980 ($adff) from module vibe_dll_rx (D = $add$/workspace/rtl/dll/vibe_dll_rx.sv:105$106_Y, Q = \wptr[0]).
Adding EN signal on $procdff$970 ($adff) from module vibe_dll_rx (D = $0\pkt_left[15:0], Q = \pkt_left).
Adding EN signal on $procdff$965 ($adff) from module vibe_dll_rx (D = $0\pkt_act[0:0], Q = \pkt_act).
Adding EN signal on $procdff$960 ($adff) from module vibe_dll_rx (D = $0\by_n[7:0], Q = \by_n).
Adding EN signal on $procdff$955 ($adff) from module vibe_dll_rx (D = $0\by_lj[1279:0], Q = \by_lj).
Adding EN signal on $procdff$950 ($adff) from module vibe_dll_rx (D = $0\have[0:0], Q = \have).
Adding EN signal on $procdff$945 ($adff) from module vibe_dll_rx (D = \pcs_data, Q = \hold).
Adding EN signal on $procdff$940 ($adff) from module vibe_dll_rx (D = 1'1, Q = \rx_ovf).
Adding EN signal on $procdff$935 ($adff) from module vibe_dll_rx (D = 1'0, Q = \bcrc_fail).
Adding EN signal on $procdff$930 ($adff) from module vibe_dll_rx (D = \pcs_data, Q = \cfg0_data).
Adding EN signal on $procdff$915 ($adff) from module vibe_dll_rx (D = $0\nw_data[511:0], Q = \nw_data).
Adding EN signal on $procdff$1055 ($adff) from module vibe_dll_rx (D = $add$/workspace/rtl/dll/vibe_dll_rx.sv:105$106_Y, Q = \wptr[15]).
Adding EN signal on $procdff$1050 ($adff) from module vibe_dll_rx (D = $add$/workspace/rtl/dll/vibe_dll_rx.sv:105$106_Y, Q = \wptr[14]).
Adding EN signal on $procdff$1045 ($adff) from module vibe_dll_rx (D = $add$/workspace/rtl/dll/vibe_dll_rx.sv:105$106_Y, Q = \wptr[13]).
Adding EN signal on $procdff$1040 ($adff) from module vibe_dll_rx (D = $add$/workspace/rtl/dll/vibe_dll_rx.sv:105$106_Y, Q = \wptr[12]).
Adding EN signal on $procdff$1035 ($adff) from module vibe_dll_rx (D = $add$/workspace/rtl/dll/vibe_dll_rx.sv:105$106_Y, Q = \wptr[11]).
Adding EN signal on $procdff$1030 ($adff) from module vibe_dll_rx (D = $add$/workspace/rtl/dll/vibe_dll_rx.sv:105$106_Y, Q = \wptr[10]).
Adding EN signal on $procdff$1025 ($adff) from module vibe_dll_rx (D = $add$/workspace/rtl/dll/vibe_dll_rx.sv:105$106_Y, Q = \wptr[9]).
Adding EN signal on $procdff$1020 ($adff) from module vibe_dll_rx (D = $add$/workspace/rtl/dll/vibe_dll_rx.sv:105$106_Y, Q = \wptr[8]).
Adding EN signal on $procdff$1015 ($adff) from module vibe_dll_rx (D = $add$/workspace/rtl/dll/vibe_dll_rx.sv:105$106_Y, Q = \wptr[7]).
Adding EN signal on $procdff$1010 ($adff) from module vibe_dll_rx (D = $add$/workspace/rtl/dll/vibe_dll_rx.sv:105$106_Y, Q = \wptr[6]).
Adding EN signal on $procdff$1005 ($adff) from module vibe_dll_rx (D = $add$/workspace/rtl/dll/vibe_dll_rx.sv:105$106_Y, Q = \wptr[5]).
Adding EN signal on $procdff$1000 ($adff) from module vibe_dll_rx (D = $add$/workspace/rtl/dll/vibe_dll_rx.sv:105$106_Y, Q = \wptr[4]).
Setting constant 0-bit at position 0 on $auto$ff.cc:266:slice$1255 ($adffe) from module vibe_dll_rx.

yosys> opt_clean

2.8.7. Executing OPT_CLEAN pass (remove unused cells and wires).
Finding unused cells or wires in module \vibe_dll_rx..
Removed 92 unused cells and 92 unused wires.
<suppressed ~93 debug messages>

yosys> opt_expr

2.8.8. Executing OPT_EXPR pass (perform const folding).
Optimizing module vibe_dll_rx.
<suppressed ~6 debug messages>

2.8.9. Rerunning OPT passes. (Maybe there is more to do..)

yosys> opt_muxtree

2.8.10. Executing OPT_MUXTREE pass (detect dead branches in mux trees).
Running muxtree optimizer on module \vibe_dll_rx..
  Creating internal representation of mux trees.
  Evaluating internal representation of mux trees.
  Analyzing evaluation results.
Removed 0 multiplexer ports.
<suppressed ~18 debug messages>

yosys> opt_reduce

2.8.11. Executing OPT_REDUCE pass (consolidate $*mux and $reduce_* inputs).
  Optimizing cells in module \vibe_dll_rx.
Performed a total of 0 changes.

yosys> opt_merge

2.8.12. Executing OPT_MERGE pass (detect identical cells).
Finding identical cells in module `\vibe_dll_rx'.
<suppressed ~165 debug messages>
Removed a total of 55 cells.

yosys> opt_dff

2.8.13. Executing OPT_DFF pass (perform DFF optimizations).

yosys> opt_clean

2.8.14. Executing OPT_CLEAN pass (remove unused cells and wires).
Finding unused cells or wires in module \vibe_dll_rx..
Removed 0 unused cells and 55 unused wires.
<suppressed ~1 debug messages>

yosys> opt_expr

2.8.15. Executing OPT_EXPR pass (perform const folding).
Optimizing module vibe_dll_rx.

2.8.16. Rerunning OPT passes. (Maybe there is more to do..)

yosys> opt_muxtree

2.8.17. Executing OPT_MUXTREE pass (detect dead branches in mux trees).
Running muxtree optimizer on module \vibe_dll_rx..
  Creating internal representation of mux trees.
  Evaluating internal representation of mux trees.
  Analyzing evaluation results.
Removed 0 multiplexer ports.
<suppressed ~18 debug messages>

yosys> opt_reduce

2.8.18. Executing OPT_REDUCE pass (consolidate $*mux and $reduce_* inputs).
  Optimizing cells in module \vibe_dll_rx.
Performed a total of 0 changes.

yosys> opt_merge

2.8.19. Executing OPT_MERGE pass (detect identical cells).
Finding identical cells in module `\vibe_dll_rx'.
Removed a total of 0 cells.

yosys> opt_dff

2.8.20. Executing OPT_DFF pass (perform DFF optimizations).

yosys> opt_clean

2.8.21. Executing OPT_CLEAN pass (remove unused cells and wires).
Finding unused cells or wires in module \vibe_dll_rx..

yosys> opt_expr

2.8.22. Executing OPT_EXPR pass (perform const folding).
Optimizing module vibe_dll_rx.

2.8.23. Finished OPT passes. (There is nothing left to do.)

yosys> wreduce

2.9. Executing WREDUCE pass (reducing word size of cells).
Removed top 3 bits (of 8) from port B of cell vibe_dll_rx.$ge$/workspace/rtl/dll/vibe_dll_rx.sv:52$27 ($ge).
Removed top 9 bits (of 16) from port B of cell vibe_dll_rx.$ge$/workspace/rtl/dll/vibe_dll_rx.sv:55$31 ($ge).
Removed top 1 bits (of 8) from port B of cell vibe_dll_rx.$ge$/workspace/rtl/dll/vibe_dll_rx.sv:55$33 ($ge).
Removed top 15 bits (of 16) from port B of cell vibe_dll_rx.$gt$/workspace/rtl/dll/vibe_dll_rx.sv:56$35 ($gt).
Removed top 9 bits (of 16) from port B of cell vibe_dll_rx.$le$/workspace/rtl/dll/vibe_dll_rx.sv:56$37 ($le).
Removed top 8 bits (of 11) from port B of cell vibe_dll_rx.$add$/workspace/rtl/dll/vibe_dll_rx.sv:105$106 ($add).
Removed top 1 bits (of 8) from port B of cell vibe_dll_rx.$le$/workspace/rtl/dll/vibe_dll_rx.sv:109$107 ($le).
Removed top 21 bits (of 32) from port B of cell vibe_dll_rx.$shr$/workspace/rtl/dll/vibe_dll_rx.sv:110$110 ($shr).
Removed top 1 bits (of 8) from port B of cell vibe_dll_rx.$add$/workspace/rtl/dll/vibe_dll_rx.sv:111$112 ($add).
Removed top 6 bits (of 16) from port A of cell vibe_dll_rx.$sub$/workspace/rtl/dll/vibe_dll_rx.sv:114$114 ($sub).
Removed top 5 bits (of 16) from port B of cell vibe_dll_rx.$sub$/workspace/rtl/dll/vibe_dll_rx.sv:114$114 ($sub).
Removed top 4 bits (of 16) from port Y of cell vibe_dll_rx.$sub$/workspace/rtl/dll/vibe_dll_rx.sv:114$114 ($sub).
Removed top 5 bits (of 16) from port B of cell vibe_dll_rx.$shl$/workspace/rtl/dll/vibe_dll_rx.sv:116$118 ($shl).
Removed top 8 bits (of 16) from port B of cell vibe_dll_rx.$le$/workspace/rtl/dll/vibe_dll_rx.sv:118$120 ($le).
Removed top 8 bits (of 16) from port B of cell vibe_dll_rx.$sub$/workspace/rtl/dll/vibe_dll_rx.sv:126$121 ($sub).
Removed top 31 bits (of 32) from port B of cell vibe_dll_rx.$add$/workspace/rtl/common/vibe_ub_fn.vh:94$141 ($add).
Removed top 27 bits (of 32) from port Y of cell vibe_dll_rx.$add$/workspace/rtl/common/vibe_ub_fn.vh:94$141 ($add).
Removed top 31 bits (of 32) from port B of cell vibe_dll_rx.$add$/workspace/rtl/common/vibe_ub_fn.vh:95$142 ($add).
Removed top 26 bits (of 32) from port Y of cell vibe_dll_rx.$add$/workspace/rtl/common/vibe_ub_fn.vh:95$142 ($add).
Removed top 26 bits (of 32) from port A of cell vibe_dll_rx.$sub$/workspace/rtl/common/vibe_ub_fn.vh:96$143 ($sub).
Removed top 30 bits (of 32) from port B of cell vibe_dll_rx.$sub$/workspace/rtl/common/vibe_ub_fn.vh:96$143 ($sub).
Converting cell vibe_dll_rx.$sub$/workspace/rtl/common/vibe_ub_fn.vh:96$143 ($sub) from signed to unsigned.
Removed top 25 bits (of 32) from port Y of cell vibe_dll_rx.$sub$/workspace/rtl/common/vibe_ub_fn.vh:96$143 ($sub).
Removed top 1 bits (of 6) from port A of cell vibe_dll_rx.$sub$/workspace/rtl/common/vibe_ub_fn.vh:96$143 ($sub).
Removed top 1 bits (of 2) from port B of cell vibe_dll_rx.$sub$/workspace/rtl/common/vibe_ub_fn.vh:96$143 ($sub).
Removed top 1 bits (of 7) from port Y of cell vibe_dll_rx.$sub$/workspace/rtl/common/vibe_ub_fn.vh:96$143 ($sub).
Converting cell vibe_dll_rx.$add$/workspace/rtl/common/vibe_ub_fn.vh:96$145 ($add) from unsigned to signed.
Removed top 21 bits (of 32) from port A of cell vibe_dll_rx.$add$/workspace/rtl/common/vibe_ub_fn.vh:96$145 ($add).
Removed top 25 bits (of 32) from port B of cell vibe_dll_rx.$add$/workspace/rtl/common/vibe_ub_fn.vh:96$145 ($add).
Removed top 20 bits (of 32) from port Y of cell vibe_dll_rx.$add$/workspace/rtl/common/vibe_ub_fn.vh:96$145 ($add).
Removed top 20 bits (of 32) from port A of cell vibe_dll_rx.$lt$/workspace/rtl/common/vibe_ub_fn.vh:97$146 ($lt).
Removed top 30 bits (of 32) from port B of cell vibe_dll_rx.$lt$/workspace/rtl/common/vibe_ub_fn.vh:97$146 ($lt).
Removed top 21 bits (of 32) from port B of cell vibe_dll_rx.$gt$/workspace/rtl/common/vibe_ub_fn.vh:98$148 ($gt).
Removed top 11 bits (of 14) from port B of cell vibe_dll_rx.$mul$/workspace/rtl/common/vibe_ub_fn.vh:116$150 ($mul).
Removed top 16 bits (of 30) from port Y of cell vibe_dll_rx.$mul$/workspace/rtl/common/vibe_ub_fn.vh:116$150 ($mul).
Removed top 1 bits (of 4) from port B of cell vibe_dll_rx.$procmux$167_CMP0 ($eq).
Removed top 1 bits (of 4) from port B of cell vibe_dll_rx.$procmux$168_CMP0 ($eq).
Removed top 1 bits (of 4) from port B of cell vibe_dll_rx.$procmux$169_CMP0 ($eq).
Removed top 1 bits (of 4) from port B of cell vibe_dll_rx.$procmux$170_CMP0 ($eq).
Removed top 2 bits (of 4) from port B of cell vibe_dll_rx.$procmux$171_CMP0 ($eq).
Removed top 2 bits (of 4) from port B of cell vibe_dll_rx.$procmux$172_CMP0 ($eq).
Removed top 3 bits (of 4) from port B of cell vibe_dll_rx.$procmux$173_CMP0 ($eq).
Removed top 1 bits (of 2) from port B of cell vibe_dll_rx.$auto$opt_dff.cc:195:make_patterns_logic$1267 ($ne).
Removed top 1 bits (of 5) from port B of cell vibe_dll_rx.$auto$opt_dff.cc:195:make_patterns_logic$1232 ($ne).
Removed top 1 bits (of 4) from port B of cell vibe_dll_rx.$auto$opt_dff.cc:195:make_patterns_logic$1234 ($ne).
Removed top 26 bits (of 32) from wire vibe_dll_rx.$0\vibe_decl_flits$func$/workspace/rtl/common/vibe_ub_fn.vh:115$12.lastn[31:0]$140.
Removed top 27 bits (of 32) from wire vibe_dll_rx.$0\vibe_decl_flits$func$/workspace/rtl/common/vibe_ub_fn.vh:115$12.nblk[31:0]$139.
Removed top 5 bits (of 32) from wire vibe_dll_rx.$sub$/workspace/rtl/common/vibe_ub_fn.vh:96$143_Y.

yosys> peepopt

2.10. Executing PEEPOPT pass (run peephole optimizers).

yosys> opt_clean

2.11. Executing OPT_CLEAN pass (remove unused cells and wires).
Finding unused cells or wires in module \vibe_dll_rx..
Removed 0 unused cells and 5 unused wires.
<suppressed ~1 debug messages>

yosys> alumacc

2.12. Executing ALUMACC pass (create $alu and $macc cells).
Extracting $alu and $macc cells in module vibe_dll_rx:
  creating $macc model for $add$/workspace/rtl/common/vibe_ub_fn.vh:94$141 ($add).
  creating $macc model for $add$/workspace/rtl/common/vibe_ub_fn.vh:95$142 ($add).
  creating $macc model for $add$/workspace/rtl/common/vibe_ub_fn.vh:96$145 ($add).
  creating $macc model for $add$/workspace/rtl/dll/vibe_dll_rx.sv:105$106 ($add).
  creating $macc model for $add$/workspace/rtl/dll/vibe_dll_rx.sv:111$112 ($add).
  creating $macc model for $mul$/workspace/rtl/common/vibe_ub_fn.vh:116$150 ($mul).
  creating $macc model for $sub$/workspace/rtl/common/vibe_ub_fn.vh:96$143 ($sub).
  creating $macc model for $sub$/workspace/rtl/dll/vibe_dll_rx.sv:100$99 ($sub).
  creating $macc model for $sub$/workspace/rtl/dll/vibe_dll_rx.sv:114$114 ($sub).
  creating $macc model for $sub$/workspace/rtl/dll/vibe_dll_rx.sv:117$119 ($sub).
  creating $macc model for $sub$/workspace/rtl/dll/vibe_dll_rx.sv:126$121 ($sub).
  merging $macc model for $add$/workspace/rtl/common/vibe_ub_fn.vh:94$141 into $sub$/workspace/rtl/common/vibe_ub_fn.vh:96$143.
  creating $alu model for $macc $sub$/workspace/rtl/dll/vibe_dll_rx.sv:117$119.
  creating $alu model for $macc $sub$/workspace/rtl/dll/vibe_dll_rx.sv:114$114.
  creating $alu model for $macc $sub$/workspace/rtl/dll/vibe_dll_rx.sv:100$99.
  creating $alu model for $macc $add$/workspace/rtl/dll/vibe_dll_rx.sv:111$112.
  creating $alu model for $macc $add$/workspace/rtl/dll/vibe_dll_rx.sv:105$106.
  creating $alu model for $macc $add$/workspace/rtl/common/vibe_ub_fn.vh:96$145.
  creating $alu model for $macc $add$/workspace/rtl/common/vibe_ub_fn.vh:95$142.
  creating $alu model for $macc $sub$/workspace/rtl/dll/vibe_dll_rx.sv:126$121.
  creating $macc cell for $sub$/workspace/rtl/common/vibe_ub_fn.vh:96$143: $auto$alumacc.cc:365:replace_macc$1381
  creating $macc cell for $mul$/workspace/rtl/common/vibe_ub_fn.vh:116$150: $auto$alumacc.cc:365:replace_macc$1382
  creating $alu model for $ge$/workspace/rtl/dll/vibe_dll_rx.sv:100$100 ($ge): new $alu
  creating $alu model for $ge$/workspace/rtl/dll/vibe_dll_rx.sv:52$27 ($ge): new $alu
  creating $alu model for $ge$/workspace/rtl/dll/vibe_dll_rx.sv:55$31 ($ge): new $alu
  creating $alu model for $ge$/workspace/rtl/dll/vibe_dll_rx.sv:55$33 ($ge): new $alu
  creating $alu model for $ge$/workspace/rtl/dll/vibe_dll_rx.sv:57$39 ($ge): new $alu
  creating $alu model for $gt$/workspace/rtl/common/vibe_ub_fn.vh:98$148 ($gt): new $alu
  creating $alu model for $gt$/workspace/rtl/dll/vibe_dll_rx.sv:56$35 ($gt): new $alu
  creating $alu model for $le$/workspace/rtl/dll/vibe_dll_rx.sv:109$107 ($le): new $alu
  creating $alu model for $le$/workspace/rtl/dll/vibe_dll_rx.sv:118$120 ($le): merged with $sub$/workspace/rtl/dll/vibe_dll_rx.sv:126$121.
  creating $alu model for $le$/workspace/rtl/dll/vibe_dll_rx.sv:56$37 ($le): merged with $ge$/workspace/rtl/dll/vibe_dll_rx.sv:55$31.
  creating $alu model for $lt$/workspace/rtl/common/vibe_ub_fn.vh:97$146 ($lt): new $alu
  creating $alu cell for $lt$/workspace/rtl/common/vibe_ub_fn.vh:97$146: $auto$alumacc.cc:495:replace_alu$1392
  creating $alu cell for $le$/workspace/rtl/dll/vibe_dll_rx.sv:109$107: $auto$alumacc.cc:495:replace_alu$1399
  creating $alu cell for $gt$/workspace/rtl/dll/vibe_dll_rx.sv:56$35: $auto$alumacc.cc:495:replace_alu$1408
  creating $alu cell for $gt$/workspace/rtl/common/vibe_ub_fn.vh:98$148: $auto$alumacc.cc:495:replace_alu$1419
  creating $alu cell for $ge$/workspace/rtl/dll/vibe_dll_rx.sv:57$39: $auto$alumacc.cc:495:replace_alu$1432
  creating $alu cell for $ge$/workspace/rtl/dll/vibe_dll_rx.sv:55$33: $auto$alumacc.cc:495:replace_alu$1445
  creating $alu cell for $ge$/workspace/rtl/dll/vibe_dll_rx.sv:55$31, $le$/workspace/rtl/dll/vibe_dll_rx.sv:56$37: $auto$alumacc.cc:495:replace_alu$1458
  creating $alu cell for $ge$/workspace/rtl/dll/vibe_dll_rx.sv:52$27: $auto$alumacc.cc:495:replace_alu$1473
  creating $alu cell for $ge$/workspace/rtl/dll/vibe_dll_rx.sv:100$100: $auto$alumacc.cc:495:replace_alu$1486
  creating $alu cell for $sub$/workspace/rtl/dll/vibe_dll_rx.sv:126$121, $le$/workspace/rtl/dll/vibe_dll_rx.sv:118$120: $auto$alumacc.cc:495:replace_alu$1499
  creating $alu cell for $add$/workspace/rtl/common/vibe_ub_fn.vh:95$142: $auto$alumacc.cc:495:replace_alu$1508
  creating $alu cell for $add$/workspace/rtl/common/vibe_ub_fn.vh:96$145: $auto$alumacc.cc:495:replace_alu$1511
  creating $alu cell for $add$/workspace/rtl/dll/vibe_dll_rx.sv:105$106: $auto$alumacc.cc:495:replace_alu$1514
  creating $alu cell for $add$/workspace/rtl/dll/vibe_dll_rx.sv:111$112: $auto$alumacc.cc:495:replace_alu$1517
  creating $alu cell for $sub$/workspace/rtl/dll/vibe_dll_rx.sv:100$99: $auto$alumacc.cc:495:replace_alu$1520
  creating $alu cell for $sub$/workspace/rtl/dll/vibe_dll_rx.sv:114$114: $auto$alumacc.cc:495:replace_alu$1523
  creating $alu cell for $sub$/workspace/rtl/dll/vibe_dll_rx.sv:117$119: $auto$alumacc.cc:495:replace_alu$1526
  created 17 $alu and 2 $macc cells.

yosys> share

2.13. Executing SHARE pass (SAT-based resource sharing).
Found 3 cells in module vibe_dll_rx that may be considered for resource sharing.
  Analyzing resource sharing options for $shr$/workspace/rtl/dll/vibe_dll_rx.sv:110$110 ($shr):
    Found 1 activation_patterns using ctrl signal { $logic_and$/workspace/rtl/dll/vibe_dll_rx.sv:109$108_Y $logic_or$/workspace/rtl/dll/vibe_dll_rx.sv:78$66_Y }.
    No candidates found.
  Analyzing resource sharing options for $shl$/workspace/rtl/dll/vibe_dll_rx.sv:116$118 ($shl):
    Found 1 activation_patterns using ctrl signal { $logic_and$/workspace/rtl/dll/vibe_dll_rx.sv:109$108_Y $logic_or$/workspace/rtl/dll/vibe_dll_rx.sv:78$66_Y $auto$rtlil.cc:2961:ReduceOr$1507 \can_emit }.
    No candidates found.
  Analyzing resource sharing options for $shl$/workspace/rtl/dll/vibe_dll_rx.sv:114$115 ($shl):
    Found 1 activation_patterns using ctrl signal { $logic_and$/workspace/rtl/dll/vibe_dll_rx.sv:109$108_Y $logic_or$/workspace/rtl/dll/vibe_dll_rx.sv:78$66_Y \can_emit }.
    No candidates found.

yosys> opt

2.14. Executing OPT pass (performing simple optimizations).

yosys> opt_expr

2.14.1. Executing OPT_EXPR pass (perform const folding).
Optimizing module vibe_dll_rx.
<suppressed ~4 debug messages>

yosys> opt_merge -nomux

2.14.2. Executing OPT_MERGE pass (detect identical cells).
Finding identical cells in module `\vibe_dll_rx'.
Removed a total of 0 cells.

yosys> opt_muxtree

2.14.3. Executing OPT_MUXTREE pass (detect dead branches in mux trees).
Running muxtree optimizer on module \vibe_dll_rx..
  Creating internal representation of mux trees.
  Evaluating internal representation of mux trees.
  Analyzing evaluation results.
Removed 0 multiplexer ports.
<suppressed ~18 debug messages>

yosys> opt_reduce

2.14.4. Executing OPT_REDUCE pass (consolidate $*mux and $reduce_* inputs).
  Optimizing cells in module \vibe_dll_rx.
Performed a total of 0 changes.

yosys> opt_merge

2.14.5. Executing OPT_MERGE pass (detect identical cells).
Finding identical cells in module `\vibe_dll_rx'.
Removed a total of 0 cells.

yosys> opt_dff

2.14.6. Executing OPT_DFF pass (perform DFF optimizations).

yosys> opt_clean

2.14.7. Executing OPT_CLEAN pass (remove unused cells and wires).
Finding unused cells or wires in module \vibe_dll_rx..
Removed 2 unused cells and 18 unused wires.
<suppressed ~4 debug messages>

yosys> opt_expr

2.14.8. Executing OPT_EXPR pass (perform const folding).
Optimizing module vibe_dll_rx.

2.14.9. Rerunning OPT passes. (Maybe there is more to do..)

yosys> opt_muxtree

2.14.10. Executing OPT_MUXTREE pass (detect dead branches in mux trees).
Running muxtree optimizer on module \vibe_dll_rx..
  Creating internal representation of mux trees.
  Evaluating internal representation of mux trees.
  Analyzing evaluation results.
Removed 0 multiplexer ports.
<suppressed ~18 debug messages>

yosys> opt_reduce

2.14.11. Executing OPT_REDUCE pass (consolidate $*mux and $reduce_* inputs).
  Optimizing cells in module \vibe_dll_rx.
Performed a total of 0 changes.

yosys> opt_merge

2.14.12. Executing OPT_MERGE pass (detect identical cells).
Finding identical cells in module `\vibe_dll_rx'.
Removed a total of 0 cells.

yosys> opt_dff

2.14.13. Executing OPT_DFF pass (perform DFF optimizations).

yosys> opt_clean

2.14.14. Executing OPT_CLEAN pass (remove unused cells and wires).
Finding unused cells or wires in module \vibe_dll_rx..

yosys> opt_expr

2.14.15. Executing OPT_EXPR pass (perform const folding).
Optimizing module vibe_dll_rx.

2.14.16. Finished OPT passes. (There is nothing left to do.)

yosys> memory -nomap

2.15. Executing MEMORY pass.

yosys> opt_mem

2.15.1. Executing OPT_MEM pass (optimize memories).
Performed a total of 0 transformations.

yosys> opt_mem_priority

2.15.2. Executing OPT_MEM_PRIORITY pass (removing unnecessary memory write priority relations).
Performed a total of 0 transformations.

yosys> opt_mem_feedback

2.15.3. Executing OPT_MEM_FEEDBACK pass (finding memory read-to-write feedback paths).

yosys> memory_bmux2rom

2.15.4. Executing MEMORY_BMUX2ROM pass (converting muxes to ROMs).

yosys> memory_dff

2.15.5. Executing MEMORY_DFF pass (merging $dff cells to $memrd).

yosys> opt_clean

2.15.6. Executing OPT_CLEAN pass (remove unused cells and wires).
Finding unused cells or wires in module \vibe_dll_rx..

yosys> memory_share

2.15.7. Executing MEMORY_SHARE pass (consolidating $memrd/$memwr cells).

yosys> opt_mem_widen

2.15.8. Executing OPT_MEM_WIDEN pass (optimize memories where all ports are wide).
Performed a total of 0 transformations.

yosys> opt_clean

2.15.9. Executing OPT_CLEAN pass (remove unused cells and wires).
Finding unused cells or wires in module \vibe_dll_rx..

yosys> memory_collect

2.15.10. Executing MEMORY_COLLECT pass (generating $mem cells).

yosys> opt_clean

2.16. Executing OPT_CLEAN pass (remove unused cells and wires).
Finding unused cells or wires in module \vibe_dll_rx..

yosys> tee -o /workspace/reports/synth/blocks/vibe_dll_rx/hierarchy.rpt stat

yosys> stat

3. Printing statistics.

=== vibe_dll_rx ===

   Number of wires:                288
   Number of wire bits:          18160
   Number of public wires:          73
   Number of public wire bits:    5066
   Number of ports:                 17
   Number of port bits:           1806
   Number of memories:               0
   Number of memory bits:            0
   Number of processes:              0
   Number of cells:                218
     $adff                           2
     $adffe                         25
     $alu                           16
     $and                            1
     $eq                            15
     $logic_and                     13
     $logic_not                      7
     $logic_or                       5
     $macc_v2                        2
     $mux                           51
     $ne                             4
     $not                           17
     $or                             7
     $pmux                           1
     $reduce_and                    31
     $reduce_bool                    5
     $reduce_or                      9
     $shl                            2
     $shr                            1
     $xor                            4


yosys> opt -fast -full

4. Executing OPT pass (performing simple optimizations).

yosys> opt_expr -full

4.1. Executing OPT_EXPR pass (perform const folding).
Optimizing module vibe_dll_rx.
<suppressed ~45 debug messages>

yosys> opt_merge

4.2. Executing OPT_MERGE pass (detect identical cells).
Finding identical cells in module `\vibe_dll_rx'.
<suppressed ~48 debug messages>
Removed a total of 16 cells.

yosys> opt_dff

4.3. Executing OPT_DFF pass (perform DFF optimizations).
Adding EN signal on $auto$ff.cc:266:slice$1224 ($adffe) from module vibe_dll_rx (D = $0\by_n[7:0] [3:0], Q = \by_n [3:0]).

yosys> opt_clean

4.4. Executing OPT_CLEAN pass (remove unused cells and wires).
Finding unused cells or wires in module \vibe_dll_rx..
Removed 2 unused cells and 80 unused wires.
<suppressed ~3 debug messages>

4.5. Rerunning OPT passes. (Removed registers in this run.)

yosys> opt_expr -full

4.6. Executing OPT_EXPR pass (perform const folding).
Optimizing module vibe_dll_rx.
<suppressed ~1 debug messages>

yosys> opt_merge

4.7. Executing OPT_MERGE pass (detect identical cells).
Finding identical cells in module `\vibe_dll_rx'.
<suppressed ~3 debug messages>
Removed a total of 1 cells.

yosys> opt_dff

4.8. Executing OPT_DFF pass (perform DFF optimizations).

yosys> opt_clean

4.9. Executing OPT_CLEAN pass (remove unused cells and wires).
Finding unused cells or wires in module \vibe_dll_rx..
Removed 0 unused cells and 1 unused wires.
<suppressed ~1 debug messages>

4.10. Finished fast OPT passes.

yosys> techmap

5. Executing TECHMAP pass (map to technology primitives).

5.1. Executing Verilog-2005 frontend: /tmp/oss-cad/oss-cad-suite/lib/../share/yosys/techmap.v
Parsing Verilog input from `/tmp/oss-cad/oss-cad-suite/lib/../share/yosys/techmap.v' to AST representation.
Generating RTLIL representation for module `\_90_simplemap_bool_ops'.
Generating RTLIL representation for module `\_90_simplemap_reduce_ops'.
Generating RTLIL representation for module `\_90_simplemap_logic_ops'.
Generating RTLIL representation for module `\_90_simplemap_compare_ops'.
Generating RTLIL representation for module `\_90_simplemap_various'.
Generating RTLIL representation for module `\_90_simplemap_registers'.
Generating RTLIL representation for module `\_90_shift_ops_shr_shl_sshl_sshr'.
Generating RTLIL representation for module `\_90_shift_shiftx'.
Generating RTLIL representation for module `\_90_fa'.
Generating RTLIL representation for module `\_90_lcu_brent_kung'.
Generating RTLIL representation for module `\_90_alu'.
Generating RTLIL representation for module `\_90_macc'.
Generating RTLIL representation for module `\_90_alumacc'.
Generating RTLIL representation for module `\$__div_mod_u'.
Generating RTLIL representation for module `\$__div_mod_trunc'.
Generating RTLIL representation for module `\_90_div'.
Generating RTLIL representation for module `\_90_mod'.
Generating RTLIL representation for module `\$__div_mod_floor'.
Generating RTLIL representation for module `\_90_divfloor'.
Generating RTLIL representation for module `\_90_modfloor'.
Generating RTLIL representation for module `\_90_pow'.
Generating RTLIL representation for module `\_90_pmux'.
Generating RTLIL representation for module `\_90_demux'.
Generating RTLIL representation for module `\_90_lut'.
Successfully finished Verilog frontend.

5.2. Continuing TECHMAP pass.
Using extmapper simplemap for cells of type $logic_not.
Using extmapper simplemap for cells of type $logic_and.
Using extmapper simplemap for cells of type $logic_or.
Using extmapper simplemap for cells of type $mux.
Using template $paramod$a6e0b60885f94324a722d5fe0b8b0752d3465d79\_90_pmux for cells of type $pmux.
Using template $paramod$fc972a7a46956c1788f3cb5257b53c8f1df2d0cc\_90_alu for cells of type $alu.
Using extmapper simplemap for cells of type $reduce_and.
Using template $paramod$1eb759649286d7485bd82f4dfc30385bade4b4b3\_90_alu for cells of type $alu.
Using template $paramod$8263b6154cd7ab2bbb8571662288869c1a1d06e5\_90_alu for cells of type $alu.
Using template $paramod$68eb2ee261b49d479fb9d9ec0659e1d20891082b\_90_alu for cells of type $alu.
Using template $paramod$ba698a254f9a5947e85cbe7beae6b161eefc5386\_90_alu for cells of type $alu.
Using extmapper simplemap for cells of type $reduce_bool.
Using extmapper simplemap for cells of type $reduce_or.
Using extmapper simplemap for cells of type $not.
Using template $paramod$4036cc4bf4f6a71988372ada8c45973510ae050c\_90_alu for cells of type $alu.
Using template $paramod$7a77ea55da18354df8e6d78449c6822120e00d50\_90_alu for cells of type $alu.
Using template $paramod$1a3a0c35c4a4896fbfd612699525c057298e72d2\_90_alu for cells of type $alu.
Using template $paramod$constmap:f8435da6576f51376b10135a1ae244898eecef35$paramod$6c1b9d53c46ee5cf73364912613324455ad58247\_90_shift_ops_shr_shl_sshl_sshr for cells of type $shr.
Using extmapper simplemap for cells of type $or.
Using template $paramod$a1bc51c02ce12ac21eb18988e83292af48ed7d72\_90_alu for cells of type $alu.
Using template $paramod$constmap:dc9a92a606db5e3f8cbba754264544a20f0737b7$paramod$928f6015e23f8c057dc3c6bc4c811955a0cea165\_90_shift_ops_shr_shl_sshl_sshr for cells of type $shl.
Using extmapper simplemap for cells of type $and.
Using template $paramod$constmap:2f99dff93e48ecb4959a088cac537c219851ce7f$paramod$4893ce8a9a6567da2183f0c057d5b23b73fa84a9\_90_shift_ops_shr_shl_sshl_sshr for cells of type $shl.
Using template $paramod$5e23d2e0f07f5403e3d2c5b606bab0c16e4174c1\_90_alu for cells of type $alu.
Using template $paramod$207692717c51e48d82d715cfaf2668de98d70b09\_90_alu for cells of type $alu.
Using extmapper maccmap for cells of type $macc_v2.
  add $0\vibe_decl_flits$func$/workspace/rtl/common/vibe_ub_fn.vh:115$12.$result[31:0]$137 * 3'101 (32x3 bits, unsigned)
  add \by_lj [1141:1138] (4 bits, unsigned)
Using template $paramod$53700bbee849b2010ad0b60a61ccd204a10e24ca\_90_alu for cells of type $alu.
Using template $paramod$f956edc9fe4df758d9fdb10bfc518a364c99e75e\_90_alu for cells of type $alu.
Using extmapper simplemap for cells of type $eq.
Using extmapper simplemap for cells of type $adffe.
Using template $paramod$f2c02b535aa5a3ee3328d157e65221153244f56e\_90_alu for cells of type $alu.
Using extmapper simplemap for cells of type $xor.
Using extmapper simplemap for cells of type $ne.
Using extmapper simplemap for cells of type $adff.
Using extmapper simplemap for cells of type $pos.
Using template $paramod\_90_lcu_brent_kung\WIDTH=32'00000000000000000000000000010000 for cells of type $lcu.
Using template $paramod\_90_lcu_brent_kung\WIDTH=32'00000000000000000000000000001001 for cells of type $lcu.
Using template $paramod\_90_lcu_brent_kung\WIDTH=32'00000000000000000000000000000010 for cells of type $lcu.
Using template $paramod\_90_lcu_brent_kung\WIDTH=32'00000000000000000000000000000110 for cells of type $lcu.
Using template $paramod\_90_lcu_brent_kung\WIDTH=32'00000000000000000000000000010111 for cells of type $lcu.
Using template $paramod\_90_lcu_brent_kung\WIDTH=32'00000000000000000000000000001010 for cells of type $lcu.
Using template $paramod\_90_lcu_brent_kung\WIDTH=32'00000000000000000000000000000001 for cells of type $lcu.
Using template $paramod\_90_lcu_brent_kung\WIDTH=32'00000000000000000000000000000100 for cells of type $lcu.
Using template $paramod\_90_lcu_brent_kung\WIDTH=32'00000000000000000000000000001000 for cells of type $lcu.
Using template $paramod\_90_lcu_brent_kung\WIDTH=32'00000000000000000000000000000111 for cells of type $lcu.
Using template $paramod\_90_fa\WIDTH=32'00000000000000000000000000001110 for cells of type $fa.
Using template $paramod$091610cd349a68bd5539cffd7126f0d76e9bca00\_90_alu for cells of type $alu.
Using template $paramod\_90_lcu_brent_kung\WIDTH=32'00000000000000000000000000001100 for cells of type $lcu.
Using template $paramod\_90_lcu_brent_kung\WIDTH=32'00000000000000000000000000001110 for cells of type $lcu.
No more expansions possible.
<suppressed ~64597 debug messages>

yosys> opt -fast

6. Executing OPT pass (performing simple optimizations).

yosys> opt_expr

6.1. Executing OPT_EXPR pass (perform const folding).
Optimizing module vibe_dll_rx.
<suppressed ~941 debug messages>

yosys> opt_merge

6.2. Executing OPT_MERGE pass (detect identical cells).
Finding identical cells in module `\vibe_dll_rx'.
<suppressed ~12438 debug messages>
Removed a total of 4146 cells.

yosys> opt_dff

6.3. Executing OPT_DFF pass (perform DFF optimizations).
Adding EN signal on $auto$ff.cc:266:slice$93211 ($_DFFE_PN0P_) from module vibe_dll_rx (D = $0\by_lj[1279:0] [1279], Q = \by_lj [1279]).
Adding EN signal on $auto$ff.cc:266:slice$93196 ($_DFFE_PN0P_) from module vibe_dll_rx (D = $0\by_lj[1279:0] [1264], Q = \by_lj [1264]).
Adding EN signal on $auto$ff.cc:266:slice$93197 ($_DFFE_PN0P_) from module vibe_dll_rx (D = $0\by_lj[1279:0] [1265], Q = \by_lj [1265]).
Adding EN signal on $auto$ff.cc:266:slice$93198 ($_DFFE_PN0P_) from module vibe_dll_rx (D = $0\by_lj[1279:0] [1266], Q = \by_lj [1266]).
Adding EN signal on $auto$ff.cc:266:slice$93199 ($_DFFE_PN0P_) from module vibe_dll_rx (D = $0\by_lj[1279:0] [1267], Q = \by_lj [1267]).
Adding EN signal on $auto$ff.cc:266:slice$93200 ($_DFFE_PN0P_) from module vibe_dll_rx (D = $0\by_lj[1279:0] [1268], Q = \by_lj [1268]).
Adding EN signal on $auto$ff.cc:266:slice$93201 ($_DFFE_PN0P_) from module vibe_dll_rx (D = $0\by_lj[1279:0] [1269], Q = \by_lj [1269]).
Adding EN signal on $auto$ff.cc:266:slice$93202 ($_DFFE_PN0P_) from module vibe_dll_rx (D = $0\by_lj[1279:0] [1270], Q = \by_lj [1270]).
Adding EN signal on $auto$ff.cc:266:slice$93203 ($_DFFE_PN0P_) from module vibe_dll_rx (D = $0\by_lj[1279:0] [1271], Q = \by_lj [1271]).
Adding EN signal on $auto$ff.cc:266:slice$93204 ($_DFFE_PN0P_) from module vibe_dll_rx (D = $0\by_lj[1279:0] [1272], Q = \by_lj [1272]).
Adding EN signal on $auto$ff.cc:266:slice$93205 ($_DFFE_PN0P_) from module vibe_dll_rx (D = $0\by_lj[1279:0] [1273], Q = \by_lj [1273]).
Adding EN signal on $auto$ff.cc:266:slice$93206 ($_DFFE_PN0P_) from module vibe_dll_rx (D = $0\by_lj[1279:0] [1274], Q = \by_lj [1274]).
Adding EN signal on $auto$ff.cc:266:slice$93207 ($_DFFE_PN0P_) from module vibe_dll_rx (D = $0\by_lj[1279:0] [1275], Q = \by_lj [1275]).
Adding EN signal on $auto$ff.cc:266:slice$93208 ($_DFFE_PN0P_) from module vibe_dll_rx (D = $0\by_lj[1279:0] [1276], Q = \by_lj [1276]).
Adding EN signal on $auto$ff.cc:266:slice$93209 ($_DFFE_PN0P_) from module vibe_dll_rx (D = $0\by_lj[1279:0] [1277], Q = \by_lj [1277]).
Adding EN signal on $auto$ff.cc:266:slice$93210 ($_DFFE_PN0P_) from module vibe_dll_rx (D = $0\by_lj[1279:0] [1278], Q = \by_lj [1278]).

yosys> opt_clean

6.4. Executing OPT_CLEAN pass (remove unused cells and wires).
Finding unused cells or wires in module \vibe_dll_rx..
Removed 98 unused cells and 967 unused wires.
<suppressed ~99 debug messages>

6.5. Rerunning OPT passes. (Removed registers in this run.)

yosys> opt_expr

6.6. Executing OPT_EXPR pass (perform const folding).
Optimizing module vibe_dll_rx.
<suppressed ~194 debug messages>

yosys> opt_merge

6.7. Executing OPT_MERGE pass (detect identical cells).
Finding identical cells in module `\vibe_dll_rx'.
<suppressed ~516 debug messages>
Removed a total of 172 cells.

yosys> opt_dff

6.8. Executing OPT_DFF pass (perform DFF optimizations).

yosys> opt_clean

6.9. Executing OPT_CLEAN pass (remove unused cells and wires).
Finding unused cells or wires in module \vibe_dll_rx..
Removed 1 unused cells and 96 unused wires.
<suppressed ~2 debug messages>

6.10. Finished fast OPT passes.

yosys> dfflibmap -liberty /workspace/scripts/synth/work/sky130_fd_sc_hd__tt_025C_1v80.lib

7. Executing DFFLIBMAP pass (mapping DFF cells to sequential cells from liberty file).
  cell sky130_fd_sc_hd__dfxtp_1 (noninv, pins=3, area=20.02) is a direct match for cell type $_DFF_P_.
  cell sky130_fd_sc_hd__dfrtn_1 (noninv, pins=4, area=25.02) is a direct match for cell type $_DFF_NN0_.
  cell sky130_fd_sc_hd__dfrtp_1 (noninv, pins=4, area=25.02) is a direct match for cell type $_DFF_PN0_.
  cell sky130_fd_sc_hd__dfstp_2 (noninv, pins=4, area=26.28) is a direct match for cell type $_DFF_PN1_.
  cell sky130_fd_sc_hd__edfxtp_1 (noninv, pins=4, area=30.03) is a direct match for cell type $_DFFE_PP_.
  cell sky130_fd_sc_hd__dfbbn_1 (noninv, pins=6, area=32.53) is a direct match for cell type $_DFFSR_NNN_.
  cell sky130_fd_sc_hd__dfbbp_1 (noninv, pins=6, area=32.53) is a direct match for cell type $_DFFSR_PNN_.
  final dff cell mappings:
    unmapped dff cell: $_DFF_N_
    \sky130_fd_sc_hd__dfxtp_1 _DFF_P_ (.CLK( C), .D( D), .Q( Q));
    \sky130_fd_sc_hd__dfrtn_1 _DFF_NN0_ (.CLK_N( C), .D( D), .Q( Q), .RESET_B( R));
    unmapped dff cell: $_DFF_NN1_
    unmapped dff cell: $_DFF_NP0_
    unmapped dff cell: $_DFF_NP1_
    \sky130_fd_sc_hd__dfrtp_1 _DFF_PN0_ (.CLK( C), .D( D), .Q( Q), .RESET_B( R));
    \sky130_fd_sc_hd__dfstp_2 _DFF_PN1_ (.CLK( C), .D( D), .Q( Q), .SET_B( R));
    unmapped dff cell: $_DFF_PP0_
    unmapped dff cell: $_DFF_PP1_
    unmapped dff cell: $_DFFE_NN_
    unmapped dff cell: $_DFFE_NP_
    unmapped dff cell: $_DFFE_PN_
    \sky130_fd_sc_hd__edfxtp_1 _DFFE_PP_ (.CLK( C), .D( D), .DE( E), .Q( Q));
    \sky130_fd_sc_hd__dfbbn_1 _DFFSR_NNN_ (.CLK_N( C), .D( D), .Q( Q), .Q_N(~Q), .RESET_B( R), .SET_B( S));
    unmapped dff cell: $_DFFSR_NNP_
    unmapped dff cell: $_DFFSR_NPN_
    unmapped dff cell: $_DFFSR_NPP_
    \sky130_fd_sc_hd__dfbbp_1 _DFFSR_PNN_ (.CLK( C), .D( D), .Q( Q), .Q_N(~Q), .RESET_B( R), .SET_B( S));
    unmapped dff cell: $_DFFSR_PNP_
    unmapped dff cell: $_DFFSR_PPN_
    unmapped dff cell: $_DFFSR_PPP_

yosys> dfflegalize -cell $_DFF_P_ 01 -cell $_DFFE_PP_ 01 -cell $_DFF_NN0_ 01 -cell $_DFF_PN0_ 01 -cell $_DFF_PN1_ 01 -cell $_DFFSR_NNN_ 01 -cell $_DFFSR_PNN_ 01 t:$_DFF* t:$_SDFF*

7.1. Executing DFFLEGALIZE pass (convert FFs to types supported by the target).
<suppressed ~24 debug messages>
Mapping DFF cells in module `\vibe_dll_rx':
  mapped 3277 $_DFF_PN0_ cells to \sky130_fd_sc_hd__dfrtp_1 cells.

yosys> abc -liberty /workspace/scripts/synth/work/sky130_fd_sc_hd__tt_025C_1v80.lib

8. Executing ABC pass (technology mapping using ABC).

8.1. Extracting gate netlist of module `\vibe_dll_rx' to `<abc-temp-dir>/input.blif'..
Replacing 20 occurrences of constant undef bits with constant zero bits
Extracted 28349 gates and 32272 wires to a netlist network with 3920 inputs and 3278 outputs.

8.1.1. Executing ABC.
Running ABC command: "<yosys-exe-dir>/yosys-abc" -s -f <abc-temp-dir>/abc.script 2>&1
ABC: ABC command line: "source <abc-temp-dir>/abc.script".
ABC: 
ABC: + read_blif <abc-temp-dir>/input.blif 
ABC: + read_lib -w /workspace/scripts/synth/work/sky130_fd_sc_hd__tt_025C_1v80.lib 
ABC: Parsing finished successfully.  Parsing time =     0.10 sec
ABC: Scl_LibertyReadGenlib() skipped cell "sky130_fd_sc_hd__decap_12" without logic function.
ABC: Scl_LibertyReadGenlib() skipped cell "sky130_fd_sc_hd__decap_3" without logic function.
ABC: Scl_LibertyReadGenlib() skipped cell "sky130_fd_sc_hd__decap_4" without logic function.
ABC: Scl_LibertyReadGenlib() skipped cell "sky130_fd_sc_hd__decap_6" without logic function.
ABC: Scl_LibertyReadGenlib() skipped cell "sky130_fd_sc_hd__decap_8" without logic function.
ABC: Scl_LibertyReadGenlib() skipped sequential cell "sky130_fd_sc_hd__dfbbn_1".
ABC: Scl_LibertyReadGenlib() skipped sequential cell "sky130_fd_sc_hd__dfbbn_2".
ABC: Scl_LibertyReadGenlib() skipped sequential cell "sky130_fd_sc_hd__dfbbp_1".
ABC: Scl_LibertyReadGenlib() skipped sequential cell "sky130_fd_sc_hd__dfrbp_1".
ABC: Scl_LibertyReadGenlib() skipped sequential cell "sky130_fd_sc_hd__dfrbp_2".
ABC: Scl_LibertyReadGenlib() skipped sequential cell "sky130_fd_sc_hd__dfrtn_1".
ABC: Scl_LibertyReadGenlib() skipped sequential cell "sky130_fd_sc_hd__dfrtp_1".
ABC: Scl_LibertyReadGenlib() skipped sequential cell "sky130_fd_sc_hd__dfrtp_2".
ABC: Scl_LibertyReadGenlib() skipped sequential cell "sky130_fd_sc_hd__dfrtp_4".
ABC: Scl_LibertyReadGenlib() skipped sequential cell "sky130_fd_sc_hd__dfsbp_1".
ABC: Scl_LibertyReadGenlib() skipped sequential cell "sky130_fd_sc_hd__dfsbp_2".
ABC: Scl_LibertyReadGenlib() skipped sequential cell "sky130_fd_sc_hd__dfstp_1".
ABC: Scl_LibertyReadGenlib() skipped sequential cell "sky130_fd_sc_hd__dfstp_2".
ABC: Scl_LibertyReadGenlib() skipped sequential cell "sky130_fd_sc_hd__dfstp_4".
ABC: Scl_LibertyReadGenlib() skipped sequential cell "sky130_fd_sc_hd__dfxbp_1".
ABC: Scl_LibertyReadGenlib() skipped sequential cell "sky130_fd_sc_hd__dfxbp_2".
ABC: Scl_LibertyReadGenlib() skipped sequential cell "sky130_fd_sc_hd__dfxtp_1".
ABC: Scl_LibertyReadGenlib() skipped sequential cell "sky130_fd_sc_hd__dfxtp_2".
ABC: Scl_LibertyReadGenlib() skipped sequential cell "sky130_fd_sc_hd__dfxtp_4".
ABC: Scl_LibertyReadGenlib() skipped cell "sky130_fd_sc_hd__diode_2" without logic function.
ABC: Scl_LibertyReadGenlib() skipped cell "sky130_fd_sc_hd__dlclkp_1" without logic function.
ABC: Scl_LibertyReadGenlib() skipped cell "sky130_fd_sc_hd__dlclkp_2" without logic function.
ABC: Scl_LibertyReadGenlib() skipped cell "sky130_fd_sc_hd__dlclkp_4" without logic function.
ABC: Scl_LibertyReadGenlib() skipped sequential cell "sky130_fd_sc_hd__dlrbn_1".
ABC: Scl_LibertyReadGenlib() skipped sequential cell "sky130_fd_sc_hd__dlrbn_2".
ABC: Scl_LibertyReadGenlib() skipped sequential cell "sky130_fd_sc_hd__dlrbp_1".
ABC: Scl_LibertyReadGenlib() skipped sequential cell "sky130_fd_sc_hd__dlrbp_2".
ABC: Scl_LibertyReadGenlib() skipped sequential cell "sky130_fd_sc_hd__dlrtn_1".
ABC: Scl_LibertyReadGenlib() skipped sequential cell "sky130_fd_sc_hd__dlrtn_2".
ABC: Scl_LibertyReadGenlib() skipped sequential cell "sky130_fd_sc_hd__dlrtn_4".
ABC: Scl_LibertyReadGenlib() skipped sequential cell "sky130_fd_sc_hd__dlrtp_1".
ABC: Scl_LibertyReadGenlib() skipped sequential cell "sky130_fd_sc_hd__dlrtp_2".
ABC: Scl_LibertyReadGenlib() skipped sequential cell "sky130_fd_sc_hd__dlrtp_4".
ABC: Scl_LibertyReadGenlib() skipped sequential cell "sky130_fd_sc_hd__dlxbn_1".
ABC: Scl_LibertyReadGenlib() skipped sequential cell "sky130_fd_sc_hd__dlxbn_2".
ABC: Scl_LibertyReadGenlib() skipped sequential cell "sky130_fd_sc_hd__dlxbp_1".
ABC: Scl_LibertyReadGenlib() skipped sequential cell "sky130_fd_sc_hd__dlxtn_1".
ABC: Scl_LibertyReadGenlib() skipped sequential cell "sky130_fd_sc_hd__dlxtn_2".
ABC: Scl_LibertyReadGenlib() skipped sequential cell "sky130_fd_sc_hd__dlxtn_4".
ABC: Scl_LibertyReadGenlib() skipped sequential cell "sky130_fd_sc_hd__dlxtp_1".
ABC: Scl_LibertyReadGenlib() skipped three-state cell "sky130_fd_sc_hd__ebufn_1".
ABC: Scl_LibertyReadGenlib() skipped three-state cell "sky130_fd_sc_hd__ebufn_2".
ABC: Scl_LibertyReadGenlib() skipped three-state cell "sky130_fd_sc_hd__ebufn_4".
ABC: Scl_LibertyReadGenlib() skipped three-state cell "sky130_fd_sc_hd__ebufn_8".
ABC: Scl_LibertyReadGenlib() skipped sequential cell "sky130_fd_sc_hd__edfxbp_1".
ABC: Scl_LibertyReadGenlib() skipped sequential cell "sky130_fd_sc_hd__edfxtp_1".
ABC: Scl_LibertyReadGenlib() skipped three-state cell "sky130_fd_sc_hd__einvn_0".
ABC: Scl_LibertyReadGenlib() skipped three-state cell "sky130_fd_sc_hd__einvn_1".
ABC: Scl_LibertyReadGenlib() skipped three-state cell "sky130_fd_sc_hd__einvn_2".
ABC: Scl_LibertyReadGenlib() skipped three-state cell "sky130_fd_sc_hd__einvn_4".
ABC: Scl_LibertyReadGenlib() skipped three-state cell "sky130_fd_sc_hd__einvn_8".
ABC: Scl_LibertyReadGenlib() skipped three-state cell "sky130_fd_sc_hd__einvp_1".
ABC: Scl_LibertyReadGenlib() skipped three-state cell "sky130_fd_sc_hd__einvp_2".
ABC: Scl_LibertyReadGenlib() skipped three-state cell "sky130_fd_sc_hd__einvp_4".
ABC: Scl_LibertyReadGenlib() skipped three-state cell "sky130_fd_sc_hd__einvp_8".
ABC: Scl_LibertyReadGenlib() skipped cell "sky130_fd_sc_hd__lpflow_bleeder_1" without logic function.
ABC: Scl_LibertyReadGenlib() skipped cell "sky130_fd_sc_hd__lpflow_decapkapwr_12" without logic function.
ABC: Scl_LibertyReadGenlib() skipped cell "sky130_fd_sc_hd__lpflow_decapkapwr_3" without logic function.
ABC: Scl_LibertyReadGenlib() skipped cell "sky130_fd_sc_hd__lpflow_decapkapwr_4" without logic function.
ABC: Scl_LibertyReadGenlib() skipped cell "sky130_fd_sc_hd__lpflow_decapkapwr_6" without logic function.
ABC: Scl_LibertyReadGenlib() skipped cell "sky130_fd_sc_hd__lpflow_decapkapwr_8" without logic function.
ABC: Scl_LibertyReadGenlib() skipped sequential cell "sky130_fd_sc_hd__lpflow_inputisolatch_1".
ABC: Scl_LibertyReadGenlib() skipped sequential cell "sky130_fd_sc_hd__sdfbbn_1".
ABC: Scl_LibertyReadGenlib() skipped sequential cell "sky130_fd_sc_hd__sdfbbn_2".
ABC: Scl_LibertyReadGenlib() skipped sequential cell "sky130_fd_sc_hd__sdfbbp_1".
ABC: Scl_LibertyReadGenlib() skipped sequential cell "sky130_fd_sc_hd__sdfrbp_1".
ABC: Scl_LibertyReadGenlib() skipped sequential cell "sky130_fd_sc_hd__sdfrbp_2".
ABC: Scl_LibertyReadGenlib() skipped sequential cell "sky130_fd_sc_hd__sdfrtn_1".
ABC: Scl_LibertyReadGenlib() skipped sequential cell "sky130_fd_sc_hd__sdfrtp_1".
ABC: Scl_LibertyReadGenlib() skipped sequential cell "sky130_fd_sc_hd__sdfrtp_2".
ABC: Scl_LibertyReadGenlib() skipped sequential cell "sky130_fd_sc_hd__sdfrtp_4".
ABC: Scl_LibertyReadGenlib() skipped sequential cell "sky130_fd_sc_hd__sdfsbp_1".
ABC: Scl_LibertyReadGenlib() skipped sequential cell "sky130_fd_sc_hd__sdfsbp_2".
ABC: Scl_LibertyReadGenlib() skipped sequential cell "sky130_fd_sc_hd__sdfstp_1".
ABC: Scl_LibertyReadGenlib() skipped sequential cell "sky130_fd_sc_hd__sdfstp_2".
ABC: Scl_LibertyReadGenlib() skipped sequential cell "sky130_fd_sc_hd__sdfstp_4".
ABC: Scl_LibertyReadGenlib() skipped sequential cell "sky130_fd_sc_hd__sdfxbp_1".
ABC: Scl_LibertyReadGenlib() skipped sequential cell "sky130_fd_sc_hd__sdfxbp_2".
ABC: Scl_LibertyReadGenlib() skipped sequential cell "sky130_fd_sc_hd__sdfxtp_1".
ABC: Scl_LibertyReadGenlib() skipped sequential cell "sky130_fd_sc_hd__sdfxtp_2".
ABC: Scl_LibertyReadGenlib() skipped sequential cell "sky130_fd_sc_hd__sdfxtp_4".
ABC: Scl_LibertyReadGenlib() skipped cell "sky130_fd_sc_hd__sdlclkp_1" without logic function.
ABC: Scl_LibertyReadGenlib() skipped cell "sky130_fd_sc_hd__sdlclkp_2" without logic function.
ABC: Scl_LibertyReadGenlib() skipped cell "sky130_fd_sc_hd__sdlclkp_4" without logic function.
ABC: Scl_LibertyReadGenlib() skipped sequential cell "sky130_fd_sc_hd__sedfxbp_1".
ABC: Scl_LibertyReadGenlib() skipped sequential cell "sky130_fd_sc_hd__sedfxbp_2".
ABC: Scl_LibertyReadGenlib() skipped sequential cell "sky130_fd_sc_hd__sedfxtp_1".
ABC: Scl_LibertyReadGenlib() skipped sequential cell "sky130_fd_sc_hd__sedfxtp_2".
ABC: Scl_LibertyReadGenlib() skipped sequential cell "sky130_fd_sc_hd__sedfxtp_4".
ABC: Library "sky130_fd_sc_hd__tt_025C_1v80" from "/workspace/scripts/synth/work/sky130_fd_sc_hd__tt_025C_1v80.lib" has 334 cells (94 skipped: 63 seq; 13 tri-state; 18 no func; 0 dont_use).  Time =     0.14 sec
ABC: Memory =   19.81 MB. Time =     0.14 sec
ABC: Warning: Detected 9 multi-output gates (for example, "sky130_fd_sc_hd__fa_1").
ABC: + strash 
ABC: + &get -n 
ABC: + &fraig -x 
ABC: + &put 
ABC: + scorr 
ABC: Warning: The network is combinational (run "fraig" or "fraig_sweep").
ABC: + dc2 
ABC: + dretime 
ABC: + strash 
ABC: + &get -n 
ABC: + &dch -f 
ABC: + &nf 
ABC: + &put 
ABC: + write_blif <abc-temp-dir>/output.blif 

8.1.2. Re-integrating ABC results.
ABC RESULTS:   sky130_fd_sc_hd__a2111oi_0 cells:        2
ABC RESULTS:   sky130_fd_sc_hd__a211o_1 cells:       25
ABC RESULTS:   sky130_fd_sc_hd__a211oi_1 cells:      381
ABC RESULTS:   sky130_fd_sc_hd__a21bo_1 cells:        1
ABC RESULTS:   sky130_fd_sc_hd__a21boi_0 cells:        9
ABC RESULTS:   sky130_fd_sc_hd__a21o_1 cells:       36
ABC RESULTS:   sky130_fd_sc_hd__a21oi_1 cells:     2245
ABC RESULTS:   sky130_fd_sc_hd__a221o_1 cells:       19
ABC RESULTS:   sky130_fd_sc_hd__a221oi_1 cells:       28
ABC RESULTS:   sky130_fd_sc_hd__a222oi_1 cells:       28
ABC RESULTS:   sky130_fd_sc_hd__a22o_1 cells:      105
ABC RESULTS:   sky130_fd_sc_hd__a22oi_1 cells:       63
ABC RESULTS:   sky130_fd_sc_hd__a2bb2oi_1 cells:       35
ABC RESULTS:   sky130_fd_sc_hd__a311oi_1 cells:        7
ABC RESULTS:   sky130_fd_sc_hd__a31o_1 cells:        1
ABC RESULTS:   sky130_fd_sc_hd__a31oi_1 cells:      340
ABC RESULTS:   sky130_fd_sc_hd__a32o_1 cells:       10
ABC RESULTS:   sky130_fd_sc_hd__a32oi_1 cells:        5
ABC RESULTS:   sky130_fd_sc_hd__a41o_1 cells:        1
ABC RESULTS:   sky130_fd_sc_hd__a41oi_1 cells:        1
ABC RESULTS:   sky130_fd_sc_hd__and2_0 cells:       87
ABC RESULTS:   sky130_fd_sc_hd__and3_1 cells:      135
ABC RESULTS:   sky130_fd_sc_hd__and4_1 cells:        2
ABC RESULTS:   sky130_fd_sc_hd__buf_1 cells:       32
ABC RESULTS:   sky130_fd_sc_hd__clkinv_1 cells:       19
ABC RESULTS:   sky130_fd_sc_hd__lpflow_inputiso1p_1 cells:       81
ABC RESULTS:   sky130_fd_sc_hd__lpflow_isobufsrc_1 cells:       13
ABC RESULTS:   sky130_fd_sc_hd__maj3_1 cells:        3
ABC RESULTS:   sky130_fd_sc_hd__mux2_1 cells:     1261
ABC RESULTS:   sky130_fd_sc_hd__mux2i_1 cells:     3862
ABC RESULTS:   sky130_fd_sc_hd__mux4_2 cells:       11
ABC RESULTS:   sky130_fd_sc_hd__nand2_1 cells:     4980
ABC RESULTS:   sky130_fd_sc_hd__nand2b_1 cells:       20
ABC RESULTS:   sky130_fd_sc_hd__nand3_1 cells:      299
ABC RESULTS:   sky130_fd_sc_hd__nand4_1 cells:       23
ABC RESULTS:   sky130_fd_sc_hd__nor2_1 cells:     3521
ABC RESULTS:   sky130_fd_sc_hd__nor2b_1 cells:        1
ABC RESULTS:   sky130_fd_sc_hd__nor3_1 cells:      612
ABC RESULTS:   sky130_fd_sc_hd__nor3b_1 cells:        1
ABC RESULTS:   sky130_fd_sc_hd__nor4_1 cells:       44
ABC RESULTS:   sky130_fd_sc_hd__nor4bb_1 cells:        1
ABC RESULTS:   sky130_fd_sc_hd__o2111ai_1 cells:        2
ABC RESULTS:   sky130_fd_sc_hd__o211a_1 cells:        3
ABC RESULTS:   sky130_fd_sc_hd__o211ai_1 cells:       92
ABC RESULTS:   sky130_fd_sc_hd__o21a_1 cells:      226
ABC RESULTS:   sky130_fd_sc_hd__o21ai_0 cells:     2378
ABC RESULTS:   sky130_fd_sc_hd__o21bai_1 cells:       24
ABC RESULTS:   sky130_fd_sc_hd__o221ai_1 cells:       55
ABC RESULTS:   sky130_fd_sc_hd__o22a_1 cells:      137
ABC RESULTS:   sky130_fd_sc_hd__o22ai_1 cells:      447
ABC RESULTS:   sky130_fd_sc_hd__o2bb2ai_1 cells:       15
ABC RESULTS:   sky130_fd_sc_hd__o311ai_0 cells:       48
ABC RESULTS:   sky130_fd_sc_hd__o31a_1 cells:        3
ABC RESULTS:   sky130_fd_sc_hd__o31ai_1 cells:      296
ABC RESULTS:   sky130_fd_sc_hd__o32a_1 cells:        1
ABC RESULTS:   sky130_fd_sc_hd__o32ai_1 cells:      156
ABC RESULTS:   sky130_fd_sc_hd__o41ai_1 cells:       17
ABC RESULTS:   sky130_fd_sc_hd__or3_1 cells:       47
ABC RESULTS:   sky130_fd_sc_hd__or4_1 cells:        3
ABC RESULTS:   sky130_fd_sc_hd__xnor2_1 cells:       21
ABC RESULTS:   sky130_fd_sc_hd__xor2_1 cells:       13
ABC RESULTS:        internal signals:    25074
ABC RESULTS:           input signals:     3920
ABC RESULTS:          output signals:     3278
Removing temp directory.

yosys> opt_clean

9. Executing OPT_CLEAN pass (remove unused cells and wires).
Finding unused cells or wires in module \vibe_dll_rx..
Removed 0 unused cells and 7663 unused wires.
<suppressed ~7 debug messages>

yosys> tee -o /workspace/reports/synth/blocks/vibe_dll_rx/stat.rpt stat -liberty /workspace/scripts/synth/work/sky130_fd_sc_hd__tt_025C_1v80.lib

yosys> stat -liberty /workspace/scripts/synth/work/sky130_fd_sc_hd__tt_025C_1v80.lib

10. Printing statistics.

=== vibe_dll_rx ===

   Number of wires:              22400
   Number of wire bits:          27371
   Number of public wires:          67
   Number of public wire bits:    5038
   Number of ports:                 17
   Number of port bits:           1806
   Number of memories:               0
   Number of memory bits:            0
   Number of processes:              0
   Number of cells:              25611
     sky130_fd_sc_hd__a2111oi_0      2
     sky130_fd_sc_hd__a211o_1       25
     sky130_fd_sc_hd__a211oi_1     381
     sky130_fd_sc_hd__a21bo_1        1
     sky130_fd_sc_hd__a21boi_0       9
     sky130_fd_sc_hd__a21o_1        36
     sky130_fd_sc_hd__a21oi_1     2245
     sky130_fd_sc_hd__a221o_1       19
     sky130_fd_sc_hd__a221oi_1      28
     sky130_fd_sc_hd__a222oi_1      28
     sky130_fd_sc_hd__a22o_1       105
     sky130_fd_sc_hd__a22oi_1       63
     sky130_fd_sc_hd__a2bb2oi_1     35
     sky130_fd_sc_hd__a311oi_1       7
     sky130_fd_sc_hd__a31o_1         1
     sky130_fd_sc_hd__a31oi_1      340
     sky130_fd_sc_hd__a32o_1        10
     sky130_fd_sc_hd__a32oi_1        5
     sky130_fd_sc_hd__a41o_1         1
     sky130_fd_sc_hd__a41oi_1        1
     sky130_fd_sc_hd__and2_0        87
     sky130_fd_sc_hd__and3_1       135
     sky130_fd_sc_hd__and4_1         2
     sky130_fd_sc_hd__buf_1         32
     sky130_fd_sc_hd__clkinv_1      19
     sky130_fd_sc_hd__dfrtp_1     3277
     sky130_fd_sc_hd__lpflow_inputiso1p_1     81
     sky130_fd_sc_hd__lpflow_isobufsrc_1     13
     sky130_fd_sc_hd__maj3_1         3
     sky130_fd_sc_hd__mux2_1      1261
     sky130_fd_sc_hd__mux2i_1     3862
     sky130_fd_sc_hd__mux4_2        11
     sky130_fd_sc_hd__nand2_1     4980
     sky130_fd_sc_hd__nand2b_1      20
     sky130_fd_sc_hd__nand3_1      299
     sky130_fd_sc_hd__nand4_1       23
     sky130_fd_sc_hd__nor2_1      3521
     sky130_fd_sc_hd__nor2b_1        1
     sky130_fd_sc_hd__nor3_1       612
     sky130_fd_sc_hd__nor3b_1        1
     sky130_fd_sc_hd__nor4_1        44
     sky130_fd_sc_hd__nor4bb_1       1
     sky130_fd_sc_hd__o2111ai_1      2
     sky130_fd_sc_hd__o211a_1        3
     sky130_fd_sc_hd__o211ai_1      92
     sky130_fd_sc_hd__o21a_1       226
     sky130_fd_sc_hd__o21ai_0     2378
     sky130_fd_sc_hd__o21bai_1      24
     sky130_fd_sc_hd__o221ai_1      55
     sky130_fd_sc_hd__o22a_1       137
     sky130_fd_sc_hd__o22ai_1      447
     sky130_fd_sc_hd__o2bb2ai_1     15
     sky130_fd_sc_hd__o311ai_0      48
     sky130_fd_sc_hd__o31a_1         3
     sky130_fd_sc_hd__o31ai_1      296
     sky130_fd_sc_hd__o32a_1         1
     sky130_fd_sc_hd__o32ai_1      156
     sky130_fd_sc_hd__o41ai_1       17
     sky130_fd_sc_hd__or3_1         47
     sky130_fd_sc_hd__or4_1          3
     sky130_fd_sc_hd__xnor2_1       21
     sky130_fd_sc_hd__xor2_1        13

   Chip area for module '\vibe_dll_rx': 217750.089600
     of which used for sequential elements: 82003.648000 (37.66%)


yosys> write_verilog -noattr /workspace/scripts/synth/work/blocks/vibe_dll_rx/vibe_dll_rx.synth.v

11. Executing Verilog backend.

yosys> bmuxmap

11.1. Executing BMUXMAP pass.

yosys> demuxmap

11.2. Executing DEMUXMAP pass.

yosys> clean_zerowidth
Dumping module `\vibe_dll_rx'.

Warnings: 2 unique messages, 2 total
End of script. Logfile hash: c42ebab13c, CPU: user 8.05s system 0.16s, MEM: 223.09 MB peak
Yosys 0.54+29 (git sha1 7b0c1fe49, clang++ 18.1.8 -fPIC -O3)
Time spent: 46% 1x abc (6 sec), 14% 31x opt_clean (2 sec), ...
