
 /----------------------------------------------------------------------------\
 |  yosys -- Yosys Open SYnthesis Suite                                       |
 |  Copyright (C) 2012 - 2025  Claire Xenia Wolf <claire@yosyshq.com>         |
 |  Distributed under an ISC-like license, type "license" to see terms        |
 \----------------------------------------------------------------------------/
 Yosys 0.54+29 (git sha1 7b0c1fe49, clang++ 18.1.8 -fPIC -O3)

-- Executing script file `/workspace/scripts/synth/work/blocks/vibe_pcs_scramble/vibe_pcs_scramble.ys' --
Disabled timestamp in logs.
echo on

yosys> read_verilog -sv -I /workspace/rtl/common /workspace/rtl/pcs/vibe_pcs_scramble.sv

1. Executing Verilog-2005 frontend: /workspace/rtl/pcs/vibe_pcs_scramble.sv
Parsing SystemVerilog input from `/workspace/rtl/pcs/vibe_pcs_scramble.sv' to AST representation.
Generating RTLIL representation for module `\vibe_pcs_scramble'.
Successfully finished Verilog frontend.

yosys> synth -top vibe_pcs_scramble -run :fine

2. Executing SYNTH pass.

yosys> hierarchy -check -top vibe_pcs_scramble

2.1. Executing HIERARCHY pass (managing design hierarchy).

2.1.1. Analyzing design hierarchy..
Top module:  \vibe_pcs_scramble

2.1.2. Analyzing design hierarchy..
Top module:  \vibe_pcs_scramble
Removed 0 unused modules.

yosys> proc

2.2. Executing PROC pass (convert processes to netlists).

yosys> proc_clean

2.2.1. Executing PROC_CLEAN pass (remove empty switches from decision trees).
Cleaned up 0 empty switches.

yosys> proc_rmdead

2.2.2. Executing PROC_RMDEAD pass (remove dead branches from decision trees).
Marked 3 switch rules as full_case in process $proc$/workspace/rtl/pcs/vibe_pcs_scramble.sv:40$804 in module vibe_pcs_scramble.
Removed a total of 0 dead cases.

yosys> proc_prune

2.2.3. Executing PROC_PRUNE pass (remove redundant assignments in processes).
Removed 1 redundant assignment.
Promoted 804 assignments to connections.

yosys> proc_init

2.2.4. Executing PROC_INIT pass (extract init attributes).

yosys> proc_arst

2.2.5. Executing PROC_ARST pass (detect async resets in processes).
Found async reset \rst_n in `\vibe_pcs_scramble.$proc$/workspace/rtl/pcs/vibe_pcs_scramble.sv:40$804'.

yosys> proc_rom

2.2.6. Executing PROC_ROM pass (convert switches to ROMs).
Converted 0 switches.
<suppressed ~3 debug messages>

yosys> proc_mux

2.2.7. Executing PROC_MUX pass (convert decision trees to multiplexers).
Creating decoders for process `\vibe_pcs_scramble.$proc$/workspace/rtl/pcs/vibe_pcs_scramble.sv:40$804'.
     1/969: $4\i[31:0]
     2/969: $3\adv.t[22:0]
     3/969: $3\step$func$/workspace/rtl/pcs/vibe_pcs_scramble.sv:55$322.$result[22:0]$2086
     4/969: $3\step$func$/workspace/rtl/pcs/vibe_pcs_scramble.sv:55$322.s[22:0]$2087
     5/969: $3\step$func$/workspace/rtl/pcs/vibe_pcs_scramble.sv:55$321.$result[22:0]$2084
     6/969: $3\step$func$/workspace/rtl/pcs/vibe_pcs_scramble.sv:55$321.s[22:0]$2085
     7/969: $3\step$func$/workspace/rtl/pcs/vibe_pcs_scramble.sv:55$320.$result[22:0]$2082
     8/969: $3\step$func$/workspace/rtl/pcs/vibe_pcs_scramble.sv:55$320.s[22:0]$2083
     9/969: $3\step$func$/workspace/rtl/pcs/vibe_pcs_scramble.sv:55$319.$result[22:0]$2080
    10/969: $3\step$func$/workspace/rtl/pcs/vibe_pcs_scramble.sv:55$319.s[22:0]$2081
    11/969: $3\step$func$/workspace/rtl/pcs/vibe_pcs_scramble.sv:55$318.$result[22:0]$2078
    12/969: $3\step$func$/workspace/rtl/pcs/vibe_pcs_scramble.sv:55$318.s[22:0]$2079
    13/969: $3\step$func$/workspace/rtl/pcs/vibe_pcs_scramble.sv:55$317.$result[22:0]$2076
    14/969: $3\step$func$/workspace/rtl/pcs/vibe_pcs_scramble.sv:55$317.s[22:0]$2077
    15/969: $3\step$func$/workspace/rtl/pcs/vibe_pcs_scramble.sv:55$316.$result[22:0]$2074
    16/969: $3\step$func$/workspace/rtl/pcs/vibe_pcs_scramble.sv:55$316.s[22:0]$2075
    17/969: $3\step$func$/workspace/rtl/pcs/vibe_pcs_scramble.sv:55$315.$result[22:0]$2072
    18/969: $3\step$func$/workspace/rtl/pcs/vibe_pcs_scramble.sv:55$315.s[22:0]$2073
    19/969: $3\step$func$/workspace/rtl/pcs/vibe_pcs_scramble.sv:55$314.$result[22:0]$2070
    20/969: $3\step$func$/workspace/rtl/pcs/vibe_pcs_scramble.sv:55$314.s[22:0]$2071
    21/969: $3\step$func$/workspace/rtl/pcs/vibe_pcs_scramble.sv:55$313.$result[22:0]$2068
    22/969: $3\step$func$/workspace/rtl/pcs/vibe_pcs_scramble.sv:55$313.s[22:0]$2069
    23/969: $3\step$func$/workspace/rtl/pcs/vibe_pcs_scramble.sv:55$312.$result[22:0]$2066
    24/969: $3\step$func$/workspace/rtl/pcs/vibe_pcs_scramble.sv:55$312.s[22:0]$2067
    25/969: $3\step$func$/workspace/rtl/pcs/vibe_pcs_scramble.sv:55$311.$result[22:0]$2064
    26/969: $3\step$func$/workspace/rtl/pcs/vibe_pcs_scramble.sv:55$311.s[22:0]$2065
    27/969: $3\step$func$/workspace/rtl/pcs/vibe_pcs_scramble.sv:55$310.$result[22:0]$2062
    28/969: $3\step$func$/workspace/rtl/pcs/vibe_pcs_scramble.sv:55$310.s[22:0]$2063
    29/969: $3\step$func$/workspace/rtl/pcs/vibe_pcs_scramble.sv:55$309.$result[22:0]$2060
    30/969: $3\step$func$/workspace/rtl/pcs/vibe_pcs_scramble.sv:55$309.s[22:0]$2061
    31/969: $3\step$func$/workspace/rtl/pcs/vibe_pcs_scramble.sv:55$308.$result[22:0]$2058
    32/969: $3\step$func$/workspace/rtl/pcs/vibe_pcs_scramble.sv:55$308.s[22:0]$2059
    33/969: $3\step$func$/workspace/rtl/pcs/vibe_pcs_scramble.sv:55$307.$result[22:0]$2056
    34/969: $3\step$func$/workspace/rtl/pcs/vibe_pcs_scramble.sv:55$307.s[22:0]$2057
    35/969: $3\step$func$/workspace/rtl/pcs/vibe_pcs_scramble.sv:55$306.$result[22:0]$2054
    36/969: $3\step$func$/workspace/rtl/pcs/vibe_pcs_scramble.sv:55$306.s[22:0]$2055
    37/969: $3\step$func$/workspace/rtl/pcs/vibe_pcs_scramble.sv:55$305.$result[22:0]$2052
    38/969: $3\step$func$/workspace/rtl/pcs/vibe_pcs_scramble.sv:55$305.s[22:0]$2053
    39/969: $3\step$func$/workspace/rtl/pcs/vibe_pcs_scramble.sv:55$304.$result[22:0]$2050
    40/969: $3\step$func$/workspace/rtl/pcs/vibe_pcs_scramble.sv:55$304.s[22:0]$2051
    41/969: $3\step$func$/workspace/rtl/pcs/vibe_pcs_scramble.sv:55$303.$result[22:0]$2048
    42/969: $3\step$func$/workspace/rtl/pcs/vibe_pcs_scramble.sv:55$303.s[22:0]$2049
    43/969: $3\step$func$/workspace/rtl/pcs/vibe_pcs_scramble.sv:55$302.$result[22:0]$2046
    44/969: $3\step$func$/workspace/rtl/pcs/vibe_pcs_scramble.sv:55$302.s[22:0]$2047
    45/969: $3\step$func$/workspace/rtl/pcs/vibe_pcs_scramble.sv:55$301.$result[22:0]$2044
    46/969: $3\step$func$/workspace/rtl/pcs/vibe_pcs_scramble.sv:55$301.s[22:0]$2045
    47/969: $3\step$func$/workspace/rtl/pcs/vibe_pcs_scramble.sv:55$300.$result[22:0]$2042
    48/969: $3\step$func$/workspace/rtl/pcs/vibe_pcs_scramble.sv:55$300.s[22:0]$2043
    49/969: $3\step$func$/workspace/rtl/pcs/vibe_pcs_scramble.sv:55$299.$result[22:0]$2040
    50/969: $3\step$func$/workspace/rtl/pcs/vibe_pcs_scramble.sv:55$299.s[22:0]$2041
    51/969: $3\step$func$/workspace/rtl/pcs/vibe_pcs_scramble.sv:55$298.$result[22:0]$2038
    52/969: $3\step$func$/workspace/rtl/pcs/vibe_pcs_scramble.sv:55$298.s[22:0]$2039
    53/969: $3\step$func$/workspace/rtl/pcs/vibe_pcs_scramble.sv:55$297.$result[22:0]$2036
    54/969: $3\step$func$/workspace/rtl/pcs/vibe_pcs_scramble.sv:55$297.s[22:0]$2037
    55/969: $3\step$func$/workspace/rtl/pcs/vibe_pcs_scramble.sv:55$296.$result[22:0]$2034
    56/969: $3\step$func$/workspace/rtl/pcs/vibe_pcs_scramble.sv:55$296.s[22:0]$2035
    57/969: $3\step$func$/workspace/rtl/pcs/vibe_pcs_scramble.sv:55$295.$result[22:0]$2032
    58/969: $3\step$func$/workspace/rtl/pcs/vibe_pcs_scramble.sv:55$295.s[22:0]$2033
    59/969: $3\step$func$/workspace/rtl/pcs/vibe_pcs_scramble.sv:55$294.$result[22:0]$2030
    60/969: $3\step$func$/workspace/rtl/pcs/vibe_pcs_scramble.sv:55$294.s[22:0]$2031
    61/969: $3\step$func$/workspace/rtl/pcs/vibe_pcs_scramble.sv:55$293.$result[22:0]$2028
    62/969: $3\step$func$/workspace/rtl/pcs/vibe_pcs_scramble.sv:55$293.s[22:0]$2029
    63/969: $3\step$func$/workspace/rtl/pcs/vibe_pcs_scramble.sv:55$292.$result[22:0]$2026
    64/969: $3\step$func$/workspace/rtl/pcs/vibe_pcs_scramble.sv:55$292.s[22:0]$2027
    65/969: $3\step$func$/workspace/rtl/pcs/vibe_pcs_scramble.sv:55$291.$result[22:0]$2024
    66/969: $3\step$func$/workspace/rtl/pcs/vibe_pcs_scramble.sv:55$291.s[22:0]$2025
    67/969: $3\step$func$/workspace/rtl/pcs/vibe_pcs_scramble.sv:55$290.$result[22:0]$2022
    68/969: $3\step$func$/workspace/rtl/pcs/vibe_pcs_scramble.sv:55$290.s[22:0]$2023
    69/969: $3\step$func$/workspace/rtl/pcs/vibe_pcs_scramble.sv:55$289.$result[22:0]$2020
    70/969: $3\step$func$/workspace/rtl/pcs/vibe_pcs_scramble.sv:55$289.s[22:0]$2021
    71/969: $3\step$func$/workspace/rtl/pcs/vibe_pcs_scramble.sv:55$288.$result[22:0]$2018
    72/969: $3\step$func$/workspace/rtl/pcs/vibe_pcs_scramble.sv:55$288.s[22:0]$2019
    73/969: $3\step$func$/workspace/rtl/pcs/vibe_pcs_scramble.sv:55$287.$result[22:0]$2016
    74/969: $3\step$func$/workspace/rtl/pcs/vibe_pcs_scramble.sv:55$287.s[22:0]$2017
    75/969: $3\step$func$/workspace/rtl/pcs/vibe_pcs_scramble.sv:55$286.$result[22:0]$2014
    76/969: $3\step$func$/workspace/rtl/pcs/vibe_pcs_scramble.sv:55$286.s[22:0]$2015
    77/969: $3\step$func$/workspace/rtl/pcs/vibe_pcs_scramble.sv:55$285.$result[22:0]$2012
    78/969: $3\step$func$/workspace/rtl/pcs/vibe_pcs_scramble.sv:55$285.s[22:0]$2013
    79/969: $3\step$func$/workspace/rtl/pcs/vibe_pcs_scramble.sv:55$284.$result[22:0]$2010
    80/969: $3\step$func$/workspace/rtl/pcs/vibe_pcs_scramble.sv:55$284.s[22:0]$2011
    81/969: $3\step$func$/workspace/rtl/pcs/vibe_pcs_scramble.sv:55$283.$result[22:0]$2008
    82/969: $3\step$func$/workspace/rtl/pcs/vibe_pcs_scramble.sv:55$283.s[22:0]$2009
    83/969: $3\step$func$/workspace/rtl/pcs/vibe_pcs_scramble.sv:55$282.$result[22:0]$2006
    84/969: $3\step$func$/workspace/rtl/pcs/vibe_pcs_scramble.sv:55$282.s[22:0]$2007
    85/969: $3\step$func$/workspace/rtl/pcs/vibe_pcs_scramble.sv:55$281.$result[22:0]$2004
    86/969: $3\step$func$/workspace/rtl/pcs/vibe_pcs_scramble.sv:55$281.s[22:0]$2005
    87/969: $3\step$func$/workspace/rtl/pcs/vibe_pcs_scramble.sv:55$280.$result[22:0]$2002
    88/969: $3\step$func$/workspace/rtl/pcs/vibe_pcs_scramble.sv:55$280.s[22:0]$2003
    89/969: $3\step$func$/workspace/rtl/pcs/vibe_pcs_scramble.sv:55$279.$result[22:0]$2000
    90/969: $3\step$func$/workspace/rtl/pcs/vibe_pcs_scramble.sv:55$279.s[22:0]$2001
    91/969: $3\step$func$/workspace/rtl/pcs/vibe_pcs_scramble.sv:55$278.$result[22:0]$1998
    92/969: $3\step$func$/workspace/rtl/pcs/vibe_pcs_scramble.sv:55$278.s[22:0]$1999
    93/969: $3\step$func$/workspace/rtl/pcs/vibe_pcs_scramble.sv:55$277.$result[22:0]$1996
    94/969: $3\step$func$/workspace/rtl/pcs/vibe_pcs_scramble.sv:55$277.s[22:0]$1997
    95/969: $3\step$func$/workspace/rtl/pcs/vibe_pcs_scramble.sv:55$276.$result[22:0]$1994
    96/969: $3\step$func$/workspace/rtl/pcs/vibe_pcs_scramble.sv:55$276.s[22:0]$1995
    97/969: $3\step$func$/workspace/rtl/pcs/vibe_pcs_scramble.sv:55$275.$result[22:0]$1992
    98/969: $3\step$func$/workspace/rtl/pcs/vibe_pcs_scramble.sv:55$275.s[22:0]$1993
    99/969: $3\step$func$/workspace/rtl/pcs/vibe_pcs_scramble.sv:55$274.$result[22:0]$1990
   100/969: $3\step$func$/workspace/rtl/pcs/vibe_pcs_scramble.sv:55$274.s[22:0]$1991
   101/969: $3\step$func$/workspace/rtl/pcs/vibe_pcs_scramble.sv:55$273.$result[22:0]$1988
   102/969: $3\step$func$/workspace/rtl/pcs/vibe_pcs_scramble.sv:55$273.s[22:0]$1989
   103/969: $3\step$func$/workspace/rtl/pcs/vibe_pcs_scramble.sv:55$272.$result[22:0]$1986
   104/969: $3\step$func$/workspace/rtl/pcs/vibe_pcs_scramble.sv:55$272.s[22:0]$1987
   105/969: $3\step$func$/workspace/rtl/pcs/vibe_pcs_scramble.sv:55$271.$result[22:0]$1984
   106/969: $3\step$func$/workspace/rtl/pcs/vibe_pcs_scramble.sv:55$271.s[22:0]$1985
   107/969: $3\step$func$/workspace/rtl/pcs/vibe_pcs_scramble.sv:55$270.$result[22:0]$1982
   108/969: $3\step$func$/workspace/rtl/pcs/vibe_pcs_scramble.sv:55$270.s[22:0]$1983
   109/969: $3\step$func$/workspace/rtl/pcs/vibe_pcs_scramble.sv:55$269.$result[22:0]$1980
   110/969: $3\step$func$/workspace/rtl/pcs/vibe_pcs_scramble.sv:55$269.s[22:0]$1981
   111/969: $3\step$func$/workspace/rtl/pcs/vibe_pcs_scramble.sv:55$268.$result[22:0]$1978
   112/969: $3\step$func$/workspace/rtl/pcs/vibe_pcs_scramble.sv:55$268.s[22:0]$1979
   113/969: $3\step$func$/workspace/rtl/pcs/vibe_pcs_scramble.sv:55$267.$result[22:0]$1976
   114/969: $3\step$func$/workspace/rtl/pcs/vibe_pcs_scramble.sv:55$267.s[22:0]$1977
   115/969: $3\step$func$/workspace/rtl/pcs/vibe_pcs_scramble.sv:55$266.$result[22:0]$1974
   116/969: $3\step$func$/workspace/rtl/pcs/vibe_pcs_scramble.sv:55$266.s[22:0]$1975
   117/969: $3\step$func$/workspace/rtl/pcs/vibe_pcs_scramble.sv:55$265.$result[22:0]$1972
   118/969: $3\step$func$/workspace/rtl/pcs/vibe_pcs_scramble.sv:55$265.s[22:0]$1973
   119/969: $3\step$func$/workspace/rtl/pcs/vibe_pcs_scramble.sv:55$264.$result[22:0]$1970
   120/969: $3\step$func$/workspace/rtl/pcs/vibe_pcs_scramble.sv:55$264.s[22:0]$1971
   121/969: $3\step$func$/workspace/rtl/pcs/vibe_pcs_scramble.sv:55$263.$result[22:0]$1968
   122/969: $3\step$func$/workspace/rtl/pcs/vibe_pcs_scramble.sv:55$263.s[22:0]$1969
   123/969: $3\step$func$/workspace/rtl/pcs/vibe_pcs_scramble.sv:55$262.$result[22:0]$1966
   124/969: $3\step$func$/workspace/rtl/pcs/vibe_pcs_scramble.sv:55$262.s[22:0]$1967
   125/969: $3\step$func$/workspace/rtl/pcs/vibe_pcs_scramble.sv:55$261.$result[22:0]$1964
   126/969: $3\step$func$/workspace/rtl/pcs/vibe_pcs_scramble.sv:55$261.s[22:0]$1965
   127/969: $3\step$func$/workspace/rtl/pcs/vibe_pcs_scramble.sv:55$260.$result[22:0]$1962
   128/969: $3\step$func$/workspace/rtl/pcs/vibe_pcs_scramble.sv:55$260.s[22:0]$1963
   129/969: $3\step$func$/workspace/rtl/pcs/vibe_pcs_scramble.sv:55$259.$result[22:0]$1960
   130/969: $3\step$func$/workspace/rtl/pcs/vibe_pcs_scramble.sv:55$259.s[22:0]$1961
   131/969: $3\step$func$/workspace/rtl/pcs/vibe_pcs_scramble.sv:55$258.$result[22:0]$1958
   132/969: $3\step$func$/workspace/rtl/pcs/vibe_pcs_scramble.sv:55$258.s[22:0]$1959
   133/969: $3\step$func$/workspace/rtl/pcs/vibe_pcs_scramble.sv:55$257.$result[22:0]$1956
   134/969: $3\step$func$/workspace/rtl/pcs/vibe_pcs_scramble.sv:55$257.s[22:0]$1957
   135/969: $3\step$func$/workspace/rtl/pcs/vibe_pcs_scramble.sv:55$256.$result[22:0]$1954
   136/969: $3\step$func$/workspace/rtl/pcs/vibe_pcs_scramble.sv:55$256.s[22:0]$1955
   137/969: $3\step$func$/workspace/rtl/pcs/vibe_pcs_scramble.sv:55$255.$result[22:0]$1952
   138/969: $3\step$func$/workspace/rtl/pcs/vibe_pcs_scramble.sv:55$255.s[22:0]$1953
   139/969: $3\step$func$/workspace/rtl/pcs/vibe_pcs_scramble.sv:55$254.$result[22:0]$1950
   140/969: $3\step$func$/workspace/rtl/pcs/vibe_pcs_scramble.sv:55$254.s[22:0]$1951
   141/969: $3\step$func$/workspace/rtl/pcs/vibe_pcs_scramble.sv:55$253.$result[22:0]$1948
   142/969: $3\step$func$/workspace/rtl/pcs/vibe_pcs_scramble.sv:55$253.s[22:0]$1949
   143/969: $3\step$func$/workspace/rtl/pcs/vibe_pcs_scramble.sv:55$252.$result[22:0]$1946
   144/969: $3\step$func$/workspace/rtl/pcs/vibe_pcs_scramble.sv:55$252.s[22:0]$1947
   145/969: $3\step$func$/workspace/rtl/pcs/vibe_pcs_scramble.sv:55$251.$result[22:0]$1944
   146/969: $3\step$func$/workspace/rtl/pcs/vibe_pcs_scramble.sv:55$251.s[22:0]$1945
   147/969: $3\step$func$/workspace/rtl/pcs/vibe_pcs_scramble.sv:55$250.$result[22:0]$1942
   148/969: $3\step$func$/workspace/rtl/pcs/vibe_pcs_scramble.sv:55$250.s[22:0]$1943
   149/969: $3\step$func$/workspace/rtl/pcs/vibe_pcs_scramble.sv:55$249.$result[22:0]$1940
   150/969: $3\step$func$/workspace/rtl/pcs/vibe_pcs_scramble.sv:55$249.s[22:0]$1941
   151/969: $3\step$func$/workspace/rtl/pcs/vibe_pcs_scramble.sv:55$248.$result[22:0]$1938
   152/969: $3\step$func$/workspace/rtl/pcs/vibe_pcs_scramble.sv:55$248.s[22:0]$1939
   153/969: $3\step$func$/workspace/rtl/pcs/vibe_pcs_scramble.sv:55$247.$result[22:0]$1936
   154/969: $3\step$func$/workspace/rtl/pcs/vibe_pcs_scramble.sv:55$247.s[22:0]$1937
   155/969: $3\step$func$/workspace/rtl/pcs/vibe_pcs_scramble.sv:55$246.$result[22:0]$1934
   156/969: $3\step$func$/workspace/rtl/pcs/vibe_pcs_scramble.sv:55$246.s[22:0]$1935
   157/969: $3\step$func$/workspace/rtl/pcs/vibe_pcs_scramble.sv:55$245.$result[22:0]$1932
   158/969: $3\step$func$/workspace/rtl/pcs/vibe_pcs_scramble.sv:55$245.s[22:0]$1933
   159/969: $3\step$func$/workspace/rtl/pcs/vibe_pcs_scramble.sv:55$244.$result[22:0]$1930
   160/969: $3\step$func$/workspace/rtl/pcs/vibe_pcs_scramble.sv:55$244.s[22:0]$1931
   161/969: $3\step$func$/workspace/rtl/pcs/vibe_pcs_scramble.sv:55$243.$result[22:0]$1928
   162/969: $3\step$func$/workspace/rtl/pcs/vibe_pcs_scramble.sv:55$243.s[22:0]$1929
   163/969: $3\step$func$/workspace/rtl/pcs/vibe_pcs_scramble.sv:55$242.$result[22:0]$1926
   164/969: $3\step$func$/workspace/rtl/pcs/vibe_pcs_scramble.sv:55$242.s[22:0]$1927
   165/969: $3\step$func$/workspace/rtl/pcs/vibe_pcs_scramble.sv:55$241.$result[22:0]$1924
   166/969: $3\step$func$/workspace/rtl/pcs/vibe_pcs_scramble.sv:55$241.s[22:0]$1925
   167/969: $3\step$func$/workspace/rtl/pcs/vibe_pcs_scramble.sv:55$240.$result[22:0]$1922
   168/969: $3\step$func$/workspace/rtl/pcs/vibe_pcs_scramble.sv:55$240.s[22:0]$1923
   169/969: $3\step$func$/workspace/rtl/pcs/vibe_pcs_scramble.sv:55$239.$result[22:0]$1920
   170/969: $3\step$func$/workspace/rtl/pcs/vibe_pcs_scramble.sv:55$239.s[22:0]$1921
   171/969: $3\step$func$/workspace/rtl/pcs/vibe_pcs_scramble.sv:55$238.$result[22:0]$1918
   172/969: $3\step$func$/workspace/rtl/pcs/vibe_pcs_scramble.sv:55$238.s[22:0]$1919
   173/969: $3\step$func$/workspace/rtl/pcs/vibe_pcs_scramble.sv:55$237.$result[22:0]$1916
   174/969: $3\step$func$/workspace/rtl/pcs/vibe_pcs_scramble.sv:55$237.s[22:0]$1917
   175/969: $3\step$func$/workspace/rtl/pcs/vibe_pcs_scramble.sv:55$236.$result[22:0]$1914
   176/969: $3\step$func$/workspace/rtl/pcs/vibe_pcs_scramble.sv:55$236.s[22:0]$1915
   177/969: $3\step$func$/workspace/rtl/pcs/vibe_pcs_scramble.sv:55$235.$result[22:0]$1912
   178/969: $3\step$func$/workspace/rtl/pcs/vibe_pcs_scramble.sv:55$235.s[22:0]$1913
   179/969: $3\step$func$/workspace/rtl/pcs/vibe_pcs_scramble.sv:55$234.$result[22:0]$1910
   180/969: $3\step$func$/workspace/rtl/pcs/vibe_pcs_scramble.sv:55$234.s[22:0]$1911
   181/969: $3\step$func$/workspace/rtl/pcs/vibe_pcs_scramble.sv:55$233.$result[22:0]$1908
   182/969: $3\step$func$/workspace/rtl/pcs/vibe_pcs_scramble.sv:55$233.s[22:0]$1909
   183/969: $3\step$func$/workspace/rtl/pcs/vibe_pcs_scramble.sv:55$232.$result[22:0]$1906
   184/969: $3\step$func$/workspace/rtl/pcs/vibe_pcs_scramble.sv:55$232.s[22:0]$1907
   185/969: $3\step$func$/workspace/rtl/pcs/vibe_pcs_scramble.sv:55$231.$result[22:0]$1904
   186/969: $3\step$func$/workspace/rtl/pcs/vibe_pcs_scramble.sv:55$231.s[22:0]$1905
   187/969: $3\step$func$/workspace/rtl/pcs/vibe_pcs_scramble.sv:55$230.$result[22:0]$1902
   188/969: $3\step$func$/workspace/rtl/pcs/vibe_pcs_scramble.sv:55$230.s[22:0]$1903
   189/969: $3\step$func$/workspace/rtl/pcs/vibe_pcs_scramble.sv:55$229.$result[22:0]$1900
   190/969: $3\step$func$/workspace/rtl/pcs/vibe_pcs_scramble.sv:55$229.s[22:0]$1901
   191/969: $3\step$func$/workspace/rtl/pcs/vibe_pcs_scramble.sv:55$228.$result[22:0]$1898
   192/969: $3\step$func$/workspace/rtl/pcs/vibe_pcs_scramble.sv:55$228.s[22:0]$1899
   193/969: $3\step$func$/workspace/rtl/pcs/vibe_pcs_scramble.sv:55$227.$result[22:0]$1896
   194/969: $3\step$func$/workspace/rtl/pcs/vibe_pcs_scramble.sv:55$227.s[22:0]$1897
   195/969: $3\step$func$/workspace/rtl/pcs/vibe_pcs_scramble.sv:55$226.$result[22:0]$1894
   196/969: $3\step$func$/workspace/rtl/pcs/vibe_pcs_scramble.sv:55$226.s[22:0]$1895
   197/969: $3\step$func$/workspace/rtl/pcs/vibe_pcs_scramble.sv:55$225.$result[22:0]$1892
   198/969: $3\step$func$/workspace/rtl/pcs/vibe_pcs_scramble.sv:55$225.s[22:0]$1893
   199/969: $3\step$func$/workspace/rtl/pcs/vibe_pcs_scramble.sv:55$224.$result[22:0]$1890
   200/969: $3\step$func$/workspace/rtl/pcs/vibe_pcs_scramble.sv:55$224.s[22:0]$1891
   201/969: $3\step$func$/workspace/rtl/pcs/vibe_pcs_scramble.sv:55$223.$result[22:0]$1888
   202/969: $3\step$func$/workspace/rtl/pcs/vibe_pcs_scramble.sv:55$223.s[22:0]$1889
   203/969: $3\step$func$/workspace/rtl/pcs/vibe_pcs_scramble.sv:55$222.$result[22:0]$1886
   204/969: $3\step$func$/workspace/rtl/pcs/vibe_pcs_scramble.sv:55$222.s[22:0]$1887
   205/969: $3\step$func$/workspace/rtl/pcs/vibe_pcs_scramble.sv:55$221.$result[22:0]$1884
   206/969: $3\step$func$/workspace/rtl/pcs/vibe_pcs_scramble.sv:55$221.s[22:0]$1885
   207/969: $3\step$func$/workspace/rtl/pcs/vibe_pcs_scramble.sv:55$220.$result[22:0]$1882
   208/969: $3\step$func$/workspace/rtl/pcs/vibe_pcs_scramble.sv:55$220.s[22:0]$1883
   209/969: $3\step$func$/workspace/rtl/pcs/vibe_pcs_scramble.sv:55$219.$result[22:0]$1880
   210/969: $3\step$func$/workspace/rtl/pcs/vibe_pcs_scramble.sv:55$219.s[22:0]$1881
   211/969: $3\step$func$/workspace/rtl/pcs/vibe_pcs_scramble.sv:55$218.$result[22:0]$1878
   212/969: $3\step$func$/workspace/rtl/pcs/vibe_pcs_scramble.sv:55$218.s[22:0]$1879
   213/969: $3\step$func$/workspace/rtl/pcs/vibe_pcs_scramble.sv:55$217.$result[22:0]$1876
   214/969: $3\step$func$/workspace/rtl/pcs/vibe_pcs_scramble.sv:55$217.s[22:0]$1877
   215/969: $3\step$func$/workspace/rtl/pcs/vibe_pcs_scramble.sv:55$216.$result[22:0]$1874
   216/969: $3\step$func$/workspace/rtl/pcs/vibe_pcs_scramble.sv:55$216.s[22:0]$1875
   217/969: $3\step$func$/workspace/rtl/pcs/vibe_pcs_scramble.sv:55$215.$result[22:0]$1872
   218/969: $3\step$func$/workspace/rtl/pcs/vibe_pcs_scramble.sv:55$215.s[22:0]$1873
   219/969: $3\step$func$/workspace/rtl/pcs/vibe_pcs_scramble.sv:55$214.$result[22:0]$1870
   220/969: $3\step$func$/workspace/rtl/pcs/vibe_pcs_scramble.sv:55$214.s[22:0]$1871
   221/969: $3\step$func$/workspace/rtl/pcs/vibe_pcs_scramble.sv:55$213.$result[22:0]$1868
   222/969: $3\step$func$/workspace/rtl/pcs/vibe_pcs_scramble.sv:55$213.s[22:0]$1869
   223/969: $3\step$func$/workspace/rtl/pcs/vibe_pcs_scramble.sv:55$212.$result[22:0]$1866
   224/969: $3\step$func$/workspace/rtl/pcs/vibe_pcs_scramble.sv:55$212.s[22:0]$1867
   225/969: $3\step$func$/workspace/rtl/pcs/vibe_pcs_scramble.sv:55$211.$result[22:0]$1864
   226/969: $3\step$func$/workspace/rtl/pcs/vibe_pcs_scramble.sv:55$211.s[22:0]$1865
   227/969: $3\step$func$/workspace/rtl/pcs/vibe_pcs_scramble.sv:55$210.$result[22:0]$1862
   228/969: $3\step$func$/workspace/rtl/pcs/vibe_pcs_scramble.sv:55$210.s[22:0]$1863
   229/969: $3\step$func$/workspace/rtl/pcs/vibe_pcs_scramble.sv:55$209.$result[22:0]$1860
   230/969: $3\step$func$/workspace/rtl/pcs/vibe_pcs_scramble.sv:55$209.s[22:0]$1861
   231/969: $3\step$func$/workspace/rtl/pcs/vibe_pcs_scramble.sv:55$208.$result[22:0]$1858
   232/969: $3\step$func$/workspace/rtl/pcs/vibe_pcs_scramble.sv:55$208.s[22:0]$1859
   233/969: $3\step$func$/workspace/rtl/pcs/vibe_pcs_scramble.sv:55$207.$result[22:0]$1856
   234/969: $3\step$func$/workspace/rtl/pcs/vibe_pcs_scramble.sv:55$207.s[22:0]$1857
   235/969: $3\step$func$/workspace/rtl/pcs/vibe_pcs_scramble.sv:55$206.$result[22:0]$1854
   236/969: $3\step$func$/workspace/rtl/pcs/vibe_pcs_scramble.sv:55$206.s[22:0]$1855
   237/969: $3\step$func$/workspace/rtl/pcs/vibe_pcs_scramble.sv:55$205.$result[22:0]$1852
   238/969: $3\step$func$/workspace/rtl/pcs/vibe_pcs_scramble.sv:55$205.s[22:0]$1853
   239/969: $3\step$func$/workspace/rtl/pcs/vibe_pcs_scramble.sv:55$204.$result[22:0]$1850
   240/969: $3\step$func$/workspace/rtl/pcs/vibe_pcs_scramble.sv:55$204.s[22:0]$1851
   241/969: $3\step$func$/workspace/rtl/pcs/vibe_pcs_scramble.sv:55$203.$result[22:0]$1848
   242/969: $3\step$func$/workspace/rtl/pcs/vibe_pcs_scramble.sv:55$203.s[22:0]$1849
   243/969: $3\step$func$/workspace/rtl/pcs/vibe_pcs_scramble.sv:55$202.$result[22:0]$1846
   244/969: $3\step$func$/workspace/rtl/pcs/vibe_pcs_scramble.sv:55$202.s[22:0]$1847
   245/969: $3\step$func$/workspace/rtl/pcs/vibe_pcs_scramble.sv:55$201.$result[22:0]$1844
   246/969: $3\step$func$/workspace/rtl/pcs/vibe_pcs_scramble.sv:55$201.s[22:0]$1845
   247/969: $3\step$func$/workspace/rtl/pcs/vibe_pcs_scramble.sv:55$200.$result[22:0]$1842
   248/969: $3\step$func$/workspace/rtl/pcs/vibe_pcs_scramble.sv:55$200.s[22:0]$1843
   249/969: $3\step$func$/workspace/rtl/pcs/vibe_pcs_scramble.sv:55$199.$result[22:0]$1840
   250/969: $3\step$func$/workspace/rtl/pcs/vibe_pcs_scramble.sv:55$199.s[22:0]$1841
   251/969: $3\step$func$/workspace/rtl/pcs/vibe_pcs_scramble.sv:55$198.$result[22:0]$1838
   252/969: $3\step$func$/workspace/rtl/pcs/vibe_pcs_scramble.sv:55$198.s[22:0]$1839
   253/969: $3\step$func$/workspace/rtl/pcs/vibe_pcs_scramble.sv:55$197.$result[22:0]$1836
   254/969: $3\step$func$/workspace/rtl/pcs/vibe_pcs_scramble.sv:55$197.s[22:0]$1837
   255/969: $3\step$func$/workspace/rtl/pcs/vibe_pcs_scramble.sv:55$196.$result[22:0]$1834
   256/969: $3\step$func$/workspace/rtl/pcs/vibe_pcs_scramble.sv:55$196.s[22:0]$1835
   257/969: $3\step$func$/workspace/rtl/pcs/vibe_pcs_scramble.sv:55$195.$result[22:0]$1832
   258/969: $3\step$func$/workspace/rtl/pcs/vibe_pcs_scramble.sv:55$195.s[22:0]$1833
   259/969: $3\step$func$/workspace/rtl/pcs/vibe_pcs_scramble.sv:55$194.$result[22:0]$1830
   260/969: $3\step$func$/workspace/rtl/pcs/vibe_pcs_scramble.sv:55$194.s[22:0]$1831
   261/969: $3\step$func$/workspace/rtl/pcs/vibe_pcs_scramble.sv:55$193.$result[22:0]$1828
   262/969: $3\step$func$/workspace/rtl/pcs/vibe_pcs_scramble.sv:55$193.s[22:0]$1829
   263/969: $3\step$func$/workspace/rtl/pcs/vibe_pcs_scramble.sv:55$192.$result[22:0]$1826
   264/969: $3\step$func$/workspace/rtl/pcs/vibe_pcs_scramble.sv:55$192.s[22:0]$1827
   265/969: $3\step$func$/workspace/rtl/pcs/vibe_pcs_scramble.sv:55$191.$result[22:0]$1824
   266/969: $3\step$func$/workspace/rtl/pcs/vibe_pcs_scramble.sv:55$191.s[22:0]$1825
   267/969: $3\step$func$/workspace/rtl/pcs/vibe_pcs_scramble.sv:55$190.$result[22:0]$1822
   268/969: $3\step$func$/workspace/rtl/pcs/vibe_pcs_scramble.sv:55$190.s[22:0]$1823
   269/969: $3\step$func$/workspace/rtl/pcs/vibe_pcs_scramble.sv:55$189.$result[22:0]$1820
   270/969: $3\step$func$/workspace/rtl/pcs/vibe_pcs_scramble.sv:55$189.s[22:0]$1821
   271/969: $3\step$func$/workspace/rtl/pcs/vibe_pcs_scramble.sv:55$188.$result[22:0]$1818
   272/969: $3\step$func$/workspace/rtl/pcs/vibe_pcs_scramble.sv:55$188.s[22:0]$1819
   273/969: $3\step$func$/workspace/rtl/pcs/vibe_pcs_scramble.sv:55$187.$result[22:0]$1816
   274/969: $3\step$func$/workspace/rtl/pcs/vibe_pcs_scramble.sv:55$187.s[22:0]$1817
   275/969: $3\step$func$/workspace/rtl/pcs/vibe_pcs_scramble.sv:55$186.$result[22:0]$1814
   276/969: $3\step$func$/workspace/rtl/pcs/vibe_pcs_scramble.sv:55$186.s[22:0]$1815
   277/969: $3\step$func$/workspace/rtl/pcs/vibe_pcs_scramble.sv:55$185.$result[22:0]$1812
   278/969: $3\step$func$/workspace/rtl/pcs/vibe_pcs_scramble.sv:55$185.s[22:0]$1813
   279/969: $3\step$func$/workspace/rtl/pcs/vibe_pcs_scramble.sv:55$184.$result[22:0]$1810
   280/969: $3\step$func$/workspace/rtl/pcs/vibe_pcs_scramble.sv:55$184.s[22:0]$1811
   281/969: $3\step$func$/workspace/rtl/pcs/vibe_pcs_scramble.sv:55$183.$result[22:0]$1808
   282/969: $3\step$func$/workspace/rtl/pcs/vibe_pcs_scramble.sv:55$183.s[22:0]$1809
   283/969: $3\step$func$/workspace/rtl/pcs/vibe_pcs_scramble.sv:55$182.$result[22:0]$1806
   284/969: $3\step$func$/workspace/rtl/pcs/vibe_pcs_scramble.sv:55$182.s[22:0]$1807
   285/969: $3\step$func$/workspace/rtl/pcs/vibe_pcs_scramble.sv:55$181.$result[22:0]$1804
   286/969: $3\step$func$/workspace/rtl/pcs/vibe_pcs_scramble.sv:55$181.s[22:0]$1805
   287/969: $3\step$func$/workspace/rtl/pcs/vibe_pcs_scramble.sv:55$180.$result[22:0]$1802
   288/969: $3\step$func$/workspace/rtl/pcs/vibe_pcs_scramble.sv:55$180.s[22:0]$1803
   289/969: $3\step$func$/workspace/rtl/pcs/vibe_pcs_scramble.sv:55$179.$result[22:0]$1800
   290/969: $3\step$func$/workspace/rtl/pcs/vibe_pcs_scramble.sv:55$179.s[22:0]$1801
   291/969: $3\step$func$/workspace/rtl/pcs/vibe_pcs_scramble.sv:55$178.$result[22:0]$1798
   292/969: $3\step$func$/workspace/rtl/pcs/vibe_pcs_scramble.sv:55$178.s[22:0]$1799
   293/969: $3\step$func$/workspace/rtl/pcs/vibe_pcs_scramble.sv:55$177.$result[22:0]$1796
   294/969: $3\step$func$/workspace/rtl/pcs/vibe_pcs_scramble.sv:55$177.s[22:0]$1797
   295/969: $3\step$func$/workspace/rtl/pcs/vibe_pcs_scramble.sv:55$176.$result[22:0]$1794
   296/969: $3\step$func$/workspace/rtl/pcs/vibe_pcs_scramble.sv:55$176.s[22:0]$1795
   297/969: $3\step$func$/workspace/rtl/pcs/vibe_pcs_scramble.sv:55$175.$result[22:0]$1792
   298/969: $3\step$func$/workspace/rtl/pcs/vibe_pcs_scramble.sv:55$175.s[22:0]$1793
   299/969: $3\step$func$/workspace/rtl/pcs/vibe_pcs_scramble.sv:55$174.$result[22:0]$1790
   300/969: $3\step$func$/workspace/rtl/pcs/vibe_pcs_scramble.sv:55$174.s[22:0]$1791
   301/969: $3\step$func$/workspace/rtl/pcs/vibe_pcs_scramble.sv:55$173.$result[22:0]$1788
   302/969: $3\step$func$/workspace/rtl/pcs/vibe_pcs_scramble.sv:55$173.s[22:0]$1789
   303/969: $3\step$func$/workspace/rtl/pcs/vibe_pcs_scramble.sv:55$172.$result[22:0]$1786
   304/969: $3\step$func$/workspace/rtl/pcs/vibe_pcs_scramble.sv:55$172.s[22:0]$1787
   305/969: $3\step$func$/workspace/rtl/pcs/vibe_pcs_scramble.sv:55$171.$result[22:0]$1784
   306/969: $3\step$func$/workspace/rtl/pcs/vibe_pcs_scramble.sv:55$171.s[22:0]$1785
   307/969: $3\step$func$/workspace/rtl/pcs/vibe_pcs_scramble.sv:55$170.$result[22:0]$1782
   308/969: $3\step$func$/workspace/rtl/pcs/vibe_pcs_scramble.sv:55$170.s[22:0]$1783
   309/969: $3\step$func$/workspace/rtl/pcs/vibe_pcs_scramble.sv:55$169.$result[22:0]$1780
   310/969: $3\step$func$/workspace/rtl/pcs/vibe_pcs_scramble.sv:55$169.s[22:0]$1781
   311/969: $3\step$func$/workspace/rtl/pcs/vibe_pcs_scramble.sv:55$168.$result[22:0]$1778
   312/969: $3\step$func$/workspace/rtl/pcs/vibe_pcs_scramble.sv:55$168.s[22:0]$1779
   313/969: $3\step$func$/workspace/rtl/pcs/vibe_pcs_scramble.sv:55$167.$result[22:0]$1776
   314/969: $3\step$func$/workspace/rtl/pcs/vibe_pcs_scramble.sv:55$167.s[22:0]$1777
   315/969: $3\step$func$/workspace/rtl/pcs/vibe_pcs_scramble.sv:55$166.$result[22:0]$1774
   316/969: $3\step$func$/workspace/rtl/pcs/vibe_pcs_scramble.sv:55$166.s[22:0]$1775
   317/969: $3\step$func$/workspace/rtl/pcs/vibe_pcs_scramble.sv:55$165.$result[22:0]$1772
   318/969: $3\step$func$/workspace/rtl/pcs/vibe_pcs_scramble.sv:55$165.s[22:0]$1773
   319/969: $3\step$func$/workspace/rtl/pcs/vibe_pcs_scramble.sv:55$164.$result[22:0]$1770
   320/969: $3\step$func$/workspace/rtl/pcs/vibe_pcs_scramble.sv:55$164.s[22:0]$1771
   321/969: $3\step$func$/workspace/rtl/pcs/vibe_pcs_scramble.sv:55$163.$result[22:0]$1768
   322/969: $3\step$func$/workspace/rtl/pcs/vibe_pcs_scramble.sv:55$163.s[22:0]$1769
   323/969: $2\step$func$/workspace/rtl/pcs/vibe_pcs_scramble.sv:55$322.s[22:0]$1765
   324/969: $2\step$func$/workspace/rtl/pcs/vibe_pcs_scramble.sv:55$322.$result[22:0]$1764
   325/969: $2\step$func$/workspace/rtl/pcs/vibe_pcs_scramble.sv:55$321.s[22:0]$1763
   326/969: $2\step$func$/workspace/rtl/pcs/vibe_pcs_scramble.sv:55$321.$result[22:0]$1762
   327/969: $2\step$func$/workspace/rtl/pcs/vibe_pcs_scramble.sv:55$320.s[22:0]$1761
   328/969: $2\step$func$/workspace/rtl/pcs/vibe_pcs_scramble.sv:55$320.$result[22:0]$1760
   329/969: $2\step$func$/workspace/rtl/pcs/vibe_pcs_scramble.sv:55$319.s[22:0]$1759
   330/969: $2\step$func$/workspace/rtl/pcs/vibe_pcs_scramble.sv:55$319.$result[22:0]$1758
   331/969: $2\step$func$/workspace/rtl/pcs/vibe_pcs_scramble.sv:55$318.s[22:0]$1757
   332/969: $2\step$func$/workspace/rtl/pcs/vibe_pcs_scramble.sv:55$318.$result[22:0]$1756
   333/969: $2\step$func$/workspace/rtl/pcs/vibe_pcs_scramble.sv:55$317.s[22:0]$1755
   334/969: $2\step$func$/workspace/rtl/pcs/vibe_pcs_scramble.sv:55$317.$result[22:0]$1754
   335/969: $2\step$func$/workspace/rtl/pcs/vibe_pcs_scramble.sv:55$316.s[22:0]$1753
   336/969: $2\step$func$/workspace/rtl/pcs/vibe_pcs_scramble.sv:55$316.$result[22:0]$1752
   337/969: $2\step$func$/workspace/rtl/pcs/vibe_pcs_scramble.sv:55$315.s[22:0]$1751
   338/969: $2\step$func$/workspace/rtl/pcs/vibe_pcs_scramble.sv:55$315.$result[22:0]$1750
   339/969: $2\step$func$/workspace/rtl/pcs/vibe_pcs_scramble.sv:55$314.s[22:0]$1749
   340/969: $2\step$func$/workspace/rtl/pcs/vibe_pcs_scramble.sv:55$314.$result[22:0]$1748
   341/969: $2\step$func$/workspace/rtl/pcs/vibe_pcs_scramble.sv:55$313.s[22:0]$1747
   342/969: $2\step$func$/workspace/rtl/pcs/vibe_pcs_scramble.sv:55$313.$result[22:0]$1746
   343/969: $2\step$func$/workspace/rtl/pcs/vibe_pcs_scramble.sv:55$312.s[22:0]$1745
   344/969: $2\step$func$/workspace/rtl/pcs/vibe_pcs_scramble.sv:55$312.$result[22:0]$1744
   345/969: $2\step$func$/workspace/rtl/pcs/vibe_pcs_scramble.sv:55$311.s[22:0]$1743
   346/969: $2\step$func$/workspace/rtl/pcs/vibe_pcs_scramble.sv:55$311.$result[22:0]$1742
   347/969: $2\step$func$/workspace/rtl/pcs/vibe_pcs_scramble.sv:55$310.s[22:0]$1741
   348/969: $2\step$func$/workspace/rtl/pcs/vibe_pcs_scramble.sv:55$310.$result[22:0]$1740
   349/969: $2\step$func$/workspace/rtl/pcs/vibe_pcs_scramble.sv:55$309.s[22:0]$1739
   350/969: $2\step$func$/workspace/rtl/pcs/vibe_pcs_scramble.sv:55$309.$result[22:0]$1738
   351/969: $2\step$func$/workspace/rtl/pcs/vibe_pcs_scramble.sv:55$308.s[22:0]$1737
   352/969: $2\step$func$/workspace/rtl/pcs/vibe_pcs_scramble.sv:55$308.$result[22:0]$1736
   353/969: $2\step$func$/workspace/rtl/pcs/vibe_pcs_scramble.sv:55$307.s[22:0]$1735
   354/969: $2\step$func$/workspace/rtl/pcs/vibe_pcs_scramble.sv:55$307.$result[22:0]$1734
   355/969: $2\step$func$/workspace/rtl/pcs/vibe_pcs_scramble.sv:55$306.s[22:0]$1733
   356/969: $2\step$func$/workspace/rtl/pcs/vibe_pcs_scramble.sv:55$306.$result[22:0]$1732
   357/969: $2\step$func$/workspace/rtl/pcs/vibe_pcs_scramble.sv:55$305.s[22:0]$1731
   358/969: $2\step$func$/workspace/rtl/pcs/vibe_pcs_scramble.sv:55$305.$result[22:0]$1730
   359/969: $2\step$func$/workspace/rtl/pcs/vibe_pcs_scramble.sv:55$304.s[22:0]$1729
   360/969: $2\step$func$/workspace/rtl/pcs/vibe_pcs_scramble.sv:55$304.$result[22:0]$1728
   361/969: $2\step$func$/workspace/rtl/pcs/vibe_pcs_scramble.sv:55$303.s[22:0]$1727
   362/969: $2\step$func$/workspace/rtl/pcs/vibe_pcs_scramble.sv:55$303.$result[22:0]$1726
   363/969: $2\step$func$/workspace/rtl/pcs/vibe_pcs_scramble.sv:55$302.s[22:0]$1725
   364/969: $2\step$func$/workspace/rtl/pcs/vibe_pcs_scramble.sv:55$302.$result[22:0]$1724
   365/969: $2\step$func$/workspace/rtl/pcs/vibe_pcs_scramble.sv:55$301.s[22:0]$1723
   366/969: $2\step$func$/workspace/rtl/pcs/vibe_pcs_scramble.sv:55$301.$result[22:0]$1722
   367/969: $2\step$func$/workspace/rtl/pcs/vibe_pcs_scramble.sv:55$300.s[22:0]$1721
   368/969: $2\step$func$/workspace/rtl/pcs/vibe_pcs_scramble.sv:55$300.$result[22:0]$1720
   369/969: $2\step$func$/workspace/rtl/pcs/vibe_pcs_scramble.sv:55$299.s[22:0]$1719
   370/969: $2\step$func$/workspace/rtl/pcs/vibe_pcs_scramble.sv:55$299.$result[22:0]$1718
   371/969: $2\step$func$/workspace/rtl/pcs/vibe_pcs_scramble.sv:55$298.s[22:0]$1717
   372/969: $2\step$func$/workspace/rtl/pcs/vibe_pcs_scramble.sv:55$298.$result[22:0]$1716
   373/969: $2\step$func$/workspace/rtl/pcs/vibe_pcs_scramble.sv:55$297.s[22:0]$1715
   374/969: $2\step$func$/workspace/rtl/pcs/vibe_pcs_scramble.sv:55$297.$result[22:0]$1714
   375/969: $2\step$func$/workspace/rtl/pcs/vibe_pcs_scramble.sv:55$296.s[22:0]$1713
   376/969: $2\step$func$/workspace/rtl/pcs/vibe_pcs_scramble.sv:55$296.$result[22:0]$1712
   377/969: $2\step$func$/workspace/rtl/pcs/vibe_pcs_scramble.sv:55$295.s[22:0]$1711
   378/969: $2\step$func$/workspace/rtl/pcs/vibe_pcs_scramble.sv:55$295.$result[22:0]$1710
   379/969: $2\step$func$/workspace/rtl/pcs/vibe_pcs_scramble.sv:55$294.s[22:0]$1709
   380/969: $2\step$func$/workspace/rtl/pcs/vibe_pcs_scramble.sv:55$294.$result[22:0]$1708
   381/969: $2\step$func$/workspace/rtl/pcs/vibe_pcs_scramble.sv:55$293.s[22:0]$1707
   382/969: $2\step$func$/workspace/rtl/pcs/vibe_pcs_scramble.sv:55$293.$result[22:0]$1706
   383/969: $2\step$func$/workspace/rtl/pcs/vibe_pcs_scramble.sv:55$292.s[22:0]$1705
   384/969: $2\step$func$/workspace/rtl/pcs/vibe_pcs_scramble.sv:55$292.$result[22:0]$1704
   385/969: $2\step$func$/workspace/rtl/pcs/vibe_pcs_scramble.sv:55$291.s[22:0]$1703
   386/969: $2\step$func$/workspace/rtl/pcs/vibe_pcs_scramble.sv:55$291.$result[22:0]$1702
   387/969: $2\step$func$/workspace/rtl/pcs/vibe_pcs_scramble.sv:55$290.s[22:0]$1701
   388/969: $2\step$func$/workspace/rtl/pcs/vibe_pcs_scramble.sv:55$290.$result[22:0]$1700
   389/969: $2\step$func$/workspace/rtl/pcs/vibe_pcs_scramble.sv:55$289.s[22:0]$1699
   390/969: $2\step$func$/workspace/rtl/pcs/vibe_pcs_scramble.sv:55$289.$result[22:0]$1698
   391/969: $2\step$func$/workspace/rtl/pcs/vibe_pcs_scramble.sv:55$288.s[22:0]$1697
   392/969: $2\step$func$/workspace/rtl/pcs/vibe_pcs_scramble.sv:55$288.$result[22:0]$1696
   393/969: $2\step$func$/workspace/rtl/pcs/vibe_pcs_scramble.sv:55$287.s[22:0]$1695
   394/969: $2\step$func$/workspace/rtl/pcs/vibe_pcs_scramble.sv:55$287.$result[22:0]$1694
   395/969: $2\step$func$/workspace/rtl/pcs/vibe_pcs_scramble.sv:55$286.s[22:0]$1693
   396/969: $2\step$func$/workspace/rtl/pcs/vibe_pcs_scramble.sv:55$286.$result[22:0]$1692
   397/969: $2\step$func$/workspace/rtl/pcs/vibe_pcs_scramble.sv:55$285.s[22:0]$1691
   398/969: $2\step$func$/workspace/rtl/pcs/vibe_pcs_scramble.sv:55$285.$result[22:0]$1690
   399/969: $2\step$func$/workspace/rtl/pcs/vibe_pcs_scramble.sv:55$284.s[22:0]$1689
   400/969: $2\step$func$/workspace/rtl/pcs/vibe_pcs_scramble.sv:55$284.$result[22:0]$1688
   401/969: $2\step$func$/workspace/rtl/pcs/vibe_pcs_scramble.sv:55$283.s[22:0]$1687
   402/969: $2\step$func$/workspace/rtl/pcs/vibe_pcs_scramble.sv:55$283.$result[22:0]$1686
   403/969: $2\step$func$/workspace/rtl/pcs/vibe_pcs_scramble.sv:55$282.s[22:0]$1685
   404/969: $2\step$func$/workspace/rtl/pcs/vibe_pcs_scramble.sv:55$282.$result[22:0]$1684
   405/969: $2\step$func$/workspace/rtl/pcs/vibe_pcs_scramble.sv:55$281.s[22:0]$1683
   406/969: $2\step$func$/workspace/rtl/pcs/vibe_pcs_scramble.sv:55$281.$result[22:0]$1682
   407/969: $2\step$func$/workspace/rtl/pcs/vibe_pcs_scramble.sv:55$280.s[22:0]$1681
   408/969: $2\step$func$/workspace/rtl/pcs/vibe_pcs_scramble.sv:55$280.$result[22:0]$1680
   409/969: $2\step$func$/workspace/rtl/pcs/vibe_pcs_scramble.sv:55$279.s[22:0]$1679
   410/969: $2\step$func$/workspace/rtl/pcs/vibe_pcs_scramble.sv:55$279.$result[22:0]$1678
   411/969: $2\step$func$/workspace/rtl/pcs/vibe_pcs_scramble.sv:55$278.s[22:0]$1677
   412/969: $2\step$func$/workspace/rtl/pcs/vibe_pcs_scramble.sv:55$278.$result[22:0]$1676
   413/969: $2\step$func$/workspace/rtl/pcs/vibe_pcs_scramble.sv:55$277.s[22:0]$1675
   414/969: $2\step$func$/workspace/rtl/pcs/vibe_pcs_scramble.sv:55$277.$result[22:0]$1674
   415/969: $2\step$func$/workspace/rtl/pcs/vibe_pcs_scramble.sv:55$276.s[22:0]$1673
   416/969: $2\step$func$/workspace/rtl/pcs/vibe_pcs_scramble.sv:55$276.$result[22:0]$1672
   417/969: $2\step$func$/workspace/rtl/pcs/vibe_pcs_scramble.sv:55$275.s[22:0]$1671
   418/969: $2\step$func$/workspace/rtl/pcs/vibe_pcs_scramble.sv:55$275.$result[22:0]$1670
   419/969: $2\step$func$/workspace/rtl/pcs/vibe_pcs_scramble.sv:55$274.s[22:0]$1669
   420/969: $2\step$func$/workspace/rtl/pcs/vibe_pcs_scramble.sv:55$274.$result[22:0]$1668
   421/969: $2\step$func$/workspace/rtl/pcs/vibe_pcs_scramble.sv:55$273.s[22:0]$1667
   422/969: $2\step$func$/workspace/rtl/pcs/vibe_pcs_scramble.sv:55$273.$result[22:0]$1666
   423/969: $2\step$func$/workspace/rtl/pcs/vibe_pcs_scramble.sv:55$272.s[22:0]$1665
   424/969: $2\step$func$/workspace/rtl/pcs/vibe_pcs_scramble.sv:55$272.$result[22:0]$1664
   425/969: $2\step$func$/workspace/rtl/pcs/vibe_pcs_scramble.sv:55$271.s[22:0]$1663
   426/969: $2\step$func$/workspace/rtl/pcs/vibe_pcs_scramble.sv:55$271.$result[22:0]$1662
   427/969: $2\step$func$/workspace/rtl/pcs/vibe_pcs_scramble.sv:55$270.s[22:0]$1661
   428/969: $2\step$func$/workspace/rtl/pcs/vibe_pcs_scramble.sv:55$270.$result[22:0]$1660
   429/969: $2\step$func$/workspace/rtl/pcs/vibe_pcs_scramble.sv:55$269.s[22:0]$1659
   430/969: $2\step$func$/workspace/rtl/pcs/vibe_pcs_scramble.sv:55$269.$result[22:0]$1658
   431/969: $2\step$func$/workspace/rtl/pcs/vibe_pcs_scramble.sv:55$268.s[22:0]$1657
   432/969: $2\step$func$/workspace/rtl/pcs/vibe_pcs_scramble.sv:55$268.$result[22:0]$1656
   433/969: $2\step$func$/workspace/rtl/pcs/vibe_pcs_scramble.sv:55$267.s[22:0]$1655
   434/969: $2\step$func$/workspace/rtl/pcs/vibe_pcs_scramble.sv:55$267.$result[22:0]$1654
   435/969: $2\step$func$/workspace/rtl/pcs/vibe_pcs_scramble.sv:55$266.s[22:0]$1653
   436/969: $2\step$func$/workspace/rtl/pcs/vibe_pcs_scramble.sv:55$266.$result[22:0]$1652
   437/969: $2\step$func$/workspace/rtl/pcs/vibe_pcs_scramble.sv:55$265.s[22:0]$1651
   438/969: $2\step$func$/workspace/rtl/pcs/vibe_pcs_scramble.sv:55$265.$result[22:0]$1650
   439/969: $2\step$func$/workspace/rtl/pcs/vibe_pcs_scramble.sv:55$264.s[22:0]$1649
   440/969: $2\step$func$/workspace/rtl/pcs/vibe_pcs_scramble.sv:55$264.$result[22:0]$1648
   441/969: $2\step$func$/workspace/rtl/pcs/vibe_pcs_scramble.sv:55$263.s[22:0]$1647
   442/969: $2\step$func$/workspace/rtl/pcs/vibe_pcs_scramble.sv:55$263.$result[22:0]$1646
   443/969: $2\step$func$/workspace/rtl/pcs/vibe_pcs_scramble.sv:55$262.s[22:0]$1645
   444/969: $2\step$func$/workspace/rtl/pcs/vibe_pcs_scramble.sv:55$262.$result[22:0]$1644
   445/969: $2\step$func$/workspace/rtl/pcs/vibe_pcs_scramble.sv:55$261.s[22:0]$1643
   446/969: $2\step$func$/workspace/rtl/pcs/vibe_pcs_scramble.sv:55$261.$result[22:0]$1642
   447/969: $2\step$func$/workspace/rtl/pcs/vibe_pcs_scramble.sv:55$260.s[22:0]$1641
   448/969: $2\step$func$/workspace/rtl/pcs/vibe_pcs_scramble.sv:55$260.$result[22:0]$1640
   449/969: $2\step$func$/workspace/rtl/pcs/vibe_pcs_scramble.sv:55$259.s[22:0]$1639
   450/969: $2\step$func$/workspace/rtl/pcs/vibe_pcs_scramble.sv:55$259.$result[22:0]$1638
   451/969: $2\step$func$/workspace/rtl/pcs/vibe_pcs_scramble.sv:55$258.s[22:0]$1637
   452/969: $2\step$func$/workspace/rtl/pcs/vibe_pcs_scramble.sv:55$258.$result[22:0]$1636
   453/969: $2\step$func$/workspace/rtl/pcs/vibe_pcs_scramble.sv:55$257.s[22:0]$1635
   454/969: $2\step$func$/workspace/rtl/pcs/vibe_pcs_scramble.sv:55$257.$result[22:0]$1634
   455/969: $2\step$func$/workspace/rtl/pcs/vibe_pcs_scramble.sv:55$256.s[22:0]$1633
   456/969: $2\step$func$/workspace/rtl/pcs/vibe_pcs_scramble.sv:55$256.$result[22:0]$1632
   457/969: $2\step$func$/workspace/rtl/pcs/vibe_pcs_scramble.sv:55$255.s[22:0]$1631
   458/969: $2\step$func$/workspace/rtl/pcs/vibe_pcs_scramble.sv:55$255.$result[22:0]$1630
   459/969: $2\step$func$/workspace/rtl/pcs/vibe_pcs_scramble.sv:55$254.s[22:0]$1629
   460/969: $2\step$func$/workspace/rtl/pcs/vibe_pcs_scramble.sv:55$254.$result[22:0]$1628
   461/969: $2\step$func$/workspace/rtl/pcs/vibe_pcs_scramble.sv:55$253.s[22:0]$1627
   462/969: $2\step$func$/workspace/rtl/pcs/vibe_pcs_scramble.sv:55$253.$result[22:0]$1626
   463/969: $2\step$func$/workspace/rtl/pcs/vibe_pcs_scramble.sv:55$252.s[22:0]$1625
   464/969: $2\step$func$/workspace/rtl/pcs/vibe_pcs_scramble.sv:55$252.$result[22:0]$1624
   465/969: $2\step$func$/workspace/rtl/pcs/vibe_pcs_scramble.sv:55$251.s[22:0]$1623
   466/969: $2\step$func$/workspace/rtl/pcs/vibe_pcs_scramble.sv:55$251.$result[22:0]$1622
   467/969: $2\step$func$/workspace/rtl/pcs/vibe_pcs_scramble.sv:55$250.s[22:0]$1621
   468/969: $2\step$func$/workspace/rtl/pcs/vibe_pcs_scramble.sv:55$250.$result[22:0]$1620
   469/969: $2\step$func$/workspace/rtl/pcs/vibe_pcs_scramble.sv:55$249.s[22:0]$1619
   470/969: $2\step$func$/workspace/rtl/pcs/vibe_pcs_scramble.sv:55$249.$result[22:0]$1618
   471/969: $2\step$func$/workspace/rtl/pcs/vibe_pcs_scramble.sv:55$248.s[22:0]$1617
   472/969: $2\step$func$/workspace/rtl/pcs/vibe_pcs_scramble.sv:55$248.$result[22:0]$1616
   473/969: $2\step$func$/workspace/rtl/pcs/vibe_pcs_scramble.sv:55$247.s[22:0]$1615
   474/969: $2\step$func$/workspace/rtl/pcs/vibe_pcs_scramble.sv:55$247.$result[22:0]$1614
   475/969: $2\step$func$/workspace/rtl/pcs/vibe_pcs_scramble.sv:55$246.s[22:0]$1613
   476/969: $2\step$func$/workspace/rtl/pcs/vibe_pcs_scramble.sv:55$246.$result[22:0]$1612
   477/969: $2\step$func$/workspace/rtl/pcs/vibe_pcs_scramble.sv:55$245.s[22:0]$1611
   478/969: $2\step$func$/workspace/rtl/pcs/vibe_pcs_scramble.sv:55$245.$result[22:0]$1610
   479/969: $2\step$func$/workspace/rtl/pcs/vibe_pcs_scramble.sv:55$244.s[22:0]$1609
   480/969: $2\step$func$/workspace/rtl/pcs/vibe_pcs_scramble.sv:55$244.$result[22:0]$1608
   481/969: $2\step$func$/workspace/rtl/pcs/vibe_pcs_scramble.sv:55$243.s[22:0]$1607
   482/969: $2\step$func$/workspace/rtl/pcs/vibe_pcs_scramble.sv:55$243.$result[22:0]$1606
   483/969: $2\step$func$/workspace/rtl/pcs/vibe_pcs_scramble.sv:55$242.s[22:0]$1605
   484/969: $2\step$func$/workspace/rtl/pcs/vibe_pcs_scramble.sv:55$242.$result[22:0]$1604
   485/969: $2\step$func$/workspace/rtl/pcs/vibe_pcs_scramble.sv:55$241.s[22:0]$1603
   486/969: $2\step$func$/workspace/rtl/pcs/vibe_pcs_scramble.sv:55$241.$result[22:0]$1602
   487/969: $2\step$func$/workspace/rtl/pcs/vibe_pcs_scramble.sv:55$240.s[22:0]$1601
   488/969: $2\step$func$/workspace/rtl/pcs/vibe_pcs_scramble.sv:55$240.$result[22:0]$1600
   489/969: $2\step$func$/workspace/rtl/pcs/vibe_pcs_scramble.sv:55$239.s[22:0]$1599
   490/969: $2\step$func$/workspace/rtl/pcs/vibe_pcs_scramble.sv:55$239.$result[22:0]$1598
   491/969: $2\step$func$/workspace/rtl/pcs/vibe_pcs_scramble.sv:55$238.s[22:0]$1597
   492/969: $2\step$func$/workspace/rtl/pcs/vibe_pcs_scramble.sv:55$238.$result[22:0]$1596
   493/969: $2\step$func$/workspace/rtl/pcs/vibe_pcs_scramble.sv:55$237.s[22:0]$1595
   494/969: $2\step$func$/workspace/rtl/pcs/vibe_pcs_scramble.sv:55$237.$result[22:0]$1594
   495/969: $2\step$func$/workspace/rtl/pcs/vibe_pcs_scramble.sv:55$236.s[22:0]$1593
   496/969: $2\step$func$/workspace/rtl/pcs/vibe_pcs_scramble.sv:55$236.$result[22:0]$1592
   497/969: $2\step$func$/workspace/rtl/pcs/vibe_pcs_scramble.sv:55$235.s[22:0]$1591
   498/969: $2\step$func$/workspace/rtl/pcs/vibe_pcs_scramble.sv:55$235.$result[22:0]$1590
   499/969: $2\step$func$/workspace/rtl/pcs/vibe_pcs_scramble.sv:55$234.s[22:0]$1589
   500/969: $2\step$func$/workspace/rtl/pcs/vibe_pcs_scramble.sv:55$234.$result[22:0]$1588
   501/969: $2\step$func$/workspace/rtl/pcs/vibe_pcs_scramble.sv:55$233.s[22:0]$1587
   502/969: $2\step$func$/workspace/rtl/pcs/vibe_pcs_scramble.sv:55$233.$result[22:0]$1586
   503/969: $2\step$func$/workspace/rtl/pcs/vibe_pcs_scramble.sv:55$232.s[22:0]$1585
   504/969: $2\step$func$/workspace/rtl/pcs/vibe_pcs_scramble.sv:55$232.$result[22:0]$1584
   505/969: $2\step$func$/workspace/rtl/pcs/vibe_pcs_scramble.sv:55$231.s[22:0]$1583
   506/969: $2\step$func$/workspace/rtl/pcs/vibe_pcs_scramble.sv:55$231.$result[22:0]$1582
   507/969: $2\step$func$/workspace/rtl/pcs/vibe_pcs_scramble.sv:55$230.s[22:0]$1581
   508/969: $2\step$func$/workspace/rtl/pcs/vibe_pcs_scramble.sv:55$230.$result[22:0]$1580
   509/969: $2\step$func$/workspace/rtl/pcs/vibe_pcs_scramble.sv:55$229.s[22:0]$1579
   510/969: $2\step$func$/workspace/rtl/pcs/vibe_pcs_scramble.sv:55$229.$result[22:0]$1578
   511/969: $2\step$func$/workspace/rtl/pcs/vibe_pcs_scramble.sv:55$228.s[22:0]$1577
   512/969: $2\step$func$/workspace/rtl/pcs/vibe_pcs_scramble.sv:55$228.$result[22:0]$1576
   513/969: $2\step$func$/workspace/rtl/pcs/vibe_pcs_scramble.sv:55$227.s[22:0]$1575
   514/969: $2\step$func$/workspace/rtl/pcs/vibe_pcs_scramble.sv:55$227.$result[22:0]$1574
   515/969: $2\step$func$/workspace/rtl/pcs/vibe_pcs_scramble.sv:55$226.s[22:0]$1573
   516/969: $2\step$func$/workspace/rtl/pcs/vibe_pcs_scramble.sv:55$226.$result[22:0]$1572
   517/969: $2\step$func$/workspace/rtl/pcs/vibe_pcs_scramble.sv:55$225.s[22:0]$1571
   518/969: $2\step$func$/workspace/rtl/pcs/vibe_pcs_scramble.sv:55$225.$result[22:0]$1570
   519/969: $2\step$func$/workspace/rtl/pcs/vibe_pcs_scramble.sv:55$224.s[22:0]$1569
   520/969: $2\step$func$/workspace/rtl/pcs/vibe_pcs_scramble.sv:55$224.$result[22:0]$1568
   521/969: $2\step$func$/workspace/rtl/pcs/vibe_pcs_scramble.sv:55$223.s[22:0]$1567
   522/969: $2\step$func$/workspace/rtl/pcs/vibe_pcs_scramble.sv:55$223.$result[22:0]$1566
   523/969: $2\step$func$/workspace/rtl/pcs/vibe_pcs_scramble.sv:55$222.s[22:0]$1565
   524/969: $2\step$func$/workspace/rtl/pcs/vibe_pcs_scramble.sv:55$222.$result[22:0]$1564
   525/969: $2\step$func$/workspace/rtl/pcs/vibe_pcs_scramble.sv:55$221.s[22:0]$1563
   526/969: $2\step$func$/workspace/rtl/pcs/vibe_pcs_scramble.sv:55$221.$result[22:0]$1562
   527/969: $2\step$func$/workspace/rtl/pcs/vibe_pcs_scramble.sv:55$220.s[22:0]$1561
   528/969: $2\step$func$/workspace/rtl/pcs/vibe_pcs_scramble.sv:55$220.$result[22:0]$1560
   529/969: $2\step$func$/workspace/rtl/pcs/vibe_pcs_scramble.sv:55$219.s[22:0]$1559
   530/969: $2\step$func$/workspace/rtl/pcs/vibe_pcs_scramble.sv:55$219.$result[22:0]$1558
   531/969: $2\step$func$/workspace/rtl/pcs/vibe_pcs_scramble.sv:55$218.s[22:0]$1557
   532/969: $2\step$func$/workspace/rtl/pcs/vibe_pcs_scramble.sv:55$218.$result[22:0]$1556
   533/969: $2\step$func$/workspace/rtl/pcs/vibe_pcs_scramble.sv:55$217.s[22:0]$1555
   534/969: $2\step$func$/workspace/rtl/pcs/vibe_pcs_scramble.sv:55$217.$result[22:0]$1554
   535/969: $2\step$func$/workspace/rtl/pcs/vibe_pcs_scramble.sv:55$216.s[22:0]$1553
   536/969: $2\step$func$/workspace/rtl/pcs/vibe_pcs_scramble.sv:55$216.$result[22:0]$1552
   537/969: $2\step$func$/workspace/rtl/pcs/vibe_pcs_scramble.sv:55$215.s[22:0]$1551
   538/969: $2\step$func$/workspace/rtl/pcs/vibe_pcs_scramble.sv:55$215.$result[22:0]$1550
   539/969: $2\step$func$/workspace/rtl/pcs/vibe_pcs_scramble.sv:55$214.s[22:0]$1549
   540/969: $2\step$func$/workspace/rtl/pcs/vibe_pcs_scramble.sv:55$214.$result[22:0]$1548
   541/969: $2\step$func$/workspace/rtl/pcs/vibe_pcs_scramble.sv:55$213.s[22:0]$1547
   542/969: $2\step$func$/workspace/rtl/pcs/vibe_pcs_scramble.sv:55$213.$result[22:0]$1546
   543/969: $2\step$func$/workspace/rtl/pcs/vibe_pcs_scramble.sv:55$212.s[22:0]$1545
   544/969: $2\step$func$/workspace/rtl/pcs/vibe_pcs_scramble.sv:55$212.$result[22:0]$1544
   545/969: $2\step$func$/workspace/rtl/pcs/vibe_pcs_scramble.sv:55$211.s[22:0]$1543
   546/969: $2\step$func$/workspace/rtl/pcs/vibe_pcs_scramble.sv:55$211.$result[22:0]$1542
   547/969: $2\step$func$/workspace/rtl/pcs/vibe_pcs_scramble.sv:55$210.s[22:0]$1541
   548/969: $2\step$func$/workspace/rtl/pcs/vibe_pcs_scramble.sv:55$210.$result[22:0]$1540
   549/969: $2\step$func$/workspace/rtl/pcs/vibe_pcs_scramble.sv:55$209.s[22:0]$1539
   550/969: $2\step$func$/workspace/rtl/pcs/vibe_pcs_scramble.sv:55$209.$result[22:0]$1538
   551/969: $2\step$func$/workspace/rtl/pcs/vibe_pcs_scramble.sv:55$208.s[22:0]$1537
   552/969: $2\step$func$/workspace/rtl/pcs/vibe_pcs_scramble.sv:55$208.$result[22:0]$1536
   553/969: $2\step$func$/workspace/rtl/pcs/vibe_pcs_scramble.sv:55$207.s[22:0]$1535
   554/969: $2\step$func$/workspace/rtl/pcs/vibe_pcs_scramble.sv:55$207.$result[22:0]$1534
   555/969: $2\step$func$/workspace/rtl/pcs/vibe_pcs_scramble.sv:55$206.s[22:0]$1533
   556/969: $2\step$func$/workspace/rtl/pcs/vibe_pcs_scramble.sv:55$206.$result[22:0]$1532
   557/969: $2\step$func$/workspace/rtl/pcs/vibe_pcs_scramble.sv:55$205.s[22:0]$1531
   558/969: $2\step$func$/workspace/rtl/pcs/vibe_pcs_scramble.sv:55$205.$result[22:0]$1530
   559/969: $2\step$func$/workspace/rtl/pcs/vibe_pcs_scramble.sv:55$204.s[22:0]$1529
   560/969: $2\step$func$/workspace/rtl/pcs/vibe_pcs_scramble.sv:55$204.$result[22:0]$1528
   561/969: $2\step$func$/workspace/rtl/pcs/vibe_pcs_scramble.sv:55$203.s[22:0]$1527
   562/969: $2\step$func$/workspace/rtl/pcs/vibe_pcs_scramble.sv:55$203.$result[22:0]$1526
   563/969: $2\step$func$/workspace/rtl/pcs/vibe_pcs_scramble.sv:55$202.s[22:0]$1525
   564/969: $2\step$func$/workspace/rtl/pcs/vibe_pcs_scramble.sv:55$202.$result[22:0]$1524
   565/969: $2\step$func$/workspace/rtl/pcs/vibe_pcs_scramble.sv:55$201.s[22:0]$1523
   566/969: $2\step$func$/workspace/rtl/pcs/vibe_pcs_scramble.sv:55$201.$result[22:0]$1522
   567/969: $2\step$func$/workspace/rtl/pcs/vibe_pcs_scramble.sv:55$200.s[22:0]$1521
   568/969: $2\step$func$/workspace/rtl/pcs/vibe_pcs_scramble.sv:55$200.$result[22:0]$1520
   569/969: $2\step$func$/workspace/rtl/pcs/vibe_pcs_scramble.sv:55$199.s[22:0]$1519
   570/969: $2\step$func$/workspace/rtl/pcs/vibe_pcs_scramble.sv:55$199.$result[22:0]$1518
   571/969: $2\step$func$/workspace/rtl/pcs/vibe_pcs_scramble.sv:55$198.s[22:0]$1517
   572/969: $2\step$func$/workspace/rtl/pcs/vibe_pcs_scramble.sv:55$198.$result[22:0]$1516
   573/969: $2\step$func$/workspace/rtl/pcs/vibe_pcs_scramble.sv:55$197.s[22:0]$1515
   574/969: $2\step$func$/workspace/rtl/pcs/vibe_pcs_scramble.sv:55$197.$result[22:0]$1514
   575/969: $2\step$func$/workspace/rtl/pcs/vibe_pcs_scramble.sv:55$196.s[22:0]$1513
   576/969: $2\step$func$/workspace/rtl/pcs/vibe_pcs_scramble.sv:55$196.$result[22:0]$1512
   577/969: $2\step$func$/workspace/rtl/pcs/vibe_pcs_scramble.sv:55$195.s[22:0]$1511
   578/969: $2\step$func$/workspace/rtl/pcs/vibe_pcs_scramble.sv:55$195.$result[22:0]$1510
   579/969: $2\step$func$/workspace/rtl/pcs/vibe_pcs_scramble.sv:55$194.s[22:0]$1509
   580/969: $2\step$func$/workspace/rtl/pcs/vibe_pcs_scramble.sv:55$194.$result[22:0]$1508
   581/969: $2\step$func$/workspace/rtl/pcs/vibe_pcs_scramble.sv:55$193.s[22:0]$1507
   582/969: $2\step$func$/workspace/rtl/pcs/vibe_pcs_scramble.sv:55$193.$result[22:0]$1506
   583/969: $2\step$func$/workspace/rtl/pcs/vibe_pcs_scramble.sv:55$192.s[22:0]$1505
   584/969: $2\step$func$/workspace/rtl/pcs/vibe_pcs_scramble.sv:55$192.$result[22:0]$1504
   585/969: $2\step$func$/workspace/rtl/pcs/vibe_pcs_scramble.sv:55$191.s[22:0]$1503
   586/969: $2\step$func$/workspace/rtl/pcs/vibe_pcs_scramble.sv:55$191.$result[22:0]$1502
   587/969: $2\step$func$/workspace/rtl/pcs/vibe_pcs_scramble.sv:55$190.s[22:0]$1501
   588/969: $2\step$func$/workspace/rtl/pcs/vibe_pcs_scramble.sv:55$190.$result[22:0]$1500
   589/969: $2\step$func$/workspace/rtl/pcs/vibe_pcs_scramble.sv:55$189.s[22:0]$1499
   590/969: $2\step$func$/workspace/rtl/pcs/vibe_pcs_scramble.sv:55$189.$result[22:0]$1498
   591/969: $2\step$func$/workspace/rtl/pcs/vibe_pcs_scramble.sv:55$188.s[22:0]$1497
   592/969: $2\step$func$/workspace/rtl/pcs/vibe_pcs_scramble.sv:55$188.$result[22:0]$1496
   593/969: $2\step$func$/workspace/rtl/pcs/vibe_pcs_scramble.sv:55$187.s[22:0]$1495
   594/969: $2\step$func$/workspace/rtl/pcs/vibe_pcs_scramble.sv:55$187.$result[22:0]$1494
   595/969: $2\step$func$/workspace/rtl/pcs/vibe_pcs_scramble.sv:55$186.s[22:0]$1493
   596/969: $2\step$func$/workspace/rtl/pcs/vibe_pcs_scramble.sv:55$186.$result[22:0]$1492
   597/969: $2\step$func$/workspace/rtl/pcs/vibe_pcs_scramble.sv:55$185.s[22:0]$1491
   598/969: $2\step$func$/workspace/rtl/pcs/vibe_pcs_scramble.sv:55$185.$result[22:0]$1490
   599/969: $2\step$func$/workspace/rtl/pcs/vibe_pcs_scramble.sv:55$184.s[22:0]$1489
   600/969: $2\step$func$/workspace/rtl/pcs/vibe_pcs_scramble.sv:55$184.$result[22:0]$1488
   601/969: $2\step$func$/workspace/rtl/pcs/vibe_pcs_scramble.sv:55$183.s[22:0]$1487
   602/969: $2\step$func$/workspace/rtl/pcs/vibe_pcs_scramble.sv:55$183.$result[22:0]$1486
   603/969: $2\step$func$/workspace/rtl/pcs/vibe_pcs_scramble.sv:55$182.s[22:0]$1485
   604/969: $2\step$func$/workspace/rtl/pcs/vibe_pcs_scramble.sv:55$182.$result[22:0]$1484
   605/969: $2\step$func$/workspace/rtl/pcs/vibe_pcs_scramble.sv:55$181.s[22:0]$1483
   606/969: $2\step$func$/workspace/rtl/pcs/vibe_pcs_scramble.sv:55$181.$result[22:0]$1482
   607/969: $2\step$func$/workspace/rtl/pcs/vibe_pcs_scramble.sv:55$180.s[22:0]$1481
   608/969: $2\step$func$/workspace/rtl/pcs/vibe_pcs_scramble.sv:55$180.$result[22:0]$1480
   609/969: $2\step$func$/workspace/rtl/pcs/vibe_pcs_scramble.sv:55$179.s[22:0]$1479
   610/969: $2\step$func$/workspace/rtl/pcs/vibe_pcs_scramble.sv:55$179.$result[22:0]$1478
   611/969: $2\step$func$/workspace/rtl/pcs/vibe_pcs_scramble.sv:55$178.s[22:0]$1477
   612/969: $2\step$func$/workspace/rtl/pcs/vibe_pcs_scramble.sv:55$178.$result[22:0]$1476
   613/969: $2\step$func$/workspace/rtl/pcs/vibe_pcs_scramble.sv:55$177.s[22:0]$1475
   614/969: $2\step$func$/workspace/rtl/pcs/vibe_pcs_scramble.sv:55$177.$result[22:0]$1474
   615/969: $2\step$func$/workspace/rtl/pcs/vibe_pcs_scramble.sv:55$176.s[22:0]$1473
   616/969: $2\step$func$/workspace/rtl/pcs/vibe_pcs_scramble.sv:55$176.$result[22:0]$1472
   617/969: $2\step$func$/workspace/rtl/pcs/vibe_pcs_scramble.sv:55$175.s[22:0]$1471
   618/969: $2\step$func$/workspace/rtl/pcs/vibe_pcs_scramble.sv:55$175.$result[22:0]$1470
   619/969: $2\step$func$/workspace/rtl/pcs/vibe_pcs_scramble.sv:55$174.s[22:0]$1469
   620/969: $2\step$func$/workspace/rtl/pcs/vibe_pcs_scramble.sv:55$174.$result[22:0]$1468
   621/969: $2\step$func$/workspace/rtl/pcs/vibe_pcs_scramble.sv:55$173.s[22:0]$1467
   622/969: $2\step$func$/workspace/rtl/pcs/vibe_pcs_scramble.sv:55$173.$result[22:0]$1466
   623/969: $2\step$func$/workspace/rtl/pcs/vibe_pcs_scramble.sv:55$172.s[22:0]$1465
   624/969: $2\step$func$/workspace/rtl/pcs/vibe_pcs_scramble.sv:55$172.$result[22:0]$1464
   625/969: $2\step$func$/workspace/rtl/pcs/vibe_pcs_scramble.sv:55$171.s[22:0]$1463
   626/969: $2\step$func$/workspace/rtl/pcs/vibe_pcs_scramble.sv:55$171.$result[22:0]$1462
   627/969: $2\step$func$/workspace/rtl/pcs/vibe_pcs_scramble.sv:55$170.s[22:0]$1461
   628/969: $2\step$func$/workspace/rtl/pcs/vibe_pcs_scramble.sv:55$170.$result[22:0]$1460
   629/969: $2\step$func$/workspace/rtl/pcs/vibe_pcs_scramble.sv:55$169.s[22:0]$1459
   630/969: $2\step$func$/workspace/rtl/pcs/vibe_pcs_scramble.sv:55$169.$result[22:0]$1458
   631/969: $2\step$func$/workspace/rtl/pcs/vibe_pcs_scramble.sv:55$168.s[22:0]$1457
   632/969: $2\step$func$/workspace/rtl/pcs/vibe_pcs_scramble.sv:55$168.$result[22:0]$1456
   633/969: $2\step$func$/workspace/rtl/pcs/vibe_pcs_scramble.sv:55$167.s[22:0]$1455
   634/969: $2\step$func$/workspace/rtl/pcs/vibe_pcs_scramble.sv:55$167.$result[22:0]$1454
   635/969: $2\step$func$/workspace/rtl/pcs/vibe_pcs_scramble.sv:55$166.s[22:0]$1453
   636/969: $2\step$func$/workspace/rtl/pcs/vibe_pcs_scramble.sv:55$166.$result[22:0]$1452
   637/969: $2\step$func$/workspace/rtl/pcs/vibe_pcs_scramble.sv:55$165.s[22:0]$1451
   638/969: $2\step$func$/workspace/rtl/pcs/vibe_pcs_scramble.sv:55$165.$result[22:0]$1450
   639/969: $2\step$func$/workspace/rtl/pcs/vibe_pcs_scramble.sv:55$164.s[22:0]$1449
   640/969: $2\step$func$/workspace/rtl/pcs/vibe_pcs_scramble.sv:55$164.$result[22:0]$1448
   641/969: $2\step$func$/workspace/rtl/pcs/vibe_pcs_scramble.sv:55$163.s[22:0]$1447
   642/969: $2\step$func$/workspace/rtl/pcs/vibe_pcs_scramble.sv:55$163.$result[22:0]$1446
   643/969: $2\adv.t[22:0]
   644/969: $3\i[31:0]
   645/969: $1\step$func$/workspace/rtl/pcs/vibe_pcs_scramble.sv:55$322.s[22:0]$1445
   646/969: $1\step$func$/workspace/rtl/pcs/vibe_pcs_scramble.sv:55$322.$result[22:0]$1444
   647/969: $1\step$func$/workspace/rtl/pcs/vibe_pcs_scramble.sv:55$321.s[22:0]$1443
   648/969: $1\step$func$/workspace/rtl/pcs/vibe_pcs_scramble.sv:55$321.$result[22:0]$1442
   649/969: $1\step$func$/workspace/rtl/pcs/vibe_pcs_scramble.sv:55$320.s[22:0]$1441
   650/969: $1\step$func$/workspace/rtl/pcs/vibe_pcs_scramble.sv:55$320.$result[22:0]$1440
   651/969: $1\step$func$/workspace/rtl/pcs/vibe_pcs_scramble.sv:55$319.s[22:0]$1439
   652/969: $1\step$func$/workspace/rtl/pcs/vibe_pcs_scramble.sv:55$319.$result[22:0]$1438
   653/969: $1\step$func$/workspace/rtl/pcs/vibe_pcs_scramble.sv:55$318.s[22:0]$1437
   654/969: $1\step$func$/workspace/rtl/pcs/vibe_pcs_scramble.sv:55$318.$result[22:0]$1436
   655/969: $1\step$func$/workspace/rtl/pcs/vibe_pcs_scramble.sv:55$317.s[22:0]$1435
   656/969: $1\step$func$/workspace/rtl/pcs/vibe_pcs_scramble.sv:55$317.$result[22:0]$1434
   657/969: $1\step$func$/workspace/rtl/pcs/vibe_pcs_scramble.sv:55$316.s[22:0]$1433
   658/969: $1\step$func$/workspace/rtl/pcs/vibe_pcs_scramble.sv:55$316.$result[22:0]$1432
   659/969: $1\step$func$/workspace/rtl/pcs/vibe_pcs_scramble.sv:55$315.s[22:0]$1431
   660/969: $1\step$func$/workspace/rtl/pcs/vibe_pcs_scramble.sv:55$315.$result[22:0]$1430
   661/969: $1\step$func$/workspace/rtl/pcs/vibe_pcs_scramble.sv:55$314.s[22:0]$1429
   662/969: $1\step$func$/workspace/rtl/pcs/vibe_pcs_scramble.sv:55$314.$result[22:0]$1428
   663/969: $1\step$func$/workspace/rtl/pcs/vibe_pcs_scramble.sv:55$313.s[22:0]$1427
   664/969: $1\step$func$/workspace/rtl/pcs/vibe_pcs_scramble.sv:55$313.$result[22:0]$1426
   665/969: $1\step$func$/workspace/rtl/pcs/vibe_pcs_scramble.sv:55$312.s[22:0]$1425
   666/969: $1\step$func$/workspace/rtl/pcs/vibe_pcs_scramble.sv:55$312.$result[22:0]$1424
   667/969: $1\step$func$/workspace/rtl/pcs/vibe_pcs_scramble.sv:55$311.s[22:0]$1423
   668/969: $1\step$func$/workspace/rtl/pcs/vibe_pcs_scramble.sv:55$311.$result[22:0]$1422
   669/969: $1\step$func$/workspace/rtl/pcs/vibe_pcs_scramble.sv:55$310.s[22:0]$1421
   670/969: $1\step$func$/workspace/rtl/pcs/vibe_pcs_scramble.sv:55$310.$result[22:0]$1420
   671/969: $1\step$func$/workspace/rtl/pcs/vibe_pcs_scramble.sv:55$309.s[22:0]$1419
   672/969: $1\step$func$/workspace/rtl/pcs/vibe_pcs_scramble.sv:55$309.$result[22:0]$1418
   673/969: $1\step$func$/workspace/rtl/pcs/vibe_pcs_scramble.sv:55$308.s[22:0]$1417
   674/969: $1\step$func$/workspace/rtl/pcs/vibe_pcs_scramble.sv:55$308.$result[22:0]$1416
   675/969: $1\step$func$/workspace/rtl/pcs/vibe_pcs_scramble.sv:55$307.s[22:0]$1415
   676/969: $1\step$func$/workspace/rtl/pcs/vibe_pcs_scramble.sv:55$307.$result[22:0]$1414
   677/969: $1\step$func$/workspace/rtl/pcs/vibe_pcs_scramble.sv:55$306.s[22:0]$1413
   678/969: $1\step$func$/workspace/rtl/pcs/vibe_pcs_scramble.sv:55$306.$result[22:0]$1412
   679/969: $1\step$func$/workspace/rtl/pcs/vibe_pcs_scramble.sv:55$305.s[22:0]$1411
   680/969: $1\step$func$/workspace/rtl/pcs/vibe_pcs_scramble.sv:55$305.$result[22:0]$1410
   681/969: $1\step$func$/workspace/rtl/pcs/vibe_pcs_scramble.sv:55$304.s[22:0]$1409
   682/969: $1\step$func$/workspace/rtl/pcs/vibe_pcs_scramble.sv:55$304.$result[22:0]$1408
   683/969: $1\step$func$/workspace/rtl/pcs/vibe_pcs_scramble.sv:55$303.s[22:0]$1407
   684/969: $1\step$func$/workspace/rtl/pcs/vibe_pcs_scramble.sv:55$303.$result[22:0]$1406
   685/969: $1\step$func$/workspace/rtl/pcs/vibe_pcs_scramble.sv:55$302.s[22:0]$1405
   686/969: $1\step$func$/workspace/rtl/pcs/vibe_pcs_scramble.sv:55$302.$result[22:0]$1404
   687/969: $1\step$func$/workspace/rtl/pcs/vibe_pcs_scramble.sv:55$301.s[22:0]$1403
   688/969: $1\step$func$/workspace/rtl/pcs/vibe_pcs_scramble.sv:55$301.$result[22:0]$1402
   689/969: $1\step$func$/workspace/rtl/pcs/vibe_pcs_scramble.sv:55$300.s[22:0]$1401
   690/969: $1\step$func$/workspace/rtl/pcs/vibe_pcs_scramble.sv:55$300.$result[22:0]$1400
   691/969: $1\step$func$/workspace/rtl/pcs/vibe_pcs_scramble.sv:55$299.s[22:0]$1399
   692/969: $1\step$func$/workspace/rtl/pcs/vibe_pcs_scramble.sv:55$299.$result[22:0]$1398
   693/969: $1\step$func$/workspace/rtl/pcs/vibe_pcs_scramble.sv:55$298.s[22:0]$1397
   694/969: $1\step$func$/workspace/rtl/pcs/vibe_pcs_scramble.sv:55$298.$result[22:0]$1396
   695/969: $1\step$func$/workspace/rtl/pcs/vibe_pcs_scramble.sv:55$297.s[22:0]$1395
   696/969: $1\step$func$/workspace/rtl/pcs/vibe_pcs_scramble.sv:55$297.$result[22:0]$1394
   697/969: $1\step$func$/workspace/rtl/pcs/vibe_pcs_scramble.sv:55$296.s[22:0]$1393
   698/969: $1\step$func$/workspace/rtl/pcs/vibe_pcs_scramble.sv:55$296.$result[22:0]$1392
   699/969: $1\step$func$/workspace/rtl/pcs/vibe_pcs_scramble.sv:55$295.s[22:0]$1391
   700/969: $1\step$func$/workspace/rtl/pcs/vibe_pcs_scramble.sv:55$295.$result[22:0]$1390
   701/969: $1\step$func$/workspace/rtl/pcs/vibe_pcs_scramble.sv:55$294.s[22:0]$1389
   702/969: $1\step$func$/workspace/rtl/pcs/vibe_pcs_scramble.sv:55$294.$result[22:0]$1388
   703/969: $1\step$func$/workspace/rtl/pcs/vibe_pcs_scramble.sv:55$293.s[22:0]$1387
   704/969: $1\step$func$/workspace/rtl/pcs/vibe_pcs_scramble.sv:55$293.$result[22:0]$1386
   705/969: $1\step$func$/workspace/rtl/pcs/vibe_pcs_scramble.sv:55$292.s[22:0]$1385
   706/969: $1\step$func$/workspace/rtl/pcs/vibe_pcs_scramble.sv:55$292.$result[22:0]$1384
   707/969: $1\step$func$/workspace/rtl/pcs/vibe_pcs_scramble.sv:55$291.s[22:0]$1383
   708/969: $1\step$func$/workspace/rtl/pcs/vibe_pcs_scramble.sv:55$291.$result[22:0]$1382
   709/969: $1\step$func$/workspace/rtl/pcs/vibe_pcs_scramble.sv:55$290.s[22:0]$1381
   710/969: $1\step$func$/workspace/rtl/pcs/vibe_pcs_scramble.sv:55$290.$result[22:0]$1380
   711/969: $1\step$func$/workspace/rtl/pcs/vibe_pcs_scramble.sv:55$289.s[22:0]$1379
   712/969: $1\step$func$/workspace/rtl/pcs/vibe_pcs_scramble.sv:55$289.$result[22:0]$1378
   713/969: $1\step$func$/workspace/rtl/pcs/vibe_pcs_scramble.sv:55$288.s[22:0]$1377
   714/969: $1\step$func$/workspace/rtl/pcs/vibe_pcs_scramble.sv:55$288.$result[22:0]$1376
   715/969: $1\step$func$/workspace/rtl/pcs/vibe_pcs_scramble.sv:55$287.s[22:0]$1375
   716/969: $1\step$func$/workspace/rtl/pcs/vibe_pcs_scramble.sv:55$287.$result[22:0]$1374
   717/969: $1\step$func$/workspace/rtl/pcs/vibe_pcs_scramble.sv:55$286.s[22:0]$1373
   718/969: $1\step$func$/workspace/rtl/pcs/vibe_pcs_scramble.sv:55$286.$result[22:0]$1372
   719/969: $1\step$func$/workspace/rtl/pcs/vibe_pcs_scramble.sv:55$285.s[22:0]$1371
   720/969: $1\step$func$/workspace/rtl/pcs/vibe_pcs_scramble.sv:55$285.$result[22:0]$1370
   721/969: $1\step$func$/workspace/rtl/pcs/vibe_pcs_scramble.sv:55$284.s[22:0]$1369
   722/969: $1\step$func$/workspace/rtl/pcs/vibe_pcs_scramble.sv:55$284.$result[22:0]$1368
   723/969: $1\step$func$/workspace/rtl/pcs/vibe_pcs_scramble.sv:55$283.s[22:0]$1367
   724/969: $1\step$func$/workspace/rtl/pcs/vibe_pcs_scramble.sv:55$283.$result[22:0]$1366
   725/969: $1\step$func$/workspace/rtl/pcs/vibe_pcs_scramble.sv:55$282.s[22:0]$1365
   726/969: $1\step$func$/workspace/rtl/pcs/vibe_pcs_scramble.sv:55$282.$result[22:0]$1364
   727/969: $1\step$func$/workspace/rtl/pcs/vibe_pcs_scramble.sv:55$281.s[22:0]$1363
   728/969: $1\step$func$/workspace/rtl/pcs/vibe_pcs_scramble.sv:55$281.$result[22:0]$1362
   729/969: $1\step$func$/workspace/rtl/pcs/vibe_pcs_scramble.sv:55$280.s[22:0]$1361
   730/969: $1\step$func$/workspace/rtl/pcs/vibe_pcs_scramble.sv:55$280.$result[22:0]$1360
   731/969: $1\step$func$/workspace/rtl/pcs/vibe_pcs_scramble.sv:55$279.s[22:0]$1359
   732/969: $1\step$func$/workspace/rtl/pcs/vibe_pcs_scramble.sv:55$279.$result[22:0]$1358
   733/969: $1\step$func$/workspace/rtl/pcs/vibe_pcs_scramble.sv:55$278.s[22:0]$1357
   734/969: $1\step$func$/workspace/rtl/pcs/vibe_pcs_scramble.sv:55$278.$result[22:0]$1356
   735/969: $1\step$func$/workspace/rtl/pcs/vibe_pcs_scramble.sv:55$277.s[22:0]$1355
   736/969: $1\step$func$/workspace/rtl/pcs/vibe_pcs_scramble.sv:55$277.$result[22:0]$1354
   737/969: $1\step$func$/workspace/rtl/pcs/vibe_pcs_scramble.sv:55$276.s[22:0]$1353
   738/969: $1\step$func$/workspace/rtl/pcs/vibe_pcs_scramble.sv:55$276.$result[22:0]$1352
   739/969: $1\step$func$/workspace/rtl/pcs/vibe_pcs_scramble.sv:55$275.s[22:0]$1351
   740/969: $1\step$func$/workspace/rtl/pcs/vibe_pcs_scramble.sv:55$275.$result[22:0]$1350
   741/969: $1\step$func$/workspace/rtl/pcs/vibe_pcs_scramble.sv:55$274.s[22:0]$1349
   742/969: $1\step$func$/workspace/rtl/pcs/vibe_pcs_scramble.sv:55$274.$result[22:0]$1348
   743/969: $1\step$func$/workspace/rtl/pcs/vibe_pcs_scramble.sv:55$273.s[22:0]$1347
   744/969: $1\step$func$/workspace/rtl/pcs/vibe_pcs_scramble.sv:55$273.$result[22:0]$1346
   745/969: $1\step$func$/workspace/rtl/pcs/vibe_pcs_scramble.sv:55$272.s[22:0]$1345
   746/969: $1\step$func$/workspace/rtl/pcs/vibe_pcs_scramble.sv:55$272.$result[22:0]$1344
   747/969: $1\step$func$/workspace/rtl/pcs/vibe_pcs_scramble.sv:55$271.s[22:0]$1343
   748/969: $1\step$func$/workspace/rtl/pcs/vibe_pcs_scramble.sv:55$271.$result[22:0]$1342
   749/969: $1\step$func$/workspace/rtl/pcs/vibe_pcs_scramble.sv:55$270.s[22:0]$1341
   750/969: $1\step$func$/workspace/rtl/pcs/vibe_pcs_scramble.sv:55$270.$result[22:0]$1340
   751/969: $1\step$func$/workspace/rtl/pcs/vibe_pcs_scramble.sv:55$269.s[22:0]$1339
   752/969: $1\step$func$/workspace/rtl/pcs/vibe_pcs_scramble.sv:55$269.$result[22:0]$1338
   753/969: $1\step$func$/workspace/rtl/pcs/vibe_pcs_scramble.sv:55$268.s[22:0]$1337
   754/969: $1\step$func$/workspace/rtl/pcs/vibe_pcs_scramble.sv:55$268.$result[22:0]$1336
   755/969: $1\step$func$/workspace/rtl/pcs/vibe_pcs_scramble.sv:55$267.s[22:0]$1335
   756/969: $1\step$func$/workspace/rtl/pcs/vibe_pcs_scramble.sv:55$267.$result[22:0]$1334
   757/969: $1\step$func$/workspace/rtl/pcs/vibe_pcs_scramble.sv:55$266.s[22:0]$1333
   758/969: $1\step$func$/workspace/rtl/pcs/vibe_pcs_scramble.sv:55$266.$result[22:0]$1332
   759/969: $1\step$func$/workspace/rtl/pcs/vibe_pcs_scramble.sv:55$265.s[22:0]$1331
   760/969: $1\step$func$/workspace/rtl/pcs/vibe_pcs_scramble.sv:55$265.$result[22:0]$1330
   761/969: $1\step$func$/workspace/rtl/pcs/vibe_pcs_scramble.sv:55$264.s[22:0]$1329
   762/969: $1\step$func$/workspace/rtl/pcs/vibe_pcs_scramble.sv:55$264.$result[22:0]$1328
   763/969: $1\step$func$/workspace/rtl/pcs/vibe_pcs_scramble.sv:55$263.s[22:0]$1327
   764/969: $1\step$func$/workspace/rtl/pcs/vibe_pcs_scramble.sv:55$263.$result[22:0]$1326
   765/969: $1\step$func$/workspace/rtl/pcs/vibe_pcs_scramble.sv:55$262.s[22:0]$1325
   766/969: $1\step$func$/workspace/rtl/pcs/vibe_pcs_scramble.sv:55$262.$result[22:0]$1324
   767/969: $1\step$func$/workspace/rtl/pcs/vibe_pcs_scramble.sv:55$261.s[22:0]$1323
   768/969: $1\step$func$/workspace/rtl/pcs/vibe_pcs_scramble.sv:55$261.$result[22:0]$1322
   769/969: $1\step$func$/workspace/rtl/pcs/vibe_pcs_scramble.sv:55$260.s[22:0]$1321
   770/969: $1\step$func$/workspace/rtl/pcs/vibe_pcs_scramble.sv:55$260.$result[22:0]$1320
   771/969: $1\step$func$/workspace/rtl/pcs/vibe_pcs_scramble.sv:55$259.s[22:0]$1319
   772/969: $1\step$func$/workspace/rtl/pcs/vibe_pcs_scramble.sv:55$259.$result[22:0]$1318
   773/969: $1\step$func$/workspace/rtl/pcs/vibe_pcs_scramble.sv:55$258.s[22:0]$1317
   774/969: $1\step$func$/workspace/rtl/pcs/vibe_pcs_scramble.sv:55$258.$result[22:0]$1316
   775/969: $1\step$func$/workspace/rtl/pcs/vibe_pcs_scramble.sv:55$257.s[22:0]$1315
   776/969: $1\step$func$/workspace/rtl/pcs/vibe_pcs_scramble.sv:55$257.$result[22:0]$1314
   777/969: $1\step$func$/workspace/rtl/pcs/vibe_pcs_scramble.sv:55$256.s[22:0]$1313
   778/969: $1\step$func$/workspace/rtl/pcs/vibe_pcs_scramble.sv:55$256.$result[22:0]$1312
   779/969: $1\step$func$/workspace/rtl/pcs/vibe_pcs_scramble.sv:55$255.s[22:0]$1311
   780/969: $1\step$func$/workspace/rtl/pcs/vibe_pcs_scramble.sv:55$255.$result[22:0]$1310
   781/969: $1\step$func$/workspace/rtl/pcs/vibe_pcs_scramble.sv:55$254.s[22:0]$1309
   782/969: $1\step$func$/workspace/rtl/pcs/vibe_pcs_scramble.sv:55$254.$result[22:0]$1308
   783/969: $1\step$func$/workspace/rtl/pcs/vibe_pcs_scramble.sv:55$253.s[22:0]$1307
   784/969: $1\step$func$/workspace/rtl/pcs/vibe_pcs_scramble.sv:55$253.$result[22:0]$1306
   785/969: $1\step$func$/workspace/rtl/pcs/vibe_pcs_scramble.sv:55$252.s[22:0]$1305
   786/969: $1\step$func$/workspace/rtl/pcs/vibe_pcs_scramble.sv:55$252.$result[22:0]$1304
   787/969: $1\step$func$/workspace/rtl/pcs/vibe_pcs_scramble.sv:55$251.s[22:0]$1303
   788/969: $1\step$func$/workspace/rtl/pcs/vibe_pcs_scramble.sv:55$251.$result[22:0]$1302
   789/969: $1\step$func$/workspace/rtl/pcs/vibe_pcs_scramble.sv:55$250.s[22:0]$1301
   790/969: $1\step$func$/workspace/rtl/pcs/vibe_pcs_scramble.sv:55$250.$result[22:0]$1300
   791/969: $1\step$func$/workspace/rtl/pcs/vibe_pcs_scramble.sv:55$249.s[22:0]$1299
   792/969: $1\step$func$/workspace/rtl/pcs/vibe_pcs_scramble.sv:55$249.$result[22:0]$1298
   793/969: $1\step$func$/workspace/rtl/pcs/vibe_pcs_scramble.sv:55$248.s[22:0]$1297
   794/969: $1\step$func$/workspace/rtl/pcs/vibe_pcs_scramble.sv:55$248.$result[22:0]$1296
   795/969: $1\step$func$/workspace/rtl/pcs/vibe_pcs_scramble.sv:55$247.s[22:0]$1295
   796/969: $1\step$func$/workspace/rtl/pcs/vibe_pcs_scramble.sv:55$247.$result[22:0]$1294
   797/969: $1\step$func$/workspace/rtl/pcs/vibe_pcs_scramble.sv:55$246.s[22:0]$1293
   798/969: $1\step$func$/workspace/rtl/pcs/vibe_pcs_scramble.sv:55$246.$result[22:0]$1292
   799/969: $1\step$func$/workspace/rtl/pcs/vibe_pcs_scramble.sv:55$245.s[22:0]$1291
   800/969: $1\step$func$/workspace/rtl/pcs/vibe_pcs_scramble.sv:55$245.$result[22:0]$1290
   801/969: $1\step$func$/workspace/rtl/pcs/vibe_pcs_scramble.sv:55$244.s[22:0]$1289
   802/969: $1\step$func$/workspace/rtl/pcs/vibe_pcs_scramble.sv:55$244.$result[22:0]$1288
   803/969: $1\step$func$/workspace/rtl/pcs/vibe_pcs_scramble.sv:55$243.s[22:0]$1287
   804/969: $1\step$func$/workspace/rtl/pcs/vibe_pcs_scramble.sv:55$243.$result[22:0]$1286
   805/969: $1\step$func$/workspace/rtl/pcs/vibe_pcs_scramble.sv:55$242.s[22:0]$1285
   806/969: $1\step$func$/workspace/rtl/pcs/vibe_pcs_scramble.sv:55$242.$result[22:0]$1284
   807/969: $1\step$func$/workspace/rtl/pcs/vibe_pcs_scramble.sv:55$241.s[22:0]$1283
   808/969: $1\step$func$/workspace/rtl/pcs/vibe_pcs_scramble.sv:55$241.$result[22:0]$1282
   809/969: $1\step$func$/workspace/rtl/pcs/vibe_pcs_scramble.sv:55$240.s[22:0]$1281
   810/969: $1\step$func$/workspace/rtl/pcs/vibe_pcs_scramble.sv:55$240.$result[22:0]$1280
   811/969: $1\step$func$/workspace/rtl/pcs/vibe_pcs_scramble.sv:55$239.s[22:0]$1279
   812/969: $1\step$func$/workspace/rtl/pcs/vibe_pcs_scramble.sv:55$239.$result[22:0]$1278
   813/969: $1\step$func$/workspace/rtl/pcs/vibe_pcs_scramble.sv:55$238.s[22:0]$1277
   814/969: $1\step$func$/workspace/rtl/pcs/vibe_pcs_scramble.sv:55$238.$result[22:0]$1276
   815/969: $1\step$func$/workspace/rtl/pcs/vibe_pcs_scramble.sv:55$237.s[22:0]$1275
   816/969: $1\step$func$/workspace/rtl/pcs/vibe_pcs_scramble.sv:55$237.$result[22:0]$1274
   817/969: $1\step$func$/workspace/rtl/pcs/vibe_pcs_scramble.sv:55$236.s[22:0]$1273
   818/969: $1\step$func$/workspace/rtl/pcs/vibe_pcs_scramble.sv:55$236.$result[22:0]$1272
   819/969: $1\step$func$/workspace/rtl/pcs/vibe_pcs_scramble.sv:55$235.s[22:0]$1271
   820/969: $1\step$func$/workspace/rtl/pcs/vibe_pcs_scramble.sv:55$235.$result[22:0]$1270
   821/969: $1\step$func$/workspace/rtl/pcs/vibe_pcs_scramble.sv:55$234.s[22:0]$1269
   822/969: $1\step$func$/workspace/rtl/pcs/vibe_pcs_scramble.sv:55$234.$result[22:0]$1268
   823/969: $1\step$func$/workspace/rtl/pcs/vibe_pcs_scramble.sv:55$233.s[22:0]$1267
   824/969: $1\step$func$/workspace/rtl/pcs/vibe_pcs_scramble.sv:55$233.$result[22:0]$1266
   825/969: $1\step$func$/workspace/rtl/pcs/vibe_pcs_scramble.sv:55$232.s[22:0]$1265
   826/969: $1\step$func$/workspace/rtl/pcs/vibe_pcs_scramble.sv:55$232.$result[22:0]$1264
   827/969: $1\step$func$/workspace/rtl/pcs/vibe_pcs_scramble.sv:55$231.s[22:0]$1263
   828/969: $1\step$func$/workspace/rtl/pcs/vibe_pcs_scramble.sv:55$231.$result[22:0]$1262
   829/969: $1\step$func$/workspace/rtl/pcs/vibe_pcs_scramble.sv:55$230.s[22:0]$1261
   830/969: $1\step$func$/workspace/rtl/pcs/vibe_pcs_scramble.sv:55$230.$result[22:0]$1260
   831/969: $1\step$func$/workspace/rtl/pcs/vibe_pcs_scramble.sv:55$229.s[22:0]$1259
   832/969: $1\step$func$/workspace/rtl/pcs/vibe_pcs_scramble.sv:55$229.$result[22:0]$1258
   833/969: $1\step$func$/workspace/rtl/pcs/vibe_pcs_scramble.sv:55$228.s[22:0]$1257
   834/969: $1\step$func$/workspace/rtl/pcs/vibe_pcs_scramble.sv:55$228.$result[22:0]$1256
   835/969: $1\step$func$/workspace/rtl/pcs/vibe_pcs_scramble.sv:55$227.s[22:0]$1255
   836/969: $1\step$func$/workspace/rtl/pcs/vibe_pcs_scramble.sv:55$227.$result[22:0]$1254
   837/969: $1\step$func$/workspace/rtl/pcs/vibe_pcs_scramble.sv:55$226.s[22:0]$1253
   838/969: $1\step$func$/workspace/rtl/pcs/vibe_pcs_scramble.sv:55$226.$result[22:0]$1252
   839/969: $1\step$func$/workspace/rtl/pcs/vibe_pcs_scramble.sv:55$225.s[22:0]$1251
   840/969: $1\step$func$/workspace/rtl/pcs/vibe_pcs_scramble.sv:55$225.$result[22:0]$1250
   841/969: $1\step$func$/workspace/rtl/pcs/vibe_pcs_scramble.sv:55$224.s[22:0]$1249
   842/969: $1\step$func$/workspace/rtl/pcs/vibe_pcs_scramble.sv:55$224.$result[22:0]$1248
   843/969: $1\step$func$/workspace/rtl/pcs/vibe_pcs_scramble.sv:55$223.s[22:0]$1247
   844/969: $1\step$func$/workspace/rtl/pcs/vibe_pcs_scramble.sv:55$223.$result[22:0]$1246
   845/969: $1\step$func$/workspace/rtl/pcs/vibe_pcs_scramble.sv:55$222.s[22:0]$1245
   846/969: $1\step$func$/workspace/rtl/pcs/vibe_pcs_scramble.sv:55$222.$result[22:0]$1244
   847/969: $1\step$func$/workspace/rtl/pcs/vibe_pcs_scramble.sv:55$221.s[22:0]$1243
   848/969: $1\step$func$/workspace/rtl/pcs/vibe_pcs_scramble.sv:55$221.$result[22:0]$1242
   849/969: $1\step$func$/workspace/rtl/pcs/vibe_pcs_scramble.sv:55$220.s[22:0]$1241
   850/969: $1\step$func$/workspace/rtl/pcs/vibe_pcs_scramble.sv:55$220.$result[22:0]$1240
   851/969: $1\step$func$/workspace/rtl/pcs/vibe_pcs_scramble.sv:55$219.s[22:0]$1239
   852/969: $1\step$func$/workspace/rtl/pcs/vibe_pcs_scramble.sv:55$219.$result[22:0]$1238
   853/969: $1\step$func$/workspace/rtl/pcs/vibe_pcs_scramble.sv:55$218.s[22:0]$1237
   854/969: $1\step$func$/workspace/rtl/pcs/vibe_pcs_scramble.sv:55$218.$result[22:0]$1236
   855/969: $1\step$func$/workspace/rtl/pcs/vibe_pcs_scramble.sv:55$217.s[22:0]$1235
   856/969: $1\step$func$/workspace/rtl/pcs/vibe_pcs_scramble.sv:55$217.$result[22:0]$1234
   857/969: $1\step$func$/workspace/rtl/pcs/vibe_pcs_scramble.sv:55$216.s[22:0]$1233
   858/969: $1\step$func$/workspace/rtl/pcs/vibe_pcs_scramble.sv:55$216.$result[22:0]$1232
   859/969: $1\step$func$/workspace/rtl/pcs/vibe_pcs_scramble.sv:55$215.s[22:0]$1231
   860/969: $1\step$func$/workspace/rtl/pcs/vibe_pcs_scramble.sv:55$215.$result[22:0]$1230
   861/969: $1\step$func$/workspace/rtl/pcs/vibe_pcs_scramble.sv:55$214.s[22:0]$1229
   862/969: $1\step$func$/workspace/rtl/pcs/vibe_pcs_scramble.sv:55$214.$result[22:0]$1228
   863/969: $1\step$func$/workspace/rtl/pcs/vibe_pcs_scramble.sv:55$213.s[22:0]$1227
   864/969: $1\step$func$/workspace/rtl/pcs/vibe_pcs_scramble.sv:55$213.$result[22:0]$1226
   865/969: $1\step$func$/workspace/rtl/pcs/vibe_pcs_scramble.sv:55$212.s[22:0]$1225
   866/969: $1\step$func$/workspace/rtl/pcs/vibe_pcs_scramble.sv:55$212.$result[22:0]$1224
   867/969: $1\step$func$/workspace/rtl/pcs/vibe_pcs_scramble.sv:55$211.s[22:0]$1223
   868/969: $1\step$func$/workspace/rtl/pcs/vibe_pcs_scramble.sv:55$211.$result[22:0]$1222
   869/969: $1\step$func$/workspace/rtl/pcs/vibe_pcs_scramble.sv:55$210.s[22:0]$1221
   870/969: $1\step$func$/workspace/rtl/pcs/vibe_pcs_scramble.sv:55$210.$result[22:0]$1220
   871/969: $1\step$func$/workspace/rtl/pcs/vibe_pcs_scramble.sv:55$209.s[22:0]$1219
   872/969: $1\step$func$/workspace/rtl/pcs/vibe_pcs_scramble.sv:55$209.$result[22:0]$1218
   873/969: $1\step$func$/workspace/rtl/pcs/vibe_pcs_scramble.sv:55$208.s[22:0]$1217
   874/969: $1\step$func$/workspace/rtl/pcs/vibe_pcs_scramble.sv:55$208.$result[22:0]$1216
   875/969: $1\step$func$/workspace/rtl/pcs/vibe_pcs_scramble.sv:55$207.s[22:0]$1215
   876/969: $1\step$func$/workspace/rtl/pcs/vibe_pcs_scramble.sv:55$207.$result[22:0]$1214
   877/969: $1\step$func$/workspace/rtl/pcs/vibe_pcs_scramble.sv:55$206.s[22:0]$1213
   878/969: $1\step$func$/workspace/rtl/pcs/vibe_pcs_scramble.sv:55$206.$result[22:0]$1212
   879/969: $1\step$func$/workspace/rtl/pcs/vibe_pcs_scramble.sv:55$205.s[22:0]$1211
   880/969: $1\step$func$/workspace/rtl/pcs/vibe_pcs_scramble.sv:55$205.$result[22:0]$1210
   881/969: $1\step$func$/workspace/rtl/pcs/vibe_pcs_scramble.sv:55$204.s[22:0]$1209
   882/969: $1\step$func$/workspace/rtl/pcs/vibe_pcs_scramble.sv:55$204.$result[22:0]$1208
   883/969: $1\step$func$/workspace/rtl/pcs/vibe_pcs_scramble.sv:55$203.s[22:0]$1207
   884/969: $1\step$func$/workspace/rtl/pcs/vibe_pcs_scramble.sv:55$203.$result[22:0]$1206
   885/969: $1\step$func$/workspace/rtl/pcs/vibe_pcs_scramble.sv:55$202.s[22:0]$1205
   886/969: $1\step$func$/workspace/rtl/pcs/vibe_pcs_scramble.sv:55$202.$result[22:0]$1204
   887/969: $1\step$func$/workspace/rtl/pcs/vibe_pcs_scramble.sv:55$201.s[22:0]$1203
   888/969: $1\step$func$/workspace/rtl/pcs/vibe_pcs_scramble.sv:55$201.$result[22:0]$1202
   889/969: $1\step$func$/workspace/rtl/pcs/vibe_pcs_scramble.sv:55$200.s[22:0]$1201
   890/969: $1\step$func$/workspace/rtl/pcs/vibe_pcs_scramble.sv:55$200.$result[22:0]$1200
   891/969: $1\step$func$/workspace/rtl/pcs/vibe_pcs_scramble.sv:55$199.s[22:0]$1199
   892/969: $1\step$func$/workspace/rtl/pcs/vibe_pcs_scramble.sv:55$199.$result[22:0]$1198
   893/969: $1\step$func$/workspace/rtl/pcs/vibe_pcs_scramble.sv:55$198.s[22:0]$1197
   894/969: $1\step$func$/workspace/rtl/pcs/vibe_pcs_scramble.sv:55$198.$result[22:0]$1196
   895/969: $1\step$func$/workspace/rtl/pcs/vibe_pcs_scramble.sv:55$197.s[22:0]$1195
   896/969: $1\step$func$/workspace/rtl/pcs/vibe_pcs_scramble.sv:55$197.$result[22:0]$1194
   897/969: $1\step$func$/workspace/rtl/pcs/vibe_pcs_scramble.sv:55$196.s[22:0]$1193
   898/969: $1\step$func$/workspace/rtl/pcs/vibe_pcs_scramble.sv:55$196.$result[22:0]$1192
   899/969: $1\step$func$/workspace/rtl/pcs/vibe_pcs_scramble.sv:55$195.s[22:0]$1191
   900/969: $1\step$func$/workspace/rtl/pcs/vibe_pcs_scramble.sv:55$195.$result[22:0]$1190
   901/969: $1\step$func$/workspace/rtl/pcs/vibe_pcs_scramble.sv:55$194.s[22:0]$1189
   902/969: $1\step$func$/workspace/rtl/pcs/vibe_pcs_scramble.sv:55$194.$result[22:0]$1188
   903/969: $1\step$func$/workspace/rtl/pcs/vibe_pcs_scramble.sv:55$193.s[22:0]$1187
   904/969: $1\step$func$/workspace/rtl/pcs/vibe_pcs_scramble.sv:55$193.$result[22:0]$1186
   905/969: $1\step$func$/workspace/rtl/pcs/vibe_pcs_scramble.sv:55$192.s[22:0]$1185
   906/969: $1\step$func$/workspace/rtl/pcs/vibe_pcs_scramble.sv:55$192.$result[22:0]$1184
   907/969: $1\step$func$/workspace/rtl/pcs/vibe_pcs_scramble.sv:55$191.s[22:0]$1183
   908/969: $1\step$func$/workspace/rtl/pcs/vibe_pcs_scramble.sv:55$191.$result[22:0]$1182
   909/969: $1\step$func$/workspace/rtl/pcs/vibe_pcs_scramble.sv:55$190.s[22:0]$1181
   910/969: $1\step$func$/workspace/rtl/pcs/vibe_pcs_scramble.sv:55$190.$result[22:0]$1180
   911/969: $1\step$func$/workspace/rtl/pcs/vibe_pcs_scramble.sv:55$189.s[22:0]$1179
   912/969: $1\step$func$/workspace/rtl/pcs/vibe_pcs_scramble.sv:55$189.$result[22:0]$1178
   913/969: $1\step$func$/workspace/rtl/pcs/vibe_pcs_scramble.sv:55$188.s[22:0]$1177
   914/969: $1\step$func$/workspace/rtl/pcs/vibe_pcs_scramble.sv:55$188.$result[22:0]$1176
   915/969: $1\step$func$/workspace/rtl/pcs/vibe_pcs_scramble.sv:55$187.s[22:0]$1175
   916/969: $1\step$func$/workspace/rtl/pcs/vibe_pcs_scramble.sv:55$187.$result[22:0]$1174
   917/969: $1\step$func$/workspace/rtl/pcs/vibe_pcs_scramble.sv:55$186.s[22:0]$1173
   918/969: $1\step$func$/workspace/rtl/pcs/vibe_pcs_scramble.sv:55$186.$result[22:0]$1172
   919/969: $1\step$func$/workspace/rtl/pcs/vibe_pcs_scramble.sv:55$185.s[22:0]$1171
   920/969: $1\step$func$/workspace/rtl/pcs/vibe_pcs_scramble.sv:55$185.$result[22:0]$1170
   921/969: $1\step$func$/workspace/rtl/pcs/vibe_pcs_scramble.sv:55$184.s[22:0]$1169
   922/969: $1\step$func$/workspace/rtl/pcs/vibe_pcs_scramble.sv:55$184.$result[22:0]$1168
   923/969: $1\step$func$/workspace/rtl/pcs/vibe_pcs_scramble.sv:55$183.s[22:0]$1167
   924/969: $1\step$func$/workspace/rtl/pcs/vibe_pcs_scramble.sv:55$183.$result[22:0]$1166
   925/969: $1\step$func$/workspace/rtl/pcs/vibe_pcs_scramble.sv:55$182.s[22:0]$1165
   926/969: $1\step$func$/workspace/rtl/pcs/vibe_pcs_scramble.sv:55$182.$result[22:0]$1164
   927/969: $1\step$func$/workspace/rtl/pcs/vibe_pcs_scramble.sv:55$181.s[22:0]$1163
   928/969: $1\step$func$/workspace/rtl/pcs/vibe_pcs_scramble.sv:55$181.$result[22:0]$1162
   929/969: $1\step$func$/workspace/rtl/pcs/vibe_pcs_scramble.sv:55$180.s[22:0]$1161
   930/969: $1\step$func$/workspace/rtl/pcs/vibe_pcs_scramble.sv:55$180.$result[22:0]$1160
   931/969: $1\step$func$/workspace/rtl/pcs/vibe_pcs_scramble.sv:55$179.s[22:0]$1159
   932/969: $1\step$func$/workspace/rtl/pcs/vibe_pcs_scramble.sv:55$179.$result[22:0]$1158
   933/969: $1\step$func$/workspace/rtl/pcs/vibe_pcs_scramble.sv:55$178.s[22:0]$1157
   934/969: $1\step$func$/workspace/rtl/pcs/vibe_pcs_scramble.sv:55$178.$result[22:0]$1156
   935/969: $1\step$func$/workspace/rtl/pcs/vibe_pcs_scramble.sv:55$177.s[22:0]$1155
   936/969: $1\step$func$/workspace/rtl/pcs/vibe_pcs_scramble.sv:55$177.$result[22:0]$1154
   937/969: $1\step$func$/workspace/rtl/pcs/vibe_pcs_scramble.sv:55$176.s[22:0]$1153
   938/969: $1\step$func$/workspace/rtl/pcs/vibe_pcs_scramble.sv:55$176.$result[22:0]$1152
   939/969: $1\step$func$/workspace/rtl/pcs/vibe_pcs_scramble.sv:55$175.s[22:0]$1151
   940/969: $1\step$func$/workspace/rtl/pcs/vibe_pcs_scramble.sv:55$175.$result[22:0]$1150
   941/969: $1\step$func$/workspace/rtl/pcs/vibe_pcs_scramble.sv:55$174.s[22:0]$1149
   942/969: $1\step$func$/workspace/rtl/pcs/vibe_pcs_scramble.sv:55$174.$result[22:0]$1148
   943/969: $1\step$func$/workspace/rtl/pcs/vibe_pcs_scramble.sv:55$173.s[22:0]$1147
   944/969: $1\step$func$/workspace/rtl/pcs/vibe_pcs_scramble.sv:55$173.$result[22:0]$1146
   945/969: $1\step$func$/workspace/rtl/pcs/vibe_pcs_scramble.sv:55$172.s[22:0]$1145
   946/969: $1\step$func$/workspace/rtl/pcs/vibe_pcs_scramble.sv:55$172.$result[22:0]$1144
   947/969: $1\step$func$/workspace/rtl/pcs/vibe_pcs_scramble.sv:55$171.s[22:0]$1143
   948/969: $1\step$func$/workspace/rtl/pcs/vibe_pcs_scramble.sv:55$171.$result[22:0]$1142
   949/969: $1\step$func$/workspace/rtl/pcs/vibe_pcs_scramble.sv:55$170.s[22:0]$1141
   950/969: $1\step$func$/workspace/rtl/pcs/vibe_pcs_scramble.sv:55$170.$result[22:0]$1140
   951/969: $1\step$func$/workspace/rtl/pcs/vibe_pcs_scramble.sv:55$169.s[22:0]$1139
   952/969: $1\step$func$/workspace/rtl/pcs/vibe_pcs_scramble.sv:55$169.$result[22:0]$1138
   953/969: $1\step$func$/workspace/rtl/pcs/vibe_pcs_scramble.sv:55$168.s[22:0]$1137
   954/969: $1\step$func$/workspace/rtl/pcs/vibe_pcs_scramble.sv:55$168.$result[22:0]$1136
   955/969: $1\step$func$/workspace/rtl/pcs/vibe_pcs_scramble.sv:55$167.s[22:0]$1135
   956/969: $1\step$func$/workspace/rtl/pcs/vibe_pcs_scramble.sv:55$167.$result[22:0]$1134
   957/969: $1\step$func$/workspace/rtl/pcs/vibe_pcs_scramble.sv:55$166.s[22:0]$1133
   958/969: $1\step$func$/workspace/rtl/pcs/vibe_pcs_scramble.sv:55$166.$result[22:0]$1132
   959/969: $1\step$func$/workspace/rtl/pcs/vibe_pcs_scramble.sv:55$165.s[22:0]$1131
   960/969: $1\step$func$/workspace/rtl/pcs/vibe_pcs_scramble.sv:55$165.$result[22:0]$1130
   961/969: $1\step$func$/workspace/rtl/pcs/vibe_pcs_scramble.sv:55$164.s[22:0]$1129
   962/969: $1\step$func$/workspace/rtl/pcs/vibe_pcs_scramble.sv:55$164.$result[22:0]$1128
   963/969: $1\step$func$/workspace/rtl/pcs/vibe_pcs_scramble.sv:55$163.s[22:0]$1127
   964/969: $1\step$func$/workspace/rtl/pcs/vibe_pcs_scramble.sv:55$163.$result[22:0]$1126
   965/969: $1\adv.t[22:0]
   966/969: $2\i[31:0]
   967/969: $0\out_vld[0:0]
   968/969: $0\lfsr[22:0]
   969/969: $0\out_data[159:0]
Creating decoders for process `\vibe_pcs_scramble.$proc$/workspace/rtl/pcs/vibe_pcs_scramble.sv:28$323'.

yosys> proc_dlatch

2.2.8. Executing PROC_DLATCH pass (convert process syncs to latches).
No latch inferred for signal `\vibe_pcs_scramble.\xmask' from process `\vibe_pcs_scramble.$proc$/workspace/rtl/pcs/vibe_pcs_scramble.sv:28$323'.
No latch inferred for signal `\vibe_pcs_scramble.\i' from process `\vibe_pcs_scramble.$proc$/workspace/rtl/pcs/vibe_pcs_scramble.sv:28$323'.
No latch inferred for signal `\vibe_pcs_scramble.\gen_mask.t' from process `\vibe_pcs_scramble.$proc$/workspace/rtl/pcs/vibe_pcs_scramble.sv:28$323'.
No latch inferred for signal `\vibe_pcs_scramble.\step$func$/workspace/rtl/pcs/vibe_pcs_scramble.sv:35$3.$result' from process `\vibe_pcs_scramble.$proc$/workspace/rtl/pcs/vibe_pcs_scramble.sv:28$323'.
No latch inferred for signal `\vibe_pcs_scramble.\step$func$/workspace/rtl/pcs/vibe_pcs_scramble.sv:35$3.s' from process `\vibe_pcs_scramble.$proc$/workspace/rtl/pcs/vibe_pcs_scramble.sv:28$323'.
No latch inferred for signal `\vibe_pcs_scramble.\step$func$/workspace/rtl/pcs/vibe_pcs_scramble.sv:35$4.$result' from process `\vibe_pcs_scramble.$proc$/workspace/rtl/pcs/vibe_pcs_scramble.sv:28$323'.
No latch inferred for signal `\vibe_pcs_scramble.\step$func$/workspace/rtl/pcs/vibe_pcs_scramble.sv:35$4.s' from process `\vibe_pcs_scramble.$proc$/workspace/rtl/pcs/vibe_pcs_scramble.sv:28$323'.
No latch inferred for signal `\vibe_pcs_scramble.\step$func$/workspace/rtl/pcs/vibe_pcs_scramble.sv:35$5.$result' from process `\vibe_pcs_scramble.$proc$/workspace/rtl/pcs/vibe_pcs_scramble.sv:28$323'.
No latch inferred for signal `\vibe_pcs_scramble.\step$func$/workspace/rtl/pcs/vibe_pcs_scramble.sv:35$5.s' from process `\vibe_pcs_scramble.$proc$/workspace/rtl/pcs/vibe_pcs_scramble.sv:28$323'.
No latch inferred for signal `\vibe_pcs_scramble.\step$func$/workspace/rtl/pcs/vibe_pcs_scramble.sv:35$6.$result' from process `\vibe_pcs_scramble.$proc$/workspace/rtl/pcs/vibe_pcs_scramble.sv:28$323'.
No latch inferred for signal `\vibe_pcs_scramble.\step$func$/workspace/rtl/pcs/vibe_pcs_scramble.sv:35$6.s' from process `\vibe_pcs_scramble.$proc$/workspace/rtl/pcs/vibe_pcs_scramble.sv:28$323'.
No latch inferred for signal `\vibe_pcs_scramble.\step$func$/workspace/rtl/pcs/vibe_pcs_scramble.sv:35$7.$result' from process `\vibe_pcs_scramble.$proc$/workspace/rtl/pcs/vibe_pcs_scramble.sv:28$323'.
No latch inferred for signal `\vibe_pcs_scramble.\step$func$/workspace/rtl/pcs/vibe_pcs_scramble.sv:35$7.s' from process `\vibe_pcs_scramble.$proc$/workspace/rtl/pcs/vibe_pcs_scramble.sv:28$323'.
No latch inferred for signal `\vibe_pcs_scramble.\step$func$/workspace/rtl/pcs/vibe_pcs_scramble.sv:35$8.$result' from process `\vibe_pcs_scramble.$proc$/workspace/rtl/pcs/vibe_pcs_scramble.sv:28$323'.
No latch inferred for signal `\vibe_pcs_scramble.\step$func$/workspace/rtl/pcs/vibe_pcs_scramble.sv:35$8.s' from process `\vibe_pcs_scramble.$proc$/workspace/rtl/pcs/vibe_pcs_scramble.sv:28$323'.
No latch inferred for signal `\vibe_pcs_scramble.\step$func$/workspace/rtl/pcs/vibe_pcs_scramble.sv:35$9.$result' from process `\vibe_pcs_scramble.$proc$/workspace/rtl/pcs/vibe_pcs_scramble.sv:28$323'.
No latch inferred for signal `\vibe_pcs_scramble.\step$func$/workspace/rtl/pcs/vibe_pcs_scramble.sv:35$9.s' from process `\vibe_pcs_scramble.$proc$/workspace/rtl/pcs/vibe_pcs_scramble.sv:28$323'.
No latch inferred for signal `\vibe_pcs_scramble.\step$func$/workspace/rtl/pcs/vibe_pcs_scramble.sv:35$10.$result' from process `\vibe_pcs_scramble.$proc$/workspace/rtl/pcs/vibe_pcs_scramble.sv:28$323'.
No latch inferred for signal `\vibe_pcs_scramble.\step$func$/workspace/rtl/pcs/vibe_pcs_scramble.sv:35$10.s' from process `\vibe_pcs_scramble.$proc$/workspace/rtl/pcs/vibe_pcs_scramble.sv:28$323'.
No latch inferred for signal `\vibe_pcs_scramble.\step$func$/workspace/rtl/pcs/vibe_pcs_scramble.sv:35$11.$result' from process `\vibe_pcs_scramble.$proc$/workspace/rtl/pcs/vibe_pcs_scramble.sv:28$323'.
No latch inferred for signal `\vibe_pcs_scramble.\step$func$/workspace/rtl/pcs/vibe_pcs_scramble.sv:35$11.s' from process `\vibe_pcs_scramble.$proc$/workspace/rtl/pcs/vibe_pcs_scramble.sv:28$323'.
No latch inferred for signal `\vibe_pcs_scramble.\step$func$/workspace/rtl/pcs/vibe_pcs_scramble.sv:35$12.$result' from process `\vibe_pcs_scramble.$proc$/workspace/rtl/pcs/vibe_pcs_scramble.sv:28$323'.
No latch inferred for signal `\vibe_pcs_scramble.\step$func$/workspace/rtl/pcs/vibe_pcs_scramble.sv:35$12.s' from process `\vibe_pcs_scramble.$proc$/workspace/rtl/pcs/vibe_pcs_scramble.sv:28$323'.
No latch inferred for signal `\vibe_pcs_scramble.\step$func$/workspace/rtl/pcs/vibe_pcs_scramble.sv:35$13.$result' from process `\vibe_pcs_scramble.$proc$/workspace/rtl/pcs/vibe_pcs_scramble.sv:28$323'.
No latch inferred for signal `\vibe_pcs_scramble.\step$func$/workspace/rtl/pcs/vibe_pcs_scramble.sv:35$13.s' from process `\vibe_pcs_scramble.$proc$/workspace/rtl/pcs/vibe_pcs_scramble.sv:28$323'.
No latch inferred for signal `\vibe_pcs_scramble.\step$func$/workspace/rtl/pcs/vibe_pcs_scramble.sv:35$14.$result' from process `\vibe_pcs_scramble.$proc$/workspace/rtl/pcs/vibe_pcs_scramble.sv:28$323'.
No latch inferred for signal `\vibe_pcs_scramble.\step$func$/workspace/rtl/pcs/vibe_pcs_scramble.sv:35$14.s' from process `\vibe_pcs_scramble.$proc$/workspace/rtl/pcs/vibe_pcs_scramble.sv:28$323'.
No latch inferred for signal `\vibe_pcs_scramble.\step$func$/workspace/rtl/pcs/vibe_pcs_scramble.sv:35$15.$result' from process `\vibe_pcs_scramble.$proc$/workspace/rtl/pcs/vibe_pcs_scramble.sv:28$323'.
No latch inferred for signal `\vibe_pcs_scramble.\step$func$/workspace/rtl/pcs/vibe_pcs_scramble.sv:35$15.s' from process `\vibe_pcs_scramble.$proc$/workspace/rtl/pcs/vibe_pcs_scramble.sv:28$323'.
No latch inferred for signal `\vibe_pcs_scramble.\step$func$/workspace/rtl/pcs/vibe_pcs_scramble.sv:35$16.$result' from process `\vibe_pcs_scramble.$proc$/workspace/rtl/pcs/vibe_pcs_scramble.sv:28$323'.
No latch inferred for signal `\vibe_pcs_scramble.\step$func$/workspace/rtl/pcs/vibe_pcs_scramble.sv:35$16.s' from process `\vibe_pcs_scramble.$proc$/workspace/rtl/pcs/vibe_pcs_scramble.sv:28$323'.
No latch inferred for signal `\vibe_pcs_scramble.\step$func$/workspace/rtl/pcs/vibe_pcs_scramble.sv:35$17.$result' from process `\vibe_pcs_scramble.$proc$/workspace/rtl/pcs/vibe_pcs_scramble.sv:28$323'.
No latch inferred for signal `\vibe_pcs_scramble.\step$func$/workspace/rtl/pcs/vibe_pcs_scramble.sv:35$17.s' from process `\vibe_pcs_scramble.$proc$/workspace/rtl/pcs/vibe_pcs_scramble.sv:28$323'.
No latch inferred for signal `\vibe_pcs_scramble.\step$func$/workspace/rtl/pcs/vibe_pcs_scramble.sv:35$18.$result' from process `\vibe_pcs_scramble.$proc$/workspace/rtl/pcs/vibe_pcs_scramble.sv:28$323'.
No latch inferred for signal `\vibe_pcs_scramble.\step$func$/workspace/rtl/pcs/vibe_pcs_scramble.sv:35$18.s' from process `\vibe_pcs_scramble.$proc$/workspace/rtl/pcs/vibe_pcs_scramble.sv:28$323'.
No latch inferred for signal `\vibe_pcs_scramble.\step$func$/workspace/rtl/pcs/vibe_pcs_scramble.sv:35$19.$result' from process `\vibe_pcs_scramble.$proc$/workspace/rtl/pcs/vibe_pcs_scramble.sv:28$323'.
No latch inferred for signal `\vibe_pcs_scramble.\step$func$/workspace/rtl/pcs/vibe_pcs_scramble.sv:35$19.s' from process `\vibe_pcs_scramble.$proc$/workspace/rtl/pcs/vibe_pcs_scramble.sv:28$323'.
No latch inferred for signal `\vibe_pcs_scramble.\step$func$/workspace/rtl/pcs/vibe_pcs_scramble.sv:35$20.$result' from process `\vibe_pcs_scramble.$proc$/workspace/rtl/pcs/vibe_pcs_scramble.sv:28$323'.
No latch inferred for signal `\vibe_pcs_scramble.\step$func$/workspace/rtl/pcs/vibe_pcs_scramble.sv:35$20.s' from process `\vibe_pcs_scramble.$proc$/workspace/rtl/pcs/vibe_pcs_scramble.sv:28$323'.
No latch inferred for signal `\vibe_pcs_scramble.\step$func$/workspace/rtl/pcs/vibe_pcs_scramble.sv:35$21.$result' from process `\vibe_pcs_scramble.$proc$/workspace/rtl/pcs/vibe_pcs_scramble.sv:28$323'.
No latch inferred for signal `\vibe_pcs_scramble.\step$func$/workspace/rtl/pcs/vibe_pcs_scramble.sv:35$21.s' from process `\vibe_pcs_scramble.$proc$/workspace/rtl/pcs/vibe_pcs_scramble.sv:28$323'.
No latch inferred for signal `\vibe_pcs_scramble.\step$func$/workspace/rtl/pcs/vibe_pcs_scramble.sv:35$22.$result' from process `\vibe_pcs_scramble.$proc$/workspace/rtl/pcs/vibe_pcs_scramble.sv:28$323'.
No latch inferred for signal `\vibe_pcs_scramble.\step$func$/workspace/rtl/pcs/vibe_pcs_scramble.sv:35$22.s' from process `\vibe_pcs_scramble.$proc$/workspace/rtl/pcs/vibe_pcs_scramble.sv:28$323'.
No latch inferred for signal `\vibe_pcs_scramble.\step$func$/workspace/rtl/pcs/vibe_pcs_scramble.sv:35$23.$result' from process `\vibe_pcs_scramble.$proc$/workspace/rtl/pcs/vibe_pcs_scramble.sv:28$323'.
No latch inferred for signal `\vibe_pcs_scramble.\step$func$/workspace/rtl/pcs/vibe_pcs_scramble.sv:35$23.s' from process `\vibe_pcs_scramble.$proc$/workspace/rtl/pcs/vibe_pcs_scramble.sv:28$323'.
No latch inferred for signal `\vibe_pcs_scramble.\step$func$/workspace/rtl/pcs/vibe_pcs_scramble.sv:35$24.$result' from process `\vibe_pcs_scramble.$proc$/workspace/rtl/pcs/vibe_pcs_scramble.sv:28$323'.
No latch inferred for signal `\vibe_pcs_scramble.\step$func$/workspace/rtl/pcs/vibe_pcs_scramble.sv:35$24.s' from process `\vibe_pcs_scramble.$proc$/workspace/rtl/pcs/vibe_pcs_scramble.sv:28$323'.
No latch inferred for signal `\vibe_pcs_scramble.\step$func$/workspace/rtl/pcs/vibe_pcs_scramble.sv:35$25.$result' from process `\vibe_pcs_scramble.$proc$/workspace/rtl/pcs/vibe_pcs_scramble.sv:28$323'.
No latch inferred for signal `\vibe_pcs_scramble.\step$func$/workspace/rtl/pcs/vibe_pcs_scramble.sv:35$25.s' from process `\vibe_pcs_scramble.$proc$/workspace/rtl/pcs/vibe_pcs_scramble.sv:28$323'.
No latch inferred for signal `\vibe_pcs_scramble.\step$func$/workspace/rtl/pcs/vibe_pcs_scramble.sv:35$26.$result' from process `\vibe_pcs_scramble.$proc$/workspace/rtl/pcs/vibe_pcs_scramble.sv:28$323'.
No latch inferred for signal `\vibe_pcs_scramble.\step$func$/workspace/rtl/pcs/vibe_pcs_scramble.sv:35$26.s' from process `\vibe_pcs_scramble.$proc$/workspace/rtl/pcs/vibe_pcs_scramble.sv:28$323'.
No latch inferred for signal `\vibe_pcs_scramble.\step$func$/workspace/rtl/pcs/vibe_pcs_scramble.sv:35$27.$result' from process `\vibe_pcs_scramble.$proc$/workspace/rtl/pcs/vibe_pcs_scramble.sv:28$323'.
No latch inferred for signal `\vibe_pcs_scramble.\step$func$/workspace/rtl/pcs/vibe_pcs_scramble.sv:35$27.s' from process `\vibe_pcs_scramble.$proc$/workspace/rtl/pcs/vibe_pcs_scramble.sv:28$323'.
No latch inferred for signal `\vibe_pcs_scramble.\step$func$/workspace/rtl/pcs/vibe_pcs_scramble.sv:35$28.$result' from process `\vibe_pcs_scramble.$proc$/workspace/rtl/pcs/vibe_pcs_scramble.sv:28$323'.
No latch inferred for signal `\vibe_pcs_scramble.\step$func$/workspace/rtl/pcs/vibe_pcs_scramble.sv:35$28.s' from process `\vibe_pcs_scramble.$proc$/workspace/rtl/pcs/vibe_pcs_scramble.sv:28$323'.
No latch inferred for signal `\vibe_pcs_scramble.\step$func$/workspace/rtl/pcs/vibe_pcs_scramble.sv:35$29.$result' from process `\vibe_pcs_scramble.$proc$/workspace/rtl/pcs/vibe_pcs_scramble.sv:28$323'.
No latch inferred for signal `\vibe_pcs_scramble.\step$func$/workspace/rtl/pcs/vibe_pcs_scramble.sv:35$29.s' from process `\vibe_pcs_scramble.$proc$/workspace/rtl/pcs/vibe_pcs_scramble.sv:28$323'.
No latch inferred for signal `\vibe_pcs_scramble.\step$func$/workspace/rtl/pcs/vibe_pcs_scramble.sv:35$30.$result' from process `\vibe_pcs_scramble.$proc$/workspace/rtl/pcs/vibe_pcs_scramble.sv:28$323'.
No latch inferred for signal `\vibe_pcs_scramble.\step$func$/workspace/rtl/pcs/vibe_pcs_scramble.sv:35$30.s' from process `\vibe_pcs_scramble.$proc$/workspace/rtl/pcs/vibe_pcs_scramble.sv:28$323'.
No latch inferred for signal `\vibe_pcs_scramble.\step$func$/workspace/rtl/pcs/vibe_pcs_scramble.sv:35$31.$result' from process `\vibe_pcs_scramble.$proc$/workspace/rtl/pcs/vibe_pcs_scramble.sv:28$323'.
No latch inferred for signal `\vibe_pcs_scramble.\step$func$/workspace/rtl/pcs/vibe_pcs_scramble.sv:35$31.s' from process `\vibe_pcs_scramble.$proc$/workspace/rtl/pcs/vibe_pcs_scramble.sv:28$323'.
No latch inferred for signal `\vibe_pcs_scramble.\step$func$/workspace/rtl/pcs/vibe_pcs_scramble.sv:35$32.$result' from process `\vibe_pcs_scramble.$proc$/workspace/rtl/pcs/vibe_pcs_scramble.sv:28$323'.
No latch inferred for signal `\vibe_pcs_scramble.\step$func$/workspace/rtl/pcs/vibe_pcs_scramble.sv:35$32.s' from process `\vibe_pcs_scramble.$proc$/workspace/rtl/pcs/vibe_pcs_scramble.sv:28$323'.
No latch inferred for signal `\vibe_pcs_scramble.\step$func$/workspace/rtl/pcs/vibe_pcs_scramble.sv:35$33.$result' from process `\vibe_pcs_scramble.$proc$/workspace/rtl/pcs/vibe_pcs_scramble.sv:28$323'.
No latch inferred for signal `\vibe_pcs_scramble.\step$func$/workspace/rtl/pcs/vibe_pcs_scramble.sv:35$33.s' from process `\vibe_pcs_scramble.$proc$/workspace/rtl/pcs/vibe_pcs_scramble.sv:28$323'.
No latch inferred for signal `\vibe_pcs_scramble.\step$func$/workspace/rtl/pcs/vibe_pcs_scramble.sv:35$34.$result' from process `\vibe_pcs_scramble.$proc$/workspace/rtl/pcs/vibe_pcs_scramble.sv:28$323'.
No latch inferred for signal `\vibe_pcs_scramble.\step$func$/workspace/rtl/pcs/vibe_pcs_scramble.sv:35$34.s' from process `\vibe_pcs_scramble.$proc$/workspace/rtl/pcs/vibe_pcs_scramble.sv:28$323'.
No latch inferred for signal `\vibe_pcs_scramble.\step$func$/workspace/rtl/pcs/vibe_pcs_scramble.sv:35$35.$result' from process `\vibe_pcs_scramble.$proc$/workspace/rtl/pcs/vibe_pcs_scramble.sv:28$323'.
No latch inferred for signal `\vibe_pcs_scramble.\step$func$/workspace/rtl/pcs/vibe_pcs_scramble.sv:35$35.s' from process `\vibe_pcs_scramble.$proc$/workspace/rtl/pcs/vibe_pcs_scramble.sv:28$323'.
No latch inferred for signal `\vibe_pcs_scramble.\step$func$/workspace/rtl/pcs/vibe_pcs_scramble.sv:35$36.$result' from process `\vibe_pcs_scramble.$proc$/workspace/rtl/pcs/vibe_pcs_scramble.sv:28$323'.
No latch inferred for signal `\vibe_pcs_scramble.\step$func$/workspace/rtl/pcs/vibe_pcs_scramble.sv:35$36.s' from process `\vibe_pcs_scramble.$proc$/workspace/rtl/pcs/vibe_pcs_scramble.sv:28$323'.
No latch inferred for signal `\vibe_pcs_scramble.\step$func$/workspace/rtl/pcs/vibe_pcs_scramble.sv:35$37.$result' from process `\vibe_pcs_scramble.$proc$/workspace/rtl/pcs/vibe_pcs_scramble.sv:28$323'.
No latch inferred for signal `\vibe_pcs_scramble.\step$func$/workspace/rtl/pcs/vibe_pcs_scramble.sv:35$37.s' from process `\vibe_pcs_scramble.$proc$/workspace/rtl/pcs/vibe_pcs_scramble.sv:28$323'.
No latch inferred for signal `\vibe_pcs_scramble.\step$func$/workspace/rtl/pcs/vibe_pcs_scramble.sv:35$38.$result' from process `\vibe_pcs_scramble.$proc$/workspace/rtl/pcs/vibe_pcs_scramble.sv:28$323'.
No latch inferred for signal `\vibe_pcs_scramble.\step$func$/workspace/rtl/pcs/vibe_pcs_scramble.sv:35$38.s' from process `\vibe_pcs_scramble.$proc$/workspace/rtl/pcs/vibe_pcs_scramble.sv:28$323'.
No latch inferred for signal `\vibe_pcs_scramble.\step$func$/workspace/rtl/pcs/vibe_pcs_scramble.sv:35$39.$result' from process `\vibe_pcs_scramble.$proc$/workspace/rtl/pcs/vibe_pcs_scramble.sv:28$323'.
No latch inferred for signal `\vibe_pcs_scramble.\step$func$/workspace/rtl/pcs/vibe_pcs_scramble.sv:35$39.s' from process `\vibe_pcs_scramble.$proc$/workspace/rtl/pcs/vibe_pcs_scramble.sv:28$323'.
No latch inferred for signal `\vibe_pcs_scramble.\step$func$/workspace/rtl/pcs/vibe_pcs_scramble.sv:35$40.$result' from process `\vibe_pcs_scramble.$proc$/workspace/rtl/pcs/vibe_pcs_scramble.sv:28$323'.
No latch inferred for signal `\vibe_pcs_scramble.\step$func$/workspace/rtl/pcs/vibe_pcs_scramble.sv:35$40.s' from process `\vibe_pcs_scramble.$proc$/workspace/rtl/pcs/vibe_pcs_scramble.sv:28$323'.
No latch inferred for signal `\vibe_pcs_scramble.\step$func$/workspace/rtl/pcs/vibe_pcs_scramble.sv:35$41.$result' from process `\vibe_pcs_scramble.$proc$/workspace/rtl/pcs/vibe_pcs_scramble.sv:28$323'.
No latch inferred for signal `\vibe_pcs_scramble.\step$func$/workspace/rtl/pcs/vibe_pcs_scramble.sv:35$41.s' from process `\vibe_pcs_scramble.$proc$/workspace/rtl/pcs/vibe_pcs_scramble.sv:28$323'.
No latch inferred for signal `\vibe_pcs_scramble.\step$func$/workspace/rtl/pcs/vibe_pcs_scramble.sv:35$42.$result' from process `\vibe_pcs_scramble.$proc$/workspace/rtl/pcs/vibe_pcs_scramble.sv:28$323'.
No latch inferred for signal `\vibe_pcs_scramble.\step$func$/workspace/rtl/pcs/vibe_pcs_scramble.sv:35$42.s' from process `\vibe_pcs_scramble.$proc$/workspace/rtl/pcs/vibe_pcs_scramble.sv:28$323'.
No latch inferred for signal `\vibe_pcs_scramble.\step$func$/workspace/rtl/pcs/vibe_pcs_scramble.sv:35$43.$result' from process `\vibe_pcs_scramble.$proc$/workspace/rtl/pcs/vibe_pcs_scramble.sv:28$323'.
No latch inferred for signal `\vibe_pcs_scramble.\step$func$/workspace/rtl/pcs/vibe_pcs_scramble.sv:35$43.s' from process `\vibe_pcs_scramble.$proc$/workspace/rtl/pcs/vibe_pcs_scramble.sv:28$323'.
No latch inferred for signal `\vibe_pcs_scramble.\step$func$/workspace/rtl/pcs/vibe_pcs_scramble.sv:35$44.$result' from process `\vibe_pcs_scramble.$proc$/workspace/rtl/pcs/vibe_pcs_scramble.sv:28$323'.
No latch inferred for signal `\vibe_pcs_scramble.\step$func$/workspace/rtl/pcs/vibe_pcs_scramble.sv:35$44.s' from process `\vibe_pcs_scramble.$proc$/workspace/rtl/pcs/vibe_pcs_scramble.sv:28$323'.
No latch inferred for signal `\vibe_pcs_scramble.\step$func$/workspace/rtl/pcs/vibe_pcs_scramble.sv:35$45.$result' from process `\vibe_pcs_scramble.$proc$/workspace/rtl/pcs/vibe_pcs_scramble.sv:28$323'.
No latch inferred for signal `\vibe_pcs_scramble.\step$func$/workspace/rtl/pcs/vibe_pcs_scramble.sv:35$45.s' from process `\vibe_pcs_scramble.$proc$/workspace/rtl/pcs/vibe_pcs_scramble.sv:28$323'.
No latch inferred for signal `\vibe_pcs_scramble.\step$func$/workspace/rtl/pcs/vibe_pcs_scramble.sv:35$46.$result' from process `\vibe_pcs_scramble.$proc$/workspace/rtl/pcs/vibe_pcs_scramble.sv:28$323'.
No latch inferred for signal `\vibe_pcs_scramble.\step$func$/workspace/rtl/pcs/vibe_pcs_scramble.sv:35$46.s' from process `\vibe_pcs_scramble.$proc$/workspace/rtl/pcs/vibe_pcs_scramble.sv:28$323'.
No latch inferred for signal `\vibe_pcs_scramble.\step$func$/workspace/rtl/pcs/vibe_pcs_scramble.sv:35$47.$result' from process `\vibe_pcs_scramble.$proc$/workspace/rtl/pcs/vibe_pcs_scramble.sv:28$323'.
No latch inferred for signal `\vibe_pcs_scramble.\step$func$/workspace/rtl/pcs/vibe_pcs_scramble.sv:35$47.s' from process `\vibe_pcs_scramble.$proc$/workspace/rtl/pcs/vibe_pcs_scramble.sv:28$323'.
No latch inferred for signal `\vibe_pcs_scramble.\step$func$/workspace/rtl/pcs/vibe_pcs_scramble.sv:35$48.$result' from process `\vibe_pcs_scramble.$proc$/workspace/rtl/pcs/vibe_pcs_scramble.sv:28$323'.
No latch inferred for signal `\vibe_pcs_scramble.\step$func$/workspace/rtl/pcs/vibe_pcs_scramble.sv:35$48.s' from process `\vibe_pcs_scramble.$proc$/workspace/rtl/pcs/vibe_pcs_scramble.sv:28$323'.
No latch inferred for signal `\vibe_pcs_scramble.\step$func$/workspace/rtl/pcs/vibe_pcs_scramble.sv:35$49.$result' from process `\vibe_pcs_scramble.$proc$/workspace/rtl/pcs/vibe_pcs_scramble.sv:28$323'.
No latch inferred for signal `\vibe_pcs_scramble.\step$func$/workspace/rtl/pcs/vibe_pcs_scramble.sv:35$49.s' from process `\vibe_pcs_scramble.$proc$/workspace/rtl/pcs/vibe_pcs_scramble.sv:28$323'.
No latch inferred for signal `\vibe_pcs_scramble.\step$func$/workspace/rtl/pcs/vibe_pcs_scramble.sv:35$50.$result' from process `\vibe_pcs_scramble.$proc$/workspace/rtl/pcs/vibe_pcs_scramble.sv:28$323'.
No latch inferred for signal `\vibe_pcs_scramble.\step$func$/workspace/rtl/pcs/vibe_pcs_scramble.sv:35$50.s' from process `\vibe_pcs_scramble.$proc$/workspace/rtl/pcs/vibe_pcs_scramble.sv:28$323'.
No latch inferred for signal `\vibe_pcs_scramble.\step$func$/workspace/rtl/pcs/vibe_pcs_scramble.sv:35$51.$result' from process `\vibe_pcs_scramble.$proc$/workspace/rtl/pcs/vibe_pcs_scramble.sv:28$323'.
No latch inferred for signal `\vibe_pcs_scramble.\step$func$/workspace/rtl/pcs/vibe_pcs_scramble.sv:35$51.s' from process `\vibe_pcs_scramble.$proc$/workspace/rtl/pcs/vibe_pcs_scramble.sv:28$323'.
No latch inferred for signal `\vibe_pcs_scramble.\step$func$/workspace/rtl/pcs/vibe_pcs_scramble.sv:35$52.$result' from process `\vibe_pcs_scramble.$proc$/workspace/rtl/pcs/vibe_pcs_scramble.sv:28$323'.
No latch inferred for signal `\vibe_pcs_scramble.\step$func$/workspace/rtl/pcs/vibe_pcs_scramble.sv:35$52.s' from process `\vibe_pcs_scramble.$proc$/workspace/rtl/pcs/vibe_pcs_scramble.sv:28$323'.
No latch inferred for signal `\vibe_pcs_scramble.\step$func$/workspace/rtl/pcs/vibe_pcs_scramble.sv:35$53.$result' from process `\vibe_pcs_scramble.$proc$/workspace/rtl/pcs/vibe_pcs_scramble.sv:28$323'.
No latch inferred for signal `\vibe_pcs_scramble.\step$func$/workspace/rtl/pcs/vibe_pcs_scramble.sv:35$53.s' from process `\vibe_pcs_scramble.$proc$/workspace/rtl/pcs/vibe_pcs_scramble.sv:28$323'.
No latch inferred for signal `\vibe_pcs_scramble.\step$func$/workspace/rtl/pcs/vibe_pcs_scramble.sv:35$54.$result' from process `\vibe_pcs_scramble.$proc$/workspace/rtl/pcs/vibe_pcs_scramble.sv:28$323'.
No latch inferred for signal `\vibe_pcs_scramble.\step$func$/workspace/rtl/pcs/vibe_pcs_scramble.sv:35$54.s' from process `\vibe_pcs_scramble.$proc$/workspace/rtl/pcs/vibe_pcs_scramble.sv:28$323'.
No latch inferred for signal `\vibe_pcs_scramble.\step$func$/workspace/rtl/pcs/vibe_pcs_scramble.sv:35$55.$result' from process `\vibe_pcs_scramble.$proc$/workspace/rtl/pcs/vibe_pcs_scramble.sv:28$323'.
No latch inferred for signal `\vibe_pcs_scramble.\step$func$/workspace/rtl/pcs/vibe_pcs_scramble.sv:35$55.s' from process `\vibe_pcs_scramble.$proc$/workspace/rtl/pcs/vibe_pcs_scramble.sv:28$323'.
No latch inferred for signal `\vibe_pcs_scramble.\step$func$/workspace/rtl/pcs/vibe_pcs_scramble.sv:35$56.$result' from process `\vibe_pcs_scramble.$proc$/workspace/rtl/pcs/vibe_pcs_scramble.sv:28$323'.
No latch inferred for signal `\vibe_pcs_scramble.\step$func$/workspace/rtl/pcs/vibe_pcs_scramble.sv:35$56.s' from process `\vibe_pcs_scramble.$proc$/workspace/rtl/pcs/vibe_pcs_scramble.sv:28$323'.
No latch inferred for signal `\vibe_pcs_scramble.\step$func$/workspace/rtl/pcs/vibe_pcs_scramble.sv:35$57.$result' from process `\vibe_pcs_scramble.$proc$/workspace/rtl/pcs/vibe_pcs_scramble.sv:28$323'.
No latch inferred for signal `\vibe_pcs_scramble.\step$func$/workspace/rtl/pcs/vibe_pcs_scramble.sv:35$57.s' from process `\vibe_pcs_scramble.$proc$/workspace/rtl/pcs/vibe_pcs_scramble.sv:28$323'.
No latch inferred for signal `\vibe_pcs_scramble.\step$func$/workspace/rtl/pcs/vibe_pcs_scramble.sv:35$58.$result' from process `\vibe_pcs_scramble.$proc$/workspace/rtl/pcs/vibe_pcs_scramble.sv:28$323'.
No latch inferred for signal `\vibe_pcs_scramble.\step$func$/workspace/rtl/pcs/vibe_pcs_scramble.sv:35$58.s' from process `\vibe_pcs_scramble.$proc$/workspace/rtl/pcs/vibe_pcs_scramble.sv:28$323'.
No latch inferred for signal `\vibe_pcs_scramble.\step$func$/workspace/rtl/pcs/vibe_pcs_scramble.sv:35$59.$result' from process `\vibe_pcs_scramble.$proc$/workspace/rtl/pcs/vibe_pcs_scramble.sv:28$323'.
No latch inferred for signal `\vibe_pcs_scramble.\step$func$/workspace/rtl/pcs/vibe_pcs_scramble.sv:35$59.s' from process `\vibe_pcs_scramble.$proc$/workspace/rtl/pcs/vibe_pcs_scramble.sv:28$323'.
No latch inferred for signal `\vibe_pcs_scramble.\step$func$/workspace/rtl/pcs/vibe_pcs_scramble.sv:35$60.$result' from process `\vibe_pcs_scramble.$proc$/workspace/rtl/pcs/vibe_pcs_scramble.sv:28$323'.
No latch inferred for signal `\vibe_pcs_scramble.\step$func$/workspace/rtl/pcs/vibe_pcs_scramble.sv:35$60.s' from process `\vibe_pcs_scramble.$proc$/workspace/rtl/pcs/vibe_pcs_scramble.sv:28$323'.
No latch inferred for signal `\vibe_pcs_scramble.\step$func$/workspace/rtl/pcs/vibe_pcs_scramble.sv:35$61.$result' from process `\vibe_pcs_scramble.$proc$/workspace/rtl/pcs/vibe_pcs_scramble.sv:28$323'.
No latch inferred for signal `\vibe_pcs_scramble.\step$func$/workspace/rtl/pcs/vibe_pcs_scramble.sv:35$61.s' from process `\vibe_pcs_scramble.$proc$/workspace/rtl/pcs/vibe_pcs_scramble.sv:28$323'.
No latch inferred for signal `\vibe_pcs_scramble.\step$func$/workspace/rtl/pcs/vibe_pcs_scramble.sv:35$62.$result' from process `\vibe_pcs_scramble.$proc$/workspace/rtl/pcs/vibe_pcs_scramble.sv:28$323'.
No latch inferred for signal `\vibe_pcs_scramble.\step$func$/workspace/rtl/pcs/vibe_pcs_scramble.sv:35$62.s' from process `\vibe_pcs_scramble.$proc$/workspace/rtl/pcs/vibe_pcs_scramble.sv:28$323'.
No latch inferred for signal `\vibe_pcs_scramble.\step$func$/workspace/rtl/pcs/vibe_pcs_scramble.sv:35$63.$result' from process `\vibe_pcs_scramble.$proc$/workspace/rtl/pcs/vibe_pcs_scramble.sv:28$323'.
No latch inferred for signal `\vibe_pcs_scramble.\step$func$/workspace/rtl/pcs/vibe_pcs_scramble.sv:35$63.s' from process `\vibe_pcs_scramble.$proc$/workspace/rtl/pcs/vibe_pcs_scramble.sv:28$323'.
No latch inferred for signal `\vibe_pcs_scramble.\step$func$/workspace/rtl/pcs/vibe_pcs_scramble.sv:35$64.$result' from process `\vibe_pcs_scramble.$proc$/workspace/rtl/pcs/vibe_pcs_scramble.sv:28$323'.
No latch inferred for signal `\vibe_pcs_scramble.\step$func$/workspace/rtl/pcs/vibe_pcs_scramble.sv:35$64.s' from process `\vibe_pcs_scramble.$proc$/workspace/rtl/pcs/vibe_pcs_scramble.sv:28$323'.
No latch inferred for signal `\vibe_pcs_scramble.\step$func$/workspace/rtl/pcs/vibe_pcs_scramble.sv:35$65.$result' from process `\vibe_pcs_scramble.$proc$/workspace/rtl/pcs/vibe_pcs_scramble.sv:28$323'.
No latch inferred for signal `\vibe_pcs_scramble.\step$func$/workspace/rtl/pcs/vibe_pcs_scramble.sv:35$65.s' from process `\vibe_pcs_scramble.$proc$/workspace/rtl/pcs/vibe_pcs_scramble.sv:28$323'.
No latch inferred for signal `\vibe_pcs_scramble.\step$func$/workspace/rtl/pcs/vibe_pcs_scramble.sv:35$66.$result' from process `\vibe_pcs_scramble.$proc$/workspace/rtl/pcs/vibe_pcs_scramble.sv:28$323'.
No latch inferred for signal `\vibe_pcs_scramble.\step$func$/workspace/rtl/pcs/vibe_pcs_scramble.sv:35$66.s' from process `\vibe_pcs_scramble.$proc$/workspace/rtl/pcs/vibe_pcs_scramble.sv:28$323'.
No latch inferred for signal `\vibe_pcs_scramble.\step$func$/workspace/rtl/pcs/vibe_pcs_scramble.sv:35$67.$result' from process `\vibe_pcs_scramble.$proc$/workspace/rtl/pcs/vibe_pcs_scramble.sv:28$323'.
No latch inferred for signal `\vibe_pcs_scramble.\step$func$/workspace/rtl/pcs/vibe_pcs_scramble.sv:35$67.s' from process `\vibe_pcs_scramble.$proc$/workspace/rtl/pcs/vibe_pcs_scramble.sv:28$323'.
No latch inferred for signal `\vibe_pcs_scramble.\step$func$/workspace/rtl/pcs/vibe_pcs_scramble.sv:35$68.$result' from process `\vibe_pcs_scramble.$proc$/workspace/rtl/pcs/vibe_pcs_scramble.sv:28$323'.
No latch inferred for signal `\vibe_pcs_scramble.\step$func$/workspace/rtl/pcs/vibe_pcs_scramble.sv:35$68.s' from process `\vibe_pcs_scramble.$proc$/workspace/rtl/pcs/vibe_pcs_scramble.sv:28$323'.
No latch inferred for signal `\vibe_pcs_scramble.\step$func$/workspace/rtl/pcs/vibe_pcs_scramble.sv:35$69.$result' from process `\vibe_pcs_scramble.$proc$/workspace/rtl/pcs/vibe_pcs_scramble.sv:28$323'.
No latch inferred for signal `\vibe_pcs_scramble.\step$func$/workspace/rtl/pcs/vibe_pcs_scramble.sv:35$69.s' from process `\vibe_pcs_scramble.$proc$/workspace/rtl/pcs/vibe_pcs_scramble.sv:28$323'.
No latch inferred for signal `\vibe_pcs_scramble.\step$func$/workspace/rtl/pcs/vibe_pcs_scramble.sv:35$70.$result' from process `\vibe_pcs_scramble.$proc$/workspace/rtl/pcs/vibe_pcs_scramble.sv:28$323'.
No latch inferred for signal `\vibe_pcs_scramble.\step$func$/workspace/rtl/pcs/vibe_pcs_scramble.sv:35$70.s' from process `\vibe_pcs_scramble.$proc$/workspace/rtl/pcs/vibe_pcs_scramble.sv:28$323'.
No latch inferred for signal `\vibe_pcs_scramble.\step$func$/workspace/rtl/pcs/vibe_pcs_scramble.sv:35$71.$result' from process `\vibe_pcs_scramble.$proc$/workspace/rtl/pcs/vibe_pcs_scramble.sv:28$323'.
No latch inferred for signal `\vibe_pcs_scramble.\step$func$/workspace/rtl/pcs/vibe_pcs_scramble.sv:35$71.s' from process `\vibe_pcs_scramble.$proc$/workspace/rtl/pcs/vibe_pcs_scramble.sv:28$323'.
No latch inferred for signal `\vibe_pcs_scramble.\step$func$/workspace/rtl/pcs/vibe_pcs_scramble.sv:35$72.$result' from process `\vibe_pcs_scramble.$proc$/workspace/rtl/pcs/vibe_pcs_scramble.sv:28$323'.
No latch inferred for signal `\vibe_pcs_scramble.\step$func$/workspace/rtl/pcs/vibe_pcs_scramble.sv:35$72.s' from process `\vibe_pcs_scramble.$proc$/workspace/rtl/pcs/vibe_pcs_scramble.sv:28$323'.
No latch inferred for signal `\vibe_pcs_scramble.\step$func$/workspace/rtl/pcs/vibe_pcs_scramble.sv:35$73.$result' from process `\vibe_pcs_scramble.$proc$/workspace/rtl/pcs/vibe_pcs_scramble.sv:28$323'.
No latch inferred for signal `\vibe_pcs_scramble.\step$func$/workspace/rtl/pcs/vibe_pcs_scramble.sv:35$73.s' from process `\vibe_pcs_scramble.$proc$/workspace/rtl/pcs/vibe_pcs_scramble.sv:28$323'.
No latch inferred for signal `\vibe_pcs_scramble.\step$func$/workspace/rtl/pcs/vibe_pcs_scramble.sv:35$74.$result' from process `\vibe_pcs_scramble.$proc$/workspace/rtl/pcs/vibe_pcs_scramble.sv:28$323'.
No latch inferred for signal `\vibe_pcs_scramble.\step$func$/workspace/rtl/pcs/vibe_pcs_scramble.sv:35$74.s' from process `\vibe_pcs_scramble.$proc$/workspace/rtl/pcs/vibe_pcs_scramble.sv:28$323'.
No latch inferred for signal `\vibe_pcs_scramble.\step$func$/workspace/rtl/pcs/vibe_pcs_scramble.sv:35$75.$result' from process `\vibe_pcs_scramble.$proc$/workspace/rtl/pcs/vibe_pcs_scramble.sv:28$323'.
No latch inferred for signal `\vibe_pcs_scramble.\step$func$/workspace/rtl/pcs/vibe_pcs_scramble.sv:35$75.s' from process `\vibe_pcs_scramble.$proc$/workspace/rtl/pcs/vibe_pcs_scramble.sv:28$323'.
No latch inferred for signal `\vibe_pcs_scramble.\step$func$/workspace/rtl/pcs/vibe_pcs_scramble.sv:35$76.$result' from process `\vibe_pcs_scramble.$proc$/workspace/rtl/pcs/vibe_pcs_scramble.sv:28$323'.
No latch inferred for signal `\vibe_pcs_scramble.\step$func$/workspace/rtl/pcs/vibe_pcs_scramble.sv:35$76.s' from process `\vibe_pcs_scramble.$proc$/workspace/rtl/pcs/vibe_pcs_scramble.sv:28$323'.
No latch inferred for signal `\vibe_pcs_scramble.\step$func$/workspace/rtl/pcs/vibe_pcs_scramble.sv:35$77.$result' from process `\vibe_pcs_scramble.$proc$/workspace/rtl/pcs/vibe_pcs_scramble.sv:28$323'.
No latch inferred for signal `\vibe_pcs_scramble.\step$func$/workspace/rtl/pcs/vibe_pcs_scramble.sv:35$77.s' from process `\vibe_pcs_scramble.$proc$/workspace/rtl/pcs/vibe_pcs_scramble.sv:28$323'.
No latch inferred for signal `\vibe_pcs_scramble.\step$func$/workspace/rtl/pcs/vibe_pcs_scramble.sv:35$78.$result' from process `\vibe_pcs_scramble.$proc$/workspace/rtl/pcs/vibe_pcs_scramble.sv:28$323'.
No latch inferred for signal `\vibe_pcs_scramble.\step$func$/workspace/rtl/pcs/vibe_pcs_scramble.sv:35$78.s' from process `\vibe_pcs_scramble.$proc$/workspace/rtl/pcs/vibe_pcs_scramble.sv:28$323'.
No latch inferred for signal `\vibe_pcs_scramble.\step$func$/workspace/rtl/pcs/vibe_pcs_scramble.sv:35$79.$result' from process `\vibe_pcs_scramble.$proc$/workspace/rtl/pcs/vibe_pcs_scramble.sv:28$323'.
No latch inferred for signal `\vibe_pcs_scramble.\step$func$/workspace/rtl/pcs/vibe_pcs_scramble.sv:35$79.s' from process `\vibe_pcs_scramble.$proc$/workspace/rtl/pcs/vibe_pcs_scramble.sv:28$323'.
No latch inferred for signal `\vibe_pcs_scramble.\step$func$/workspace/rtl/pcs/vibe_pcs_scramble.sv:35$80.$result' from process `\vibe_pcs_scramble.$proc$/workspace/rtl/pcs/vibe_pcs_scramble.sv:28$323'.
No latch inferred for signal `\vibe_pcs_scramble.\step$func$/workspace/rtl/pcs/vibe_pcs_scramble.sv:35$80.s' from process `\vibe_pcs_scramble.$proc$/workspace/rtl/pcs/vibe_pcs_scramble.sv:28$323'.
No latch inferred for signal `\vibe_pcs_scramble.\step$func$/workspace/rtl/pcs/vibe_pcs_scramble.sv:35$81.$result' from process `\vibe_pcs_scramble.$proc$/workspace/rtl/pcs/vibe_pcs_scramble.sv:28$323'.
No latch inferred for signal `\vibe_pcs_scramble.\step$func$/workspace/rtl/pcs/vibe_pcs_scramble.sv:35$81.s' from process `\vibe_pcs_scramble.$proc$/workspace/rtl/pcs/vibe_pcs_scramble.sv:28$323'.
No latch inferred for signal `\vibe_pcs_scramble.\step$func$/workspace/rtl/pcs/vibe_pcs_scramble.sv:35$82.$result' from process `\vibe_pcs_scramble.$proc$/workspace/rtl/pcs/vibe_pcs_scramble.sv:28$323'.
No latch inferred for signal `\vibe_pcs_scramble.\step$func$/workspace/rtl/pcs/vibe_pcs_scramble.sv:35$82.s' from process `\vibe_pcs_scramble.$proc$/workspace/rtl/pcs/vibe_pcs_scramble.sv:28$323'.
No latch inferred for signal `\vibe_pcs_scramble.\step$func$/workspace/rtl/pcs/vibe_pcs_scramble.sv:35$83.$result' from process `\vibe_pcs_scramble.$proc$/workspace/rtl/pcs/vibe_pcs_scramble.sv:28$323'.
No latch inferred for signal `\vibe_pcs_scramble.\step$func$/workspace/rtl/pcs/vibe_pcs_scramble.sv:35$83.s' from process `\vibe_pcs_scramble.$proc$/workspace/rtl/pcs/vibe_pcs_scramble.sv:28$323'.
No latch inferred for signal `\vibe_pcs_scramble.\step$func$/workspace/rtl/pcs/vibe_pcs_scramble.sv:35$84.$result' from process `\vibe_pcs_scramble.$proc$/workspace/rtl/pcs/vibe_pcs_scramble.sv:28$323'.
No latch inferred for signal `\vibe_pcs_scramble.\step$func$/workspace/rtl/pcs/vibe_pcs_scramble.sv:35$84.s' from process `\vibe_pcs_scramble.$proc$/workspace/rtl/pcs/vibe_pcs_scramble.sv:28$323'.
No latch inferred for signal `\vibe_pcs_scramble.\step$func$/workspace/rtl/pcs/vibe_pcs_scramble.sv:35$85.$result' from process `\vibe_pcs_scramble.$proc$/workspace/rtl/pcs/vibe_pcs_scramble.sv:28$323'.
No latch inferred for signal `\vibe_pcs_scramble.\step$func$/workspace/rtl/pcs/vibe_pcs_scramble.sv:35$85.s' from process `\vibe_pcs_scramble.$proc$/workspace/rtl/pcs/vibe_pcs_scramble.sv:28$323'.
No latch inferred for signal `\vibe_pcs_scramble.\step$func$/workspace/rtl/pcs/vibe_pcs_scramble.sv:35$86.$result' from process `\vibe_pcs_scramble.$proc$/workspace/rtl/pcs/vibe_pcs_scramble.sv:28$323'.
No latch inferred for signal `\vibe_pcs_scramble.\step$func$/workspace/rtl/pcs/vibe_pcs_scramble.sv:35$86.s' from process `\vibe_pcs_scramble.$proc$/workspace/rtl/pcs/vibe_pcs_scramble.sv:28$323'.
No latch inferred for signal `\vibe_pcs_scramble.\step$func$/workspace/rtl/pcs/vibe_pcs_scramble.sv:35$87.$result' from process `\vibe_pcs_scramble.$proc$/workspace/rtl/pcs/vibe_pcs_scramble.sv:28$323'.
No latch inferred for signal `\vibe_pcs_scramble.\step$func$/workspace/rtl/pcs/vibe_pcs_scramble.sv:35$87.s' from process `\vibe_pcs_scramble.$proc$/workspace/rtl/pcs/vibe_pcs_scramble.sv:28$323'.
No latch inferred for signal `\vibe_pcs_scramble.\step$func$/workspace/rtl/pcs/vibe_pcs_scramble.sv:35$88.$result' from process `\vibe_pcs_scramble.$proc$/workspace/rtl/pcs/vibe_pcs_scramble.sv:28$323'.
No latch inferred for signal `\vibe_pcs_scramble.\step$func$/workspace/rtl/pcs/vibe_pcs_scramble.sv:35$88.s' from process `\vibe_pcs_scramble.$proc$/workspace/rtl/pcs/vibe_pcs_scramble.sv:28$323'.
No latch inferred for signal `\vibe_pcs_scramble.\step$func$/workspace/rtl/pcs/vibe_pcs_scramble.sv:35$89.$result' from process `\vibe_pcs_scramble.$proc$/workspace/rtl/pcs/vibe_pcs_scramble.sv:28$323'.
No latch inferred for signal `\vibe_pcs_scramble.\step$func$/workspace/rtl/pcs/vibe_pcs_scramble.sv:35$89.s' from process `\vibe_pcs_scramble.$proc$/workspace/rtl/pcs/vibe_pcs_scramble.sv:28$323'.
No latch inferred for signal `\vibe_pcs_scramble.\step$func$/workspace/rtl/pcs/vibe_pcs_scramble.sv:35$90.$result' from process `\vibe_pcs_scramble.$proc$/workspace/rtl/pcs/vibe_pcs_scramble.sv:28$323'.
No latch inferred for signal `\vibe_pcs_scramble.\step$func$/workspace/rtl/pcs/vibe_pcs_scramble.sv:35$90.s' from process `\vibe_pcs_scramble.$proc$/workspace/rtl/pcs/vibe_pcs_scramble.sv:28$323'.
No latch inferred for signal `\vibe_pcs_scramble.\step$func$/workspace/rtl/pcs/vibe_pcs_scramble.sv:35$91.$result' from process `\vibe_pcs_scramble.$proc$/workspace/rtl/pcs/vibe_pcs_scramble.sv:28$323'.
No latch inferred for signal `\vibe_pcs_scramble.\step$func$/workspace/rtl/pcs/vibe_pcs_scramble.sv:35$91.s' from process `\vibe_pcs_scramble.$proc$/workspace/rtl/pcs/vibe_pcs_scramble.sv:28$323'.
No latch inferred for signal `\vibe_pcs_scramble.\step$func$/workspace/rtl/pcs/vibe_pcs_scramble.sv:35$92.$result' from process `\vibe_pcs_scramble.$proc$/workspace/rtl/pcs/vibe_pcs_scramble.sv:28$323'.
No latch inferred for signal `\vibe_pcs_scramble.\step$func$/workspace/rtl/pcs/vibe_pcs_scramble.sv:35$92.s' from process `\vibe_pcs_scramble.$proc$/workspace/rtl/pcs/vibe_pcs_scramble.sv:28$323'.
No latch inferred for signal `\vibe_pcs_scramble.\step$func$/workspace/rtl/pcs/vibe_pcs_scramble.sv:35$93.$result' from process `\vibe_pcs_scramble.$proc$/workspace/rtl/pcs/vibe_pcs_scramble.sv:28$323'.
No latch inferred for signal `\vibe_pcs_scramble.\step$func$/workspace/rtl/pcs/vibe_pcs_scramble.sv:35$93.s' from process `\vibe_pcs_scramble.$proc$/workspace/rtl/pcs/vibe_pcs_scramble.sv:28$323'.
No latch inferred for signal `\vibe_pcs_scramble.\step$func$/workspace/rtl/pcs/vibe_pcs_scramble.sv:35$94.$result' from process `\vibe_pcs_scramble.$proc$/workspace/rtl/pcs/vibe_pcs_scramble.sv:28$323'.
No latch inferred for signal `\vibe_pcs_scramble.\step$func$/workspace/rtl/pcs/vibe_pcs_scramble.sv:35$94.s' from process `\vibe_pcs_scramble.$proc$/workspace/rtl/pcs/vibe_pcs_scramble.sv:28$323'.
No latch inferred for signal `\vibe_pcs_scramble.\step$func$/workspace/rtl/pcs/vibe_pcs_scramble.sv:35$95.$result' from process `\vibe_pcs_scramble.$proc$/workspace/rtl/pcs/vibe_pcs_scramble.sv:28$323'.
No latch inferred for signal `\vibe_pcs_scramble.\step$func$/workspace/rtl/pcs/vibe_pcs_scramble.sv:35$95.s' from process `\vibe_pcs_scramble.$proc$/workspace/rtl/pcs/vibe_pcs_scramble.sv:28$323'.
No latch inferred for signal `\vibe_pcs_scramble.\step$func$/workspace/rtl/pcs/vibe_pcs_scramble.sv:35$96.$result' from process `\vibe_pcs_scramble.$proc$/workspace/rtl/pcs/vibe_pcs_scramble.sv:28$323'.
No latch inferred for signal `\vibe_pcs_scramble.\step$func$/workspace/rtl/pcs/vibe_pcs_scramble.sv:35$96.s' from process `\vibe_pcs_scramble.$proc$/workspace/rtl/pcs/vibe_pcs_scramble.sv:28$323'.
No latch inferred for signal `\vibe_pcs_scramble.\step$func$/workspace/rtl/pcs/vibe_pcs_scramble.sv:35$97.$result' from process `\vibe_pcs_scramble.$proc$/workspace/rtl/pcs/vibe_pcs_scramble.sv:28$323'.
No latch inferred for signal `\vibe_pcs_scramble.\step$func$/workspace/rtl/pcs/vibe_pcs_scramble.sv:35$97.s' from process `\vibe_pcs_scramble.$proc$/workspace/rtl/pcs/vibe_pcs_scramble.sv:28$323'.
No latch inferred for signal `\vibe_pcs_scramble.\step$func$/workspace/rtl/pcs/vibe_pcs_scramble.sv:35$98.$result' from process `\vibe_pcs_scramble.$proc$/workspace/rtl/pcs/vibe_pcs_scramble.sv:28$323'.
No latch inferred for signal `\vibe_pcs_scramble.\step$func$/workspace/rtl/pcs/vibe_pcs_scramble.sv:35$98.s' from process `\vibe_pcs_scramble.$proc$/workspace/rtl/pcs/vibe_pcs_scramble.sv:28$323'.
No latch inferred for signal `\vibe_pcs_scramble.\step$func$/workspace/rtl/pcs/vibe_pcs_scramble.sv:35$99.$result' from process `\vibe_pcs_scramble.$proc$/workspace/rtl/pcs/vibe_pcs_scramble.sv:28$323'.
No latch inferred for signal `\vibe_pcs_scramble.\step$func$/workspace/rtl/pcs/vibe_pcs_scramble.sv:35$99.s' from process `\vibe_pcs_scramble.$proc$/workspace/rtl/pcs/vibe_pcs_scramble.sv:28$323'.
No latch inferred for signal `\vibe_pcs_scramble.\step$func$/workspace/rtl/pcs/vibe_pcs_scramble.sv:35$100.$result' from process `\vibe_pcs_scramble.$proc$/workspace/rtl/pcs/vibe_pcs_scramble.sv:28$323'.
No latch inferred for signal `\vibe_pcs_scramble.\step$func$/workspace/rtl/pcs/vibe_pcs_scramble.sv:35$100.s' from process `\vibe_pcs_scramble.$proc$/workspace/rtl/pcs/vibe_pcs_scramble.sv:28$323'.
No latch inferred for signal `\vibe_pcs_scramble.\step$func$/workspace/rtl/pcs/vibe_pcs_scramble.sv:35$101.$result' from process `\vibe_pcs_scramble.$proc$/workspace/rtl/pcs/vibe_pcs_scramble.sv:28$323'.
No latch inferred for signal `\vibe_pcs_scramble.\step$func$/workspace/rtl/pcs/vibe_pcs_scramble.sv:35$101.s' from process `\vibe_pcs_scramble.$proc$/workspace/rtl/pcs/vibe_pcs_scramble.sv:28$323'.
No latch inferred for signal `\vibe_pcs_scramble.\step$func$/workspace/rtl/pcs/vibe_pcs_scramble.sv:35$102.$result' from process `\vibe_pcs_scramble.$proc$/workspace/rtl/pcs/vibe_pcs_scramble.sv:28$323'.
No latch inferred for signal `\vibe_pcs_scramble.\step$func$/workspace/rtl/pcs/vibe_pcs_scramble.sv:35$102.s' from process `\vibe_pcs_scramble.$proc$/workspace/rtl/pcs/vibe_pcs_scramble.sv:28$323'.
No latch inferred for signal `\vibe_pcs_scramble.\step$func$/workspace/rtl/pcs/vibe_pcs_scramble.sv:35$103.$result' from process `\vibe_pcs_scramble.$proc$/workspace/rtl/pcs/vibe_pcs_scramble.sv:28$323'.
No latch inferred for signal `\vibe_pcs_scramble.\step$func$/workspace/rtl/pcs/vibe_pcs_scramble.sv:35$103.s' from process `\vibe_pcs_scramble.$proc$/workspace/rtl/pcs/vibe_pcs_scramble.sv:28$323'.
No latch inferred for signal `\vibe_pcs_scramble.\step$func$/workspace/rtl/pcs/vibe_pcs_scramble.sv:35$104.$result' from process `\vibe_pcs_scramble.$proc$/workspace/rtl/pcs/vibe_pcs_scramble.sv:28$323'.
No latch inferred for signal `\vibe_pcs_scramble.\step$func$/workspace/rtl/pcs/vibe_pcs_scramble.sv:35$104.s' from process `\vibe_pcs_scramble.$proc$/workspace/rtl/pcs/vibe_pcs_scramble.sv:28$323'.
No latch inferred for signal `\vibe_pcs_scramble.\step$func$/workspace/rtl/pcs/vibe_pcs_scramble.sv:35$105.$result' from process `\vibe_pcs_scramble.$proc$/workspace/rtl/pcs/vibe_pcs_scramble.sv:28$323'.
No latch inferred for signal `\vibe_pcs_scramble.\step$func$/workspace/rtl/pcs/vibe_pcs_scramble.sv:35$105.s' from process `\vibe_pcs_scramble.$proc$/workspace/rtl/pcs/vibe_pcs_scramble.sv:28$323'.
No latch inferred for signal `\vibe_pcs_scramble.\step$func$/workspace/rtl/pcs/vibe_pcs_scramble.sv:35$106.$result' from process `\vibe_pcs_scramble.$proc$/workspace/rtl/pcs/vibe_pcs_scramble.sv:28$323'.
No latch inferred for signal `\vibe_pcs_scramble.\step$func$/workspace/rtl/pcs/vibe_pcs_scramble.sv:35$106.s' from process `\vibe_pcs_scramble.$proc$/workspace/rtl/pcs/vibe_pcs_scramble.sv:28$323'.
No latch inferred for signal `\vibe_pcs_scramble.\step$func$/workspace/rtl/pcs/vibe_pcs_scramble.sv:35$107.$result' from process `\vibe_pcs_scramble.$proc$/workspace/rtl/pcs/vibe_pcs_scramble.sv:28$323'.
No latch inferred for signal `\vibe_pcs_scramble.\step$func$/workspace/rtl/pcs/vibe_pcs_scramble.sv:35$107.s' from process `\vibe_pcs_scramble.$proc$/workspace/rtl/pcs/vibe_pcs_scramble.sv:28$323'.
No latch inferred for signal `\vibe_pcs_scramble.\step$func$/workspace/rtl/pcs/vibe_pcs_scramble.sv:35$108.$result' from process `\vibe_pcs_scramble.$proc$/workspace/rtl/pcs/vibe_pcs_scramble.sv:28$323'.
No latch inferred for signal `\vibe_pcs_scramble.\step$func$/workspace/rtl/pcs/vibe_pcs_scramble.sv:35$108.s' from process `\vibe_pcs_scramble.$proc$/workspace/rtl/pcs/vibe_pcs_scramble.sv:28$323'.
No latch inferred for signal `\vibe_pcs_scramble.\step$func$/workspace/rtl/pcs/vibe_pcs_scramble.sv:35$109.$result' from process `\vibe_pcs_scramble.$proc$/workspace/rtl/pcs/vibe_pcs_scramble.sv:28$323'.
No latch inferred for signal `\vibe_pcs_scramble.\step$func$/workspace/rtl/pcs/vibe_pcs_scramble.sv:35$109.s' from process `\vibe_pcs_scramble.$proc$/workspace/rtl/pcs/vibe_pcs_scramble.sv:28$323'.
No latch inferred for signal `\vibe_pcs_scramble.\step$func$/workspace/rtl/pcs/vibe_pcs_scramble.sv:35$110.$result' from process `\vibe_pcs_scramble.$proc$/workspace/rtl/pcs/vibe_pcs_scramble.sv:28$323'.
No latch inferred for signal `\vibe_pcs_scramble.\step$func$/workspace/rtl/pcs/vibe_pcs_scramble.sv:35$110.s' from process `\vibe_pcs_scramble.$proc$/workspace/rtl/pcs/vibe_pcs_scramble.sv:28$323'.
No latch inferred for signal `\vibe_pcs_scramble.\step$func$/workspace/rtl/pcs/vibe_pcs_scramble.sv:35$111.$result' from process `\vibe_pcs_scramble.$proc$/workspace/rtl/pcs/vibe_pcs_scramble.sv:28$323'.
No latch inferred for signal `\vibe_pcs_scramble.\step$func$/workspace/rtl/pcs/vibe_pcs_scramble.sv:35$111.s' from process `\vibe_pcs_scramble.$proc$/workspace/rtl/pcs/vibe_pcs_scramble.sv:28$323'.
No latch inferred for signal `\vibe_pcs_scramble.\step$func$/workspace/rtl/pcs/vibe_pcs_scramble.sv:35$112.$result' from process `\vibe_pcs_scramble.$proc$/workspace/rtl/pcs/vibe_pcs_scramble.sv:28$323'.
No latch inferred for signal `\vibe_pcs_scramble.\step$func$/workspace/rtl/pcs/vibe_pcs_scramble.sv:35$112.s' from process `\vibe_pcs_scramble.$proc$/workspace/rtl/pcs/vibe_pcs_scramble.sv:28$323'.
No latch inferred for signal `\vibe_pcs_scramble.\step$func$/workspace/rtl/pcs/vibe_pcs_scramble.sv:35$113.$result' from process `\vibe_pcs_scramble.$proc$/workspace/rtl/pcs/vibe_pcs_scramble.sv:28$323'.
No latch inferred for signal `\vibe_pcs_scramble.\step$func$/workspace/rtl/pcs/vibe_pcs_scramble.sv:35$113.s' from process `\vibe_pcs_scramble.$proc$/workspace/rtl/pcs/vibe_pcs_scramble.sv:28$323'.
No latch inferred for signal `\vibe_pcs_scramble.\step$func$/workspace/rtl/pcs/vibe_pcs_scramble.sv:35$114.$result' from process `\vibe_pcs_scramble.$proc$/workspace/rtl/pcs/vibe_pcs_scramble.sv:28$323'.
No latch inferred for signal `\vibe_pcs_scramble.\step$func$/workspace/rtl/pcs/vibe_pcs_scramble.sv:35$114.s' from process `\vibe_pcs_scramble.$proc$/workspace/rtl/pcs/vibe_pcs_scramble.sv:28$323'.
No latch inferred for signal `\vibe_pcs_scramble.\step$func$/workspace/rtl/pcs/vibe_pcs_scramble.sv:35$115.$result' from process `\vibe_pcs_scramble.$proc$/workspace/rtl/pcs/vibe_pcs_scramble.sv:28$323'.
No latch inferred for signal `\vibe_pcs_scramble.\step$func$/workspace/rtl/pcs/vibe_pcs_scramble.sv:35$115.s' from process `\vibe_pcs_scramble.$proc$/workspace/rtl/pcs/vibe_pcs_scramble.sv:28$323'.
No latch inferred for signal `\vibe_pcs_scramble.\step$func$/workspace/rtl/pcs/vibe_pcs_scramble.sv:35$116.$result' from process `\vibe_pcs_scramble.$proc$/workspace/rtl/pcs/vibe_pcs_scramble.sv:28$323'.
No latch inferred for signal `\vibe_pcs_scramble.\step$func$/workspace/rtl/pcs/vibe_pcs_scramble.sv:35$116.s' from process `\vibe_pcs_scramble.$proc$/workspace/rtl/pcs/vibe_pcs_scramble.sv:28$323'.
No latch inferred for signal `\vibe_pcs_scramble.\step$func$/workspace/rtl/pcs/vibe_pcs_scramble.sv:35$117.$result' from process `\vibe_pcs_scramble.$proc$/workspace/rtl/pcs/vibe_pcs_scramble.sv:28$323'.
No latch inferred for signal `\vibe_pcs_scramble.\step$func$/workspace/rtl/pcs/vibe_pcs_scramble.sv:35$117.s' from process `\vibe_pcs_scramble.$proc$/workspace/rtl/pcs/vibe_pcs_scramble.sv:28$323'.
No latch inferred for signal `\vibe_pcs_scramble.\step$func$/workspace/rtl/pcs/vibe_pcs_scramble.sv:35$118.$result' from process `\vibe_pcs_scramble.$proc$/workspace/rtl/pcs/vibe_pcs_scramble.sv:28$323'.
No latch inferred for signal `\vibe_pcs_scramble.\step$func$/workspace/rtl/pcs/vibe_pcs_scramble.sv:35$118.s' from process `\vibe_pcs_scramble.$proc$/workspace/rtl/pcs/vibe_pcs_scramble.sv:28$323'.
No latch inferred for signal `\vibe_pcs_scramble.\step$func$/workspace/rtl/pcs/vibe_pcs_scramble.sv:35$119.$result' from process `\vibe_pcs_scramble.$proc$/workspace/rtl/pcs/vibe_pcs_scramble.sv:28$323'.
No latch inferred for signal `\vibe_pcs_scramble.\step$func$/workspace/rtl/pcs/vibe_pcs_scramble.sv:35$119.s' from process `\vibe_pcs_scramble.$proc$/workspace/rtl/pcs/vibe_pcs_scramble.sv:28$323'.
No latch inferred for signal `\vibe_pcs_scramble.\step$func$/workspace/rtl/pcs/vibe_pcs_scramble.sv:35$120.$result' from process `\vibe_pcs_scramble.$proc$/workspace/rtl/pcs/vibe_pcs_scramble.sv:28$323'.
No latch inferred for signal `\vibe_pcs_scramble.\step$func$/workspace/rtl/pcs/vibe_pcs_scramble.sv:35$120.s' from process `\vibe_pcs_scramble.$proc$/workspace/rtl/pcs/vibe_pcs_scramble.sv:28$323'.
No latch inferred for signal `\vibe_pcs_scramble.\step$func$/workspace/rtl/pcs/vibe_pcs_scramble.sv:35$121.$result' from process `\vibe_pcs_scramble.$proc$/workspace/rtl/pcs/vibe_pcs_scramble.sv:28$323'.
No latch inferred for signal `\vibe_pcs_scramble.\step$func$/workspace/rtl/pcs/vibe_pcs_scramble.sv:35$121.s' from process `\vibe_pcs_scramble.$proc$/workspace/rtl/pcs/vibe_pcs_scramble.sv:28$323'.
No latch inferred for signal `\vibe_pcs_scramble.\step$func$/workspace/rtl/pcs/vibe_pcs_scramble.sv:35$122.$result' from process `\vibe_pcs_scramble.$proc$/workspace/rtl/pcs/vibe_pcs_scramble.sv:28$323'.
No latch inferred for signal `\vibe_pcs_scramble.\step$func$/workspace/rtl/pcs/vibe_pcs_scramble.sv:35$122.s' from process `\vibe_pcs_scramble.$proc$/workspace/rtl/pcs/vibe_pcs_scramble.sv:28$323'.
No latch inferred for signal `\vibe_pcs_scramble.\step$func$/workspace/rtl/pcs/vibe_pcs_scramble.sv:35$123.$result' from process `\vibe_pcs_scramble.$proc$/workspace/rtl/pcs/vibe_pcs_scramble.sv:28$323'.
No latch inferred for signal `\vibe_pcs_scramble.\step$func$/workspace/rtl/pcs/vibe_pcs_scramble.sv:35$123.s' from process `\vibe_pcs_scramble.$proc$/workspace/rtl/pcs/vibe_pcs_scramble.sv:28$323'.
No latch inferred for signal `\vibe_pcs_scramble.\step$func$/workspace/rtl/pcs/vibe_pcs_scramble.sv:35$124.$result' from process `\vibe_pcs_scramble.$proc$/workspace/rtl/pcs/vibe_pcs_scramble.sv:28$323'.
No latch inferred for signal `\vibe_pcs_scramble.\step$func$/workspace/rtl/pcs/vibe_pcs_scramble.sv:35$124.s' from process `\vibe_pcs_scramble.$proc$/workspace/rtl/pcs/vibe_pcs_scramble.sv:28$323'.
No latch inferred for signal `\vibe_pcs_scramble.\step$func$/workspace/rtl/pcs/vibe_pcs_scramble.sv:35$125.$result' from process `\vibe_pcs_scramble.$proc$/workspace/rtl/pcs/vibe_pcs_scramble.sv:28$323'.
No latch inferred for signal `\vibe_pcs_scramble.\step$func$/workspace/rtl/pcs/vibe_pcs_scramble.sv:35$125.s' from process `\vibe_pcs_scramble.$proc$/workspace/rtl/pcs/vibe_pcs_scramble.sv:28$323'.
No latch inferred for signal `\vibe_pcs_scramble.\step$func$/workspace/rtl/pcs/vibe_pcs_scramble.sv:35$126.$result' from process `\vibe_pcs_scramble.$proc$/workspace/rtl/pcs/vibe_pcs_scramble.sv:28$323'.
No latch inferred for signal `\vibe_pcs_scramble.\step$func$/workspace/rtl/pcs/vibe_pcs_scramble.sv:35$126.s' from process `\vibe_pcs_scramble.$proc$/workspace/rtl/pcs/vibe_pcs_scramble.sv:28$323'.
No latch inferred for signal `\vibe_pcs_scramble.\step$func$/workspace/rtl/pcs/vibe_pcs_scramble.sv:35$127.$result' from process `\vibe_pcs_scramble.$proc$/workspace/rtl/pcs/vibe_pcs_scramble.sv:28$323'.
No latch inferred for signal `\vibe_pcs_scramble.\step$func$/workspace/rtl/pcs/vibe_pcs_scramble.sv:35$127.s' from process `\vibe_pcs_scramble.$proc$/workspace/rtl/pcs/vibe_pcs_scramble.sv:28$323'.
No latch inferred for signal `\vibe_pcs_scramble.\step$func$/workspace/rtl/pcs/vibe_pcs_scramble.sv:35$128.$result' from process `\vibe_pcs_scramble.$proc$/workspace/rtl/pcs/vibe_pcs_scramble.sv:28$323'.
No latch inferred for signal `\vibe_pcs_scramble.\step$func$/workspace/rtl/pcs/vibe_pcs_scramble.sv:35$128.s' from process `\vibe_pcs_scramble.$proc$/workspace/rtl/pcs/vibe_pcs_scramble.sv:28$323'.
No latch inferred for signal `\vibe_pcs_scramble.\step$func$/workspace/rtl/pcs/vibe_pcs_scramble.sv:35$129.$result' from process `\vibe_pcs_scramble.$proc$/workspace/rtl/pcs/vibe_pcs_scramble.sv:28$323'.
No latch inferred for signal `\vibe_pcs_scramble.\step$func$/workspace/rtl/pcs/vibe_pcs_scramble.sv:35$129.s' from process `\vibe_pcs_scramble.$proc$/workspace/rtl/pcs/vibe_pcs_scramble.sv:28$323'.
No latch inferred for signal `\vibe_pcs_scramble.\step$func$/workspace/rtl/pcs/vibe_pcs_scramble.sv:35$130.$result' from process `\vibe_pcs_scramble.$proc$/workspace/rtl/pcs/vibe_pcs_scramble.sv:28$323'.
No latch inferred for signal `\vibe_pcs_scramble.\step$func$/workspace/rtl/pcs/vibe_pcs_scramble.sv:35$130.s' from process `\vibe_pcs_scramble.$proc$/workspace/rtl/pcs/vibe_pcs_scramble.sv:28$323'.
No latch inferred for signal `\vibe_pcs_scramble.\step$func$/workspace/rtl/pcs/vibe_pcs_scramble.sv:35$131.$result' from process `\vibe_pcs_scramble.$proc$/workspace/rtl/pcs/vibe_pcs_scramble.sv:28$323'.
No latch inferred for signal `\vibe_pcs_scramble.\step$func$/workspace/rtl/pcs/vibe_pcs_scramble.sv:35$131.s' from process `\vibe_pcs_scramble.$proc$/workspace/rtl/pcs/vibe_pcs_scramble.sv:28$323'.
No latch inferred for signal `\vibe_pcs_scramble.\step$func$/workspace/rtl/pcs/vibe_pcs_scramble.sv:35$132.$result' from process `\vibe_pcs_scramble.$proc$/workspace/rtl/pcs/vibe_pcs_scramble.sv:28$323'.
No latch inferred for signal `\vibe_pcs_scramble.\step$func$/workspace/rtl/pcs/vibe_pcs_scramble.sv:35$132.s' from process `\vibe_pcs_scramble.$proc$/workspace/rtl/pcs/vibe_pcs_scramble.sv:28$323'.
No latch inferred for signal `\vibe_pcs_scramble.\step$func$/workspace/rtl/pcs/vibe_pcs_scramble.sv:35$133.$result' from process `\vibe_pcs_scramble.$proc$/workspace/rtl/pcs/vibe_pcs_scramble.sv:28$323'.
No latch inferred for signal `\vibe_pcs_scramble.\step$func$/workspace/rtl/pcs/vibe_pcs_scramble.sv:35$133.s' from process `\vibe_pcs_scramble.$proc$/workspace/rtl/pcs/vibe_pcs_scramble.sv:28$323'.
No latch inferred for signal `\vibe_pcs_scramble.\step$func$/workspace/rtl/pcs/vibe_pcs_scramble.sv:35$134.$result' from process `\vibe_pcs_scramble.$proc$/workspace/rtl/pcs/vibe_pcs_scramble.sv:28$323'.
No latch inferred for signal `\vibe_pcs_scramble.\step$func$/workspace/rtl/pcs/vibe_pcs_scramble.sv:35$134.s' from process `\vibe_pcs_scramble.$proc$/workspace/rtl/pcs/vibe_pcs_scramble.sv:28$323'.
No latch inferred for signal `\vibe_pcs_scramble.\step$func$/workspace/rtl/pcs/vibe_pcs_scramble.sv:35$135.$result' from process `\vibe_pcs_scramble.$proc$/workspace/rtl/pcs/vibe_pcs_scramble.sv:28$323'.
No latch inferred for signal `\vibe_pcs_scramble.\step$func$/workspace/rtl/pcs/vibe_pcs_scramble.sv:35$135.s' from process `\vibe_pcs_scramble.$proc$/workspace/rtl/pcs/vibe_pcs_scramble.sv:28$323'.
No latch inferred for signal `\vibe_pcs_scramble.\step$func$/workspace/rtl/pcs/vibe_pcs_scramble.sv:35$136.$result' from process `\vibe_pcs_scramble.$proc$/workspace/rtl/pcs/vibe_pcs_scramble.sv:28$323'.
No latch inferred for signal `\vibe_pcs_scramble.\step$func$/workspace/rtl/pcs/vibe_pcs_scramble.sv:35$136.s' from process `\vibe_pcs_scramble.$proc$/workspace/rtl/pcs/vibe_pcs_scramble.sv:28$323'.
No latch inferred for signal `\vibe_pcs_scramble.\step$func$/workspace/rtl/pcs/vibe_pcs_scramble.sv:35$137.$result' from process `\vibe_pcs_scramble.$proc$/workspace/rtl/pcs/vibe_pcs_scramble.sv:28$323'.
No latch inferred for signal `\vibe_pcs_scramble.\step$func$/workspace/rtl/pcs/vibe_pcs_scramble.sv:35$137.s' from process `\vibe_pcs_scramble.$proc$/workspace/rtl/pcs/vibe_pcs_scramble.sv:28$323'.
No latch inferred for signal `\vibe_pcs_scramble.\step$func$/workspace/rtl/pcs/vibe_pcs_scramble.sv:35$138.$result' from process `\vibe_pcs_scramble.$proc$/workspace/rtl/pcs/vibe_pcs_scramble.sv:28$323'.
No latch inferred for signal `\vibe_pcs_scramble.\step$func$/workspace/rtl/pcs/vibe_pcs_scramble.sv:35$138.s' from process `\vibe_pcs_scramble.$proc$/workspace/rtl/pcs/vibe_pcs_scramble.sv:28$323'.
No latch inferred for signal `\vibe_pcs_scramble.\step$func$/workspace/rtl/pcs/vibe_pcs_scramble.sv:35$139.$result' from process `\vibe_pcs_scramble.$proc$/workspace/rtl/pcs/vibe_pcs_scramble.sv:28$323'.
No latch inferred for signal `\vibe_pcs_scramble.\step$func$/workspace/rtl/pcs/vibe_pcs_scramble.sv:35$139.s' from process `\vibe_pcs_scramble.$proc$/workspace/rtl/pcs/vibe_pcs_scramble.sv:28$323'.
No latch inferred for signal `\vibe_pcs_scramble.\step$func$/workspace/rtl/pcs/vibe_pcs_scramble.sv:35$140.$result' from process `\vibe_pcs_scramble.$proc$/workspace/rtl/pcs/vibe_pcs_scramble.sv:28$323'.
No latch inferred for signal `\vibe_pcs_scramble.\step$func$/workspace/rtl/pcs/vibe_pcs_scramble.sv:35$140.s' from process `\vibe_pcs_scramble.$proc$/workspace/rtl/pcs/vibe_pcs_scramble.sv:28$323'.
No latch inferred for signal `\vibe_pcs_scramble.\step$func$/workspace/rtl/pcs/vibe_pcs_scramble.sv:35$141.$result' from process `\vibe_pcs_scramble.$proc$/workspace/rtl/pcs/vibe_pcs_scramble.sv:28$323'.
No latch inferred for signal `\vibe_pcs_scramble.\step$func$/workspace/rtl/pcs/vibe_pcs_scramble.sv:35$141.s' from process `\vibe_pcs_scramble.$proc$/workspace/rtl/pcs/vibe_pcs_scramble.sv:28$323'.
No latch inferred for signal `\vibe_pcs_scramble.\step$func$/workspace/rtl/pcs/vibe_pcs_scramble.sv:35$142.$result' from process `\vibe_pcs_scramble.$proc$/workspace/rtl/pcs/vibe_pcs_scramble.sv:28$323'.
No latch inferred for signal `\vibe_pcs_scramble.\step$func$/workspace/rtl/pcs/vibe_pcs_scramble.sv:35$142.s' from process `\vibe_pcs_scramble.$proc$/workspace/rtl/pcs/vibe_pcs_scramble.sv:28$323'.
No latch inferred for signal `\vibe_pcs_scramble.\step$func$/workspace/rtl/pcs/vibe_pcs_scramble.sv:35$143.$result' from process `\vibe_pcs_scramble.$proc$/workspace/rtl/pcs/vibe_pcs_scramble.sv:28$323'.
No latch inferred for signal `\vibe_pcs_scramble.\step$func$/workspace/rtl/pcs/vibe_pcs_scramble.sv:35$143.s' from process `\vibe_pcs_scramble.$proc$/workspace/rtl/pcs/vibe_pcs_scramble.sv:28$323'.
No latch inferred for signal `\vibe_pcs_scramble.\step$func$/workspace/rtl/pcs/vibe_pcs_scramble.sv:35$144.$result' from process `\vibe_pcs_scramble.$proc$/workspace/rtl/pcs/vibe_pcs_scramble.sv:28$323'.
No latch inferred for signal `\vibe_pcs_scramble.\step$func$/workspace/rtl/pcs/vibe_pcs_scramble.sv:35$144.s' from process `\vibe_pcs_scramble.$proc$/workspace/rtl/pcs/vibe_pcs_scramble.sv:28$323'.
No latch inferred for signal `\vibe_pcs_scramble.\step$func$/workspace/rtl/pcs/vibe_pcs_scramble.sv:35$145.$result' from process `\vibe_pcs_scramble.$proc$/workspace/rtl/pcs/vibe_pcs_scramble.sv:28$323'.
No latch inferred for signal `\vibe_pcs_scramble.\step$func$/workspace/rtl/pcs/vibe_pcs_scramble.sv:35$145.s' from process `\vibe_pcs_scramble.$proc$/workspace/rtl/pcs/vibe_pcs_scramble.sv:28$323'.
No latch inferred for signal `\vibe_pcs_scramble.\step$func$/workspace/rtl/pcs/vibe_pcs_scramble.sv:35$146.$result' from process `\vibe_pcs_scramble.$proc$/workspace/rtl/pcs/vibe_pcs_scramble.sv:28$323'.
No latch inferred for signal `\vibe_pcs_scramble.\step$func$/workspace/rtl/pcs/vibe_pcs_scramble.sv:35$146.s' from process `\vibe_pcs_scramble.$proc$/workspace/rtl/pcs/vibe_pcs_scramble.sv:28$323'.
No latch inferred for signal `\vibe_pcs_scramble.\step$func$/workspace/rtl/pcs/vibe_pcs_scramble.sv:35$147.$result' from process `\vibe_pcs_scramble.$proc$/workspace/rtl/pcs/vibe_pcs_scramble.sv:28$323'.
No latch inferred for signal `\vibe_pcs_scramble.\step$func$/workspace/rtl/pcs/vibe_pcs_scramble.sv:35$147.s' from process `\vibe_pcs_scramble.$proc$/workspace/rtl/pcs/vibe_pcs_scramble.sv:28$323'.
No latch inferred for signal `\vibe_pcs_scramble.\step$func$/workspace/rtl/pcs/vibe_pcs_scramble.sv:35$148.$result' from process `\vibe_pcs_scramble.$proc$/workspace/rtl/pcs/vibe_pcs_scramble.sv:28$323'.
No latch inferred for signal `\vibe_pcs_scramble.\step$func$/workspace/rtl/pcs/vibe_pcs_scramble.sv:35$148.s' from process `\vibe_pcs_scramble.$proc$/workspace/rtl/pcs/vibe_pcs_scramble.sv:28$323'.
No latch inferred for signal `\vibe_pcs_scramble.\step$func$/workspace/rtl/pcs/vibe_pcs_scramble.sv:35$149.$result' from process `\vibe_pcs_scramble.$proc$/workspace/rtl/pcs/vibe_pcs_scramble.sv:28$323'.
No latch inferred for signal `\vibe_pcs_scramble.\step$func$/workspace/rtl/pcs/vibe_pcs_scramble.sv:35$149.s' from process `\vibe_pcs_scramble.$proc$/workspace/rtl/pcs/vibe_pcs_scramble.sv:28$323'.
No latch inferred for signal `\vibe_pcs_scramble.\step$func$/workspace/rtl/pcs/vibe_pcs_scramble.sv:35$150.$result' from process `\vibe_pcs_scramble.$proc$/workspace/rtl/pcs/vibe_pcs_scramble.sv:28$323'.
No latch inferred for signal `\vibe_pcs_scramble.\step$func$/workspace/rtl/pcs/vibe_pcs_scramble.sv:35$150.s' from process `\vibe_pcs_scramble.$proc$/workspace/rtl/pcs/vibe_pcs_scramble.sv:28$323'.
No latch inferred for signal `\vibe_pcs_scramble.\step$func$/workspace/rtl/pcs/vibe_pcs_scramble.sv:35$151.$result' from process `\vibe_pcs_scramble.$proc$/workspace/rtl/pcs/vibe_pcs_scramble.sv:28$323'.
No latch inferred for signal `\vibe_pcs_scramble.\step$func$/workspace/rtl/pcs/vibe_pcs_scramble.sv:35$151.s' from process `\vibe_pcs_scramble.$proc$/workspace/rtl/pcs/vibe_pcs_scramble.sv:28$323'.
No latch inferred for signal `\vibe_pcs_scramble.\step$func$/workspace/rtl/pcs/vibe_pcs_scramble.sv:35$152.$result' from process `\vibe_pcs_scramble.$proc$/workspace/rtl/pcs/vibe_pcs_scramble.sv:28$323'.
No latch inferred for signal `\vibe_pcs_scramble.\step$func$/workspace/rtl/pcs/vibe_pcs_scramble.sv:35$152.s' from process `\vibe_pcs_scramble.$proc$/workspace/rtl/pcs/vibe_pcs_scramble.sv:28$323'.
No latch inferred for signal `\vibe_pcs_scramble.\step$func$/workspace/rtl/pcs/vibe_pcs_scramble.sv:35$153.$result' from process `\vibe_pcs_scramble.$proc$/workspace/rtl/pcs/vibe_pcs_scramble.sv:28$323'.
No latch inferred for signal `\vibe_pcs_scramble.\step$func$/workspace/rtl/pcs/vibe_pcs_scramble.sv:35$153.s' from process `\vibe_pcs_scramble.$proc$/workspace/rtl/pcs/vibe_pcs_scramble.sv:28$323'.
No latch inferred for signal `\vibe_pcs_scramble.\step$func$/workspace/rtl/pcs/vibe_pcs_scramble.sv:35$154.$result' from process `\vibe_pcs_scramble.$proc$/workspace/rtl/pcs/vibe_pcs_scramble.sv:28$323'.
No latch inferred for signal `\vibe_pcs_scramble.\step$func$/workspace/rtl/pcs/vibe_pcs_scramble.sv:35$154.s' from process `\vibe_pcs_scramble.$proc$/workspace/rtl/pcs/vibe_pcs_scramble.sv:28$323'.
No latch inferred for signal `\vibe_pcs_scramble.\step$func$/workspace/rtl/pcs/vibe_pcs_scramble.sv:35$155.$result' from process `\vibe_pcs_scramble.$proc$/workspace/rtl/pcs/vibe_pcs_scramble.sv:28$323'.
No latch inferred for signal `\vibe_pcs_scramble.\step$func$/workspace/rtl/pcs/vibe_pcs_scramble.sv:35$155.s' from process `\vibe_pcs_scramble.$proc$/workspace/rtl/pcs/vibe_pcs_scramble.sv:28$323'.
No latch inferred for signal `\vibe_pcs_scramble.\step$func$/workspace/rtl/pcs/vibe_pcs_scramble.sv:35$156.$result' from process `\vibe_pcs_scramble.$proc$/workspace/rtl/pcs/vibe_pcs_scramble.sv:28$323'.
No latch inferred for signal `\vibe_pcs_scramble.\step$func$/workspace/rtl/pcs/vibe_pcs_scramble.sv:35$156.s' from process `\vibe_pcs_scramble.$proc$/workspace/rtl/pcs/vibe_pcs_scramble.sv:28$323'.
No latch inferred for signal `\vibe_pcs_scramble.\step$func$/workspace/rtl/pcs/vibe_pcs_scramble.sv:35$157.$result' from process `\vibe_pcs_scramble.$proc$/workspace/rtl/pcs/vibe_pcs_scramble.sv:28$323'.
No latch inferred for signal `\vibe_pcs_scramble.\step$func$/workspace/rtl/pcs/vibe_pcs_scramble.sv:35$157.s' from process `\vibe_pcs_scramble.$proc$/workspace/rtl/pcs/vibe_pcs_scramble.sv:28$323'.
No latch inferred for signal `\vibe_pcs_scramble.\step$func$/workspace/rtl/pcs/vibe_pcs_scramble.sv:35$158.$result' from process `\vibe_pcs_scramble.$proc$/workspace/rtl/pcs/vibe_pcs_scramble.sv:28$323'.
No latch inferred for signal `\vibe_pcs_scramble.\step$func$/workspace/rtl/pcs/vibe_pcs_scramble.sv:35$158.s' from process `\vibe_pcs_scramble.$proc$/workspace/rtl/pcs/vibe_pcs_scramble.sv:28$323'.
No latch inferred for signal `\vibe_pcs_scramble.\step$func$/workspace/rtl/pcs/vibe_pcs_scramble.sv:35$159.$result' from process `\vibe_pcs_scramble.$proc$/workspace/rtl/pcs/vibe_pcs_scramble.sv:28$323'.
No latch inferred for signal `\vibe_pcs_scramble.\step$func$/workspace/rtl/pcs/vibe_pcs_scramble.sv:35$159.s' from process `\vibe_pcs_scramble.$proc$/workspace/rtl/pcs/vibe_pcs_scramble.sv:28$323'.
No latch inferred for signal `\vibe_pcs_scramble.\step$func$/workspace/rtl/pcs/vibe_pcs_scramble.sv:35$160.$result' from process `\vibe_pcs_scramble.$proc$/workspace/rtl/pcs/vibe_pcs_scramble.sv:28$323'.
No latch inferred for signal `\vibe_pcs_scramble.\step$func$/workspace/rtl/pcs/vibe_pcs_scramble.sv:35$160.s' from process `\vibe_pcs_scramble.$proc$/workspace/rtl/pcs/vibe_pcs_scramble.sv:28$323'.
No latch inferred for signal `\vibe_pcs_scramble.\step$func$/workspace/rtl/pcs/vibe_pcs_scramble.sv:35$161.$result' from process `\vibe_pcs_scramble.$proc$/workspace/rtl/pcs/vibe_pcs_scramble.sv:28$323'.
No latch inferred for signal `\vibe_pcs_scramble.\step$func$/workspace/rtl/pcs/vibe_pcs_scramble.sv:35$161.s' from process `\vibe_pcs_scramble.$proc$/workspace/rtl/pcs/vibe_pcs_scramble.sv:28$323'.
No latch inferred for signal `\vibe_pcs_scramble.\step$func$/workspace/rtl/pcs/vibe_pcs_scramble.sv:35$162.$result' from process `\vibe_pcs_scramble.$proc$/workspace/rtl/pcs/vibe_pcs_scramble.sv:28$323'.
No latch inferred for signal `\vibe_pcs_scramble.\step$func$/workspace/rtl/pcs/vibe_pcs_scramble.sv:35$162.s' from process `\vibe_pcs_scramble.$proc$/workspace/rtl/pcs/vibe_pcs_scramble.sv:28$323'.

yosys> proc_dff

2.2.9. Executing PROC_DFF pass (convert process syncs to FFs).
Creating register for signal `\vibe_pcs_scramble.\out_vld' using process `\vibe_pcs_scramble.$proc$/workspace/rtl/pcs/vibe_pcs_scramble.sv:40$804'.
  created $adff cell `$procdff$5161' with positive edge clock and positive level reset.
Creating register for signal `\vibe_pcs_scramble.\out_data' using process `\vibe_pcs_scramble.$proc$/workspace/rtl/pcs/vibe_pcs_scramble.sv:40$804'.
  created $adff cell `$procdff$5166' with positive edge clock and positive level reset.
Creating register for signal `\vibe_pcs_scramble.\lfsr' using process `\vibe_pcs_scramble.$proc$/workspace/rtl/pcs/vibe_pcs_scramble.sv:40$804'.
  created $adff cell `$procdff$5171' with positive edge clock and positive level reset.
Creating register for signal `\vibe_pcs_scramble.\i' using process `\vibe_pcs_scramble.$proc$/workspace/rtl/pcs/vibe_pcs_scramble.sv:40$804'.
  created $adff cell `$procdff$5176' with positive edge clock and positive level reset.
Creating register for signal `\vibe_pcs_scramble.\adv.t' using process `\vibe_pcs_scramble.$proc$/workspace/rtl/pcs/vibe_pcs_scramble.sv:40$804'.
  created $dff cell `$procdff$5183' with positive edge clock.
Creating register for signal `\vibe_pcs_scramble.\step$func$/workspace/rtl/pcs/vibe_pcs_scramble.sv:55$163.$result' using process `\vibe_pcs_scramble.$proc$/workspace/rtl/pcs/vibe_pcs_scramble.sv:40$804'.
  created $adff cell `$procdff$5188' with positive edge clock and positive level reset.
Creating register for signal `\vibe_pcs_scramble.\step$func$/workspace/rtl/pcs/vibe_pcs_scramble.sv:55$163.s' using process `\vibe_pcs_scramble.$proc$/workspace/rtl/pcs/vibe_pcs_scramble.sv:40$804'.
  created $adff cell `$procdff$5193' with positive edge clock and positive level reset.
Creating register for signal `\vibe_pcs_scramble.\step$func$/workspace/rtl/pcs/vibe_pcs_scramble.sv:55$164.$result' using process `\vibe_pcs_scramble.$proc$/workspace/rtl/pcs/vibe_pcs_scramble.sv:40$804'.
  created $adff cell `$procdff$5198' with positive edge clock and positive level reset.
Creating register for signal `\vibe_pcs_scramble.\step$func$/workspace/rtl/pcs/vibe_pcs_scramble.sv:55$164.s' using process `\vibe_pcs_scramble.$proc$/workspace/rtl/pcs/vibe_pcs_scramble.sv:40$804'.
  created $adff cell `$procdff$5203' with positive edge clock and positive level reset.
Creating register for signal `\vibe_pcs_scramble.\step$func$/workspace/rtl/pcs/vibe_pcs_scramble.sv:55$165.$result' using process `\vibe_pcs_scramble.$proc$/workspace/rtl/pcs/vibe_pcs_scramble.sv:40$804'.
  created $adff cell `$procdff$5208' with positive edge clock and positive level reset.
Creating register for signal `\vibe_pcs_scramble.\step$func$/workspace/rtl/pcs/vibe_pcs_scramble.sv:55$165.s' using process `\vibe_pcs_scramble.$proc$/workspace/rtl/pcs/vibe_pcs_scramble.sv:40$804'.
  created $adff cell `$procdff$5213' with positive edge clock and positive level reset.
Creating register for signal `\vibe_pcs_scramble.\step$func$/workspace/rtl/pcs/vibe_pcs_scramble.sv:55$166.$result' using process `\vibe_pcs_scramble.$proc$/workspace/rtl/pcs/vibe_pcs_scramble.sv:40$804'.
  created $adff cell `$procdff$5218' with positive edge clock and positive level reset.
Creating register for signal `\vibe_pcs_scramble.\step$func$/workspace/rtl/pcs/vibe_pcs_scramble.sv:55$166.s' using process `\vibe_pcs_scramble.$proc$/workspace/rtl/pcs/vibe_pcs_scramble.sv:40$804'.
  created $adff cell `$procdff$5223' with positive edge clock and positive level reset.
Creating register for signal `\vibe_pcs_scramble.\step$func$/workspace/rtl/pcs/vibe_pcs_scramble.sv:55$167.$result' using process `\vibe_pcs_scramble.$proc$/workspace/rtl/pcs/vibe_pcs_scramble.sv:40$804'.
  created $adff cell `$procdff$5228' with positive edge clock and positive level reset.
Creating register for signal `\vibe_pcs_scramble.\step$func$/workspace/rtl/pcs/vibe_pcs_scramble.sv:55$167.s' using process `\vibe_pcs_scramble.$proc$/workspace/rtl/pcs/vibe_pcs_scramble.sv:40$804'.
  created $adff cell `$procdff$5233' with positive edge clock and positive level reset.
Creating register for signal `\vibe_pcs_scramble.\step$func$/workspace/rtl/pcs/vibe_pcs_scramble.sv:55$168.$result' using process `\vibe_pcs_scramble.$proc$/workspace/rtl/pcs/vibe_pcs_scramble.sv:40$804'.
  created $adff cell `$procdff$5238' with positive edge clock and positive level reset.
Creating register for signal `\vibe_pcs_scramble.\step$func$/workspace/rtl/pcs/vibe_pcs_scramble.sv:55$168.s' using process `\vibe_pcs_scramble.$proc$/workspace/rtl/pcs/vibe_pcs_scramble.sv:40$804'.
  created $adff cell `$procdff$5243' with positive edge clock and positive level reset.
Creating register for signal `\vibe_pcs_scramble.\step$func$/workspace/rtl/pcs/vibe_pcs_scramble.sv:55$169.$result' using process `\vibe_pcs_scramble.$proc$/workspace/rtl/pcs/vibe_pcs_scramble.sv:40$804'.
  created $adff cell `$procdff$5248' with positive edge clock and positive level reset.
Creating register for signal `\vibe_pcs_scramble.\step$func$/workspace/rtl/pcs/vibe_pcs_scramble.sv:55$169.s' using process `\vibe_pcs_scramble.$proc$/workspace/rtl/pcs/vibe_pcs_scramble.sv:40$804'.
  created $adff cell `$procdff$5253' with positive edge clock and positive level reset.
Creating register for signal `\vibe_pcs_scramble.\step$func$/workspace/rtl/pcs/vibe_pcs_scramble.sv:55$170.$result' using process `\vibe_pcs_scramble.$proc$/workspace/rtl/pcs/vibe_pcs_scramble.sv:40$804'.
  created $adff cell `$procdff$5258' with positive edge clock and positive level reset.
Creating register for signal `\vibe_pcs_scramble.\step$func$/workspace/rtl/pcs/vibe_pcs_scramble.sv:55$170.s' using process `\vibe_pcs_scramble.$proc$/workspace/rtl/pcs/vibe_pcs_scramble.sv:40$804'.
  created $adff cell `$procdff$5263' with positive edge clock and positive level reset.
Creating register for signal `\vibe_pcs_scramble.\step$func$/workspace/rtl/pcs/vibe_pcs_scramble.sv:55$171.$result' using process `\vibe_pcs_scramble.$proc$/workspace/rtl/pcs/vibe_pcs_scramble.sv:40$804'.
  created $adff cell `$procdff$5268' with positive edge clock and positive level reset.
Creating register for signal `\vibe_pcs_scramble.\step$func$/workspace/rtl/pcs/vibe_pcs_scramble.sv:55$171.s' using process `\vibe_pcs_scramble.$proc$/workspace/rtl/pcs/vibe_pcs_scramble.sv:40$804'.
  created $adff cell `$procdff$5273' with positive edge clock and positive level reset.
Creating register for signal `\vibe_pcs_scramble.\step$func$/workspace/rtl/pcs/vibe_pcs_scramble.sv:55$172.$result' using process `\vibe_pcs_scramble.$proc$/workspace/rtl/pcs/vibe_pcs_scramble.sv:40$804'.
  created $adff cell `$procdff$5278' with positive edge clock and positive level reset.
Creating register for signal `\vibe_pcs_scramble.\step$func$/workspace/rtl/pcs/vibe_pcs_scramble.sv:55$172.s' using process `\vibe_pcs_scramble.$proc$/workspace/rtl/pcs/vibe_pcs_scramble.sv:40$804'.
  created $adff cell `$procdff$5283' with positive edge clock and positive level reset.
Creating register for signal `\vibe_pcs_scramble.\step$func$/workspace/rtl/pcs/vibe_pcs_scramble.sv:55$173.$result' using process `\vibe_pcs_scramble.$proc$/workspace/rtl/pcs/vibe_pcs_scramble.sv:40$804'.
  created $adff cell `$procdff$5288' with positive edge clock and positive level reset.
Creating register for signal `\vibe_pcs_scramble.\step$func$/workspace/rtl/pcs/vibe_pcs_scramble.sv:55$173.s' using process `\vibe_pcs_scramble.$proc$/workspace/rtl/pcs/vibe_pcs_scramble.sv:40$804'.
  created $adff cell `$procdff$5293' with positive edge clock and positive level reset.
Creating register for signal `\vibe_pcs_scramble.\step$func$/workspace/rtl/pcs/vibe_pcs_scramble.sv:55$174.$result' using process `\vibe_pcs_scramble.$proc$/workspace/rtl/pcs/vibe_pcs_scramble.sv:40$804'.
  created $adff cell `$procdff$5298' with positive edge clock and positive level reset.
Creating register for signal `\vibe_pcs_scramble.\step$func$/workspace/rtl/pcs/vibe_pcs_scramble.sv:55$174.s' using process `\vibe_pcs_scramble.$proc$/workspace/rtl/pcs/vibe_pcs_scramble.sv:40$804'.
  created $adff cell `$procdff$5303' with positive edge clock and positive level reset.
Creating register for signal `\vibe_pcs_scramble.\step$func$/workspace/rtl/pcs/vibe_pcs_scramble.sv:55$175.$result' using process `\vibe_pcs_scramble.$proc$/workspace/rtl/pcs/vibe_pcs_scramble.sv:40$804'.
  created $adff cell `$procdff$5308' with positive edge clock and positive level reset.
Creating register for signal `\vibe_pcs_scramble.\step$func$/workspace/rtl/pcs/vibe_pcs_scramble.sv:55$175.s' using process `\vibe_pcs_scramble.$proc$/workspace/rtl/pcs/vibe_pcs_scramble.sv:40$804'.
  created $adff cell `$procdff$5313' with positive edge clock and positive level reset.
Creating register for signal `\vibe_pcs_scramble.\step$func$/workspace/rtl/pcs/vibe_pcs_scramble.sv:55$176.$result' using process `\vibe_pcs_scramble.$proc$/workspace/rtl/pcs/vibe_pcs_scramble.sv:40$804'.
  created $adff cell `$procdff$5318' with positive edge clock and positive level reset.
Creating register for signal `\vibe_pcs_scramble.\step$func$/workspace/rtl/pcs/vibe_pcs_scramble.sv:55$176.s' using process `\vibe_pcs_scramble.$proc$/workspace/rtl/pcs/vibe_pcs_scramble.sv:40$804'.
  created $adff cell `$procdff$5323' with positive edge clock and positive level reset.
Creating register for signal `\vibe_pcs_scramble.\step$func$/workspace/rtl/pcs/vibe_pcs_scramble.sv:55$177.$result' using process `\vibe_pcs_scramble.$proc$/workspace/rtl/pcs/vibe_pcs_scramble.sv:40$804'.
  created $adff cell `$procdff$5328' with positive edge clock and positive level reset.
Creating register for signal `\vibe_pcs_scramble.\step$func$/workspace/rtl/pcs/vibe_pcs_scramble.sv:55$177.s' using process `\vibe_pcs_scramble.$proc$/workspace/rtl/pcs/vibe_pcs_scramble.sv:40$804'.
  created $adff cell `$procdff$5333' with positive edge clock and positive level reset.
Creating register for signal `\vibe_pcs_scramble.\step$func$/workspace/rtl/pcs/vibe_pcs_scramble.sv:55$178.$result' using process `\vibe_pcs_scramble.$proc$/workspace/rtl/pcs/vibe_pcs_scramble.sv:40$804'.
  created $adff cell `$procdff$5338' with positive edge clock and positive level reset.
Creating register for signal `\vibe_pcs_scramble.\step$func$/workspace/rtl/pcs/vibe_pcs_scramble.sv:55$178.s' using process `\vibe_pcs_scramble.$proc$/workspace/rtl/pcs/vibe_pcs_scramble.sv:40$804'.
  created $adff cell `$procdff$5343' with positive edge clock and positive level reset.
Creating register for signal `\vibe_pcs_scramble.\step$func$/workspace/rtl/pcs/vibe_pcs_scramble.sv:55$179.$result' using process `\vibe_pcs_scramble.$proc$/workspace/rtl/pcs/vibe_pcs_scramble.sv:40$804'.
  created $adff cell `$procdff$5348' with positive edge clock and positive level reset.
Creating register for signal `\vibe_pcs_scramble.\step$func$/workspace/rtl/pcs/vibe_pcs_scramble.sv:55$179.s' using process `\vibe_pcs_scramble.$proc$/workspace/rtl/pcs/vibe_pcs_scramble.sv:40$804'.
  created $adff cell `$procdff$5353' with positive edge clock and positive level reset.
Creating register for signal `\vibe_pcs_scramble.\step$func$/workspace/rtl/pcs/vibe_pcs_scramble.sv:55$180.$result' using process `\vibe_pcs_scramble.$proc$/workspace/rtl/pcs/vibe_pcs_scramble.sv:40$804'.
  created $adff cell `$procdff$5358' with positive edge clock and positive level reset.
Creating register for signal `\vibe_pcs_scramble.\step$func$/workspace/rtl/pcs/vibe_pcs_scramble.sv:55$180.s' using process `\vibe_pcs_scramble.$proc$/workspace/rtl/pcs/vibe_pcs_scramble.sv:40$804'.
  created $adff cell `$procdff$5363' with positive edge clock and positive level reset.
Creating register for signal `\vibe_pcs_scramble.\step$func$/workspace/rtl/pcs/vibe_pcs_scramble.sv:55$181.$result' using process `\vibe_pcs_scramble.$proc$/workspace/rtl/pcs/vibe_pcs_scramble.sv:40$804'.
  created $adff cell `$procdff$5368' with positive edge clock and positive level reset.
Creating register for signal `\vibe_pcs_scramble.\step$func$/workspace/rtl/pcs/vibe_pcs_scramble.sv:55$181.s' using process `\vibe_pcs_scramble.$proc$/workspace/rtl/pcs/vibe_pcs_scramble.sv:40$804'.
  created $adff cell `$procdff$5373' with positive edge clock and positive level reset.
Creating register for signal `\vibe_pcs_scramble.\step$func$/workspace/rtl/pcs/vibe_pcs_scramble.sv:55$182.$result' using process `\vibe_pcs_scramble.$proc$/workspace/rtl/pcs/vibe_pcs_scramble.sv:40$804'.
  created $adff cell `$procdff$5378' with positive edge clock and positive level reset.
Creating register for signal `\vibe_pcs_scramble.\step$func$/workspace/rtl/pcs/vibe_pcs_scramble.sv:55$182.s' using process `\vibe_pcs_scramble.$proc$/workspace/rtl/pcs/vibe_pcs_scramble.sv:40$804'.
  created $adff cell `$procdff$5383' with positive edge clock and positive level reset.
Creating register for signal `\vibe_pcs_scramble.\step$func$/workspace/rtl/pcs/vibe_pcs_scramble.sv:55$183.$result' using process `\vibe_pcs_scramble.$proc$/workspace/rtl/pcs/vibe_pcs_scramble.sv:40$804'.
  created $adff cell `$procdff$5388' with positive edge clock and positive level reset.
Creating register for signal `\vibe_pcs_scramble.\step$func$/workspace/rtl/pcs/vibe_pcs_scramble.sv:55$183.s' using process `\vibe_pcs_scramble.$proc$/workspace/rtl/pcs/vibe_pcs_scramble.sv:40$804'.
  created $adff cell `$procdff$5393' with positive edge clock and positive level reset.
Creating register for signal `\vibe_pcs_scramble.\step$func$/workspace/rtl/pcs/vibe_pcs_scramble.sv:55$184.$result' using process `\vibe_pcs_scramble.$proc$/workspace/rtl/pcs/vibe_pcs_scramble.sv:40$804'.
  created $adff cell `$procdff$5398' with positive edge clock and positive level reset.
Creating register for signal `\vibe_pcs_scramble.\step$func$/workspace/rtl/pcs/vibe_pcs_scramble.sv:55$184.s' using process `\vibe_pcs_scramble.$proc$/workspace/rtl/pcs/vibe_pcs_scramble.sv:40$804'.
  created $adff cell `$procdff$5403' with positive edge clock and positive level reset.
Creating register for signal `\vibe_pcs_scramble.\step$func$/workspace/rtl/pcs/vibe_pcs_scramble.sv:55$185.$result' using process `\vibe_pcs_scramble.$proc$/workspace/rtl/pcs/vibe_pcs_scramble.sv:40$804'.
  created $adff cell `$procdff$5408' with positive edge clock and positive level reset.
Creating register for signal `\vibe_pcs_scramble.\step$func$/workspace/rtl/pcs/vibe_pcs_scramble.sv:55$185.s' using process `\vibe_pcs_scramble.$proc$/workspace/rtl/pcs/vibe_pcs_scramble.sv:40$804'.
  created $adff cell `$procdff$5413' with positive edge clock and positive level reset.
Creating register for signal `\vibe_pcs_scramble.\step$func$/workspace/rtl/pcs/vibe_pcs_scramble.sv:55$186.$result' using process `\vibe_pcs_scramble.$proc$/workspace/rtl/pcs/vibe_pcs_scramble.sv:40$804'.
  created $adff cell `$procdff$5418' with positive edge clock and positive level reset.
Creating register for signal `\vibe_pcs_scramble.\step$func$/workspace/rtl/pcs/vibe_pcs_scramble.sv:55$186.s' using process `\vibe_pcs_scramble.$proc$/workspace/rtl/pcs/vibe_pcs_scramble.sv:40$804'.
  created $adff cell `$procdff$5423' with positive edge clock and positive level reset.
Creating register for signal `\vibe_pcs_scramble.\step$func$/workspace/rtl/pcs/vibe_pcs_scramble.sv:55$187.$result' using process `\vibe_pcs_scramble.$proc$/workspace/rtl/pcs/vibe_pcs_scramble.sv:40$804'.
  created $adff cell `$procdff$5428' with positive edge clock and positive level reset.
Creating register for signal `\vibe_pcs_scramble.\step$func$/workspace/rtl/pcs/vibe_pcs_scramble.sv:55$187.s' using process `\vibe_pcs_scramble.$proc$/workspace/rtl/pcs/vibe_pcs_scramble.sv:40$804'.
  created $adff cell `$procdff$5433' with positive edge clock and positive level reset.
Creating register for signal `\vibe_pcs_scramble.\step$func$/workspace/rtl/pcs/vibe_pcs_scramble.sv:55$188.$result' using process `\vibe_pcs_scramble.$proc$/workspace/rtl/pcs/vibe_pcs_scramble.sv:40$804'.
  created $adff cell `$procdff$5438' with positive edge clock and positive level reset.
Creating register for signal `\vibe_pcs_scramble.\step$func$/workspace/rtl/pcs/vibe_pcs_scramble.sv:55$188.s' using process `\vibe_pcs_scramble.$proc$/workspace/rtl/pcs/vibe_pcs_scramble.sv:40$804'.
  created $adff cell `$procdff$5443' with positive edge clock and positive level reset.
Creating register for signal `\vibe_pcs_scramble.\step$func$/workspace/rtl/pcs/vibe_pcs_scramble.sv:55$189.$result' using process `\vibe_pcs_scramble.$proc$/workspace/rtl/pcs/vibe_pcs_scramble.sv:40$804'.
  created $adff cell `$procdff$5448' with positive edge clock and positive level reset.
Creating register for signal `\vibe_pcs_scramble.\step$func$/workspace/rtl/pcs/vibe_pcs_scramble.sv:55$189.s' using process `\vibe_pcs_scramble.$proc$/workspace/rtl/pcs/vibe_pcs_scramble.sv:40$804'.
  created $adff cell `$procdff$5453' with positive edge clock and positive level reset.
Creating register for signal `\vibe_pcs_scramble.\step$func$/workspace/rtl/pcs/vibe_pcs_scramble.sv:55$190.$result' using process `\vibe_pcs_scramble.$proc$/workspace/rtl/pcs/vibe_pcs_scramble.sv:40$804'.
  created $adff cell `$procdff$5458' with positive edge clock and positive level reset.
Creating register for signal `\vibe_pcs_scramble.\step$func$/workspace/rtl/pcs/vibe_pcs_scramble.sv:55$190.s' using process `\vibe_pcs_scramble.$proc$/workspace/rtl/pcs/vibe_pcs_scramble.sv:40$804'.
  created $adff cell `$procdff$5463' with positive edge clock and positive level reset.
Creating register for signal `\vibe_pcs_scramble.\step$func$/workspace/rtl/pcs/vibe_pcs_scramble.sv:55$191.$result' using process `\vibe_pcs_scramble.$proc$/workspace/rtl/pcs/vibe_pcs_scramble.sv:40$804'.
  created $adff cell `$procdff$5468' with positive edge clock and positive level reset.
Creating register for signal `\vibe_pcs_scramble.\step$func$/workspace/rtl/pcs/vibe_pcs_scramble.sv:55$191.s' using process `\vibe_pcs_scramble.$proc$/workspace/rtl/pcs/vibe_pcs_scramble.sv:40$804'.
  created $adff cell `$procdff$5473' with positive edge clock and positive level reset.
Creating register for signal `\vibe_pcs_scramble.\step$func$/workspace/rtl/pcs/vibe_pcs_scramble.sv:55$192.$result' using process `\vibe_pcs_scramble.$proc$/workspace/rtl/pcs/vibe_pcs_scramble.sv:40$804'.
  created $adff cell `$procdff$5478' with positive edge clock and positive level reset.
Creating register for signal `\vibe_pcs_scramble.\step$func$/workspace/rtl/pcs/vibe_pcs_scramble.sv:55$192.s' using process `\vibe_pcs_scramble.$proc$/workspace/rtl/pcs/vibe_pcs_scramble.sv:40$804'.
  created $adff cell `$procdff$5483' with positive edge clock and positive level reset.
Creating register for signal `\vibe_pcs_scramble.\step$func$/workspace/rtl/pcs/vibe_pcs_scramble.sv:55$193.$result' using process `\vibe_pcs_scramble.$proc$/workspace/rtl/pcs/vibe_pcs_scramble.sv:40$804'.
  created $adff cell `$procdff$5488' with positive edge clock and positive level reset.
Creating register for signal `\vibe_pcs_scramble.\step$func$/workspace/rtl/pcs/vibe_pcs_scramble.sv:55$193.s' using process `\vibe_pcs_scramble.$proc$/workspace/rtl/pcs/vibe_pcs_scramble.sv:40$804'.
  created $adff cell `$procdff$5493' with positive edge clock and positive level reset.
Creating register for signal `\vibe_pcs_scramble.\step$func$/workspace/rtl/pcs/vibe_pcs_scramble.sv:55$194.$result' using process `\vibe_pcs_scramble.$proc$/workspace/rtl/pcs/vibe_pcs_scramble.sv:40$804'.
  created $adff cell `$procdff$5498' with positive edge clock and positive level reset.
Creating register for signal `\vibe_pcs_scramble.\step$func$/workspace/rtl/pcs/vibe_pcs_scramble.sv:55$194.s' using process `\vibe_pcs_scramble.$proc$/workspace/rtl/pcs/vibe_pcs_scramble.sv:40$804'.
  created $adff cell `$procdff$5503' with positive edge clock and positive level reset.
Creating register for signal `\vibe_pcs_scramble.\step$func$/workspace/rtl/pcs/vibe_pcs_scramble.sv:55$195.$result' using process `\vibe_pcs_scramble.$proc$/workspace/rtl/pcs/vibe_pcs_scramble.sv:40$804'.
  created $adff cell `$procdff$5508' with positive edge clock and positive level reset.
Creating register for signal `\vibe_pcs_scramble.\step$func$/workspace/rtl/pcs/vibe_pcs_scramble.sv:55$195.s' using process `\vibe_pcs_scramble.$proc$/workspace/rtl/pcs/vibe_pcs_scramble.sv:40$804'.
  created $adff cell `$procdff$5513' with positive edge clock and positive level reset.
Creating register for signal `\vibe_pcs_scramble.\step$func$/workspace/rtl/pcs/vibe_pcs_scramble.sv:55$196.$result' using process `\vibe_pcs_scramble.$proc$/workspace/rtl/pcs/vibe_pcs_scramble.sv:40$804'.
  created $adff cell `$procdff$5518' with positive edge clock and positive level reset.
Creating register for signal `\vibe_pcs_scramble.\step$func$/workspace/rtl/pcs/vibe_pcs_scramble.sv:55$196.s' using process `\vibe_pcs_scramble.$proc$/workspace/rtl/pcs/vibe_pcs_scramble.sv:40$804'.
  created $adff cell `$procdff$5523' with positive edge clock and positive level reset.
Creating register for signal `\vibe_pcs_scramble.\step$func$/workspace/rtl/pcs/vibe_pcs_scramble.sv:55$197.$result' using process `\vibe_pcs_scramble.$proc$/workspace/rtl/pcs/vibe_pcs_scramble.sv:40$804'.
  created $adff cell `$procdff$5528' with positive edge clock and positive level reset.
Creating register for signal `\vibe_pcs_scramble.\step$func$/workspace/rtl/pcs/vibe_pcs_scramble.sv:55$197.s' using process `\vibe_pcs_scramble.$proc$/workspace/rtl/pcs/vibe_pcs_scramble.sv:40$804'.
  created $adff cell `$procdff$5533' with positive edge clock and positive level reset.
Creating register for signal `\vibe_pcs_scramble.\step$func$/workspace/rtl/pcs/vibe_pcs_scramble.sv:55$198.$result' using process `\vibe_pcs_scramble.$proc$/workspace/rtl/pcs/vibe_pcs_scramble.sv:40$804'.
  created $adff cell `$procdff$5538' with positive edge clock and positive level reset.
Creating register for signal `\vibe_pcs_scramble.\step$func$/workspace/rtl/pcs/vibe_pcs_scramble.sv:55$198.s' using process `\vibe_pcs_scramble.$proc$/workspace/rtl/pcs/vibe_pcs_scramble.sv:40$804'.
  created $adff cell `$procdff$5543' with positive edge clock and positive level reset.
Creating register for signal `\vibe_pcs_scramble.\step$func$/workspace/rtl/pcs/vibe_pcs_scramble.sv:55$199.$result' using process `\vibe_pcs_scramble.$proc$/workspace/rtl/pcs/vibe_pcs_scramble.sv:40$804'.
  created $adff cell `$procdff$5548' with positive edge clock and positive level reset.
Creating register for signal `\vibe_pcs_scramble.\step$func$/workspace/rtl/pcs/vibe_pcs_scramble.sv:55$199.s' using process `\vibe_pcs_scramble.$proc$/workspace/rtl/pcs/vibe_pcs_scramble.sv:40$804'.
  created $adff cell `$procdff$5553' with positive edge clock and positive level reset.
Creating register for signal `\vibe_pcs_scramble.\step$func$/workspace/rtl/pcs/vibe_pcs_scramble.sv:55$200.$result' using process `\vibe_pcs_scramble.$proc$/workspace/rtl/pcs/vibe_pcs_scramble.sv:40$804'.
  created $adff cell `$procdff$5558' with positive edge clock and positive level reset.
Creating register for signal `\vibe_pcs_scramble.\step$func$/workspace/rtl/pcs/vibe_pcs_scramble.sv:55$200.s' using process `\vibe_pcs_scramble.$proc$/workspace/rtl/pcs/vibe_pcs_scramble.sv:40$804'.
  created $adff cell `$procdff$5563' with positive edge clock and positive level reset.
Creating register for signal `\vibe_pcs_scramble.\step$func$/workspace/rtl/pcs/vibe_pcs_scramble.sv:55$201.$result' using process `\vibe_pcs_scramble.$proc$/workspace/rtl/pcs/vibe_pcs_scramble.sv:40$804'.
  created $adff cell `$procdff$5568' with positive edge clock and positive level reset.
Creating register for signal `\vibe_pcs_scramble.\step$func$/workspace/rtl/pcs/vibe_pcs_scramble.sv:55$201.s' using process `\vibe_pcs_scramble.$proc$/workspace/rtl/pcs/vibe_pcs_scramble.sv:40$804'.
  created $adff cell `$procdff$5573' with positive edge clock and positive level reset.
Creating register for signal `\vibe_pcs_scramble.\step$func$/workspace/rtl/pcs/vibe_pcs_scramble.sv:55$202.$result' using process `\vibe_pcs_scramble.$proc$/workspace/rtl/pcs/vibe_pcs_scramble.sv:40$804'.
  created $adff cell `$procdff$5578' with positive edge clock and positive level reset.
Creating register for signal `\vibe_pcs_scramble.\step$func$/workspace/rtl/pcs/vibe_pcs_scramble.sv:55$202.s' using process `\vibe_pcs_scramble.$proc$/workspace/rtl/pcs/vibe_pcs_scramble.sv:40$804'.
  created $adff cell `$procdff$5583' with positive edge clock and positive level reset.
Creating register for signal `\vibe_pcs_scramble.\step$func$/workspace/rtl/pcs/vibe_pcs_scramble.sv:55$203.$result' using process `\vibe_pcs_scramble.$proc$/workspace/rtl/pcs/vibe_pcs_scramble.sv:40$804'.
  created $adff cell `$procdff$5588' with positive edge clock and positive level reset.
Creating register for signal `\vibe_pcs_scramble.\step$func$/workspace/rtl/pcs/vibe_pcs_scramble.sv:55$203.s' using process `\vibe_pcs_scramble.$proc$/workspace/rtl/pcs/vibe_pcs_scramble.sv:40$804'.
  created $adff cell `$procdff$5593' with positive edge clock and positive level reset.
Creating register for signal `\vibe_pcs_scramble.\step$func$/workspace/rtl/pcs/vibe_pcs_scramble.sv:55$204.$result' using process `\vibe_pcs_scramble.$proc$/workspace/rtl/pcs/vibe_pcs_scramble.sv:40$804'.
  created $adff cell `$procdff$5598' with positive edge clock and positive level reset.
Creating register for signal `\vibe_pcs_scramble.\step$func$/workspace/rtl/pcs/vibe_pcs_scramble.sv:55$204.s' using process `\vibe_pcs_scramble.$proc$/workspace/rtl/pcs/vibe_pcs_scramble.sv:40$804'.
  created $adff cell `$procdff$5603' with positive edge clock and positive level reset.
Creating register for signal `\vibe_pcs_scramble.\step$func$/workspace/rtl/pcs/vibe_pcs_scramble.sv:55$205.$result' using process `\vibe_pcs_scramble.$proc$/workspace/rtl/pcs/vibe_pcs_scramble.sv:40$804'.
  created $adff cell `$procdff$5608' with positive edge clock and positive level reset.
Creating register for signal `\vibe_pcs_scramble.\step$func$/workspace/rtl/pcs/vibe_pcs_scramble.sv:55$205.s' using process `\vibe_pcs_scramble.$proc$/workspace/rtl/pcs/vibe_pcs_scramble.sv:40$804'.
  created $adff cell `$procdff$5613' with positive edge clock and positive level reset.
Creating register for signal `\vibe_pcs_scramble.\step$func$/workspace/rtl/pcs/vibe_pcs_scramble.sv:55$206.$result' using process `\vibe_pcs_scramble.$proc$/workspace/rtl/pcs/vibe_pcs_scramble.sv:40$804'.
  created $adff cell `$procdff$5618' with positive edge clock and positive level reset.
Creating register for signal `\vibe_pcs_scramble.\step$func$/workspace/rtl/pcs/vibe_pcs_scramble.sv:55$206.s' using process `\vibe_pcs_scramble.$proc$/workspace/rtl/pcs/vibe_pcs_scramble.sv:40$804'.
  created $adff cell `$procdff$5623' with positive edge clock and positive level reset.
Creating register for signal `\vibe_pcs_scramble.\step$func$/workspace/rtl/pcs/vibe_pcs_scramble.sv:55$207.$result' using process `\vibe_pcs_scramble.$proc$/workspace/rtl/pcs/vibe_pcs_scramble.sv:40$804'.
  created $adff cell `$procdff$5628' with positive edge clock and positive level reset.
Creating register for signal `\vibe_pcs_scramble.\step$func$/workspace/rtl/pcs/vibe_pcs_scramble.sv:55$207.s' using process `\vibe_pcs_scramble.$proc$/workspace/rtl/pcs/vibe_pcs_scramble.sv:40$804'.
  created $adff cell `$procdff$5633' with positive edge clock and positive level reset.
Creating register for signal `\vibe_pcs_scramble.\step$func$/workspace/rtl/pcs/vibe_pcs_scramble.sv:55$208.$result' using process `\vibe_pcs_scramble.$proc$/workspace/rtl/pcs/vibe_pcs_scramble.sv:40$804'.
  created $adff cell `$procdff$5638' with positive edge clock and positive level reset.
Creating register for signal `\vibe_pcs_scramble.\step$func$/workspace/rtl/pcs/vibe_pcs_scramble.sv:55$208.s' using process `\vibe_pcs_scramble.$proc$/workspace/rtl/pcs/vibe_pcs_scramble.sv:40$804'.
  created $adff cell `$procdff$5643' with positive edge clock and positive level reset.
Creating register for signal `\vibe_pcs_scramble.\step$func$/workspace/rtl/pcs/vibe_pcs_scramble.sv:55$209.$result' using process `\vibe_pcs_scramble.$proc$/workspace/rtl/pcs/vibe_pcs_scramble.sv:40$804'.
  created $adff cell `$procdff$5648' with positive edge clock and positive level reset.
Creating register for signal `\vibe_pcs_scramble.\step$func$/workspace/rtl/pcs/vibe_pcs_scramble.sv:55$209.s' using process `\vibe_pcs_scramble.$proc$/workspace/rtl/pcs/vibe_pcs_scramble.sv:40$804'.
  created $adff cell `$procdff$5653' with positive edge clock and positive level reset.
Creating register for signal `\vibe_pcs_scramble.\step$func$/workspace/rtl/pcs/vibe_pcs_scramble.sv:55$210.$result' using process `\vibe_pcs_scramble.$proc$/workspace/rtl/pcs/vibe_pcs_scramble.sv:40$804'.
  created $adff cell `$procdff$5658' with positive edge clock and positive level reset.
Creating register for signal `\vibe_pcs_scramble.\step$func$/workspace/rtl/pcs/vibe_pcs_scramble.sv:55$210.s' using process `\vibe_pcs_scramble.$proc$/workspace/rtl/pcs/vibe_pcs_scramble.sv:40$804'.
  created $adff cell `$procdff$5663' with positive edge clock and positive level reset.
Creating register for signal `\vibe_pcs_scramble.\step$func$/workspace/rtl/pcs/vibe_pcs_scramble.sv:55$211.$result' using process `\vibe_pcs_scramble.$proc$/workspace/rtl/pcs/vibe_pcs_scramble.sv:40$804'.
  created $adff cell `$procdff$5668' with positive edge clock and positive level reset.
Creating register for signal `\vibe_pcs_scramble.\step$func$/workspace/rtl/pcs/vibe_pcs_scramble.sv:55$211.s' using process `\vibe_pcs_scramble.$proc$/workspace/rtl/pcs/vibe_pcs_scramble.sv:40$804'.
  created $adff cell `$procdff$5673' with positive edge clock and positive level reset.
Creating register for signal `\vibe_pcs_scramble.\step$func$/workspace/rtl/pcs/vibe_pcs_scramble.sv:55$212.$result' using process `\vibe_pcs_scramble.$proc$/workspace/rtl/pcs/vibe_pcs_scramble.sv:40$804'.
  created $adff cell `$procdff$5678' with positive edge clock and positive level reset.
Creating register for signal `\vibe_pcs_scramble.\step$func$/workspace/rtl/pcs/vibe_pcs_scramble.sv:55$212.s' using process `\vibe_pcs_scramble.$proc$/workspace/rtl/pcs/vibe_pcs_scramble.sv:40$804'.
  created $adff cell `$procdff$5683' with positive edge clock and positive level reset.
Creating register for signal `\vibe_pcs_scramble.\step$func$/workspace/rtl/pcs/vibe_pcs_scramble.sv:55$213.$result' using process `\vibe_pcs_scramble.$proc$/workspace/rtl/pcs/vibe_pcs_scramble.sv:40$804'.
  created $adff cell `$procdff$5688' with positive edge clock and positive level reset.
Creating register for signal `\vibe_pcs_scramble.\step$func$/workspace/rtl/pcs/vibe_pcs_scramble.sv:55$213.s' using process `\vibe_pcs_scramble.$proc$/workspace/rtl/pcs/vibe_pcs_scramble.sv:40$804'.
  created $adff cell `$procdff$5693' with positive edge clock and positive level reset.
Creating register for signal `\vibe_pcs_scramble.\step$func$/workspace/rtl/pcs/vibe_pcs_scramble.sv:55$214.$result' using process `\vibe_pcs_scramble.$proc$/workspace/rtl/pcs/vibe_pcs_scramble.sv:40$804'.
  created $adff cell `$procdff$5698' with positive edge clock and positive level reset.
Creating register for signal `\vibe_pcs_scramble.\step$func$/workspace/rtl/pcs/vibe_pcs_scramble.sv:55$214.s' using process `\vibe_pcs_scramble.$proc$/workspace/rtl/pcs/vibe_pcs_scramble.sv:40$804'.
  created $adff cell `$procdff$5703' with positive edge clock and positive level reset.
Creating register for signal `\vibe_pcs_scramble.\step$func$/workspace/rtl/pcs/vibe_pcs_scramble.sv:55$215.$result' using process `\vibe_pcs_scramble.$proc$/workspace/rtl/pcs/vibe_pcs_scramble.sv:40$804'.
  created $adff cell `$procdff$5708' with positive edge clock and positive level reset.
Creating register for signal `\vibe_pcs_scramble.\step$func$/workspace/rtl/pcs/vibe_pcs_scramble.sv:55$215.s' using process `\vibe_pcs_scramble.$proc$/workspace/rtl/pcs/vibe_pcs_scramble.sv:40$804'.
  created $adff cell `$procdff$5713' with positive edge clock and positive level reset.
Creating register for signal `\vibe_pcs_scramble.\step$func$/workspace/rtl/pcs/vibe_pcs_scramble.sv:55$216.$result' using process `\vibe_pcs_scramble.$proc$/workspace/rtl/pcs/vibe_pcs_scramble.sv:40$804'.
  created $adff cell `$procdff$5718' with positive edge clock and positive level reset.
Creating register for signal `\vibe_pcs_scramble.\step$func$/workspace/rtl/pcs/vibe_pcs_scramble.sv:55$216.s' using process `\vibe_pcs_scramble.$proc$/workspace/rtl/pcs/vibe_pcs_scramble.sv:40$804'.
  created $adff cell `$procdff$5723' with positive edge clock and positive level reset.
Creating register for signal `\vibe_pcs_scramble.\step$func$/workspace/rtl/pcs/vibe_pcs_scramble.sv:55$217.$result' using process `\vibe_pcs_scramble.$proc$/workspace/rtl/pcs/vibe_pcs_scramble.sv:40$804'.
  created $adff cell `$procdff$5728' with positive edge clock and positive level reset.
Creating register for signal `\vibe_pcs_scramble.\step$func$/workspace/rtl/pcs/vibe_pcs_scramble.sv:55$217.s' using process `\vibe_pcs_scramble.$proc$/workspace/rtl/pcs/vibe_pcs_scramble.sv:40$804'.
  created $adff cell `$procdff$5733' with positive edge clock and positive level reset.
Creating register for signal `\vibe_pcs_scramble.\step$func$/workspace/rtl/pcs/vibe_pcs_scramble.sv:55$218.$result' using process `\vibe_pcs_scramble.$proc$/workspace/rtl/pcs/vibe_pcs_scramble.sv:40$804'.
  created $adff cell `$procdff$5738' with positive edge clock and positive level reset.
Creating register for signal `\vibe_pcs_scramble.\step$func$/workspace/rtl/pcs/vibe_pcs_scramble.sv:55$218.s' using process `\vibe_pcs_scramble.$proc$/workspace/rtl/pcs/vibe_pcs_scramble.sv:40$804'.
  created $adff cell `$procdff$5743' with positive edge clock and positive level reset.
Creating register for signal `\vibe_pcs_scramble.\step$func$/workspace/rtl/pcs/vibe_pcs_scramble.sv:55$219.$result' using process `\vibe_pcs_scramble.$proc$/workspace/rtl/pcs/vibe_pcs_scramble.sv:40$804'.
  created $adff cell `$procdff$5748' with positive edge clock and positive level reset.
Creating register for signal `\vibe_pcs_scramble.\step$func$/workspace/rtl/pcs/vibe_pcs_scramble.sv:55$219.s' using process `\vibe_pcs_scramble.$proc$/workspace/rtl/pcs/vibe_pcs_scramble.sv:40$804'.
  created $adff cell `$procdff$5753' with positive edge clock and positive level reset.
Creating register for signal `\vibe_pcs_scramble.\step$func$/workspace/rtl/pcs/vibe_pcs_scramble.sv:55$220.$result' using process `\vibe_pcs_scramble.$proc$/workspace/rtl/pcs/vibe_pcs_scramble.sv:40$804'.
  created $adff cell `$procdff$5758' with positive edge clock and positive level reset.
Creating register for signal `\vibe_pcs_scramble.\step$func$/workspace/rtl/pcs/vibe_pcs_scramble.sv:55$220.s' using process `\vibe_pcs_scramble.$proc$/workspace/rtl/pcs/vibe_pcs_scramble.sv:40$804'.
  created $adff cell `$procdff$5763' with positive edge clock and positive level reset.
Creating register for signal `\vibe_pcs_scramble.\step$func$/workspace/rtl/pcs/vibe_pcs_scramble.sv:55$221.$result' using process `\vibe_pcs_scramble.$proc$/workspace/rtl/pcs/vibe_pcs_scramble.sv:40$804'.
  created $adff cell `$procdff$5768' with positive edge clock and positive level reset.
Creating register for signal `\vibe_pcs_scramble.\step$func$/workspace/rtl/pcs/vibe_pcs_scramble.sv:55$221.s' using process `\vibe_pcs_scramble.$proc$/workspace/rtl/pcs/vibe_pcs_scramble.sv:40$804'.
  created $adff cell `$procdff$5773' with positive edge clock and positive level reset.
Creating register for signal `\vibe_pcs_scramble.\step$func$/workspace/rtl/pcs/vibe_pcs_scramble.sv:55$222.$result' using process `\vibe_pcs_scramble.$proc$/workspace/rtl/pcs/vibe_pcs_scramble.sv:40$804'.
  created $adff cell `$procdff$5778' with positive edge clock and positive level reset.
Creating register for signal `\vibe_pcs_scramble.\step$func$/workspace/rtl/pcs/vibe_pcs_scramble.sv:55$222.s' using process `\vibe_pcs_scramble.$proc$/workspace/rtl/pcs/vibe_pcs_scramble.sv:40$804'.
  created $adff cell `$procdff$5783' with positive edge clock and positive level reset.
Creating register for signal `\vibe_pcs_scramble.\step$func$/workspace/rtl/pcs/vibe_pcs_scramble.sv:55$223.$result' using process `\vibe_pcs_scramble.$proc$/workspace/rtl/pcs/vibe_pcs_scramble.sv:40$804'.
  created $adff cell `$procdff$5788' with positive edge clock and positive level reset.
Creating register for signal `\vibe_pcs_scramble.\step$func$/workspace/rtl/pcs/vibe_pcs_scramble.sv:55$223.s' using process `\vibe_pcs_scramble.$proc$/workspace/rtl/pcs/vibe_pcs_scramble.sv:40$804'.
  created $adff cell `$procdff$5793' with positive edge clock and positive level reset.
Creating register for signal `\vibe_pcs_scramble.\step$func$/workspace/rtl/pcs/vibe_pcs_scramble.sv:55$224.$result' using process `\vibe_pcs_scramble.$proc$/workspace/rtl/pcs/vibe_pcs_scramble.sv:40$804'.
  created $adff cell `$procdff$5798' with positive edge clock and positive level reset.
Creating register for signal `\vibe_pcs_scramble.\step$func$/workspace/rtl/pcs/vibe_pcs_scramble.sv:55$224.s' using process `\vibe_pcs_scramble.$proc$/workspace/rtl/pcs/vibe_pcs_scramble.sv:40$804'.
  created $adff cell `$procdff$5803' with positive edge clock and positive level reset.
Creating register for signal `\vibe_pcs_scramble.\step$func$/workspace/rtl/pcs/vibe_pcs_scramble.sv:55$225.$result' using process `\vibe_pcs_scramble.$proc$/workspace/rtl/pcs/vibe_pcs_scramble.sv:40$804'.
  created $adff cell `$procdff$5808' with positive edge clock and positive level reset.
Creating register for signal `\vibe_pcs_scramble.\step$func$/workspace/rtl/pcs/vibe_pcs_scramble.sv:55$225.s' using process `\vibe_pcs_scramble.$proc$/workspace/rtl/pcs/vibe_pcs_scramble.sv:40$804'.
  created $adff cell `$procdff$5813' with positive edge clock and positive level reset.
Creating register for signal `\vibe_pcs_scramble.\step$func$/workspace/rtl/pcs/vibe_pcs_scramble.sv:55$226.$result' using process `\vibe_pcs_scramble.$proc$/workspace/rtl/pcs/vibe_pcs_scramble.sv:40$804'.
  created $adff cell `$procdff$5818' with positive edge clock and positive level reset.
Creating register for signal `\vibe_pcs_scramble.\step$func$/workspace/rtl/pcs/vibe_pcs_scramble.sv:55$226.s' using process `\vibe_pcs_scramble.$proc$/workspace/rtl/pcs/vibe_pcs_scramble.sv:40$804'.
  created $adff cell `$procdff$5823' with positive edge clock and positive level reset.
Creating register for signal `\vibe_pcs_scramble.\step$func$/workspace/rtl/pcs/vibe_pcs_scramble.sv:55$227.$result' using process `\vibe_pcs_scramble.$proc$/workspace/rtl/pcs/vibe_pcs_scramble.sv:40$804'.
  created $adff cell `$procdff$5828' with positive edge clock and positive level reset.
Creating register for signal `\vibe_pcs_scramble.\step$func$/workspace/rtl/pcs/vibe_pcs_scramble.sv:55$227.s' using process `\vibe_pcs_scramble.$proc$/workspace/rtl/pcs/vibe_pcs_scramble.sv:40$804'.
  created $adff cell `$procdff$5833' with positive edge clock and positive level reset.
Creating register for signal `\vibe_pcs_scramble.\step$func$/workspace/rtl/pcs/vibe_pcs_scramble.sv:55$228.$result' using process `\vibe_pcs_scramble.$proc$/workspace/rtl/pcs/vibe_pcs_scramble.sv:40$804'.
  created $adff cell `$procdff$5838' with positive edge clock and positive level reset.
Creating register for signal `\vibe_pcs_scramble.\step$func$/workspace/rtl/pcs/vibe_pcs_scramble.sv:55$228.s' using process `\vibe_pcs_scramble.$proc$/workspace/rtl/pcs/vibe_pcs_scramble.sv:40$804'.
  created $adff cell `$procdff$5843' with positive edge clock and positive level reset.
Creating register for signal `\vibe_pcs_scramble.\step$func$/workspace/rtl/pcs/vibe_pcs_scramble.sv:55$229.$result' using process `\vibe_pcs_scramble.$proc$/workspace/rtl/pcs/vibe_pcs_scramble.sv:40$804'.
  created $adff cell `$procdff$5848' with positive edge clock and positive level reset.
Creating register for signal `\vibe_pcs_scramble.\step$func$/workspace/rtl/pcs/vibe_pcs_scramble.sv:55$229.s' using process `\vibe_pcs_scramble.$proc$/workspace/rtl/pcs/vibe_pcs_scramble.sv:40$804'.
  created $adff cell `$procdff$5853' with positive edge clock and positive level reset.
Creating register for signal `\vibe_pcs_scramble.\step$func$/workspace/rtl/pcs/vibe_pcs_scramble.sv:55$230.$result' using process `\vibe_pcs_scramble.$proc$/workspace/rtl/pcs/vibe_pcs_scramble.sv:40$804'.
  created $adff cell `$procdff$5858' with positive edge clock and positive level reset.
Creating register for signal `\vibe_pcs_scramble.\step$func$/workspace/rtl/pcs/vibe_pcs_scramble.sv:55$230.s' using process `\vibe_pcs_scramble.$proc$/workspace/rtl/pcs/vibe_pcs_scramble.sv:40$804'.
  created $adff cell `$procdff$5863' with positive edge clock and positive level reset.
Creating register for signal `\vibe_pcs_scramble.\step$func$/workspace/rtl/pcs/vibe_pcs_scramble.sv:55$231.$result' using process `\vibe_pcs_scramble.$proc$/workspace/rtl/pcs/vibe_pcs_scramble.sv:40$804'.
  created $adff cell `$procdff$5868' with positive edge clock and positive level reset.
Creating register for signal `\vibe_pcs_scramble.\step$func$/workspace/rtl/pcs/vibe_pcs_scramble.sv:55$231.s' using process `\vibe_pcs_scramble.$proc$/workspace/rtl/pcs/vibe_pcs_scramble.sv:40$804'.
  created $adff cell `$procdff$5873' with positive edge clock and positive level reset.
Creating register for signal `\vibe_pcs_scramble.\step$func$/workspace/rtl/pcs/vibe_pcs_scramble.sv:55$232.$result' using process `\vibe_pcs_scramble.$proc$/workspace/rtl/pcs/vibe_pcs_scramble.sv:40$804'.
  created $adff cell `$procdff$5878' with positive edge clock and positive level reset.
Creating register for signal `\vibe_pcs_scramble.\step$func$/workspace/rtl/pcs/vibe_pcs_scramble.sv:55$232.s' using process `\vibe_pcs_scramble.$proc$/workspace/rtl/pcs/vibe_pcs_scramble.sv:40$804'.
  created $adff cell `$procdff$5883' with positive edge clock and positive level reset.
Creating register for signal `\vibe_pcs_scramble.\step$func$/workspace/rtl/pcs/vibe_pcs_scramble.sv:55$233.$result' using process `\vibe_pcs_scramble.$proc$/workspace/rtl/pcs/vibe_pcs_scramble.sv:40$804'.
  created $adff cell `$procdff$5888' with positive edge clock and positive level reset.
Creating register for signal `\vibe_pcs_scramble.\step$func$/workspace/rtl/pcs/vibe_pcs_scramble.sv:55$233.s' using process `\vibe_pcs_scramble.$proc$/workspace/rtl/pcs/vibe_pcs_scramble.sv:40$804'.
  created $adff cell `$procdff$5893' with positive edge clock and positive level reset.
Creating register for signal `\vibe_pcs_scramble.\step$func$/workspace/rtl/pcs/vibe_pcs_scramble.sv:55$234.$result' using process `\vibe_pcs_scramble.$proc$/workspace/rtl/pcs/vibe_pcs_scramble.sv:40$804'.
  created $adff cell `$procdff$5898' with positive edge clock and positive level reset.
Creating register for signal `\vibe_pcs_scramble.\step$func$/workspace/rtl/pcs/vibe_pcs_scramble.sv:55$234.s' using process `\vibe_pcs_scramble.$proc$/workspace/rtl/pcs/vibe_pcs_scramble.sv:40$804'.
  created $adff cell `$procdff$5903' with positive edge clock and positive level reset.
Creating register for signal `\vibe_pcs_scramble.\step$func$/workspace/rtl/pcs/vibe_pcs_scramble.sv:55$235.$result' using process `\vibe_pcs_scramble.$proc$/workspace/rtl/pcs/vibe_pcs_scramble.sv:40$804'.
  created $adff cell `$procdff$5908' with positive edge clock and positive level reset.
Creating register for signal `\vibe_pcs_scramble.\step$func$/workspace/rtl/pcs/vibe_pcs_scramble.sv:55$235.s' using process `\vibe_pcs_scramble.$proc$/workspace/rtl/pcs/vibe_pcs_scramble.sv:40$804'.
  created $adff cell `$procdff$5913' with positive edge clock and positive level reset.
Creating register for signal `\vibe_pcs_scramble.\step$func$/workspace/rtl/pcs/vibe_pcs_scramble.sv:55$236.$result' using process `\vibe_pcs_scramble.$proc$/workspace/rtl/pcs/vibe_pcs_scramble.sv:40$804'.
  created $adff cell `$procdff$5918' with positive edge clock and positive level reset.
Creating register for signal `\vibe_pcs_scramble.\step$func$/workspace/rtl/pcs/vibe_pcs_scramble.sv:55$236.s' using process `\vibe_pcs_scramble.$proc$/workspace/rtl/pcs/vibe_pcs_scramble.sv:40$804'.
  created $adff cell `$procdff$5923' with positive edge clock and positive level reset.
Creating register for signal `\vibe_pcs_scramble.\step$func$/workspace/rtl/pcs/vibe_pcs_scramble.sv:55$237.$result' using process `\vibe_pcs_scramble.$proc$/workspace/rtl/pcs/vibe_pcs_scramble.sv:40$804'.
  created $adff cell `$procdff$5928' with positive edge clock and positive level reset.
Creating register for signal `\vibe_pcs_scramble.\step$func$/workspace/rtl/pcs/vibe_pcs_scramble.sv:55$237.s' using process `\vibe_pcs_scramble.$proc$/workspace/rtl/pcs/vibe_pcs_scramble.sv:40$804'.
  created $adff cell `$procdff$5933' with positive edge clock and positive level reset.
Creating register for signal `\vibe_pcs_scramble.\step$func$/workspace/rtl/pcs/vibe_pcs_scramble.sv:55$238.$result' using process `\vibe_pcs_scramble.$proc$/workspace/rtl/pcs/vibe_pcs_scramble.sv:40$804'.
  created $adff cell `$procdff$5938' with positive edge clock and positive level reset.
Creating register for signal `\vibe_pcs_scramble.\step$func$/workspace/rtl/pcs/vibe_pcs_scramble.sv:55$238.s' using process `\vibe_pcs_scramble.$proc$/workspace/rtl/pcs/vibe_pcs_scramble.sv:40$804'.
  created $adff cell `$procdff$5943' with positive edge clock and positive level reset.
Creating register for signal `\vibe_pcs_scramble.\step$func$/workspace/rtl/pcs/vibe_pcs_scramble.sv:55$239.$result' using process `\vibe_pcs_scramble.$proc$/workspace/rtl/pcs/vibe_pcs_scramble.sv:40$804'.
  created $adff cell `$procdff$5948' with positive edge clock and positive level reset.
Creating register for signal `\vibe_pcs_scramble.\step$func$/workspace/rtl/pcs/vibe_pcs_scramble.sv:55$239.s' using process `\vibe_pcs_scramble.$proc$/workspace/rtl/pcs/vibe_pcs_scramble.sv:40$804'.
  created $adff cell `$procdff$5953' with positive edge clock and positive level reset.
Creating register for signal `\vibe_pcs_scramble.\step$func$/workspace/rtl/pcs/vibe_pcs_scramble.sv:55$240.$result' using process `\vibe_pcs_scramble.$proc$/workspace/rtl/pcs/vibe_pcs_scramble.sv:40$804'.
  created $adff cell `$procdff$5958' with positive edge clock and positive level reset.
Creating register for signal `\vibe_pcs_scramble.\step$func$/workspace/rtl/pcs/vibe_pcs_scramble.sv:55$240.s' using process `\vibe_pcs_scramble.$proc$/workspace/rtl/pcs/vibe_pcs_scramble.sv:40$804'.
  created $adff cell `$procdff$5963' with positive edge clock and positive level reset.
Creating register for signal `\vibe_pcs_scramble.\step$func$/workspace/rtl/pcs/vibe_pcs_scramble.sv:55$241.$result' using process `\vibe_pcs_scramble.$proc$/workspace/rtl/pcs/vibe_pcs_scramble.sv:40$804'.
  created $adff cell `$procdff$5968' with positive edge clock and positive level reset.
Creating register for signal `\vibe_pcs_scramble.\step$func$/workspace/rtl/pcs/vibe_pcs_scramble.sv:55$241.s' using process `\vibe_pcs_scramble.$proc$/workspace/rtl/pcs/vibe_pcs_scramble.sv:40$804'.
  created $adff cell `$procdff$5973' with positive edge clock and positive level reset.
Creating register for signal `\vibe_pcs_scramble.\step$func$/workspace/rtl/pcs/vibe_pcs_scramble.sv:55$242.$result' using process `\vibe_pcs_scramble.$proc$/workspace/rtl/pcs/vibe_pcs_scramble.sv:40$804'.
  created $adff cell `$procdff$5978' with positive edge clock and positive level reset.
Creating register for signal `\vibe_pcs_scramble.\step$func$/workspace/rtl/pcs/vibe_pcs_scramble.sv:55$242.s' using process `\vibe_pcs_scramble.$proc$/workspace/rtl/pcs/vibe_pcs_scramble.sv:40$804'.
  created $adff cell `$procdff$5983' with positive edge clock and positive level reset.
Creating register for signal `\vibe_pcs_scramble.\step$func$/workspace/rtl/pcs/vibe_pcs_scramble.sv:55$243.$result' using process `\vibe_pcs_scramble.$proc$/workspace/rtl/pcs/vibe_pcs_scramble.sv:40$804'.
  created $adff cell `$procdff$5988' with positive edge clock and positive level reset.
Creating register for signal `\vibe_pcs_scramble.\step$func$/workspace/rtl/pcs/vibe_pcs_scramble.sv:55$243.s' using process `\vibe_pcs_scramble.$proc$/workspace/rtl/pcs/vibe_pcs_scramble.sv:40$804'.
  created $adff cell `$procdff$5993' with positive edge clock and positive level reset.
Creating register for signal `\vibe_pcs_scramble.\step$func$/workspace/rtl/pcs/vibe_pcs_scramble.sv:55$244.$result' using process `\vibe_pcs_scramble.$proc$/workspace/rtl/pcs/vibe_pcs_scramble.sv:40$804'.
  created $adff cell `$procdff$5998' with positive edge clock and positive level reset.
Creating register for signal `\vibe_pcs_scramble.\step$func$/workspace/rtl/pcs/vibe_pcs_scramble.sv:55$244.s' using process `\vibe_pcs_scramble.$proc$/workspace/rtl/pcs/vibe_pcs_scramble.sv:40$804'.
  created $adff cell `$procdff$6003' with positive edge clock and positive level reset.
Creating register for signal `\vibe_pcs_scramble.\step$func$/workspace/rtl/pcs/vibe_pcs_scramble.sv:55$245.$result' using process `\vibe_pcs_scramble.$proc$/workspace/rtl/pcs/vibe_pcs_scramble.sv:40$804'.
  created $adff cell `$procdff$6008' with positive edge clock and positive level reset.
Creating register for signal `\vibe_pcs_scramble.\step$func$/workspace/rtl/pcs/vibe_pcs_scramble.sv:55$245.s' using process `\vibe_pcs_scramble.$proc$/workspace/rtl/pcs/vibe_pcs_scramble.sv:40$804'.
  created $adff cell `$procdff$6013' with positive edge clock and positive level reset.
Creating register for signal `\vibe_pcs_scramble.\step$func$/workspace/rtl/pcs/vibe_pcs_scramble.sv:55$246.$result' using process `\vibe_pcs_scramble.$proc$/workspace/rtl/pcs/vibe_pcs_scramble.sv:40$804'.
  created $adff cell `$procdff$6018' with positive edge clock and positive level reset.
Creating register for signal `\vibe_pcs_scramble.\step$func$/workspace/rtl/pcs/vibe_pcs_scramble.sv:55$246.s' using process `\vibe_pcs_scramble.$proc$/workspace/rtl/pcs/vibe_pcs_scramble.sv:40$804'.
  created $adff cell `$procdff$6023' with positive edge clock and positive level reset.
Creating register for signal `\vibe_pcs_scramble.\step$func$/workspace/rtl/pcs/vibe_pcs_scramble.sv:55$247.$result' using process `\vibe_pcs_scramble.$proc$/workspace/rtl/pcs/vibe_pcs_scramble.sv:40$804'.
  created $adff cell `$procdff$6028' with positive edge clock and positive level reset.
Creating register for signal `\vibe_pcs_scramble.\step$func$/workspace/rtl/pcs/vibe_pcs_scramble.sv:55$247.s' using process `\vibe_pcs_scramble.$proc$/workspace/rtl/pcs/vibe_pcs_scramble.sv:40$804'.
  created $adff cell `$procdff$6033' with positive edge clock and positive level reset.
Creating register for signal `\vibe_pcs_scramble.\step$func$/workspace/rtl/pcs/vibe_pcs_scramble.sv:55$248.$result' using process `\vibe_pcs_scramble.$proc$/workspace/rtl/pcs/vibe_pcs_scramble.sv:40$804'.
  created $adff cell `$procdff$6038' with positive edge clock and positive level reset.
Creating register for signal `\vibe_pcs_scramble.\step$func$/workspace/rtl/pcs/vibe_pcs_scramble.sv:55$248.s' using process `\vibe_pcs_scramble.$proc$/workspace/rtl/pcs/vibe_pcs_scramble.sv:40$804'.
  created $adff cell `$procdff$6043' with positive edge clock and positive level reset.
Creating register for signal `\vibe_pcs_scramble.\step$func$/workspace/rtl/pcs/vibe_pcs_scramble.sv:55$249.$result' using process `\vibe_pcs_scramble.$proc$/workspace/rtl/pcs/vibe_pcs_scramble.sv:40$804'.
  created $adff cell `$procdff$6048' with positive edge clock and positive level reset.
Creating register for signal `\vibe_pcs_scramble.\step$func$/workspace/rtl/pcs/vibe_pcs_scramble.sv:55$249.s' using process `\vibe_pcs_scramble.$proc$/workspace/rtl/pcs/vibe_pcs_scramble.sv:40$804'.
  created $adff cell `$procdff$6053' with positive edge clock and positive level reset.
Creating register for signal `\vibe_pcs_scramble.\step$func$/workspace/rtl/pcs/vibe_pcs_scramble.sv:55$250.$result' using process `\vibe_pcs_scramble.$proc$/workspace/rtl/pcs/vibe_pcs_scramble.sv:40$804'.
  created $adff cell `$procdff$6058' with positive edge clock and positive level reset.
Creating register for signal `\vibe_pcs_scramble.\step$func$/workspace/rtl/pcs/vibe_pcs_scramble.sv:55$250.s' using process `\vibe_pcs_scramble.$proc$/workspace/rtl/pcs/vibe_pcs_scramble.sv:40$804'.
  created $adff cell `$procdff$6063' with positive edge clock and positive level reset.
Creating register for signal `\vibe_pcs_scramble.\step$func$/workspace/rtl/pcs/vibe_pcs_scramble.sv:55$251.$result' using process `\vibe_pcs_scramble.$proc$/workspace/rtl/pcs/vibe_pcs_scramble.sv:40$804'.
  created $adff cell `$procdff$6068' with positive edge clock and positive level reset.
Creating register for signal `\vibe_pcs_scramble.\step$func$/workspace/rtl/pcs/vibe_pcs_scramble.sv:55$251.s' using process `\vibe_pcs_scramble.$proc$/workspace/rtl/pcs/vibe_pcs_scramble.sv:40$804'.
  created $adff cell `$procdff$6073' with positive edge clock and positive level reset.
Creating register for signal `\vibe_pcs_scramble.\step$func$/workspace/rtl/pcs/vibe_pcs_scramble.sv:55$252.$result' using process `\vibe_pcs_scramble.$proc$/workspace/rtl/pcs/vibe_pcs_scramble.sv:40$804'.
  created $adff cell `$procdff$6078' with positive edge clock and positive level reset.
Creating register for signal `\vibe_pcs_scramble.\step$func$/workspace/rtl/pcs/vibe_pcs_scramble.sv:55$252.s' using process `\vibe_pcs_scramble.$proc$/workspace/rtl/pcs/vibe_pcs_scramble.sv:40$804'.
  created $adff cell `$procdff$6083' with positive edge clock and positive level reset.
Creating register for signal `\vibe_pcs_scramble.\step$func$/workspace/rtl/pcs/vibe_pcs_scramble.sv:55$253.$result' using process `\vibe_pcs_scramble.$proc$/workspace/rtl/pcs/vibe_pcs_scramble.sv:40$804'.
  created $adff cell `$procdff$6088' with positive edge clock and positive level reset.
Creating register for signal `\vibe_pcs_scramble.\step$func$/workspace/rtl/pcs/vibe_pcs_scramble.sv:55$253.s' using process `\vibe_pcs_scramble.$proc$/workspace/rtl/pcs/vibe_pcs_scramble.sv:40$804'.
  created $adff cell `$procdff$6093' with positive edge clock and positive level reset.
Creating register for signal `\vibe_pcs_scramble.\step$func$/workspace/rtl/pcs/vibe_pcs_scramble.sv:55$254.$result' using process `\vibe_pcs_scramble.$proc$/workspace/rtl/pcs/vibe_pcs_scramble.sv:40$804'.
  created $adff cell `$procdff$6098' with positive edge clock and positive level reset.
Creating register for signal `\vibe_pcs_scramble.\step$func$/workspace/rtl/pcs/vibe_pcs_scramble.sv:55$254.s' using process `\vibe_pcs_scramble.$proc$/workspace/rtl/pcs/vibe_pcs_scramble.sv:40$804'.
  created $adff cell `$procdff$6103' with positive edge clock and positive level reset.
Creating register for signal `\vibe_pcs_scramble.\step$func$/workspace/rtl/pcs/vibe_pcs_scramble.sv:55$255.$result' using process `\vibe_pcs_scramble.$proc$/workspace/rtl/pcs/vibe_pcs_scramble.sv:40$804'.
  created $adff cell `$procdff$6108' with positive edge clock and positive level reset.
Creating register for signal `\vibe_pcs_scramble.\step$func$/workspace/rtl/pcs/vibe_pcs_scramble.sv:55$255.s' using process `\vibe_pcs_scramble.$proc$/workspace/rtl/pcs/vibe_pcs_scramble.sv:40$804'.
  created $adff cell `$procdff$6113' with positive edge clock and positive level reset.
Creating register for signal `\vibe_pcs_scramble.\step$func$/workspace/rtl/pcs/vibe_pcs_scramble.sv:55$256.$result' using process `\vibe_pcs_scramble.$proc$/workspace/rtl/pcs/vibe_pcs_scramble.sv:40$804'.
  created $adff cell `$procdff$6118' with positive edge clock and positive level reset.
Creating register for signal `\vibe_pcs_scramble.\step$func$/workspace/rtl/pcs/vibe_pcs_scramble.sv:55$256.s' using process `\vibe_pcs_scramble.$proc$/workspace/rtl/pcs/vibe_pcs_scramble.sv:40$804'.
  created $adff cell `$procdff$6123' with positive edge clock and positive level reset.
Creating register for signal `\vibe_pcs_scramble.\step$func$/workspace/rtl/pcs/vibe_pcs_scramble.sv:55$257.$result' using process `\vibe_pcs_scramble.$proc$/workspace/rtl/pcs/vibe_pcs_scramble.sv:40$804'.
  created $adff cell `$procdff$6128' with positive edge clock and positive level reset.
Creating register for signal `\vibe_pcs_scramble.\step$func$/workspace/rtl/pcs/vibe_pcs_scramble.sv:55$257.s' using process `\vibe_pcs_scramble.$proc$/workspace/rtl/pcs/vibe_pcs_scramble.sv:40$804'.
  created $adff cell `$procdff$6133' with positive edge clock and positive level reset.
Creating register for signal `\vibe_pcs_scramble.\step$func$/workspace/rtl/pcs/vibe_pcs_scramble.sv:55$258.$result' using process `\vibe_pcs_scramble.$proc$/workspace/rtl/pcs/vibe_pcs_scramble.sv:40$804'.
  created $adff cell `$procdff$6138' with positive edge clock and positive level reset.
Creating register for signal `\vibe_pcs_scramble.\step$func$/workspace/rtl/pcs/vibe_pcs_scramble.sv:55$258.s' using process `\vibe_pcs_scramble.$proc$/workspace/rtl/pcs/vibe_pcs_scramble.sv:40$804'.
  created $adff cell `$procdff$6143' with positive edge clock and positive level reset.
Creating register for signal `\vibe_pcs_scramble.\step$func$/workspace/rtl/pcs/vibe_pcs_scramble.sv:55$259.$result' using process `\vibe_pcs_scramble.$proc$/workspace/rtl/pcs/vibe_pcs_scramble.sv:40$804'.
  created $adff cell `$procdff$6148' with positive edge clock and positive level reset.
Creating register for signal `\vibe_pcs_scramble.\step$func$/workspace/rtl/pcs/vibe_pcs_scramble.sv:55$259.s' using process `\vibe_pcs_scramble.$proc$/workspace/rtl/pcs/vibe_pcs_scramble.sv:40$804'.
  created $adff cell `$procdff$6153' with positive edge clock and positive level reset.
Creating register for signal `\vibe_pcs_scramble.\step$func$/workspace/rtl/pcs/vibe_pcs_scramble.sv:55$260.$result' using process `\vibe_pcs_scramble.$proc$/workspace/rtl/pcs/vibe_pcs_scramble.sv:40$804'.
  created $adff cell `$procdff$6158' with positive edge clock and positive level reset.
Creating register for signal `\vibe_pcs_scramble.\step$func$/workspace/rtl/pcs/vibe_pcs_scramble.sv:55$260.s' using process `\vibe_pcs_scramble.$proc$/workspace/rtl/pcs/vibe_pcs_scramble.sv:40$804'.
  created $adff cell `$procdff$6163' with positive edge clock and positive level reset.
Creating register for signal `\vibe_pcs_scramble.\step$func$/workspace/rtl/pcs/vibe_pcs_scramble.sv:55$261.$result' using process `\vibe_pcs_scramble.$proc$/workspace/rtl/pcs/vibe_pcs_scramble.sv:40$804'.
  created $adff cell `$procdff$6168' with positive edge clock and positive level reset.
Creating register for signal `\vibe_pcs_scramble.\step$func$/workspace/rtl/pcs/vibe_pcs_scramble.sv:55$261.s' using process `\vibe_pcs_scramble.$proc$/workspace/rtl/pcs/vibe_pcs_scramble.sv:40$804'.
  created $adff cell `$procdff$6173' with positive edge clock and positive level reset.
Creating register for signal `\vibe_pcs_scramble.\step$func$/workspace/rtl/pcs/vibe_pcs_scramble.sv:55$262.$result' using process `\vibe_pcs_scramble.$proc$/workspace/rtl/pcs/vibe_pcs_scramble.sv:40$804'.
  created $adff cell `$procdff$6178' with positive edge clock and positive level reset.
Creating register for signal `\vibe_pcs_scramble.\step$func$/workspace/rtl/pcs/vibe_pcs_scramble.sv:55$262.s' using process `\vibe_pcs_scramble.$proc$/workspace/rtl/pcs/vibe_pcs_scramble.sv:40$804'.
  created $adff cell `$procdff$6183' with positive edge clock and positive level reset.
Creating register for signal `\vibe_pcs_scramble.\step$func$/workspace/rtl/pcs/vibe_pcs_scramble.sv:55$263.$result' using process `\vibe_pcs_scramble.$proc$/workspace/rtl/pcs/vibe_pcs_scramble.sv:40$804'.
  created $adff cell `$procdff$6188' with positive edge clock and positive level reset.
Creating register for signal `\vibe_pcs_scramble.\step$func$/workspace/rtl/pcs/vibe_pcs_scramble.sv:55$263.s' using process `\vibe_pcs_scramble.$proc$/workspace/rtl/pcs/vibe_pcs_scramble.sv:40$804'.
  created $adff cell `$procdff$6193' with positive edge clock and positive level reset.
Creating register for signal `\vibe_pcs_scramble.\step$func$/workspace/rtl/pcs/vibe_pcs_scramble.sv:55$264.$result' using process `\vibe_pcs_scramble.$proc$/workspace/rtl/pcs/vibe_pcs_scramble.sv:40$804'.
  created $adff cell `$procdff$6198' with positive edge clock and positive level reset.
Creating register for signal `\vibe_pcs_scramble.\step$func$/workspace/rtl/pcs/vibe_pcs_scramble.sv:55$264.s' using process `\vibe_pcs_scramble.$proc$/workspace/rtl/pcs/vibe_pcs_scramble.sv:40$804'.
  created $adff cell `$procdff$6203' with positive edge clock and positive level reset.
Creating register for signal `\vibe_pcs_scramble.\step$func$/workspace/rtl/pcs/vibe_pcs_scramble.sv:55$265.$result' using process `\vibe_pcs_scramble.$proc$/workspace/rtl/pcs/vibe_pcs_scramble.sv:40$804'.
  created $adff cell `$procdff$6208' with positive edge clock and positive level reset.
Creating register for signal `\vibe_pcs_scramble.\step$func$/workspace/rtl/pcs/vibe_pcs_scramble.sv:55$265.s' using process `\vibe_pcs_scramble.$proc$/workspace/rtl/pcs/vibe_pcs_scramble.sv:40$804'.
  created $adff cell `$procdff$6213' with positive edge clock and positive level reset.
Creating register for signal `\vibe_pcs_scramble.\step$func$/workspace/rtl/pcs/vibe_pcs_scramble.sv:55$266.$result' using process `\vibe_pcs_scramble.$proc$/workspace/rtl/pcs/vibe_pcs_scramble.sv:40$804'.
  created $adff cell `$procdff$6218' with positive edge clock and positive level reset.
Creating register for signal `\vibe_pcs_scramble.\step$func$/workspace/rtl/pcs/vibe_pcs_scramble.sv:55$266.s' using process `\vibe_pcs_scramble.$proc$/workspace/rtl/pcs/vibe_pcs_scramble.sv:40$804'.
  created $adff cell `$procdff$6223' with positive edge clock and positive level reset.
Creating register for signal `\vibe_pcs_scramble.\step$func$/workspace/rtl/pcs/vibe_pcs_scramble.sv:55$267.$result' using process `\vibe_pcs_scramble.$proc$/workspace/rtl/pcs/vibe_pcs_scramble.sv:40$804'.
  created $adff cell `$procdff$6228' with positive edge clock and positive level reset.
Creating register for signal `\vibe_pcs_scramble.\step$func$/workspace/rtl/pcs/vibe_pcs_scramble.sv:55$267.s' using process `\vibe_pcs_scramble.$proc$/workspace/rtl/pcs/vibe_pcs_scramble.sv:40$804'.
  created $adff cell `$procdff$6233' with positive edge clock and positive level reset.
Creating register for signal `\vibe_pcs_scramble.\step$func$/workspace/rtl/pcs/vibe_pcs_scramble.sv:55$268.$result' using process `\vibe_pcs_scramble.$proc$/workspace/rtl/pcs/vibe_pcs_scramble.sv:40$804'.
  created $adff cell `$procdff$6238' with positive edge clock and positive level reset.
Creating register for signal `\vibe_pcs_scramble.\step$func$/workspace/rtl/pcs/vibe_pcs_scramble.sv:55$268.s' using process `\vibe_pcs_scramble.$proc$/workspace/rtl/pcs/vibe_pcs_scramble.sv:40$804'.
  created $adff cell `$procdff$6243' with positive edge clock and positive level reset.
Creating register for signal `\vibe_pcs_scramble.\step$func$/workspace/rtl/pcs/vibe_pcs_scramble.sv:55$269.$result' using process `\vibe_pcs_scramble.$proc$/workspace/rtl/pcs/vibe_pcs_scramble.sv:40$804'.
  created $adff cell `$procdff$6248' with positive edge clock and positive level reset.
Creating register for signal `\vibe_pcs_scramble.\step$func$/workspace/rtl/pcs/vibe_pcs_scramble.sv:55$269.s' using process `\vibe_pcs_scramble.$proc$/workspace/rtl/pcs/vibe_pcs_scramble.sv:40$804'.
  created $adff cell `$procdff$6253' with positive edge clock and positive level reset.
Creating register for signal `\vibe_pcs_scramble.\step$func$/workspace/rtl/pcs/vibe_pcs_scramble.sv:55$270.$result' using process `\vibe_pcs_scramble.$proc$/workspace/rtl/pcs/vibe_pcs_scramble.sv:40$804'.
  created $adff cell `$procdff$6258' with positive edge clock and positive level reset.
Creating register for signal `\vibe_pcs_scramble.\step$func$/workspace/rtl/pcs/vibe_pcs_scramble.sv:55$270.s' using process `\vibe_pcs_scramble.$proc$/workspace/rtl/pcs/vibe_pcs_scramble.sv:40$804'.
  created $adff cell `$procdff$6263' with positive edge clock and positive level reset.
Creating register for signal `\vibe_pcs_scramble.\step$func$/workspace/rtl/pcs/vibe_pcs_scramble.sv:55$271.$result' using process `\vibe_pcs_scramble.$proc$/workspace/rtl/pcs/vibe_pcs_scramble.sv:40$804'.
  created $adff cell `$procdff$6268' with positive edge clock and positive level reset.
Creating register for signal `\vibe_pcs_scramble.\step$func$/workspace/rtl/pcs/vibe_pcs_scramble.sv:55$271.s' using process `\vibe_pcs_scramble.$proc$/workspace/rtl/pcs/vibe_pcs_scramble.sv:40$804'.
  created $adff cell `$procdff$6273' with positive edge clock and positive level reset.
Creating register for signal `\vibe_pcs_scramble.\step$func$/workspace/rtl/pcs/vibe_pcs_scramble.sv:55$272.$result' using process `\vibe_pcs_scramble.$proc$/workspace/rtl/pcs/vibe_pcs_scramble.sv:40$804'.
  created $adff cell `$procdff$6278' with positive edge clock and positive level reset.
Creating register for signal `\vibe_pcs_scramble.\step$func$/workspace/rtl/pcs/vibe_pcs_scramble.sv:55$272.s' using process `\vibe_pcs_scramble.$proc$/workspace/rtl/pcs/vibe_pcs_scramble.sv:40$804'.
  created $adff cell `$procdff$6283' with positive edge clock and positive level reset.
Creating register for signal `\vibe_pcs_scramble.\step$func$/workspace/rtl/pcs/vibe_pcs_scramble.sv:55$273.$result' using process `\vibe_pcs_scramble.$proc$/workspace/rtl/pcs/vibe_pcs_scramble.sv:40$804'.
  created $adff cell `$procdff$6288' with positive edge clock and positive level reset.
Creating register for signal `\vibe_pcs_scramble.\step$func$/workspace/rtl/pcs/vibe_pcs_scramble.sv:55$273.s' using process `\vibe_pcs_scramble.$proc$/workspace/rtl/pcs/vibe_pcs_scramble.sv:40$804'.
  created $adff cell `$procdff$6293' with positive edge clock and positive level reset.
Creating register for signal `\vibe_pcs_scramble.\step$func$/workspace/rtl/pcs/vibe_pcs_scramble.sv:55$274.$result' using process `\vibe_pcs_scramble.$proc$/workspace/rtl/pcs/vibe_pcs_scramble.sv:40$804'.
  created $adff cell `$procdff$6298' with positive edge clock and positive level reset.
Creating register for signal `\vibe_pcs_scramble.\step$func$/workspace/rtl/pcs/vibe_pcs_scramble.sv:55$274.s' using process `\vibe_pcs_scramble.$proc$/workspace/rtl/pcs/vibe_pcs_scramble.sv:40$804'.
  created $adff cell `$procdff$6303' with positive edge clock and positive level reset.
Creating register for signal `\vibe_pcs_scramble.\step$func$/workspace/rtl/pcs/vibe_pcs_scramble.sv:55$275.$result' using process `\vibe_pcs_scramble.$proc$/workspace/rtl/pcs/vibe_pcs_scramble.sv:40$804'.
  created $adff cell `$procdff$6308' with positive edge clock and positive level reset.
Creating register for signal `\vibe_pcs_scramble.\step$func$/workspace/rtl/pcs/vibe_pcs_scramble.sv:55$275.s' using process `\vibe_pcs_scramble.$proc$/workspace/rtl/pcs/vibe_pcs_scramble.sv:40$804'.
  created $adff cell `$procdff$6313' with positive edge clock and positive level reset.
Creating register for signal `\vibe_pcs_scramble.\step$func$/workspace/rtl/pcs/vibe_pcs_scramble.sv:55$276.$result' using process `\vibe_pcs_scramble.$proc$/workspace/rtl/pcs/vibe_pcs_scramble.sv:40$804'.
  created $adff cell `$procdff$6318' with positive edge clock and positive level reset.
Creating register for signal `\vibe_pcs_scramble.\step$func$/workspace/rtl/pcs/vibe_pcs_scramble.sv:55$276.s' using process `\vibe_pcs_scramble.$proc$/workspace/rtl/pcs/vibe_pcs_scramble.sv:40$804'.
  created $adff cell `$procdff$6323' with positive edge clock and positive level reset.
Creating register for signal `\vibe_pcs_scramble.\step$func$/workspace/rtl/pcs/vibe_pcs_scramble.sv:55$277.$result' using process `\vibe_pcs_scramble.$proc$/workspace/rtl/pcs/vibe_pcs_scramble.sv:40$804'.
  created $adff cell `$procdff$6328' with positive edge clock and positive level reset.
Creating register for signal `\vibe_pcs_scramble.\step$func$/workspace/rtl/pcs/vibe_pcs_scramble.sv:55$277.s' using process `\vibe_pcs_scramble.$proc$/workspace/rtl/pcs/vibe_pcs_scramble.sv:40$804'.
  created $adff cell `$procdff$6333' with positive edge clock and positive level reset.
Creating register for signal `\vibe_pcs_scramble.\step$func$/workspace/rtl/pcs/vibe_pcs_scramble.sv:55$278.$result' using process `\vibe_pcs_scramble.$proc$/workspace/rtl/pcs/vibe_pcs_scramble.sv:40$804'.
  created $adff cell `$procdff$6338' with positive edge clock and positive level reset.
Creating register for signal `\vibe_pcs_scramble.\step$func$/workspace/rtl/pcs/vibe_pcs_scramble.sv:55$278.s' using process `\vibe_pcs_scramble.$proc$/workspace/rtl/pcs/vibe_pcs_scramble.sv:40$804'.
  created $adff cell `$procdff$6343' with positive edge clock and positive level reset.
Creating register for signal `\vibe_pcs_scramble.\step$func$/workspace/rtl/pcs/vibe_pcs_scramble.sv:55$279.$result' using process `\vibe_pcs_scramble.$proc$/workspace/rtl/pcs/vibe_pcs_scramble.sv:40$804'.
  created $adff cell `$procdff$6348' with positive edge clock and positive level reset.
Creating register for signal `\vibe_pcs_scramble.\step$func$/workspace/rtl/pcs/vibe_pcs_scramble.sv:55$279.s' using process `\vibe_pcs_scramble.$proc$/workspace/rtl/pcs/vibe_pcs_scramble.sv:40$804'.
  created $adff cell `$procdff$6353' with positive edge clock and positive level reset.
Creating register for signal `\vibe_pcs_scramble.\step$func$/workspace/rtl/pcs/vibe_pcs_scramble.sv:55$280.$result' using process `\vibe_pcs_scramble.$proc$/workspace/rtl/pcs/vibe_pcs_scramble.sv:40$804'.
  created $adff cell `$procdff$6358' with positive edge clock and positive level reset.
Creating register for signal `\vibe_pcs_scramble.\step$func$/workspace/rtl/pcs/vibe_pcs_scramble.sv:55$280.s' using process `\vibe_pcs_scramble.$proc$/workspace/rtl/pcs/vibe_pcs_scramble.sv:40$804'.
  created $adff cell `$procdff$6363' with positive edge clock and positive level reset.
Creating register for signal `\vibe_pcs_scramble.\step$func$/workspace/rtl/pcs/vibe_pcs_scramble.sv:55$281.$result' using process `\vibe_pcs_scramble.$proc$/workspace/rtl/pcs/vibe_pcs_scramble.sv:40$804'.
  created $adff cell `$procdff$6368' with positive edge clock and positive level reset.
Creating register for signal `\vibe_pcs_scramble.\step$func$/workspace/rtl/pcs/vibe_pcs_scramble.sv:55$281.s' using process `\vibe_pcs_scramble.$proc$/workspace/rtl/pcs/vibe_pcs_scramble.sv:40$804'.
  created $adff cell `$procdff$6373' with positive edge clock and positive level reset.
Creating register for signal `\vibe_pcs_scramble.\step$func$/workspace/rtl/pcs/vibe_pcs_scramble.sv:55$282.$result' using process `\vibe_pcs_scramble.$proc$/workspace/rtl/pcs/vibe_pcs_scramble.sv:40$804'.
  created $adff cell `$procdff$6378' with positive edge clock and positive level reset.
Creating register for signal `\vibe_pcs_scramble.\step$func$/workspace/rtl/pcs/vibe_pcs_scramble.sv:55$282.s' using process `\vibe_pcs_scramble.$proc$/workspace/rtl/pcs/vibe_pcs_scramble.sv:40$804'.
  created $adff cell `$procdff$6383' with positive edge clock and positive level reset.
Creating register for signal `\vibe_pcs_scramble.\step$func$/workspace/rtl/pcs/vibe_pcs_scramble.sv:55$283.$result' using process `\vibe_pcs_scramble.$proc$/workspace/rtl/pcs/vibe_pcs_scramble.sv:40$804'.
  created $adff cell `$procdff$6388' with positive edge clock and positive level reset.
Creating register for signal `\vibe_pcs_scramble.\step$func$/workspace/rtl/pcs/vibe_pcs_scramble.sv:55$283.s' using process `\vibe_pcs_scramble.$proc$/workspace/rtl/pcs/vibe_pcs_scramble.sv:40$804'.
  created $adff cell `$procdff$6393' with positive edge clock and positive level reset.
Creating register for signal `\vibe_pcs_scramble.\step$func$/workspace/rtl/pcs/vibe_pcs_scramble.sv:55$284.$result' using process `\vibe_pcs_scramble.$proc$/workspace/rtl/pcs/vibe_pcs_scramble.sv:40$804'.
  created $adff cell `$procdff$6398' with positive edge clock and positive level reset.
Creating register for signal `\vibe_pcs_scramble.\step$func$/workspace/rtl/pcs/vibe_pcs_scramble.sv:55$284.s' using process `\vibe_pcs_scramble.$proc$/workspace/rtl/pcs/vibe_pcs_scramble.sv:40$804'.
  created $adff cell `$procdff$6403' with positive edge clock and positive level reset.
Creating register for signal `\vibe_pcs_scramble.\step$func$/workspace/rtl/pcs/vibe_pcs_scramble.sv:55$285.$result' using process `\vibe_pcs_scramble.$proc$/workspace/rtl/pcs/vibe_pcs_scramble.sv:40$804'.
  created $adff cell `$procdff$6408' with positive edge clock and positive level reset.
Creating register for signal `\vibe_pcs_scramble.\step$func$/workspace/rtl/pcs/vibe_pcs_scramble.sv:55$285.s' using process `\vibe_pcs_scramble.$proc$/workspace/rtl/pcs/vibe_pcs_scramble.sv:40$804'.
  created $adff cell `$procdff$6413' with positive edge clock and positive level reset.
Creating register for signal `\vibe_pcs_scramble.\step$func$/workspace/rtl/pcs/vibe_pcs_scramble.sv:55$286.$result' using process `\vibe_pcs_scramble.$proc$/workspace/rtl/pcs/vibe_pcs_scramble.sv:40$804'.
  created $adff cell `$procdff$6418' with positive edge clock and positive level reset.
Creating register for signal `\vibe_pcs_scramble.\step$func$/workspace/rtl/pcs/vibe_pcs_scramble.sv:55$286.s' using process `\vibe_pcs_scramble.$proc$/workspace/rtl/pcs/vibe_pcs_scramble.sv:40$804'.
  created $adff cell `$procdff$6423' with positive edge clock and positive level reset.
Creating register for signal `\vibe_pcs_scramble.\step$func$/workspace/rtl/pcs/vibe_pcs_scramble.sv:55$287.$result' using process `\vibe_pcs_scramble.$proc$/workspace/rtl/pcs/vibe_pcs_scramble.sv:40$804'.
  created $adff cell `$procdff$6428' with positive edge clock and positive level reset.
Creating register for signal `\vibe_pcs_scramble.\step$func$/workspace/rtl/pcs/vibe_pcs_scramble.sv:55$287.s' using process `\vibe_pcs_scramble.$proc$/workspace/rtl/pcs/vibe_pcs_scramble.sv:40$804'.
  created $adff cell `$procdff$6433' with positive edge clock and positive level reset.
Creating register for signal `\vibe_pcs_scramble.\step$func$/workspace/rtl/pcs/vibe_pcs_scramble.sv:55$288.$result' using process `\vibe_pcs_scramble.$proc$/workspace/rtl/pcs/vibe_pcs_scramble.sv:40$804'.
  created $adff cell `$procdff$6438' with positive edge clock and positive level reset.
Creating register for signal `\vibe_pcs_scramble.\step$func$/workspace/rtl/pcs/vibe_pcs_scramble.sv:55$288.s' using process `\vibe_pcs_scramble.$proc$/workspace/rtl/pcs/vibe_pcs_scramble.sv:40$804'.
  created $adff cell `$procdff$6443' with positive edge clock and positive level reset.
Creating register for signal `\vibe_pcs_scramble.\step$func$/workspace/rtl/pcs/vibe_pcs_scramble.sv:55$289.$result' using process `\vibe_pcs_scramble.$proc$/workspace/rtl/pcs/vibe_pcs_scramble.sv:40$804'.
  created $adff cell `$procdff$6448' with positive edge clock and positive level reset.
Creating register for signal `\vibe_pcs_scramble.\step$func$/workspace/rtl/pcs/vibe_pcs_scramble.sv:55$289.s' using process `\vibe_pcs_scramble.$proc$/workspace/rtl/pcs/vibe_pcs_scramble.sv:40$804'.
  created $adff cell `$procdff$6453' with positive edge clock and positive level reset.
Creating register for signal `\vibe_pcs_scramble.\step$func$/workspace/rtl/pcs/vibe_pcs_scramble.sv:55$290.$result' using process `\vibe_pcs_scramble.$proc$/workspace/rtl/pcs/vibe_pcs_scramble.sv:40$804'.
  created $adff cell `$procdff$6458' with positive edge clock and positive level reset.
Creating register for signal `\vibe_pcs_scramble.\step$func$/workspace/rtl/pcs/vibe_pcs_scramble.sv:55$290.s' using process `\vibe_pcs_scramble.$proc$/workspace/rtl/pcs/vibe_pcs_scramble.sv:40$804'.
  created $adff cell `$procdff$6463' with positive edge clock and positive level reset.
Creating register for signal `\vibe_pcs_scramble.\step$func$/workspace/rtl/pcs/vibe_pcs_scramble.sv:55$291.$result' using process `\vibe_pcs_scramble.$proc$/workspace/rtl/pcs/vibe_pcs_scramble.sv:40$804'.
  created $adff cell `$procdff$6468' with positive edge clock and positive level reset.
Creating register for signal `\vibe_pcs_scramble.\step$func$/workspace/rtl/pcs/vibe_pcs_scramble.sv:55$291.s' using process `\vibe_pcs_scramble.$proc$/workspace/rtl/pcs/vibe_pcs_scramble.sv:40$804'.
  created $adff cell `$procdff$6473' with positive edge clock and positive level reset.
Creating register for signal `\vibe_pcs_scramble.\step$func$/workspace/rtl/pcs/vibe_pcs_scramble.sv:55$292.$result' using process `\vibe_pcs_scramble.$proc$/workspace/rtl/pcs/vibe_pcs_scramble.sv:40$804'.
  created $adff cell `$procdff$6478' with positive edge clock and positive level reset.
Creating register for signal `\vibe_pcs_scramble.\step$func$/workspace/rtl/pcs/vibe_pcs_scramble.sv:55$292.s' using process `\vibe_pcs_scramble.$proc$/workspace/rtl/pcs/vibe_pcs_scramble.sv:40$804'.
  created $adff cell `$procdff$6483' with positive edge clock and positive level reset.
Creating register for signal `\vibe_pcs_scramble.\step$func$/workspace/rtl/pcs/vibe_pcs_scramble.sv:55$293.$result' using process `\vibe_pcs_scramble.$proc$/workspace/rtl/pcs/vibe_pcs_scramble.sv:40$804'.
  created $adff cell `$procdff$6488' with positive edge clock and positive level reset.
Creating register for signal `\vibe_pcs_scramble.\step$func$/workspace/rtl/pcs/vibe_pcs_scramble.sv:55$293.s' using process `\vibe_pcs_scramble.$proc$/workspace/rtl/pcs/vibe_pcs_scramble.sv:40$804'.
  created $adff cell `$procdff$6493' with positive edge clock and positive level reset.
Creating register for signal `\vibe_pcs_scramble.\step$func$/workspace/rtl/pcs/vibe_pcs_scramble.sv:55$294.$result' using process `\vibe_pcs_scramble.$proc$/workspace/rtl/pcs/vibe_pcs_scramble.sv:40$804'.
  created $adff cell `$procdff$6498' with positive edge clock and positive level reset.
Creating register for signal `\vibe_pcs_scramble.\step$func$/workspace/rtl/pcs/vibe_pcs_scramble.sv:55$294.s' using process `\vibe_pcs_scramble.$proc$/workspace/rtl/pcs/vibe_pcs_scramble.sv:40$804'.
  created $adff cell `$procdff$6503' with positive edge clock and positive level reset.
Creating register for signal `\vibe_pcs_scramble.\step$func$/workspace/rtl/pcs/vibe_pcs_scramble.sv:55$295.$result' using process `\vibe_pcs_scramble.$proc$/workspace/rtl/pcs/vibe_pcs_scramble.sv:40$804'.
  created $adff cell `$procdff$6508' with positive edge clock and positive level reset.
Creating register for signal `\vibe_pcs_scramble.\step$func$/workspace/rtl/pcs/vibe_pcs_scramble.sv:55$295.s' using process `\vibe_pcs_scramble.$proc$/workspace/rtl/pcs/vibe_pcs_scramble.sv:40$804'.
  created $adff cell `$procdff$6513' with positive edge clock and positive level reset.
Creating register for signal `\vibe_pcs_scramble.\step$func$/workspace/rtl/pcs/vibe_pcs_scramble.sv:55$296.$result' using process `\vibe_pcs_scramble.$proc$/workspace/rtl/pcs/vibe_pcs_scramble.sv:40$804'.
  created $adff cell `$procdff$6518' with positive edge clock and positive level reset.
Creating register for signal `\vibe_pcs_scramble.\step$func$/workspace/rtl/pcs/vibe_pcs_scramble.sv:55$296.s' using process `\vibe_pcs_scramble.$proc$/workspace/rtl/pcs/vibe_pcs_scramble.sv:40$804'.
  created $adff cell `$procdff$6523' with positive edge clock and positive level reset.
Creating register for signal `\vibe_pcs_scramble.\step$func$/workspace/rtl/pcs/vibe_pcs_scramble.sv:55$297.$result' using process `\vibe_pcs_scramble.$proc$/workspace/rtl/pcs/vibe_pcs_scramble.sv:40$804'.
  created $adff cell `$procdff$6528' with positive edge clock and positive level reset.
Creating register for signal `\vibe_pcs_scramble.\step$func$/workspace/rtl/pcs/vibe_pcs_scramble.sv:55$297.s' using process `\vibe_pcs_scramble.$proc$/workspace/rtl/pcs/vibe_pcs_scramble.sv:40$804'.
  created $adff cell `$procdff$6533' with positive edge clock and positive level reset.
Creating register for signal `\vibe_pcs_scramble.\step$func$/workspace/rtl/pcs/vibe_pcs_scramble.sv:55$298.$result' using process `\vibe_pcs_scramble.$proc$/workspace/rtl/pcs/vibe_pcs_scramble.sv:40$804'.
  created $adff cell `$procdff$6538' with positive edge clock and positive level reset.
Creating register for signal `\vibe_pcs_scramble.\step$func$/workspace/rtl/pcs/vibe_pcs_scramble.sv:55$298.s' using process `\vibe_pcs_scramble.$proc$/workspace/rtl/pcs/vibe_pcs_scramble.sv:40$804'.
  created $adff cell `$procdff$6543' with positive edge clock and positive level reset.
Creating register for signal `\vibe_pcs_scramble.\step$func$/workspace/rtl/pcs/vibe_pcs_scramble.sv:55$299.$result' using process `\vibe_pcs_scramble.$proc$/workspace/rtl/pcs/vibe_pcs_scramble.sv:40$804'.
  created $adff cell `$procdff$6548' with positive edge clock and positive level reset.
Creating register for signal `\vibe_pcs_scramble.\step$func$/workspace/rtl/pcs/vibe_pcs_scramble.sv:55$299.s' using process `\vibe_pcs_scramble.$proc$/workspace/rtl/pcs/vibe_pcs_scramble.sv:40$804'.
  created $adff cell `$procdff$6553' with positive edge clock and positive level reset.
Creating register for signal `\vibe_pcs_scramble.\step$func$/workspace/rtl/pcs/vibe_pcs_scramble.sv:55$300.$result' using process `\vibe_pcs_scramble.$proc$/workspace/rtl/pcs/vibe_pcs_scramble.sv:40$804'.
  created $adff cell `$procdff$6558' with positive edge clock and positive level reset.
Creating register for signal `\vibe_pcs_scramble.\step$func$/workspace/rtl/pcs/vibe_pcs_scramble.sv:55$300.s' using process `\vibe_pcs_scramble.$proc$/workspace/rtl/pcs/vibe_pcs_scramble.sv:40$804'.
  created $adff cell `$procdff$6563' with positive edge clock and positive level reset.
Creating register for signal `\vibe_pcs_scramble.\step$func$/workspace/rtl/pcs/vibe_pcs_scramble.sv:55$301.$result' using process `\vibe_pcs_scramble.$proc$/workspace/rtl/pcs/vibe_pcs_scramble.sv:40$804'.
  created $adff cell `$procdff$6568' with positive edge clock and positive level reset.
Creating register for signal `\vibe_pcs_scramble.\step$func$/workspace/rtl/pcs/vibe_pcs_scramble.sv:55$301.s' using process `\vibe_pcs_scramble.$proc$/workspace/rtl/pcs/vibe_pcs_scramble.sv:40$804'.
  created $adff cell `$procdff$6573' with positive edge clock and positive level reset.
Creating register for signal `\vibe_pcs_scramble.\step$func$/workspace/rtl/pcs/vibe_pcs_scramble.sv:55$302.$result' using process `\vibe_pcs_scramble.$proc$/workspace/rtl/pcs/vibe_pcs_scramble.sv:40$804'.
  created $adff cell `$procdff$6578' with positive edge clock and positive level reset.
Creating register for signal `\vibe_pcs_scramble.\step$func$/workspace/rtl/pcs/vibe_pcs_scramble.sv:55$302.s' using process `\vibe_pcs_scramble.$proc$/workspace/rtl/pcs/vibe_pcs_scramble.sv:40$804'.
  created $adff cell `$procdff$6583' with positive edge clock and positive level reset.
Creating register for signal `\vibe_pcs_scramble.\step$func$/workspace/rtl/pcs/vibe_pcs_scramble.sv:55$303.$result' using process `\vibe_pcs_scramble.$proc$/workspace/rtl/pcs/vibe_pcs_scramble.sv:40$804'.
  created $adff cell `$procdff$6588' with positive edge clock and positive level reset.
Creating register for signal `\vibe_pcs_scramble.\step$func$/workspace/rtl/pcs/vibe_pcs_scramble.sv:55$303.s' using process `\vibe_pcs_scramble.$proc$/workspace/rtl/pcs/vibe_pcs_scramble.sv:40$804'.
  created $adff cell `$procdff$6593' with positive edge clock and positive level reset.
Creating register for signal `\vibe_pcs_scramble.\step$func$/workspace/rtl/pcs/vibe_pcs_scramble.sv:55$304.$result' using process `\vibe_pcs_scramble.$proc$/workspace/rtl/pcs/vibe_pcs_scramble.sv:40$804'.
  created $adff cell `$procdff$6598' with positive edge clock and positive level reset.
Creating register for signal `\vibe_pcs_scramble.\step$func$/workspace/rtl/pcs/vibe_pcs_scramble.sv:55$304.s' using process `\vibe_pcs_scramble.$proc$/workspace/rtl/pcs/vibe_pcs_scramble.sv:40$804'.
  created $adff cell `$procdff$6603' with positive edge clock and positive level reset.
Creating register for signal `\vibe_pcs_scramble.\step$func$/workspace/rtl/pcs/vibe_pcs_scramble.sv:55$305.$result' using process `\vibe_pcs_scramble.$proc$/workspace/rtl/pcs/vibe_pcs_scramble.sv:40$804'.
  created $adff cell `$procdff$6608' with positive edge clock and positive level reset.
Creating register for signal `\vibe_pcs_scramble.\step$func$/workspace/rtl/pcs/vibe_pcs_scramble.sv:55$305.s' using process `\vibe_pcs_scramble.$proc$/workspace/rtl/pcs/vibe_pcs_scramble.sv:40$804'.
  created $adff cell `$procdff$6613' with positive edge clock and positive level reset.
Creating register for signal `\vibe_pcs_scramble.\step$func$/workspace/rtl/pcs/vibe_pcs_scramble.sv:55$306.$result' using process `\vibe_pcs_scramble.$proc$/workspace/rtl/pcs/vibe_pcs_scramble.sv:40$804'.
  created $adff cell `$procdff$6618' with positive edge clock and positive level reset.
Creating register for signal `\vibe_pcs_scramble.\step$func$/workspace/rtl/pcs/vibe_pcs_scramble.sv:55$306.s' using process `\vibe_pcs_scramble.$proc$/workspace/rtl/pcs/vibe_pcs_scramble.sv:40$804'.
  created $adff cell `$procdff$6623' with positive edge clock and positive level reset.
Creating register for signal `\vibe_pcs_scramble.\step$func$/workspace/rtl/pcs/vibe_pcs_scramble.sv:55$307.$result' using process `\vibe_pcs_scramble.$proc$/workspace/rtl/pcs/vibe_pcs_scramble.sv:40$804'.
  created $adff cell `$procdff$6628' with positive edge clock and positive level reset.
Creating register for signal `\vibe_pcs_scramble.\step$func$/workspace/rtl/pcs/vibe_pcs_scramble.sv:55$307.s' using process `\vibe_pcs_scramble.$proc$/workspace/rtl/pcs/vibe_pcs_scramble.sv:40$804'.
  created $adff cell `$procdff$6633' with positive edge clock and positive level reset.
Creating register for signal `\vibe_pcs_scramble.\step$func$/workspace/rtl/pcs/vibe_pcs_scramble.sv:55$308.$result' using process `\vibe_pcs_scramble.$proc$/workspace/rtl/pcs/vibe_pcs_scramble.sv:40$804'.
  created $adff cell `$procdff$6638' with positive edge clock and positive level reset.
Creating register for signal `\vibe_pcs_scramble.\step$func$/workspace/rtl/pcs/vibe_pcs_scramble.sv:55$308.s' using process `\vibe_pcs_scramble.$proc$/workspace/rtl/pcs/vibe_pcs_scramble.sv:40$804'.
  created $adff cell `$procdff$6643' with positive edge clock and positive level reset.
Creating register for signal `\vibe_pcs_scramble.\step$func$/workspace/rtl/pcs/vibe_pcs_scramble.sv:55$309.$result' using process `\vibe_pcs_scramble.$proc$/workspace/rtl/pcs/vibe_pcs_scramble.sv:40$804'.
  created $adff cell `$procdff$6648' with positive edge clock and positive level reset.
Creating register for signal `\vibe_pcs_scramble.\step$func$/workspace/rtl/pcs/vibe_pcs_scramble.sv:55$309.s' using process `\vibe_pcs_scramble.$proc$/workspace/rtl/pcs/vibe_pcs_scramble.sv:40$804'.
  created $adff cell `$procdff$6653' with positive edge clock and positive level reset.
Creating register for signal `\vibe_pcs_scramble.\step$func$/workspace/rtl/pcs/vibe_pcs_scramble.sv:55$310.$result' using process `\vibe_pcs_scramble.$proc$/workspace/rtl/pcs/vibe_pcs_scramble.sv:40$804'.
  created $adff cell `$procdff$6658' with positive edge clock and positive level reset.
Creating register for signal `\vibe_pcs_scramble.\step$func$/workspace/rtl/pcs/vibe_pcs_scramble.sv:55$310.s' using process `\vibe_pcs_scramble.$proc$/workspace/rtl/pcs/vibe_pcs_scramble.sv:40$804'.
  created $adff cell `$procdff$6663' with positive edge clock and positive level reset.
Creating register for signal `\vibe_pcs_scramble.\step$func$/workspace/rtl/pcs/vibe_pcs_scramble.sv:55$311.$result' using process `\vibe_pcs_scramble.$proc$/workspace/rtl/pcs/vibe_pcs_scramble.sv:40$804'.
  created $adff cell `$procdff$6668' with positive edge clock and positive level reset.
Creating register for signal `\vibe_pcs_scramble.\step$func$/workspace/rtl/pcs/vibe_pcs_scramble.sv:55$311.s' using process `\vibe_pcs_scramble.$proc$/workspace/rtl/pcs/vibe_pcs_scramble.sv:40$804'.
  created $adff cell `$procdff$6673' with positive edge clock and positive level reset.
Creating register for signal `\vibe_pcs_scramble.\step$func$/workspace/rtl/pcs/vibe_pcs_scramble.sv:55$312.$result' using process `\vibe_pcs_scramble.$proc$/workspace/rtl/pcs/vibe_pcs_scramble.sv:40$804'.
  created $adff cell `$procdff$6678' with positive edge clock and positive level reset.
Creating register for signal `\vibe_pcs_scramble.\step$func$/workspace/rtl/pcs/vibe_pcs_scramble.sv:55$312.s' using process `\vibe_pcs_scramble.$proc$/workspace/rtl/pcs/vibe_pcs_scramble.sv:40$804'.
  created $adff cell `$procdff$6683' with positive edge clock and positive level reset.
Creating register for signal `\vibe_pcs_scramble.\step$func$/workspace/rtl/pcs/vibe_pcs_scramble.sv:55$313.$result' using process `\vibe_pcs_scramble.$proc$/workspace/rtl/pcs/vibe_pcs_scramble.sv:40$804'.
  created $adff cell `$procdff$6688' with positive edge clock and positive level reset.
Creating register for signal `\vibe_pcs_scramble.\step$func$/workspace/rtl/pcs/vibe_pcs_scramble.sv:55$313.s' using process `\vibe_pcs_scramble.$proc$/workspace/rtl/pcs/vibe_pcs_scramble.sv:40$804'.
  created $adff cell `$procdff$6693' with positive edge clock and positive level reset.
Creating register for signal `\vibe_pcs_scramble.\step$func$/workspace/rtl/pcs/vibe_pcs_scramble.sv:55$314.$result' using process `\vibe_pcs_scramble.$proc$/workspace/rtl/pcs/vibe_pcs_scramble.sv:40$804'.
  created $adff cell `$procdff$6698' with positive edge clock and positive level reset.
Creating register for signal `\vibe_pcs_scramble.\step$func$/workspace/rtl/pcs/vibe_pcs_scramble.sv:55$314.s' using process `\vibe_pcs_scramble.$proc$/workspace/rtl/pcs/vibe_pcs_scramble.sv:40$804'.
  created $adff cell `$procdff$6703' with positive edge clock and positive level reset.
Creating register for signal `\vibe_pcs_scramble.\step$func$/workspace/rtl/pcs/vibe_pcs_scramble.sv:55$315.$result' using process `\vibe_pcs_scramble.$proc$/workspace/rtl/pcs/vibe_pcs_scramble.sv:40$804'.
  created $adff cell `$procdff$6708' with positive edge clock and positive level reset.
Creating register for signal `\vibe_pcs_scramble.\step$func$/workspace/rtl/pcs/vibe_pcs_scramble.sv:55$315.s' using process `\vibe_pcs_scramble.$proc$/workspace/rtl/pcs/vibe_pcs_scramble.sv:40$804'.
  created $adff cell `$procdff$6713' with positive edge clock and positive level reset.
Creating register for signal `\vibe_pcs_scramble.\step$func$/workspace/rtl/pcs/vibe_pcs_scramble.sv:55$316.$result' using process `\vibe_pcs_scramble.$proc$/workspace/rtl/pcs/vibe_pcs_scramble.sv:40$804'.
  created $adff cell `$procdff$6718' with positive edge clock and positive level reset.
Creating register for signal `\vibe_pcs_scramble.\step$func$/workspace/rtl/pcs/vibe_pcs_scramble.sv:55$316.s' using process `\vibe_pcs_scramble.$proc$/workspace/rtl/pcs/vibe_pcs_scramble.sv:40$804'.
  created $adff cell `$procdff$6723' with positive edge clock and positive level reset.
Creating register for signal `\vibe_pcs_scramble.\step$func$/workspace/rtl/pcs/vibe_pcs_scramble.sv:55$317.$result' using process `\vibe_pcs_scramble.$proc$/workspace/rtl/pcs/vibe_pcs_scramble.sv:40$804'.
  created $adff cell `$procdff$6728' with positive edge clock and positive level reset.
Creating register for signal `\vibe_pcs_scramble.\step$func$/workspace/rtl/pcs/vibe_pcs_scramble.sv:55$317.s' using process `\vibe_pcs_scramble.$proc$/workspace/rtl/pcs/vibe_pcs_scramble.sv:40$804'.
  created $adff cell `$procdff$6733' with positive edge clock and positive level reset.
Creating register for signal `\vibe_pcs_scramble.\step$func$/workspace/rtl/pcs/vibe_pcs_scramble.sv:55$318.$result' using process `\vibe_pcs_scramble.$proc$/workspace/rtl/pcs/vibe_pcs_scramble.sv:40$804'.
  created $adff cell `$procdff$6738' with positive edge clock and positive level reset.
Creating register for signal `\vibe_pcs_scramble.\step$func$/workspace/rtl/pcs/vibe_pcs_scramble.sv:55$318.s' using process `\vibe_pcs_scramble.$proc$/workspace/rtl/pcs/vibe_pcs_scramble.sv:40$804'.
  created $adff cell `$procdff$6743' with positive edge clock and positive level reset.
Creating register for signal `\vibe_pcs_scramble.\step$func$/workspace/rtl/pcs/vibe_pcs_scramble.sv:55$319.$result' using process `\vibe_pcs_scramble.$proc$/workspace/rtl/pcs/vibe_pcs_scramble.sv:40$804'.
  created $adff cell `$procdff$6748' with positive edge clock and positive level reset.
Creating register for signal `\vibe_pcs_scramble.\step$func$/workspace/rtl/pcs/vibe_pcs_scramble.sv:55$319.s' using process `\vibe_pcs_scramble.$proc$/workspace/rtl/pcs/vibe_pcs_scramble.sv:40$804'.
  created $adff cell `$procdff$6753' with positive edge clock and positive level reset.
Creating register for signal `\vibe_pcs_scramble.\step$func$/workspace/rtl/pcs/vibe_pcs_scramble.sv:55$320.$result' using process `\vibe_pcs_scramble.$proc$/workspace/rtl/pcs/vibe_pcs_scramble.sv:40$804'.
  created $adff cell `$procdff$6758' with positive edge clock and positive level reset.
Creating register for signal `\vibe_pcs_scramble.\step$func$/workspace/rtl/pcs/vibe_pcs_scramble.sv:55$320.s' using process `\vibe_pcs_scramble.$proc$/workspace/rtl/pcs/vibe_pcs_scramble.sv:40$804'.
  created $adff cell `$procdff$6763' with positive edge clock and positive level reset.
Creating register for signal `\vibe_pcs_scramble.\step$func$/workspace/rtl/pcs/vibe_pcs_scramble.sv:55$321.$result' using process `\vibe_pcs_scramble.$proc$/workspace/rtl/pcs/vibe_pcs_scramble.sv:40$804'.
  created $adff cell `$procdff$6768' with positive edge clock and positive level reset.
Creating register for signal `\vibe_pcs_scramble.\step$func$/workspace/rtl/pcs/vibe_pcs_scramble.sv:55$321.s' using process `\vibe_pcs_scramble.$proc$/workspace/rtl/pcs/vibe_pcs_scramble.sv:40$804'.
  created $adff cell `$procdff$6773' with positive edge clock and positive level reset.
Creating register for signal `\vibe_pcs_scramble.\step$func$/workspace/rtl/pcs/vibe_pcs_scramble.sv:55$322.$result' using process `\vibe_pcs_scramble.$proc$/workspace/rtl/pcs/vibe_pcs_scramble.sv:40$804'.
  created $adff cell `$procdff$6778' with positive edge clock and positive level reset.
Creating register for signal `\vibe_pcs_scramble.\step$func$/workspace/rtl/pcs/vibe_pcs_scramble.sv:55$322.s' using process `\vibe_pcs_scramble.$proc$/workspace/rtl/pcs/vibe_pcs_scramble.sv:40$804'.
  created $adff cell `$procdff$6783' with positive edge clock and positive level reset.

yosys> proc_memwr

2.2.10. Executing PROC_MEMWR pass (convert process memory writes to cells).

yosys> proc_clean

2.2.11. Executing PROC_CLEAN pass (remove empty switches from decision trees).
Found and cleaned up 3 empty switches in `\vibe_pcs_scramble.$proc$/workspace/rtl/pcs/vibe_pcs_scramble.sv:40$804'.
Removing empty process `vibe_pcs_scramble.$proc$/workspace/rtl/pcs/vibe_pcs_scramble.sv:40$804'.
Removing empty process `vibe_pcs_scramble.$proc$/workspace/rtl/pcs/vibe_pcs_scramble.sv:28$323'.
Cleaned up 3 empty switches.

yosys> opt_expr -keepdc

2.2.12. Executing OPT_EXPR pass (perform const folding).
Optimizing module vibe_pcs_scramble.
<suppressed ~651 debug messages>

yosys> opt_expr

2.3. Executing OPT_EXPR pass (perform const folding).
Optimizing module vibe_pcs_scramble.

yosys> opt_clean

2.4. Executing OPT_CLEAN pass (remove unused cells and wires).
Finding unused cells or wires in module \vibe_pcs_scramble..
Removed 1615 unused cells and 4843 unused wires.
<suppressed ~1777 debug messages>

yosys> check

2.5. Executing CHECK pass (checking for obvious problems).
Checking module vibe_pcs_scramble...
Found and reported 0 problems.

yosys> opt -nodffe -nosdff

2.6. Executing OPT pass (performing simple optimizations).

yosys> opt_expr

2.6.1. Executing OPT_EXPR pass (perform const folding).
Optimizing module vibe_pcs_scramble.

yosys> opt_merge -nomux

2.6.2. Executing OPT_MERGE pass (detect identical cells).
Finding identical cells in module `\vibe_pcs_scramble'.
<suppressed ~477 debug messages>
Removed a total of 159 cells.

yosys> opt_muxtree

2.6.3. Executing OPT_MUXTREE pass (detect dead branches in mux trees).
Running muxtree optimizer on module \vibe_pcs_scramble..
  Creating internal representation of mux trees.
  Evaluating internal representation of mux trees.
  Analyzing evaluation results.
Removed 0 multiplexer ports.
<suppressed ~3 debug messages>

yosys> opt_reduce

2.6.4. Executing OPT_REDUCE pass (consolidate $*mux and $reduce_* inputs).
  Optimizing cells in module \vibe_pcs_scramble.
Performed a total of 0 changes.

yosys> opt_merge

2.6.5. Executing OPT_MERGE pass (detect identical cells).
Finding identical cells in module `\vibe_pcs_scramble'.
Removed a total of 0 cells.

yosys> opt_dff -nodffe -nosdff

2.6.6. Executing OPT_DFF pass (perform DFF optimizations).

yosys> opt_clean

2.6.7. Executing OPT_CLEAN pass (remove unused cells and wires).
Finding unused cells or wires in module \vibe_pcs_scramble..
Removed 0 unused cells and 159 unused wires.
<suppressed ~1 debug messages>

yosys> opt_expr

2.6.8. Executing OPT_EXPR pass (perform const folding).
Optimizing module vibe_pcs_scramble.

2.6.9. Rerunning OPT passes. (Maybe there is more to do..)

yosys> opt_muxtree

2.6.10. Executing OPT_MUXTREE pass (detect dead branches in mux trees).
Running muxtree optimizer on module \vibe_pcs_scramble..
  Creating internal representation of mux trees.
  Evaluating internal representation of mux trees.
  Analyzing evaluation results.
Removed 0 multiplexer ports.
<suppressed ~3 debug messages>

yosys> opt_reduce

2.6.11. Executing OPT_REDUCE pass (consolidate $*mux and $reduce_* inputs).
  Optimizing cells in module \vibe_pcs_scramble.
Performed a total of 0 changes.

yosys> opt_merge

2.6.12. Executing OPT_MERGE pass (detect identical cells).
Finding identical cells in module `\vibe_pcs_scramble'.
Removed a total of 0 cells.

yosys> opt_dff -nodffe -nosdff

2.6.13. Executing OPT_DFF pass (perform DFF optimizations).

yosys> opt_clean

2.6.14. Executing OPT_CLEAN pass (remove unused cells and wires).
Finding unused cells or wires in module \vibe_pcs_scramble..

yosys> opt_expr

2.6.15. Executing OPT_EXPR pass (perform const folding).
Optimizing module vibe_pcs_scramble.

2.6.16. Finished OPT passes. (There is nothing left to do.)

yosys> fsm

2.7. Executing FSM pass (extract and optimize FSM).

yosys> fsm_detect

2.7.1. Executing FSM_DETECT pass (finding FSMs in design).

yosys> fsm_extract

2.7.2. Executing FSM_EXTRACT pass (extracting FSM from design).

yosys> fsm_opt

2.7.3. Executing FSM_OPT pass (simple optimizations of FSMs).

yosys> opt_clean

2.7.4. Executing OPT_CLEAN pass (remove unused cells and wires).
Finding unused cells or wires in module \vibe_pcs_scramble..

yosys> fsm_opt

2.7.5. Executing FSM_OPT pass (simple optimizations of FSMs).

yosys> fsm_recode

2.7.6. Executing FSM_RECODE pass (re-assigning FSM state encoding).

yosys> fsm_info

2.7.7. Executing FSM_INFO pass (dumping all available information on FSM cells).

yosys> fsm_map

2.7.8. Executing FSM_MAP pass (mapping FSMs to basic logic).

yosys> opt

2.8. Executing OPT pass (performing simple optimizations).

yosys> opt_expr

2.8.1. Executing OPT_EXPR pass (perform const folding).
Optimizing module vibe_pcs_scramble.

yosys> opt_merge -nomux

2.8.2. Executing OPT_MERGE pass (detect identical cells).
Finding identical cells in module `\vibe_pcs_scramble'.
Removed a total of 0 cells.

yosys> opt_muxtree

2.8.3. Executing OPT_MUXTREE pass (detect dead branches in mux trees).
Running muxtree optimizer on module \vibe_pcs_scramble..
  Creating internal representation of mux trees.
  Evaluating internal representation of mux trees.
  Analyzing evaluation results.
Removed 0 multiplexer ports.
<suppressed ~3 debug messages>

yosys> opt_reduce

2.8.4. Executing OPT_REDUCE pass (consolidate $*mux and $reduce_* inputs).
  Optimizing cells in module \vibe_pcs_scramble.
Performed a total of 0 changes.

yosys> opt_merge

2.8.5. Executing OPT_MERGE pass (detect identical cells).
Finding identical cells in module `\vibe_pcs_scramble'.
Removed a total of 0 cells.

yosys> opt_dff

2.8.6. Executing OPT_DFF pass (perform DFF optimizations).
Adding EN signal on $procdff$5166 ($adff) from module vibe_pcs_scramble (D = $ternary$/workspace/rtl/pcs/vibe_pcs_scramble.sv:50$1767_Y, Q = \out_data).

yosys> opt_clean

2.8.7. Executing OPT_CLEAN pass (remove unused cells and wires).
Finding unused cells or wires in module \vibe_pcs_scramble..
Removed 1 unused cells and 1 unused wires.
<suppressed ~2 debug messages>

yosys> opt_expr

2.8.8. Executing OPT_EXPR pass (perform const folding).
Optimizing module vibe_pcs_scramble.

2.8.9. Rerunning OPT passes. (Maybe there is more to do..)

yosys> opt_muxtree

2.8.10. Executing OPT_MUXTREE pass (detect dead branches in mux trees).
Running muxtree optimizer on module \vibe_pcs_scramble..
  Creating internal representation of mux trees.
  Evaluating internal representation of mux trees.
  Analyzing evaluation results.
Removed 0 multiplexer ports.
<suppressed ~3 debug messages>

yosys> opt_reduce

2.8.11. Executing OPT_REDUCE pass (consolidate $*mux and $reduce_* inputs).
  Optimizing cells in module \vibe_pcs_scramble.
Performed a total of 0 changes.

yosys> opt_merge

2.8.12. Executing OPT_MERGE pass (detect identical cells).
Finding identical cells in module `\vibe_pcs_scramble'.
Removed a total of 0 cells.

yosys> opt_dff

2.8.13. Executing OPT_DFF pass (perform DFF optimizations).

yosys> opt_clean

2.8.14. Executing OPT_CLEAN pass (remove unused cells and wires).
Finding unused cells or wires in module \vibe_pcs_scramble..

yosys> opt_expr

2.8.15. Executing OPT_EXPR pass (perform const folding).
Optimizing module vibe_pcs_scramble.

2.8.16. Finished OPT passes. (There is nothing left to do.)

yosys> wreduce

2.9. Executing WREDUCE pass (reducing word size of cells).

yosys> peepopt

2.10. Executing PEEPOPT pass (run peephole optimizers).

yosys> opt_clean

2.11. Executing OPT_CLEAN pass (remove unused cells and wires).
Finding unused cells or wires in module \vibe_pcs_scramble..

yosys> alumacc

2.12. Executing ALUMACC pass (create $alu and $macc cells).
Extracting $alu and $macc cells in module vibe_pcs_scramble:
  created 0 $alu and 0 $macc cells.

yosys> share

2.13. Executing SHARE pass (SAT-based resource sharing).

yosys> opt

2.14. Executing OPT pass (performing simple optimizations).

yosys> opt_expr

2.14.1. Executing OPT_EXPR pass (perform const folding).
Optimizing module vibe_pcs_scramble.

yosys> opt_merge -nomux

2.14.2. Executing OPT_MERGE pass (detect identical cells).
Finding identical cells in module `\vibe_pcs_scramble'.
Removed a total of 0 cells.

yosys> opt_muxtree

2.14.3. Executing OPT_MUXTREE pass (detect dead branches in mux trees).
Running muxtree optimizer on module \vibe_pcs_scramble..
  Creating internal representation of mux trees.
  Evaluating internal representation of mux trees.
  Analyzing evaluation results.
Removed 0 multiplexer ports.
<suppressed ~3 debug messages>

yosys> opt_reduce

2.14.4. Executing OPT_REDUCE pass (consolidate $*mux and $reduce_* inputs).
  Optimizing cells in module \vibe_pcs_scramble.
Performed a total of 0 changes.

yosys> opt_merge

2.14.5. Executing OPT_MERGE pass (detect identical cells).
Finding identical cells in module `\vibe_pcs_scramble'.
Removed a total of 0 cells.

yosys> opt_dff

2.14.6. Executing OPT_DFF pass (perform DFF optimizations).

yosys> opt_clean

2.14.7. Executing OPT_CLEAN pass (remove unused cells and wires).
Finding unused cells or wires in module \vibe_pcs_scramble..

yosys> opt_expr

2.14.8. Executing OPT_EXPR pass (perform const folding).
Optimizing module vibe_pcs_scramble.

2.14.9. Finished OPT passes. (There is nothing left to do.)

yosys> memory -nomap

2.15. Executing MEMORY pass.

yosys> opt_mem

2.15.1. Executing OPT_MEM pass (optimize memories).
Performed a total of 0 transformations.

yosys> opt_mem_priority

2.15.2. Executing OPT_MEM_PRIORITY pass (removing unnecessary memory write priority relations).
Performed a total of 0 transformations.

yosys> opt_mem_feedback

2.15.3. Executing OPT_MEM_FEEDBACK pass (finding memory read-to-write feedback paths).

yosys> memory_bmux2rom

2.15.4. Executing MEMORY_BMUX2ROM pass (converting muxes to ROMs).

yosys> memory_dff

2.15.5. Executing MEMORY_DFF pass (merging $dff cells to $memrd).

yosys> opt_clean

2.15.6. Executing OPT_CLEAN pass (remove unused cells and wires).
Finding unused cells or wires in module \vibe_pcs_scramble..

yosys> memory_share

2.15.7. Executing MEMORY_SHARE pass (consolidating $memrd/$memwr cells).

yosys> opt_mem_widen

2.15.8. Executing OPT_MEM_WIDEN pass (optimize memories where all ports are wide).
Performed a total of 0 transformations.

yosys> opt_clean

2.15.9. Executing OPT_CLEAN pass (remove unused cells and wires).
Finding unused cells or wires in module \vibe_pcs_scramble..

yosys> memory_collect

2.15.10. Executing MEMORY_COLLECT pass (generating $mem cells).

yosys> opt_clean

2.16. Executing OPT_CLEAN pass (remove unused cells and wires).
Finding unused cells or wires in module \vibe_pcs_scramble..

yosys> tee -o /workspace/reports/synth/blocks/vibe_pcs_scramble/hierarchy.rpt stat

yosys> stat

3. Printing statistics.

=== vibe_pcs_scramble ===

   Number of wires:                179
   Number of wire bits:           4636
   Number of public wires:         173
   Number of public wire bits:    4246
   Number of ports:                  9
   Number of port bits:            328
   Number of memories:               0
   Number of memory bits:            0
   Number of processes:              0
   Number of cells:                168
     $adff                           2
     $adffe                          1
     $mux                            4
     $xor                          161


yosys> opt -fast -full

4. Executing OPT pass (performing simple optimizations).

yosys> opt_expr -full

4.1. Executing OPT_EXPR pass (perform const folding).
Optimizing module vibe_pcs_scramble.
<suppressed ~1 debug messages>

yosys> opt_merge

4.2. Executing OPT_MERGE pass (detect identical cells).
Finding identical cells in module `\vibe_pcs_scramble'.
Removed a total of 0 cells.

yosys> opt_dff

4.3. Executing OPT_DFF pass (perform DFF optimizations).

yosys> opt_clean

4.4. Executing OPT_CLEAN pass (remove unused cells and wires).
Finding unused cells or wires in module \vibe_pcs_scramble..

4.5. Finished fast OPT passes.

yosys> techmap

5. Executing TECHMAP pass (map to technology primitives).

5.1. Executing Verilog-2005 frontend: /tmp/oss-cad/oss-cad-suite/lib/../share/yosys/techmap.v
Parsing Verilog input from `/tmp/oss-cad/oss-cad-suite/lib/../share/yosys/techmap.v' to AST representation.
Generating RTLIL representation for module `\_90_simplemap_bool_ops'.
Generating RTLIL representation for module `\_90_simplemap_reduce_ops'.
Generating RTLIL representation for module `\_90_simplemap_logic_ops'.
Generating RTLIL representation for module `\_90_simplemap_compare_ops'.
Generating RTLIL representation for module `\_90_simplemap_various'.
Generating RTLIL representation for module `\_90_simplemap_registers'.
Generating RTLIL representation for module `\_90_shift_ops_shr_shl_sshl_sshr'.
Generating RTLIL representation for module `\_90_shift_shiftx'.
Generating RTLIL representation for module `\_90_fa'.
Generating RTLIL representation for module `\_90_lcu_brent_kung'.
Generating RTLIL representation for module `\_90_alu'.
Generating RTLIL representation for module `\_90_macc'.
Generating RTLIL representation for module `\_90_alumacc'.
Generating RTLIL representation for module `\$__div_mod_u'.
Generating RTLIL representation for module `\$__div_mod_trunc'.
Generating RTLIL representation for module `\_90_div'.
Generating RTLIL representation for module `\_90_mod'.
Generating RTLIL representation for module `\$__div_mod_floor'.
Generating RTLIL representation for module `\_90_divfloor'.
Generating RTLIL representation for module `\_90_modfloor'.
Generating RTLIL representation for module `\_90_pow'.
Generating RTLIL representation for module `\_90_pmux'.
Generating RTLIL representation for module `\_90_demux'.
Generating RTLIL representation for module `\_90_lut'.
Successfully finished Verilog frontend.

5.2. Continuing TECHMAP pass.
Using extmapper simplemap for cells of type $xor.
Using extmapper simplemap for cells of type $mux.
Using extmapper simplemap for cells of type $adffe.
Using extmapper simplemap for cells of type $adff.
No more expansions possible.
<suppressed ~243 debug messages>

yosys> opt -fast

6. Executing OPT pass (performing simple optimizations).

yosys> opt_expr

6.1. Executing OPT_EXPR pass (perform const folding).
Optimizing module vibe_pcs_scramble.

yosys> opt_merge

6.2. Executing OPT_MERGE pass (detect identical cells).
Finding identical cells in module `\vibe_pcs_scramble'.
Removed a total of 0 cells.

yosys> opt_dff

6.3. Executing OPT_DFF pass (perform DFF optimizations).

yosys> opt_clean

6.4. Executing OPT_CLEAN pass (remove unused cells and wires).
Finding unused cells or wires in module \vibe_pcs_scramble..

6.5. Finished fast OPT passes.

yosys> dfflibmap -liberty /workspace/scripts/synth/work/sky130_fd_sc_hd__tt_025C_1v80.lib

7. Executing DFFLIBMAP pass (mapping DFF cells to sequential cells from liberty file).
  cell sky130_fd_sc_hd__dfxtp_1 (noninv, pins=3, area=20.02) is a direct match for cell type $_DFF_P_.
  cell sky130_fd_sc_hd__dfrtn_1 (noninv, pins=4, area=25.02) is a direct match for cell type $_DFF_NN0_.
  cell sky130_fd_sc_hd__dfrtp_1 (noninv, pins=4, area=25.02) is a direct match for cell type $_DFF_PN0_.
  cell sky130_fd_sc_hd__dfstp_2 (noninv, pins=4, area=26.28) is a direct match for cell type $_DFF_PN1_.
  cell sky130_fd_sc_hd__edfxtp_1 (noninv, pins=4, area=30.03) is a direct match for cell type $_DFFE_PP_.
  cell sky130_fd_sc_hd__dfbbn_1 (noninv, pins=6, area=32.53) is a direct match for cell type $_DFFSR_NNN_.
  cell sky130_fd_sc_hd__dfbbp_1 (noninv, pins=6, area=32.53) is a direct match for cell type $_DFFSR_PNN_.
  final dff cell mappings:
    unmapped dff cell: $_DFF_N_
    \sky130_fd_sc_hd__dfxtp_1 _DFF_P_ (.CLK( C), .D( D), .Q( Q));
    \sky130_fd_sc_hd__dfrtn_1 _DFF_NN0_ (.CLK_N( C), .D( D), .Q( Q), .RESET_B( R));
    unmapped dff cell: $_DFF_NN1_
    unmapped dff cell: $_DFF_NP0_
    unmapped dff cell: $_DFF_NP1_
    \sky130_fd_sc_hd__dfrtp_1 _DFF_PN0_ (.CLK( C), .D( D), .Q( Q), .RESET_B( R));
    \sky130_fd_sc_hd__dfstp_2 _DFF_PN1_ (.CLK( C), .D( D), .Q( Q), .SET_B( R));
    unmapped dff cell: $_DFF_PP0_
    unmapped dff cell: $_DFF_PP1_
    unmapped dff cell: $_DFFE_NN_
    unmapped dff cell: $_DFFE_NP_
    unmapped dff cell: $_DFFE_PN_
    \sky130_fd_sc_hd__edfxtp_1 _DFFE_PP_ (.CLK( C), .D( D), .DE( E), .Q( Q));
    \sky130_fd_sc_hd__dfbbn_1 _DFFSR_NNN_ (.CLK_N( C), .D( D), .Q( Q), .Q_N(~Q), .RESET_B( R), .SET_B( S));
    unmapped dff cell: $_DFFSR_NNP_
    unmapped dff cell: $_DFFSR_NPN_
    unmapped dff cell: $_DFFSR_NPP_
    \sky130_fd_sc_hd__dfbbp_1 _DFFSR_PNN_ (.CLK( C), .D( D), .Q( Q), .Q_N(~Q), .RESET_B( R), .SET_B( S));
    unmapped dff cell: $_DFFSR_PNP_
    unmapped dff cell: $_DFFSR_PPN_
    unmapped dff cell: $_DFFSR_PPP_

yosys> dfflegalize -cell $_DFF_P_ 01 -cell $_DFFE_PP_ 01 -cell $_DFF_NN0_ 01 -cell $_DFF_PN0_ 01 -cell $_DFF_PN1_ 01 -cell $_DFFSR_NNN_ 01 -cell $_DFFSR_PNN_ 01 t:$_DFF* t:$_SDFF*

7.1. Executing DFFLEGALIZE pass (convert FFs to types supported by the target).
<suppressed ~24 debug messages>
Mapping DFF cells in module `\vibe_pcs_scramble':
  mapped 183 $_DFF_PN0_ cells to \sky130_fd_sc_hd__dfrtp_1 cells.
  mapped 1 $_DFF_PN1_ cells to \sky130_fd_sc_hd__dfstp_2 cells.

yosys> abc -liberty /workspace/scripts/synth/work/sky130_fd_sc_hd__tt_025C_1v80.lib

8. Executing ABC pass (technology mapping using ABC).

8.1. Extracting gate netlist of module `\vibe_pcs_scramble' to `<abc-temp-dir>/input.blif'..
Extracted 709 gates and 1059 wires to a netlist network with 348 inputs and 183 outputs.

8.1.1. Executing ABC.
Running ABC command: "<yosys-exe-dir>/yosys-abc" -s -f <abc-temp-dir>/abc.script 2>&1
ABC: ABC command line: "source <abc-temp-dir>/abc.script".
ABC: 
ABC: + read_blif <abc-temp-dir>/input.blif 
ABC: + read_lib -w /workspace/scripts/synth/work/sky130_fd_sc_hd__tt_025C_1v80.lib 
ABC: Parsing finished successfully.  Parsing time =     0.06 sec
ABC: Scl_LibertyReadGenlib() skipped cell "sky130_fd_sc_hd__decap_12" without logic function.
ABC: Scl_LibertyReadGenlib() skipped cell "sky130_fd_sc_hd__decap_3" without logic function.
ABC: Scl_LibertyReadGenlib() skipped cell "sky130_fd_sc_hd__decap_4" without logic function.
ABC: Scl_LibertyReadGenlib() skipped cell "sky130_fd_sc_hd__decap_6" without logic function.
ABC: Scl_LibertyReadGenlib() skipped cell "sky130_fd_sc_hd__decap_8" without logic function.
ABC: Scl_LibertyReadGenlib() skipped sequential cell "sky130_fd_sc_hd__dfbbn_1".
ABC: Scl_LibertyReadGenlib() skipped sequential cell "sky130_fd_sc_hd__dfbbn_2".
ABC: Scl_LibertyReadGenlib() skipped sequential cell "sky130_fd_sc_hd__dfbbp_1".
ABC: Scl_LibertyReadGenlib() skipped sequential cell "sky130_fd_sc_hd__dfrbp_1".
ABC: Scl_LibertyReadGenlib() skipped sequential cell "sky130_fd_sc_hd__dfrbp_2".
ABC: Scl_LibertyReadGenlib() skipped sequential cell "sky130_fd_sc_hd__dfrtn_1".
ABC: Scl_LibertyReadGenlib() skipped sequential cell "sky130_fd_sc_hd__dfrtp_1".
ABC: Scl_LibertyReadGenlib() skipped sequential cell "sky130_fd_sc_hd__dfrtp_2".
ABC: Scl_LibertyReadGenlib() skipped sequential cell "sky130_fd_sc_hd__dfrtp_4".
ABC: Scl_LibertyReadGenlib() skipped sequential cell "sky130_fd_sc_hd__dfsbp_1".
ABC: Scl_LibertyReadGenlib() skipped sequential cell "sky130_fd_sc_hd__dfsbp_2".
ABC: Scl_LibertyReadGenlib() skipped sequential cell "sky130_fd_sc_hd__dfstp_1".
ABC: Scl_LibertyReadGenlib() skipped sequential cell "sky130_fd_sc_hd__dfstp_2".
ABC: Scl_LibertyReadGenlib() skipped sequential cell "sky130_fd_sc_hd__dfstp_4".
ABC: Scl_LibertyReadGenlib() skipped sequential cell "sky130_fd_sc_hd__dfxbp_1".
ABC: Scl_LibertyReadGenlib() skipped sequential cell "sky130_fd_sc_hd__dfxbp_2".
ABC: Scl_LibertyReadGenlib() skipped sequential cell "sky130_fd_sc_hd__dfxtp_1".
ABC: Scl_LibertyReadGenlib() skipped sequential cell "sky130_fd_sc_hd__dfxtp_2".
ABC: Scl_LibertyReadGenlib() skipped sequential cell "sky130_fd_sc_hd__dfxtp_4".
ABC: Scl_LibertyReadGenlib() skipped cell "sky130_fd_sc_hd__diode_2" without logic function.
ABC: Scl_LibertyReadGenlib() skipped cell "sky130_fd_sc_hd__dlclkp_1" without logic function.
ABC: Scl_LibertyReadGenlib() skipped cell "sky130_fd_sc_hd__dlclkp_2" without logic function.
ABC: Scl_LibertyReadGenlib() skipped cell "sky130_fd_sc_hd__dlclkp_4" without logic function.
ABC: Scl_LibertyReadGenlib() skipped sequential cell "sky130_fd_sc_hd__dlrbn_1".
ABC: Scl_LibertyReadGenlib() skipped sequential cell "sky130_fd_sc_hd__dlrbn_2".
ABC: Scl_LibertyReadGenlib() skipped sequential cell "sky130_fd_sc_hd__dlrbp_1".
ABC: Scl_LibertyReadGenlib() skipped sequential cell "sky130_fd_sc_hd__dlrbp_2".
ABC: Scl_LibertyReadGenlib() skipped sequential cell "sky130_fd_sc_hd__dlrtn_1".
ABC: Scl_LibertyReadGenlib() skipped sequential cell "sky130_fd_sc_hd__dlrtn_2".
ABC: Scl_LibertyReadGenlib() skipped sequential cell "sky130_fd_sc_hd__dlrtn_4".
ABC: Scl_LibertyReadGenlib() skipped sequential cell "sky130_fd_sc_hd__dlrtp_1".
ABC: Scl_LibertyReadGenlib() skipped sequential cell "sky130_fd_sc_hd__dlrtp_2".
ABC: Scl_LibertyReadGenlib() skipped sequential cell "sky130_fd_sc_hd__dlrtp_4".
ABC: Scl_LibertyReadGenlib() skipped sequential cell "sky130_fd_sc_hd__dlxbn_1".
ABC: Scl_LibertyReadGenlib() skipped sequential cell "sky130_fd_sc_hd__dlxbn_2".
ABC: Scl_LibertyReadGenlib() skipped sequential cell "sky130_fd_sc_hd__dlxbp_1".
ABC: Scl_LibertyReadGenlib() skipped sequential cell "sky130_fd_sc_hd__dlxtn_1".
ABC: Scl_LibertyReadGenlib() skipped sequential cell "sky130_fd_sc_hd__dlxtn_2".
ABC: Scl_LibertyReadGenlib() skipped sequential cell "sky130_fd_sc_hd__dlxtn_4".
ABC: Scl_LibertyReadGenlib() skipped sequential cell "sky130_fd_sc_hd__dlxtp_1".
ABC: Scl_LibertyReadGenlib() skipped three-state cell "sky130_fd_sc_hd__ebufn_1".
ABC: Scl_LibertyReadGenlib() skipped three-state cell "sky130_fd_sc_hd__ebufn_2".
ABC: Scl_LibertyReadGenlib() skipped three-state cell "sky130_fd_sc_hd__ebufn_4".
ABC: Scl_LibertyReadGenlib() skipped three-state cell "sky130_fd_sc_hd__ebufn_8".
ABC: Scl_LibertyReadGenlib() skipped sequential cell "sky130_fd_sc_hd__edfxbp_1".
ABC: Scl_LibertyReadGenlib() skipped sequential cell "sky130_fd_sc_hd__edfxtp_1".
ABC: Scl_LibertyReadGenlib() skipped three-state cell "sky130_fd_sc_hd__einvn_0".
ABC: Scl_LibertyReadGenlib() skipped three-state cell "sky130_fd_sc_hd__einvn_1".
ABC: Scl_LibertyReadGenlib() skipped three-state cell "sky130_fd_sc_hd__einvn_2".
ABC: Scl_LibertyReadGenlib() skipped three-state cell "sky130_fd_sc_hd__einvn_4".
ABC: Scl_LibertyReadGenlib() skipped three-state cell "sky130_fd_sc_hd__einvn_8".
ABC: Scl_LibertyReadGenlib() skipped three-state cell "sky130_fd_sc_hd__einvp_1".
ABC: Scl_LibertyReadGenlib() skipped three-state cell "sky130_fd_sc_hd__einvp_2".
ABC: Scl_LibertyReadGenlib() skipped three-state cell "sky130_fd_sc_hd__einvp_4".
ABC: Scl_LibertyReadGenlib() skipped three-state cell "sky130_fd_sc_hd__einvp_8".
ABC: Scl_LibertyReadGenlib() skipped cell "sky130_fd_sc_hd__lpflow_bleeder_1" without logic function.
ABC: Scl_LibertyReadGenlib() skipped cell "sky130_fd_sc_hd__lpflow_decapkapwr_12" without logic function.
ABC: Scl_LibertyReadGenlib() skipped cell "sky130_fd_sc_hd__lpflow_decapkapwr_3" without logic function.
ABC: Scl_LibertyReadGenlib() skipped cell "sky130_fd_sc_hd__lpflow_decapkapwr_4" without logic function.
ABC: Scl_LibertyReadGenlib() skipped cell "sky130_fd_sc_hd__lpflow_decapkapwr_6" without logic function.
ABC: Scl_LibertyReadGenlib() skipped cell "sky130_fd_sc_hd__lpflow_decapkapwr_8" without logic function.
ABC: Scl_LibertyReadGenlib() skipped sequential cell "sky130_fd_sc_hd__lpflow_inputisolatch_1".
ABC: Scl_LibertyReadGenlib() skipped sequential cell "sky130_fd_sc_hd__sdfbbn_1".
ABC: Scl_LibertyReadGenlib() skipped sequential cell "sky130_fd_sc_hd__sdfbbn_2".
ABC: Scl_LibertyReadGenlib() skipped sequential cell "sky130_fd_sc_hd__sdfbbp_1".
ABC: Scl_LibertyReadGenlib() skipped sequential cell "sky130_fd_sc_hd__sdfrbp_1".
ABC: Scl_LibertyReadGenlib() skipped sequential cell "sky130_fd_sc_hd__sdfrbp_2".
ABC: Scl_LibertyReadGenlib() skipped sequential cell "sky130_fd_sc_hd__sdfrtn_1".
ABC: Scl_LibertyReadGenlib() skipped sequential cell "sky130_fd_sc_hd__sdfrtp_1".
ABC: Scl_LibertyReadGenlib() skipped sequential cell "sky130_fd_sc_hd__sdfrtp_2".
ABC: Scl_LibertyReadGenlib() skipped sequential cell "sky130_fd_sc_hd__sdfrtp_4".
ABC: Scl_LibertyReadGenlib() skipped sequential cell "sky130_fd_sc_hd__sdfsbp_1".
ABC: Scl_LibertyReadGenlib() skipped sequential cell "sky130_fd_sc_hd__sdfsbp_2".
ABC: Scl_LibertyReadGenlib() skipped sequential cell "sky130_fd_sc_hd__sdfstp_1".
ABC: Scl_LibertyReadGenlib() skipped sequential cell "sky130_fd_sc_hd__sdfstp_2".
ABC: Scl_LibertyReadGenlib() skipped sequential cell "sky130_fd_sc_hd__sdfstp_4".
ABC: Scl_LibertyReadGenlib() skipped sequential cell "sky130_fd_sc_hd__sdfxbp_1".
ABC: Scl_LibertyReadGenlib() skipped sequential cell "sky130_fd_sc_hd__sdfxbp_2".
ABC: Scl_LibertyReadGenlib() skipped sequential cell "sky130_fd_sc_hd__sdfxtp_1".
ABC: Scl_LibertyReadGenlib() skipped sequential cell "sky130_fd_sc_hd__sdfxtp_2".
ABC: Scl_LibertyReadGenlib() skipped sequential cell "sky130_fd_sc_hd__sdfxtp_4".
ABC: Scl_LibertyReadGenlib() skipped cell "sky130_fd_sc_hd__sdlclkp_1" without logic function.
ABC: Scl_LibertyReadGenlib() skipped cell "sky130_fd_sc_hd__sdlclkp_2" without logic function.
ABC: Scl_LibertyReadGenlib() skipped cell "sky130_fd_sc_hd__sdlclkp_4" without logic function.
ABC: Scl_LibertyReadGenlib() skipped sequential cell "sky130_fd_sc_hd__sedfxbp_1".
ABC: Scl_LibertyReadGenlib() skipped sequential cell "sky130_fd_sc_hd__sedfxbp_2".
ABC: Scl_LibertyReadGenlib() skipped sequential cell "sky130_fd_sc_hd__sedfxtp_1".
ABC: Scl_LibertyReadGenlib() skipped sequential cell "sky130_fd_sc_hd__sedfxtp_2".
ABC: Scl_LibertyReadGenlib() skipped sequential cell "sky130_fd_sc_hd__sedfxtp_4".
ABC: Library "sky130_fd_sc_hd__tt_025C_1v80" from "/workspace/scripts/synth/work/sky130_fd_sc_hd__tt_025C_1v80.lib" has 334 cells (94 skipped: 63 seq; 13 tri-state; 18 no func; 0 dont_use).  Time =     0.09 sec
ABC: Memory =   19.81 MB. Time =     0.09 sec
ABC: Warning: Detected 9 multi-output gates (for example, "sky130_fd_sc_hd__fa_1").
ABC: + strash 
ABC: + &get -n 
ABC: + &fraig -x 
ABC: + &put 
ABC: + scorr 
ABC: Warning: The network is combinational (run "fraig" or "fraig_sweep").
ABC: + dc2 
ABC: + dretime 
ABC: + strash 
ABC: + &get -n 
ABC: + &dch -f 
ABC: + &nf 
ABC: + &put 
ABC: + write_blif <abc-temp-dir>/output.blif 

8.1.2. Re-integrating ABC results.
ABC RESULTS:   sky130_fd_sc_hd__a21o_1 cells:        4
ABC RESULTS:   sky130_fd_sc_hd__a21oi_1 cells:      154
ABC RESULTS:   sky130_fd_sc_hd__a22o_1 cells:       14
ABC RESULTS:   sky130_fd_sc_hd__a22oi_1 cells:       13
ABC RESULTS:   sky130_fd_sc_hd__a2bb2oi_1 cells:        1
ABC RESULTS:   sky130_fd_sc_hd__a31oi_1 cells:        5
ABC RESULTS:   sky130_fd_sc_hd__and2_0 cells:        4
ABC RESULTS:   sky130_fd_sc_hd__clkinv_1 cells:        2
ABC RESULTS:   sky130_fd_sc_hd__lpflow_inputiso1p_1 cells:        3
ABC RESULTS:   sky130_fd_sc_hd__lpflow_isobufsrc_1 cells:        1
ABC RESULTS:   sky130_fd_sc_hd__mux2_1 cells:        4
ABC RESULTS:   sky130_fd_sc_hd__mux2i_1 cells:        2
ABC RESULTS:   sky130_fd_sc_hd__nand2_1 cells:      102
ABC RESULTS:   sky130_fd_sc_hd__nand2b_1 cells:        1
ABC RESULTS:   sky130_fd_sc_hd__nand3_1 cells:        3
ABC RESULTS:   sky130_fd_sc_hd__nand3b_1 cells:        1
ABC RESULTS:   sky130_fd_sc_hd__nor2_1 cells:      193
ABC RESULTS:   sky130_fd_sc_hd__nor2b_1 cells:        1
ABC RESULTS:   sky130_fd_sc_hd__o21ai_0 cells:       14
ABC RESULTS:   sky130_fd_sc_hd__o22a_1 cells:        3
ABC RESULTS:   sky130_fd_sc_hd__o22ai_1 cells:        2
ABC RESULTS:   sky130_fd_sc_hd__o31ai_1 cells:        1
ABC RESULTS:   sky130_fd_sc_hd__o32ai_1 cells:        1
ABC RESULTS:   sky130_fd_sc_hd__or3_1 cells:        4
ABC RESULTS:   sky130_fd_sc_hd__xnor2_1 cells:      127
ABC RESULTS:   sky130_fd_sc_hd__xnor3_1 cells:       16
ABC RESULTS:   sky130_fd_sc_hd__xor2_1 cells:      141
ABC RESULTS:   sky130_fd_sc_hd__xor3_1 cells:        5
ABC RESULTS:        internal signals:      528
ABC RESULTS:           input signals:      348
ABC RESULTS:          output signals:      183
Removing temp directory.

yosys> opt_clean

9. Executing OPT_CLEAN pass (remove unused cells and wires).
Finding unused cells or wires in module \vibe_pcs_scramble..
Removed 0 unused cells and 536 unused wires.
<suppressed ~1 debug messages>

yosys> tee -o /workspace/reports/synth/blocks/vibe_pcs_scramble/stat.rpt stat -liberty /workspace/scripts/synth/work/sky130_fd_sc_hd__tt_025C_1v80.lib

yosys> stat -liberty /workspace/scripts/synth/work/sky130_fd_sc_hd__tt_025C_1v80.lib

10. Printing statistics.

=== vibe_pcs_scramble ===

   Number of wires:                973
   Number of wire bits:           5068
   Number of public wires:         173
   Number of public wire bits:    4246
   Number of ports:                  9
   Number of port bits:            328
   Number of memories:               0
   Number of memory bits:            0
   Number of processes:              0
   Number of cells:               1006
     sky130_fd_sc_hd__a21o_1         4
     sky130_fd_sc_hd__a21oi_1      154
     sky130_fd_sc_hd__a22o_1        14
     sky130_fd_sc_hd__a22oi_1       13
     sky130_fd_sc_hd__a2bb2oi_1      1
     sky130_fd_sc_hd__a31oi_1        5
     sky130_fd_sc_hd__and2_0         4
     sky130_fd_sc_hd__clkinv_1       2
     sky130_fd_sc_hd__dfrtp_1      183
     sky130_fd_sc_hd__dfstp_2        1
     sky130_fd_sc_hd__lpflow_inputiso1p_1      3
     sky130_fd_sc_hd__lpflow_isobufsrc_1      1
     sky130_fd_sc_hd__mux2_1         4
     sky130_fd_sc_hd__mux2i_1        2
     sky130_fd_sc_hd__nand2_1      102
     sky130_fd_sc_hd__nand2b_1       1
     sky130_fd_sc_hd__nand3_1        3
     sky130_fd_sc_hd__nand3b_1       1
     sky130_fd_sc_hd__nor2_1       193
     sky130_fd_sc_hd__nor2b_1        1
     sky130_fd_sc_hd__o21ai_0       14
     sky130_fd_sc_hd__o22a_1         3
     sky130_fd_sc_hd__o22ai_1        2
     sky130_fd_sc_hd__o31ai_1        1
     sky130_fd_sc_hd__o32ai_1        1
     sky130_fd_sc_hd__or3_1          4
     sky130_fd_sc_hd__xnor2_1      127
     sky130_fd_sc_hd__xnor3_1       16
     sky130_fd_sc_hd__xor2_1       141
     sky130_fd_sc_hd__xor3_1         5

   Chip area for module '\vibe_pcs_scramble': 9908.252800
     of which used for sequential elements: 4605.667200 (46.48%)


yosys> write_verilog -noattr /workspace/scripts/synth/work/blocks/vibe_pcs_scramble/vibe_pcs_scramble.synth.v

11. Executing Verilog backend.

yosys> bmuxmap

11.1. Executing BMUXMAP pass.

yosys> demuxmap

11.2. Executing DEMUXMAP pass.

yosys> clean_zerowidth
Dumping module `\vibe_pcs_scramble'.

End of script. Logfile hash: 4113f0e37a, CPU: user 0.85s system 0.02s, MEM: 46.12 MB peak
Yosys 0.54+29 (git sha1 7b0c1fe49, clang++ 18.1.8 -fPIC -O3)
Time spent: 33% 1x proc_mux (0 sec), 22% 1x abc (0 sec), ...
