
 /----------------------------------------------------------------------------\
 |  yosys -- Yosys Open SYnthesis Suite                                       |
 |  Copyright (C) 2012 - 2025  Claire Xenia Wolf <claire@yosyshq.com>         |
 |  Distributed under an ISC-like license, type "license" to see terms        |
 \----------------------------------------------------------------------------/
 Yosys 0.54+29 (git sha1 7b0c1fe49, clang++ 18.1.8 -fPIC -O3)

-- Executing script file `/workspace/scripts/synth/work/blocks/vibe_dll_tx/vibe_dll_tx.ys' --
Disabled timestamp in logs.
echo on

yosys> read_verilog -sv -I /workspace/rtl/common /workspace/rtl/dll/vibe_dll_tx.sv

1. Executing Verilog-2005 frontend: /workspace/rtl/dll/vibe_dll_tx.sv
Parsing SystemVerilog input from `/workspace/rtl/dll/vibe_dll_tx.sv' to AST representation.
Generating RTLIL representation for module `\vibe_dll_tx'.
Warning: Replacing memory \fq with list of registers. See /workspace/rtl/dll/vibe_dll_tx.sv:177
Warning: Replacing memory \fq_nxt with list of registers. See /workspace/rtl/dll/vibe_dll_tx.sv:134
Successfully finished Verilog frontend.

yosys> synth -top vibe_dll_tx -run :fine

2. Executing SYNTH pass.

yosys> hierarchy -check -top vibe_dll_tx

2.1. Executing HIERARCHY pass (managing design hierarchy).

2.1.1. Analyzing design hierarchy..
Top module:  \vibe_dll_tx

2.1.2. Analyzing design hierarchy..
Top module:  \vibe_dll_tx
Removed 0 unused modules.

yosys> proc

2.2. Executing PROC pass (convert processes to netlists).

yosys> proc_clean

2.2.1. Executing PROC_CLEAN pass (remove empty switches from decision trees).
Cleaned up 0 empty switches.

yosys> proc_rmdead

2.2.2. Executing PROC_RMDEAD pass (remove dead branches from decision trees).
Marked 2 switch rules as full_case in process $proc$/workspace/rtl/common/vibe_ub_fn.vh:0$819 in module vibe_dll_tx.
Marked 6 switch rules as full_case in process $proc$/workspace/rtl/dll/vibe_dll_tx.sv:167$802 in module vibe_dll_tx.
Removed 7 dead cases from process $proc$/workspace/rtl/dll/vibe_dll_tx.sv:132$736 in module vibe_dll_tx.
Marked 17 switch rules as full_case in process $proc$/workspace/rtl/dll/vibe_dll_tx.sv:132$736 in module vibe_dll_tx.
Marked 2 switch rules as full_case in process $proc$/workspace/rtl/dll/vibe_dll_tx.sv:91$711 in module vibe_dll_tx.
Removed a total of 7 dead cases.

yosys> proc_prune

2.2.3. Executing PROC_PRUNE pass (remove redundant assignments in processes).
Removed 1 redundant assignment.
Promoted 2626 assignments to connections.

yosys> proc_init

2.2.4. Executing PROC_INIT pass (extract init attributes).

yosys> proc_arst

2.2.5. Executing PROC_ARST pass (detect async resets in processes).
Found async reset \rst_n in `\vibe_dll_tx.$proc$/workspace/rtl/dll/vibe_dll_tx.sv:167$802'.

yosys> proc_rom

2.2.6. Executing PROC_ROM pass (convert switches to ROMs).
Converted 0 switches.
<suppressed ~30 debug messages>

yosys> proc_mux

2.2.7. Executing PROC_MUX pass (convert decision trees to multiplexers).
Creating decoders for process `\vibe_dll_tx.$proc$/workspace/rtl/common/vibe_ub_fn.vh:0$5343'.
Creating decoders for process `\vibe_dll_tx.$proc$/workspace/rtl/dll/vibe_dll_tx.sv:0$4217'.
Creating decoders for process `\vibe_dll_tx.$proc$/workspace/rtl/dll/vibe_dll_tx.sv:0$3091'.
Creating decoders for process `\vibe_dll_tx.$proc$/workspace/rtl/dll/vibe_dll_tx.sv:0$1965'.
Creating decoders for process `\vibe_dll_tx.$proc$/workspace/rtl/dll/vibe_dll_tx.sv:0$840'.
Creating decoders for process `\vibe_dll_tx.$proc$/workspace/rtl/common/vibe_ub_fn.vh:0$819'.
     1/2: $2\vibe_decl_flits$func$/workspace/rtl/common/vibe_ub_fn.vh:115$20.$result[31:0]$838
     2/2: $1\vibe_decl_flits$func$/workspace/rtl/common/vibe_ub_fn.vh:115$20.$result[31:0]$836
Creating decoders for process `\vibe_dll_tx.$proc$/workspace/rtl/common/vibe_ub_fn.vh:0$815'.
Creating decoders for process `\vibe_dll_tx.$proc$/workspace/rtl/dll/vibe_dll_tx.sv:167$802'.
     1/17: $0\fq_n[3:0]
     2/17: $4\k[31:0]
     3/17: $3\k[31:0]
     4/17: $0\fq[7][159:0]
     5/17: $0\fq[6][159:0]
     6/17: $0\fq[5][159:0]
     7/17: $0\fq[4][159:0]
     8/17: $0\fq[3][159:0]
     9/17: $0\fq[2][159:0]
    10/17: $0\fq[1][159:0]
    11/17: $0\fq[0][159:0]
    12/17: $0\pkt_left[15:0]
    13/17: $0\pkt_act[0:0]
    14/17: $0\rem_b[4:0]
    15/17: $0\rem_lj[159:0]
    16/17: $0\pcs_vld[0:0]
    17/17: $0\pcs_data[639:0]
Creating decoders for process `\vibe_dll_tx.$proc$/workspace/rtl/dll/vibe_dll_tx.sv:132$736'.
     1/177: $17\fq_nxt[0][159:0]
     2/177: $17\fq_nxt[7][159:0]
     3/177: $17\fq_nxt[6][159:0]
     4/177: $17\fq_nxt[5][159:0]
     5/177: $17\fq_nxt[4][159:0]
     6/177: $17\fq_nxt[3][159:0]
     7/177: $17\fq_nxt[2][159:0]
     8/177: $17\fq_nxt[1][159:0]
     9/177: $6\fq_n_nxt[3:0]
    10/177: $16\fq_nxt[7][159:0]
    11/177: $16\fq_nxt[6][159:0]
    12/177: $16\fq_nxt[5][159:0]
    13/177: $16\fq_nxt[4][159:0]
    14/177: $16\fq_nxt[3][159:0]
    15/177: $16\fq_nxt[2][159:0]
    16/177: $16\fq_nxt[1][159:0]
    17/177: $16\fq_nxt[0][159:0]
    18/177: $3$mem2reg_wr$\fq_nxt$/workspace/rtl/dll/vibe_dll_tx.sv:160$672_ADDR[2:0]$799
    19/177: $3$mem2reg_wr$\fq_nxt$/workspace/rtl/dll/vibe_dll_tx.sv:160$672_DATA[159:0]$800
    20/177: $15\fq_nxt[0][159:0]
    21/177: $15\fq_nxt[7][159:0]
    22/177: $15\fq_nxt[6][159:0]
    23/177: $15\fq_nxt[5][159:0]
    24/177: $15\fq_nxt[4][159:0]
    25/177: $15\fq_nxt[3][159:0]
    26/177: $15\fq_nxt[2][159:0]
    27/177: $15\fq_nxt[1][159:0]
    28/177: $5\fq_n_nxt[3:0]
    29/177: $14\fq_nxt[7][159:0]
    30/177: $14\fq_nxt[6][159:0]
    31/177: $14\fq_nxt[5][159:0]
    32/177: $14\fq_nxt[4][159:0]
    33/177: $14\fq_nxt[3][159:0]
    34/177: $14\fq_nxt[2][159:0]
    35/177: $14\fq_nxt[1][159:0]
    36/177: $14\fq_nxt[0][159:0]
    37/177: $3$mem2reg_wr$\fq_nxt$/workspace/rtl/dll/vibe_dll_tx.sv:156$671_ADDR[2:0]$795
    38/177: $3$mem2reg_wr$\fq_nxt$/workspace/rtl/dll/vibe_dll_tx.sv:156$671_DATA[159:0]$796
    39/177: $13\fq_nxt[0][159:0]
    40/177: $13\fq_nxt[7][159:0]
    41/177: $13\fq_nxt[6][159:0]
    42/177: $13\fq_nxt[5][159:0]
    43/177: $13\fq_nxt[4][159:0]
    44/177: $13\fq_nxt[3][159:0]
    45/177: $13\fq_nxt[2][159:0]
    46/177: $13\fq_nxt[1][159:0]
    47/177: $4\fq_n_nxt[3:0]
    48/177: $12\fq_nxt[7][159:0]
    49/177: $12\fq_nxt[6][159:0]
    50/177: $12\fq_nxt[5][159:0]
    51/177: $12\fq_nxt[4][159:0]
    52/177: $12\fq_nxt[3][159:0]
    53/177: $12\fq_nxt[2][159:0]
    54/177: $12\fq_nxt[1][159:0]
    55/177: $12\fq_nxt[0][159:0]
    56/177: $3$mem2reg_wr$\fq_nxt$/workspace/rtl/dll/vibe_dll_tx.sv:152$670_ADDR[2:0]$791
    57/177: $3$mem2reg_wr$\fq_nxt$/workspace/rtl/dll/vibe_dll_tx.sv:152$670_DATA[159:0]$792
    58/177: $2$mem2reg_wr$\fq_nxt$/workspace/rtl/dll/vibe_dll_tx.sv:160$672_DATA[159:0]$789
    59/177: $2$mem2reg_wr$\fq_nxt$/workspace/rtl/dll/vibe_dll_tx.sv:160$672_ADDR[2:0]$788
    60/177: $11\fq_nxt[7][159:0]
    61/177: $11\fq_nxt[6][159:0]
    62/177: $11\fq_nxt[5][159:0]
    63/177: $11\fq_nxt[4][159:0]
    64/177: $11\fq_nxt[3][159:0]
    65/177: $11\fq_nxt[2][159:0]
    66/177: $11\fq_nxt[1][159:0]
    67/177: $11\fq_nxt[0][159:0]
    68/177: $3\fq_n_nxt[3:0]
    69/177: $2$mem2reg_wr$\fq_nxt$/workspace/rtl/dll/vibe_dll_tx.sv:156$671_DATA[159:0]$787
    70/177: $2$mem2reg_wr$\fq_nxt$/workspace/rtl/dll/vibe_dll_tx.sv:156$671_ADDR[2:0]$786
    71/177: $2$mem2reg_wr$\fq_nxt$/workspace/rtl/dll/vibe_dll_tx.sv:152$670_DATA[159:0]$785
    72/177: $2$mem2reg_wr$\fq_nxt$/workspace/rtl/dll/vibe_dll_tx.sv:152$670_ADDR[2:0]$784
    73/177: $10\fq_nxt[0][159:0]
    74/177: $10\fq_nxt[7][159:0]
    75/177: $10\fq_nxt[6][159:0]
    76/177: $10\fq_nxt[5][159:0]
    77/177: $10\fq_nxt[4][159:0]
    78/177: $10\fq_nxt[3][159:0]
    79/177: $10\fq_nxt[2][159:0]
    80/177: $10\fq_nxt[1][159:0]
    81/177: $9\fq_nxt[7][159:0]
    82/177: $9\fq_nxt[6][159:0]
    83/177: $9\fq_nxt[5][159:0]
    84/177: $9\fq_nxt[4][159:0]
    85/177: $9\fq_nxt[3][159:0]
    86/177: $9\fq_nxt[2][159:0]
    87/177: $9\fq_nxt[1][159:0]
    88/177: $9\fq_nxt[0][159:0]
    89/177: $2$mem2reg_wr$\fq_nxt$/workspace/rtl/dll/vibe_dll_tx.sv:147$669_ADDR[2:0]$779
    90/177: $2$mem2reg_wr$\fq_nxt$/workspace/rtl/dll/vibe_dll_tx.sv:147$669_DATA[159:0]$780
    91/177: $8\fq_nxt[0][159:0]
    92/177: $8\fq_nxt[7][159:0]
    93/177: $8\fq_nxt[6][159:0]
    94/177: $8\fq_nxt[5][159:0]
    95/177: $8\fq_nxt[4][159:0]
    96/177: $8\fq_nxt[3][159:0]
    97/177: $8\fq_nxt[2][159:0]
    98/177: $8\fq_nxt[1][159:0]
    99/177: $7\fq_nxt[7][159:0]
   100/177: $7\fq_nxt[6][159:0]
   101/177: $7\fq_nxt[5][159:0]
   102/177: $7\fq_nxt[4][159:0]
   103/177: $7\fq_nxt[3][159:0]
   104/177: $7\fq_nxt[2][159:0]
   105/177: $7\fq_nxt[1][159:0]
   106/177: $7\fq_nxt[0][159:0]
   107/177: $2$mem2reg_wr$\fq_nxt$/workspace/rtl/dll/vibe_dll_tx.sv:146$668_ADDR[2:0]$775
   108/177: $2$mem2reg_wr$\fq_nxt$/workspace/rtl/dll/vibe_dll_tx.sv:146$668_DATA[159:0]$776
   109/177: $6\fq_nxt[0][159:0]
   110/177: $6\fq_nxt[7][159:0]
   111/177: $6\fq_nxt[6][159:0]
   112/177: $6\fq_nxt[5][159:0]
   113/177: $6\fq_nxt[4][159:0]
   114/177: $6\fq_nxt[3][159:0]
   115/177: $6\fq_nxt[2][159:0]
   116/177: $6\fq_nxt[1][159:0]
   117/177: $5\fq_nxt[7][159:0]
   118/177: $5\fq_nxt[6][159:0]
   119/177: $5\fq_nxt[5][159:0]
   120/177: $5\fq_nxt[4][159:0]
   121/177: $5\fq_nxt[3][159:0]
   122/177: $5\fq_nxt[2][159:0]
   123/177: $5\fq_nxt[1][159:0]
   124/177: $5\fq_nxt[0][159:0]
   125/177: $2$mem2reg_wr$\fq_nxt$/workspace/rtl/dll/vibe_dll_tx.sv:145$667_ADDR[2:0]$771
   126/177: $2$mem2reg_wr$\fq_nxt$/workspace/rtl/dll/vibe_dll_tx.sv:145$667_DATA[159:0]$772
   127/177: $4\fq_nxt[0][159:0]
   128/177: $4\fq_nxt[7][159:0]
   129/177: $4\fq_nxt[6][159:0]
   130/177: $4\fq_nxt[5][159:0]
   131/177: $4\fq_nxt[4][159:0]
   132/177: $4\fq_nxt[3][159:0]
   133/177: $4\fq_nxt[2][159:0]
   134/177: $4\fq_nxt[1][159:0]
   135/177: $3\fq_nxt[7][159:0]
   136/177: $3\fq_nxt[6][159:0]
   137/177: $3\fq_nxt[5][159:0]
   138/177: $3\fq_nxt[4][159:0]
   139/177: $3\fq_nxt[3][159:0]
   140/177: $3\fq_nxt[2][159:0]
   141/177: $3\fq_nxt[1][159:0]
   142/177: $3\fq_nxt[0][159:0]
   143/177: $2$mem2reg_wr$\fq_nxt$/workspace/rtl/dll/vibe_dll_tx.sv:144$666_ADDR[2:0]$768
   144/177: $2$mem2reg_wr$\fq_nxt$/workspace/rtl/dll/vibe_dll_tx.sv:144$666_DATA[159:0]$769
   145/177: $1$mem2reg_wr$\fq_nxt$/workspace/rtl/dll/vibe_dll_tx.sv:160$672_DATA[159:0]$766
   146/177: $1$mem2reg_wr$\fq_nxt$/workspace/rtl/dll/vibe_dll_tx.sv:160$672_ADDR[2:0]$765
   147/177: $1$mem2reg_wr$\fq_nxt$/workspace/rtl/dll/vibe_dll_tx.sv:156$671_DATA[159:0]$764
   148/177: $1$mem2reg_wr$\fq_nxt$/workspace/rtl/dll/vibe_dll_tx.sv:156$671_ADDR[2:0]$763
   149/177: $1$mem2reg_wr$\fq_nxt$/workspace/rtl/dll/vibe_dll_tx.sv:152$670_DATA[159:0]$762
   150/177: $1$mem2reg_wr$\fq_nxt$/workspace/rtl/dll/vibe_dll_tx.sv:152$670_ADDR[2:0]$761
   151/177: $2\fq_nxt[7][159:0]
   152/177: $2\fq_nxt[6][159:0]
   153/177: $2\fq_nxt[5][159:0]
   154/177: $2\fq_nxt[4][159:0]
   155/177: $2\fq_nxt[3][159:0]
   156/177: $2\fq_nxt[2][159:0]
   157/177: $2\fq_nxt[1][159:0]
   158/177: $2\fq_nxt[0][159:0]
   159/177: $2\fq_n_nxt[3:0]
   160/177: $1$mem2reg_wr$\fq_nxt$/workspace/rtl/dll/vibe_dll_tx.sv:147$669_DATA[159:0]$760
   161/177: $1$mem2reg_wr$\fq_nxt$/workspace/rtl/dll/vibe_dll_tx.sv:147$669_ADDR[2:0]$759
   162/177: $1$mem2reg_wr$\fq_nxt$/workspace/rtl/dll/vibe_dll_tx.sv:146$668_DATA[159:0]$758
   163/177: $1$mem2reg_wr$\fq_nxt$/workspace/rtl/dll/vibe_dll_tx.sv:146$668_ADDR[2:0]$757
   164/177: $1$mem2reg_wr$\fq_nxt$/workspace/rtl/dll/vibe_dll_tx.sv:145$667_DATA[159:0]$756
   165/177: $1$mem2reg_wr$\fq_nxt$/workspace/rtl/dll/vibe_dll_tx.sv:145$667_ADDR[2:0]$755
   166/177: $1$mem2reg_wr$\fq_nxt$/workspace/rtl/dll/vibe_dll_tx.sv:144$666_DATA[159:0]$754
   167/177: $1$mem2reg_wr$\fq_nxt$/workspace/rtl/dll/vibe_dll_tx.sv:144$666_ADDR[2:0]$753
   168/177: $1\fq_n_nxt[3:0]
   169/177: $1\k[31:0]
   170/177: $1\fq_nxt[7][159:0]
   171/177: $1\fq_nxt[6][159:0]
   172/177: $1\fq_nxt[5][159:0]
   173/177: $1\fq_nxt[4][159:0]
   174/177: $1\fq_nxt[3][159:0]
   175/177: $1\fq_nxt[2][159:0]
   176/177: $1\fq_nxt[1][159:0]
   177/177: $1\fq_nxt[0][159:0]
Creating decoders for process `\vibe_dll_tx.$proc$/workspace/rtl/dll/vibe_dll_tx.sv:91$711'.
     1/2: $1\nw_c[511:0]
     2/2: $1\rem_c[159:0]

yosys> proc_dlatch

2.2.8. Executing PROC_DLATCH pass (convert process syncs to latches).
No latch inferred for signal `\vibe_dll_tx.\vibe_lph_cfg$func$/workspace/rtl/dll/vibe_dll_tx.sv:125$16.$result' from process `\vibe_dll_tx.$proc$/workspace/rtl/common/vibe_ub_fn.vh:0$5343'.
No latch inferred for signal `\vibe_dll_tx.\vibe_lph_cfg$func$/workspace/rtl/dll/vibe_dll_tx.sv:125$665.$result' from process `\vibe_dll_tx.$proc$/workspace/rtl/common/vibe_ub_fn.vh:0$5343'.
No latch inferred for signal `\vibe_dll_tx.\vibe_lph_cfg$func$/workspace/rtl/dll/vibe_dll_tx.sv:125$665.flit' from process `\vibe_dll_tx.$proc$/workspace/rtl/common/vibe_ub_fn.vh:0$5343'.
No latch inferred for signal `\vibe_dll_tx.\crc30_flit$func$/workspace/rtl/dll/vibe_dll_tx.sv:116$15.$result' from process `\vibe_dll_tx.$proc$/workspace/rtl/dll/vibe_dll_tx.sv:0$4217'.
No latch inferred for signal `\vibe_dll_tx.\crc30_flit$func$/workspace/rtl/dll/vibe_dll_tx.sv:116$504.$result' from process `\vibe_dll_tx.$proc$/workspace/rtl/dll/vibe_dll_tx.sv:0$4217'.
No latch inferred for signal `\vibe_dll_tx.\crc30_flit$func$/workspace/rtl/dll/vibe_dll_tx.sv:116$504.c' from process `\vibe_dll_tx.$proc$/workspace/rtl/dll/vibe_dll_tx.sv:0$4217'.
No latch inferred for signal `\vibe_dll_tx.\crc30_flit$func$/workspace/rtl/dll/vibe_dll_tx.sv:116$504.f' from process `\vibe_dll_tx.$proc$/workspace/rtl/dll/vibe_dll_tx.sv:0$4217'.
No latch inferred for signal `\vibe_dll_tx.\crc30_flit$func$/workspace/rtl/dll/vibe_dll_tx.sv:116$504.i' from process `\vibe_dll_tx.$proc$/workspace/rtl/dll/vibe_dll_tx.sv:0$4217'.
No latch inferred for signal `\vibe_dll_tx.\crc30_bit$func$/workspace/rtl/dll/vibe_dll_tx.sv:82$505.$result' from process `\vibe_dll_tx.$proc$/workspace/rtl/dll/vibe_dll_tx.sv:0$4217'.
No latch inferred for signal `\vibe_dll_tx.\crc30_bit$func$/workspace/rtl/dll/vibe_dll_tx.sv:82$505.c' from process `\vibe_dll_tx.$proc$/workspace/rtl/dll/vibe_dll_tx.sv:0$4217'.
No latch inferred for signal `\vibe_dll_tx.\crc30_bit$func$/workspace/rtl/dll/vibe_dll_tx.sv:82$505.b' from process `\vibe_dll_tx.$proc$/workspace/rtl/dll/vibe_dll_tx.sv:0$4217'.
No latch inferred for signal `\vibe_dll_tx.\crc30_bit$func$/workspace/rtl/dll/vibe_dll_tx.sv:82$505.fb' from process `\vibe_dll_tx.$proc$/workspace/rtl/dll/vibe_dll_tx.sv:0$4217'.
No latch inferred for signal `\vibe_dll_tx.\crc30_bit$func$/workspace/rtl/dll/vibe_dll_tx.sv:82$506.$result' from process `\vibe_dll_tx.$proc$/workspace/rtl/dll/vibe_dll_tx.sv:0$4217'.
No latch inferred for signal `\vibe_dll_tx.\crc30_bit$func$/workspace/rtl/dll/vibe_dll_tx.sv:82$506.c' from process `\vibe_dll_tx.$proc$/workspace/rtl/dll/vibe_dll_tx.sv:0$4217'.
No latch inferred for signal `\vibe_dll_tx.\crc30_bit$func$/workspace/rtl/dll/vibe_dll_tx.sv:82$506.b' from process `\vibe_dll_tx.$proc$/workspace/rtl/dll/vibe_dll_tx.sv:0$4217'.
No latch inferred for signal `\vibe_dll_tx.\crc30_bit$func$/workspace/rtl/dll/vibe_dll_tx.sv:82$506.fb' from process `\vibe_dll_tx.$proc$/workspace/rtl/dll/vibe_dll_tx.sv:0$4217'.
No latch inferred for signal `\vibe_dll_tx.\crc30_bit$func$/workspace/rtl/dll/vibe_dll_tx.sv:82$507.$result' from process `\vibe_dll_tx.$proc$/workspace/rtl/dll/vibe_dll_tx.sv:0$4217'.
No latch inferred for signal `\vibe_dll_tx.\crc30_bit$func$/workspace/rtl/dll/vibe_dll_tx.sv:82$507.c' from process `\vibe_dll_tx.$proc$/workspace/rtl/dll/vibe_dll_tx.sv:0$4217'.
No latch inferred for signal `\vibe_dll_tx.\crc30_bit$func$/workspace/rtl/dll/vibe_dll_tx.sv:82$507.b' from process `\vibe_dll_tx.$proc$/workspace/rtl/dll/vibe_dll_tx.sv:0$4217'.
No latch inferred for signal `\vibe_dll_tx.\crc30_bit$func$/workspace/rtl/dll/vibe_dll_tx.sv:82$507.fb' from process `\vibe_dll_tx.$proc$/workspace/rtl/dll/vibe_dll_tx.sv:0$4217'.
No latch inferred for signal `\vibe_dll_tx.\crc30_bit$func$/workspace/rtl/dll/vibe_dll_tx.sv:82$508.$result' from process `\vibe_dll_tx.$proc$/workspace/rtl/dll/vibe_dll_tx.sv:0$4217'.
No latch inferred for signal `\vibe_dll_tx.\crc30_bit$func$/workspace/rtl/dll/vibe_dll_tx.sv:82$508.c' from process `\vibe_dll_tx.$proc$/workspace/rtl/dll/vibe_dll_tx.sv:0$4217'.
No latch inferred for signal `\vibe_dll_tx.\crc30_bit$func$/workspace/rtl/dll/vibe_dll_tx.sv:82$508.b' from process `\vibe_dll_tx.$proc$/workspace/rtl/dll/vibe_dll_tx.sv:0$4217'.
No latch inferred for signal `\vibe_dll_tx.\crc30_bit$func$/workspace/rtl/dll/vibe_dll_tx.sv:82$508.fb' from process `\vibe_dll_tx.$proc$/workspace/rtl/dll/vibe_dll_tx.sv:0$4217'.
No latch inferred for signal `\vibe_dll_tx.\crc30_bit$func$/workspace/rtl/dll/vibe_dll_tx.sv:82$509.$result' from process `\vibe_dll_tx.$proc$/workspace/rtl/dll/vibe_dll_tx.sv:0$4217'.
No latch inferred for signal `\vibe_dll_tx.\crc30_bit$func$/workspace/rtl/dll/vibe_dll_tx.sv:82$509.c' from process `\vibe_dll_tx.$proc$/workspace/rtl/dll/vibe_dll_tx.sv:0$4217'.
No latch inferred for signal `\vibe_dll_tx.\crc30_bit$func$/workspace/rtl/dll/vibe_dll_tx.sv:82$509.b' from process `\vibe_dll_tx.$proc$/workspace/rtl/dll/vibe_dll_tx.sv:0$4217'.
No latch inferred for signal `\vibe_dll_tx.\crc30_bit$func$/workspace/rtl/dll/vibe_dll_tx.sv:82$509.fb' from process `\vibe_dll_tx.$proc$/workspace/rtl/dll/vibe_dll_tx.sv:0$4217'.
No latch inferred for signal `\vibe_dll_tx.\crc30_bit$func$/workspace/rtl/dll/vibe_dll_tx.sv:82$510.$result' from process `\vibe_dll_tx.$proc$/workspace/rtl/dll/vibe_dll_tx.sv:0$4217'.
No latch inferred for signal `\vibe_dll_tx.\crc30_bit$func$/workspace/rtl/dll/vibe_dll_tx.sv:82$510.c' from process `\vibe_dll_tx.$proc$/workspace/rtl/dll/vibe_dll_tx.sv:0$4217'.
No latch inferred for signal `\vibe_dll_tx.\crc30_bit$func$/workspace/rtl/dll/vibe_dll_tx.sv:82$510.b' from process `\vibe_dll_tx.$proc$/workspace/rtl/dll/vibe_dll_tx.sv:0$4217'.
No latch inferred for signal `\vibe_dll_tx.\crc30_bit$func$/workspace/rtl/dll/vibe_dll_tx.sv:82$510.fb' from process `\vibe_dll_tx.$proc$/workspace/rtl/dll/vibe_dll_tx.sv:0$4217'.
No latch inferred for signal `\vibe_dll_tx.\crc30_bit$func$/workspace/rtl/dll/vibe_dll_tx.sv:82$511.$result' from process `\vibe_dll_tx.$proc$/workspace/rtl/dll/vibe_dll_tx.sv:0$4217'.
No latch inferred for signal `\vibe_dll_tx.\crc30_bit$func$/workspace/rtl/dll/vibe_dll_tx.sv:82$511.c' from process `\vibe_dll_tx.$proc$/workspace/rtl/dll/vibe_dll_tx.sv:0$4217'.
No latch inferred for signal `\vibe_dll_tx.\crc30_bit$func$/workspace/rtl/dll/vibe_dll_tx.sv:82$511.b' from process `\vibe_dll_tx.$proc$/workspace/rtl/dll/vibe_dll_tx.sv:0$4217'.
No latch inferred for signal `\vibe_dll_tx.\crc30_bit$func$/workspace/rtl/dll/vibe_dll_tx.sv:82$511.fb' from process `\vibe_dll_tx.$proc$/workspace/rtl/dll/vibe_dll_tx.sv:0$4217'.
No latch inferred for signal `\vibe_dll_tx.\crc30_bit$func$/workspace/rtl/dll/vibe_dll_tx.sv:82$512.$result' from process `\vibe_dll_tx.$proc$/workspace/rtl/dll/vibe_dll_tx.sv:0$4217'.
No latch inferred for signal `\vibe_dll_tx.\crc30_bit$func$/workspace/rtl/dll/vibe_dll_tx.sv:82$512.c' from process `\vibe_dll_tx.$proc$/workspace/rtl/dll/vibe_dll_tx.sv:0$4217'.
No latch inferred for signal `\vibe_dll_tx.\crc30_bit$func$/workspace/rtl/dll/vibe_dll_tx.sv:82$512.b' from process `\vibe_dll_tx.$proc$/workspace/rtl/dll/vibe_dll_tx.sv:0$4217'.
No latch inferred for signal `\vibe_dll_tx.\crc30_bit$func$/workspace/rtl/dll/vibe_dll_tx.sv:82$512.fb' from process `\vibe_dll_tx.$proc$/workspace/rtl/dll/vibe_dll_tx.sv:0$4217'.
No latch inferred for signal `\vibe_dll_tx.\crc30_bit$func$/workspace/rtl/dll/vibe_dll_tx.sv:82$513.$result' from process `\vibe_dll_tx.$proc$/workspace/rtl/dll/vibe_dll_tx.sv:0$4217'.
No latch inferred for signal `\vibe_dll_tx.\crc30_bit$func$/workspace/rtl/dll/vibe_dll_tx.sv:82$513.c' from process `\vibe_dll_tx.$proc$/workspace/rtl/dll/vibe_dll_tx.sv:0$4217'.
No latch inferred for signal `\vibe_dll_tx.\crc30_bit$func$/workspace/rtl/dll/vibe_dll_tx.sv:82$513.b' from process `\vibe_dll_tx.$proc$/workspace/rtl/dll/vibe_dll_tx.sv:0$4217'.
No latch inferred for signal `\vibe_dll_tx.\crc30_bit$func$/workspace/rtl/dll/vibe_dll_tx.sv:82$513.fb' from process `\vibe_dll_tx.$proc$/workspace/rtl/dll/vibe_dll_tx.sv:0$4217'.
No latch inferred for signal `\vibe_dll_tx.\crc30_bit$func$/workspace/rtl/dll/vibe_dll_tx.sv:82$514.$result' from process `\vibe_dll_tx.$proc$/workspace/rtl/dll/vibe_dll_tx.sv:0$4217'.
No latch inferred for signal `\vibe_dll_tx.\crc30_bit$func$/workspace/rtl/dll/vibe_dll_tx.sv:82$514.c' from process `\vibe_dll_tx.$proc$/workspace/rtl/dll/vibe_dll_tx.sv:0$4217'.
No latch inferred for signal `\vibe_dll_tx.\crc30_bit$func$/workspace/rtl/dll/vibe_dll_tx.sv:82$514.b' from process `\vibe_dll_tx.$proc$/workspace/rtl/dll/vibe_dll_tx.sv:0$4217'.
No latch inferred for signal `\vibe_dll_tx.\crc30_bit$func$/workspace/rtl/dll/vibe_dll_tx.sv:82$514.fb' from process `\vibe_dll_tx.$proc$/workspace/rtl/dll/vibe_dll_tx.sv:0$4217'.
No latch inferred for signal `\vibe_dll_tx.\crc30_bit$func$/workspace/rtl/dll/vibe_dll_tx.sv:82$515.$result' from process `\vibe_dll_tx.$proc$/workspace/rtl/dll/vibe_dll_tx.sv:0$4217'.
No latch inferred for signal `\vibe_dll_tx.\crc30_bit$func$/workspace/rtl/dll/vibe_dll_tx.sv:82$515.c' from process `\vibe_dll_tx.$proc$/workspace/rtl/dll/vibe_dll_tx.sv:0$4217'.
No latch inferred for signal `\vibe_dll_tx.\crc30_bit$func$/workspace/rtl/dll/vibe_dll_tx.sv:82$515.b' from process `\vibe_dll_tx.$proc$/workspace/rtl/dll/vibe_dll_tx.sv:0$4217'.
No latch inferred for signal `\vibe_dll_tx.\crc30_bit$func$/workspace/rtl/dll/vibe_dll_tx.sv:82$515.fb' from process `\vibe_dll_tx.$proc$/workspace/rtl/dll/vibe_dll_tx.sv:0$4217'.
No latch inferred for signal `\vibe_dll_tx.\crc30_bit$func$/workspace/rtl/dll/vibe_dll_tx.sv:82$516.$result' from process `\vibe_dll_tx.$proc$/workspace/rtl/dll/vibe_dll_tx.sv:0$4217'.
No latch inferred for signal `\vibe_dll_tx.\crc30_bit$func$/workspace/rtl/dll/vibe_dll_tx.sv:82$516.c' from process `\vibe_dll_tx.$proc$/workspace/rtl/dll/vibe_dll_tx.sv:0$4217'.
No latch inferred for signal `\vibe_dll_tx.\crc30_bit$func$/workspace/rtl/dll/vibe_dll_tx.sv:82$516.b' from process `\vibe_dll_tx.$proc$/workspace/rtl/dll/vibe_dll_tx.sv:0$4217'.
No latch inferred for signal `\vibe_dll_tx.\crc30_bit$func$/workspace/rtl/dll/vibe_dll_tx.sv:82$516.fb' from process `\vibe_dll_tx.$proc$/workspace/rtl/dll/vibe_dll_tx.sv:0$4217'.
No latch inferred for signal `\vibe_dll_tx.\crc30_bit$func$/workspace/rtl/dll/vibe_dll_tx.sv:82$517.$result' from process `\vibe_dll_tx.$proc$/workspace/rtl/dll/vibe_dll_tx.sv:0$4217'.
No latch inferred for signal `\vibe_dll_tx.\crc30_bit$func$/workspace/rtl/dll/vibe_dll_tx.sv:82$517.c' from process `\vibe_dll_tx.$proc$/workspace/rtl/dll/vibe_dll_tx.sv:0$4217'.
No latch inferred for signal `\vibe_dll_tx.\crc30_bit$func$/workspace/rtl/dll/vibe_dll_tx.sv:82$517.b' from process `\vibe_dll_tx.$proc$/workspace/rtl/dll/vibe_dll_tx.sv:0$4217'.
No latch inferred for signal `\vibe_dll_tx.\crc30_bit$func$/workspace/rtl/dll/vibe_dll_tx.sv:82$517.fb' from process `\vibe_dll_tx.$proc$/workspace/rtl/dll/vibe_dll_tx.sv:0$4217'.
No latch inferred for signal `\vibe_dll_tx.\crc30_bit$func$/workspace/rtl/dll/vibe_dll_tx.sv:82$518.$result' from process `\vibe_dll_tx.$proc$/workspace/rtl/dll/vibe_dll_tx.sv:0$4217'.
No latch inferred for signal `\vibe_dll_tx.\crc30_bit$func$/workspace/rtl/dll/vibe_dll_tx.sv:82$518.c' from process `\vibe_dll_tx.$proc$/workspace/rtl/dll/vibe_dll_tx.sv:0$4217'.
No latch inferred for signal `\vibe_dll_tx.\crc30_bit$func$/workspace/rtl/dll/vibe_dll_tx.sv:82$518.b' from process `\vibe_dll_tx.$proc$/workspace/rtl/dll/vibe_dll_tx.sv:0$4217'.
No latch inferred for signal `\vibe_dll_tx.\crc30_bit$func$/workspace/rtl/dll/vibe_dll_tx.sv:82$518.fb' from process `\vibe_dll_tx.$proc$/workspace/rtl/dll/vibe_dll_tx.sv:0$4217'.
No latch inferred for signal `\vibe_dll_tx.\crc30_bit$func$/workspace/rtl/dll/vibe_dll_tx.sv:82$519.$result' from process `\vibe_dll_tx.$proc$/workspace/rtl/dll/vibe_dll_tx.sv:0$4217'.
No latch inferred for signal `\vibe_dll_tx.\crc30_bit$func$/workspace/rtl/dll/vibe_dll_tx.sv:82$519.c' from process `\vibe_dll_tx.$proc$/workspace/rtl/dll/vibe_dll_tx.sv:0$4217'.
No latch inferred for signal `\vibe_dll_tx.\crc30_bit$func$/workspace/rtl/dll/vibe_dll_tx.sv:82$519.b' from process `\vibe_dll_tx.$proc$/workspace/rtl/dll/vibe_dll_tx.sv:0$4217'.
No latch inferred for signal `\vibe_dll_tx.\crc30_bit$func$/workspace/rtl/dll/vibe_dll_tx.sv:82$519.fb' from process `\vibe_dll_tx.$proc$/workspace/rtl/dll/vibe_dll_tx.sv:0$4217'.
No latch inferred for signal `\vibe_dll_tx.\crc30_bit$func$/workspace/rtl/dll/vibe_dll_tx.sv:82$520.$result' from process `\vibe_dll_tx.$proc$/workspace/rtl/dll/vibe_dll_tx.sv:0$4217'.
No latch inferred for signal `\vibe_dll_tx.\crc30_bit$func$/workspace/rtl/dll/vibe_dll_tx.sv:82$520.c' from process `\vibe_dll_tx.$proc$/workspace/rtl/dll/vibe_dll_tx.sv:0$4217'.
No latch inferred for signal `\vibe_dll_tx.\crc30_bit$func$/workspace/rtl/dll/vibe_dll_tx.sv:82$520.b' from process `\vibe_dll_tx.$proc$/workspace/rtl/dll/vibe_dll_tx.sv:0$4217'.
No latch inferred for signal `\vibe_dll_tx.\crc30_bit$func$/workspace/rtl/dll/vibe_dll_tx.sv:82$520.fb' from process `\vibe_dll_tx.$proc$/workspace/rtl/dll/vibe_dll_tx.sv:0$4217'.
No latch inferred for signal `\vibe_dll_tx.\crc30_bit$func$/workspace/rtl/dll/vibe_dll_tx.sv:82$521.$result' from process `\vibe_dll_tx.$proc$/workspace/rtl/dll/vibe_dll_tx.sv:0$4217'.
No latch inferred for signal `\vibe_dll_tx.\crc30_bit$func$/workspace/rtl/dll/vibe_dll_tx.sv:82$521.c' from process `\vibe_dll_tx.$proc$/workspace/rtl/dll/vibe_dll_tx.sv:0$4217'.
No latch inferred for signal `\vibe_dll_tx.\crc30_bit$func$/workspace/rtl/dll/vibe_dll_tx.sv:82$521.b' from process `\vibe_dll_tx.$proc$/workspace/rtl/dll/vibe_dll_tx.sv:0$4217'.
No latch inferred for signal `\vibe_dll_tx.\crc30_bit$func$/workspace/rtl/dll/vibe_dll_tx.sv:82$521.fb' from process `\vibe_dll_tx.$proc$/workspace/rtl/dll/vibe_dll_tx.sv:0$4217'.
No latch inferred for signal `\vibe_dll_tx.\crc30_bit$func$/workspace/rtl/dll/vibe_dll_tx.sv:82$522.$result' from process `\vibe_dll_tx.$proc$/workspace/rtl/dll/vibe_dll_tx.sv:0$4217'.
No latch inferred for signal `\vibe_dll_tx.\crc30_bit$func$/workspace/rtl/dll/vibe_dll_tx.sv:82$522.c' from process `\vibe_dll_tx.$proc$/workspace/rtl/dll/vibe_dll_tx.sv:0$4217'.
No latch inferred for signal `\vibe_dll_tx.\crc30_bit$func$/workspace/rtl/dll/vibe_dll_tx.sv:82$522.b' from process `\vibe_dll_tx.$proc$/workspace/rtl/dll/vibe_dll_tx.sv:0$4217'.
No latch inferred for signal `\vibe_dll_tx.\crc30_bit$func$/workspace/rtl/dll/vibe_dll_tx.sv:82$522.fb' from process `\vibe_dll_tx.$proc$/workspace/rtl/dll/vibe_dll_tx.sv:0$4217'.
No latch inferred for signal `\vibe_dll_tx.\crc30_bit$func$/workspace/rtl/dll/vibe_dll_tx.sv:82$523.$result' from process `\vibe_dll_tx.$proc$/workspace/rtl/dll/vibe_dll_tx.sv:0$4217'.
No latch inferred for signal `\vibe_dll_tx.\crc30_bit$func$/workspace/rtl/dll/vibe_dll_tx.sv:82$523.c' from process `\vibe_dll_tx.$proc$/workspace/rtl/dll/vibe_dll_tx.sv:0$4217'.
No latch inferred for signal `\vibe_dll_tx.\crc30_bit$func$/workspace/rtl/dll/vibe_dll_tx.sv:82$523.b' from process `\vibe_dll_tx.$proc$/workspace/rtl/dll/vibe_dll_tx.sv:0$4217'.
No latch inferred for signal `\vibe_dll_tx.\crc30_bit$func$/workspace/rtl/dll/vibe_dll_tx.sv:82$523.fb' from process `\vibe_dll_tx.$proc$/workspace/rtl/dll/vibe_dll_tx.sv:0$4217'.
No latch inferred for signal `\vibe_dll_tx.\crc30_bit$func$/workspace/rtl/dll/vibe_dll_tx.sv:82$524.$result' from process `\vibe_dll_tx.$proc$/workspace/rtl/dll/vibe_dll_tx.sv:0$4217'.
No latch inferred for signal `\vibe_dll_tx.\crc30_bit$func$/workspace/rtl/dll/vibe_dll_tx.sv:82$524.c' from process `\vibe_dll_tx.$proc$/workspace/rtl/dll/vibe_dll_tx.sv:0$4217'.
No latch inferred for signal `\vibe_dll_tx.\crc30_bit$func$/workspace/rtl/dll/vibe_dll_tx.sv:82$524.b' from process `\vibe_dll_tx.$proc$/workspace/rtl/dll/vibe_dll_tx.sv:0$4217'.
No latch inferred for signal `\vibe_dll_tx.\crc30_bit$func$/workspace/rtl/dll/vibe_dll_tx.sv:82$524.fb' from process `\vibe_dll_tx.$proc$/workspace/rtl/dll/vibe_dll_tx.sv:0$4217'.
No latch inferred for signal `\vibe_dll_tx.\crc30_bit$func$/workspace/rtl/dll/vibe_dll_tx.sv:82$525.$result' from process `\vibe_dll_tx.$proc$/workspace/rtl/dll/vibe_dll_tx.sv:0$4217'.
No latch inferred for signal `\vibe_dll_tx.\crc30_bit$func$/workspace/rtl/dll/vibe_dll_tx.sv:82$525.c' from process `\vibe_dll_tx.$proc$/workspace/rtl/dll/vibe_dll_tx.sv:0$4217'.
No latch inferred for signal `\vibe_dll_tx.\crc30_bit$func$/workspace/rtl/dll/vibe_dll_tx.sv:82$525.b' from process `\vibe_dll_tx.$proc$/workspace/rtl/dll/vibe_dll_tx.sv:0$4217'.
No latch inferred for signal `\vibe_dll_tx.\crc30_bit$func$/workspace/rtl/dll/vibe_dll_tx.sv:82$525.fb' from process `\vibe_dll_tx.$proc$/workspace/rtl/dll/vibe_dll_tx.sv:0$4217'.
No latch inferred for signal `\vibe_dll_tx.\crc30_bit$func$/workspace/rtl/dll/vibe_dll_tx.sv:82$526.$result' from process `\vibe_dll_tx.$proc$/workspace/rtl/dll/vibe_dll_tx.sv:0$4217'.
No latch inferred for signal `\vibe_dll_tx.\crc30_bit$func$/workspace/rtl/dll/vibe_dll_tx.sv:82$526.c' from process `\vibe_dll_tx.$proc$/workspace/rtl/dll/vibe_dll_tx.sv:0$4217'.
No latch inferred for signal `\vibe_dll_tx.\crc30_bit$func$/workspace/rtl/dll/vibe_dll_tx.sv:82$526.b' from process `\vibe_dll_tx.$proc$/workspace/rtl/dll/vibe_dll_tx.sv:0$4217'.
No latch inferred for signal `\vibe_dll_tx.\crc30_bit$func$/workspace/rtl/dll/vibe_dll_tx.sv:82$526.fb' from process `\vibe_dll_tx.$proc$/workspace/rtl/dll/vibe_dll_tx.sv:0$4217'.
No latch inferred for signal `\vibe_dll_tx.\crc30_bit$func$/workspace/rtl/dll/vibe_dll_tx.sv:82$527.$result' from process `\vibe_dll_tx.$proc$/workspace/rtl/dll/vibe_dll_tx.sv:0$4217'.
No latch inferred for signal `\vibe_dll_tx.\crc30_bit$func$/workspace/rtl/dll/vibe_dll_tx.sv:82$527.c' from process `\vibe_dll_tx.$proc$/workspace/rtl/dll/vibe_dll_tx.sv:0$4217'.
No latch inferred for signal `\vibe_dll_tx.\crc30_bit$func$/workspace/rtl/dll/vibe_dll_tx.sv:82$527.b' from process `\vibe_dll_tx.$proc$/workspace/rtl/dll/vibe_dll_tx.sv:0$4217'.
No latch inferred for signal `\vibe_dll_tx.\crc30_bit$func$/workspace/rtl/dll/vibe_dll_tx.sv:82$527.fb' from process `\vibe_dll_tx.$proc$/workspace/rtl/dll/vibe_dll_tx.sv:0$4217'.
No latch inferred for signal `\vibe_dll_tx.\crc30_bit$func$/workspace/rtl/dll/vibe_dll_tx.sv:82$528.$result' from process `\vibe_dll_tx.$proc$/workspace/rtl/dll/vibe_dll_tx.sv:0$4217'.
No latch inferred for signal `\vibe_dll_tx.\crc30_bit$func$/workspace/rtl/dll/vibe_dll_tx.sv:82$528.c' from process `\vibe_dll_tx.$proc$/workspace/rtl/dll/vibe_dll_tx.sv:0$4217'.
No latch inferred for signal `\vibe_dll_tx.\crc30_bit$func$/workspace/rtl/dll/vibe_dll_tx.sv:82$528.b' from process `\vibe_dll_tx.$proc$/workspace/rtl/dll/vibe_dll_tx.sv:0$4217'.
No latch inferred for signal `\vibe_dll_tx.\crc30_bit$func$/workspace/rtl/dll/vibe_dll_tx.sv:82$528.fb' from process `\vibe_dll_tx.$proc$/workspace/rtl/dll/vibe_dll_tx.sv:0$4217'.
No latch inferred for signal `\vibe_dll_tx.\crc30_bit$func$/workspace/rtl/dll/vibe_dll_tx.sv:82$529.$result' from process `\vibe_dll_tx.$proc$/workspace/rtl/dll/vibe_dll_tx.sv:0$4217'.
No latch inferred for signal `\vibe_dll_tx.\crc30_bit$func$/workspace/rtl/dll/vibe_dll_tx.sv:82$529.c' from process `\vibe_dll_tx.$proc$/workspace/rtl/dll/vibe_dll_tx.sv:0$4217'.
No latch inferred for signal `\vibe_dll_tx.\crc30_bit$func$/workspace/rtl/dll/vibe_dll_tx.sv:82$529.b' from process `\vibe_dll_tx.$proc$/workspace/rtl/dll/vibe_dll_tx.sv:0$4217'.
No latch inferred for signal `\vibe_dll_tx.\crc30_bit$func$/workspace/rtl/dll/vibe_dll_tx.sv:82$529.fb' from process `\vibe_dll_tx.$proc$/workspace/rtl/dll/vibe_dll_tx.sv:0$4217'.
No latch inferred for signal `\vibe_dll_tx.\crc30_bit$func$/workspace/rtl/dll/vibe_dll_tx.sv:82$530.$result' from process `\vibe_dll_tx.$proc$/workspace/rtl/dll/vibe_dll_tx.sv:0$4217'.
No latch inferred for signal `\vibe_dll_tx.\crc30_bit$func$/workspace/rtl/dll/vibe_dll_tx.sv:82$530.c' from process `\vibe_dll_tx.$proc$/workspace/rtl/dll/vibe_dll_tx.sv:0$4217'.
No latch inferred for signal `\vibe_dll_tx.\crc30_bit$func$/workspace/rtl/dll/vibe_dll_tx.sv:82$530.b' from process `\vibe_dll_tx.$proc$/workspace/rtl/dll/vibe_dll_tx.sv:0$4217'.
No latch inferred for signal `\vibe_dll_tx.\crc30_bit$func$/workspace/rtl/dll/vibe_dll_tx.sv:82$530.fb' from process `\vibe_dll_tx.$proc$/workspace/rtl/dll/vibe_dll_tx.sv:0$4217'.
No latch inferred for signal `\vibe_dll_tx.\crc30_bit$func$/workspace/rtl/dll/vibe_dll_tx.sv:82$531.$result' from process `\vibe_dll_tx.$proc$/workspace/rtl/dll/vibe_dll_tx.sv:0$4217'.
No latch inferred for signal `\vibe_dll_tx.\crc30_bit$func$/workspace/rtl/dll/vibe_dll_tx.sv:82$531.c' from process `\vibe_dll_tx.$proc$/workspace/rtl/dll/vibe_dll_tx.sv:0$4217'.
No latch inferred for signal `\vibe_dll_tx.\crc30_bit$func$/workspace/rtl/dll/vibe_dll_tx.sv:82$531.b' from process `\vibe_dll_tx.$proc$/workspace/rtl/dll/vibe_dll_tx.sv:0$4217'.
No latch inferred for signal `\vibe_dll_tx.\crc30_bit$func$/workspace/rtl/dll/vibe_dll_tx.sv:82$531.fb' from process `\vibe_dll_tx.$proc$/workspace/rtl/dll/vibe_dll_tx.sv:0$4217'.
No latch inferred for signal `\vibe_dll_tx.\crc30_bit$func$/workspace/rtl/dll/vibe_dll_tx.sv:82$532.$result' from process `\vibe_dll_tx.$proc$/workspace/rtl/dll/vibe_dll_tx.sv:0$4217'.
No latch inferred for signal `\vibe_dll_tx.\crc30_bit$func$/workspace/rtl/dll/vibe_dll_tx.sv:82$532.c' from process `\vibe_dll_tx.$proc$/workspace/rtl/dll/vibe_dll_tx.sv:0$4217'.
No latch inferred for signal `\vibe_dll_tx.\crc30_bit$func$/workspace/rtl/dll/vibe_dll_tx.sv:82$532.b' from process `\vibe_dll_tx.$proc$/workspace/rtl/dll/vibe_dll_tx.sv:0$4217'.
No latch inferred for signal `\vibe_dll_tx.\crc30_bit$func$/workspace/rtl/dll/vibe_dll_tx.sv:82$532.fb' from process `\vibe_dll_tx.$proc$/workspace/rtl/dll/vibe_dll_tx.sv:0$4217'.
No latch inferred for signal `\vibe_dll_tx.\crc30_bit$func$/workspace/rtl/dll/vibe_dll_tx.sv:82$533.$result' from process `\vibe_dll_tx.$proc$/workspace/rtl/dll/vibe_dll_tx.sv:0$4217'.
No latch inferred for signal `\vibe_dll_tx.\crc30_bit$func$/workspace/rtl/dll/vibe_dll_tx.sv:82$533.c' from process `\vibe_dll_tx.$proc$/workspace/rtl/dll/vibe_dll_tx.sv:0$4217'.
No latch inferred for signal `\vibe_dll_tx.\crc30_bit$func$/workspace/rtl/dll/vibe_dll_tx.sv:82$533.b' from process `\vibe_dll_tx.$proc$/workspace/rtl/dll/vibe_dll_tx.sv:0$4217'.
No latch inferred for signal `\vibe_dll_tx.\crc30_bit$func$/workspace/rtl/dll/vibe_dll_tx.sv:82$533.fb' from process `\vibe_dll_tx.$proc$/workspace/rtl/dll/vibe_dll_tx.sv:0$4217'.
No latch inferred for signal `\vibe_dll_tx.\crc30_bit$func$/workspace/rtl/dll/vibe_dll_tx.sv:82$534.$result' from process `\vibe_dll_tx.$proc$/workspace/rtl/dll/vibe_dll_tx.sv:0$4217'.
No latch inferred for signal `\vibe_dll_tx.\crc30_bit$func$/workspace/rtl/dll/vibe_dll_tx.sv:82$534.c' from process `\vibe_dll_tx.$proc$/workspace/rtl/dll/vibe_dll_tx.sv:0$4217'.
No latch inferred for signal `\vibe_dll_tx.\crc30_bit$func$/workspace/rtl/dll/vibe_dll_tx.sv:82$534.b' from process `\vibe_dll_tx.$proc$/workspace/rtl/dll/vibe_dll_tx.sv:0$4217'.
No latch inferred for signal `\vibe_dll_tx.\crc30_bit$func$/workspace/rtl/dll/vibe_dll_tx.sv:82$534.fb' from process `\vibe_dll_tx.$proc$/workspace/rtl/dll/vibe_dll_tx.sv:0$4217'.
No latch inferred for signal `\vibe_dll_tx.\crc30_bit$func$/workspace/rtl/dll/vibe_dll_tx.sv:82$535.$result' from process `\vibe_dll_tx.$proc$/workspace/rtl/dll/vibe_dll_tx.sv:0$4217'.
No latch inferred for signal `\vibe_dll_tx.\crc30_bit$func$/workspace/rtl/dll/vibe_dll_tx.sv:82$535.c' from process `\vibe_dll_tx.$proc$/workspace/rtl/dll/vibe_dll_tx.sv:0$4217'.
No latch inferred for signal `\vibe_dll_tx.\crc30_bit$func$/workspace/rtl/dll/vibe_dll_tx.sv:82$535.b' from process `\vibe_dll_tx.$proc$/workspace/rtl/dll/vibe_dll_tx.sv:0$4217'.
No latch inferred for signal `\vibe_dll_tx.\crc30_bit$func$/workspace/rtl/dll/vibe_dll_tx.sv:82$535.fb' from process `\vibe_dll_tx.$proc$/workspace/rtl/dll/vibe_dll_tx.sv:0$4217'.
No latch inferred for signal `\vibe_dll_tx.\crc30_bit$func$/workspace/rtl/dll/vibe_dll_tx.sv:82$536.$result' from process `\vibe_dll_tx.$proc$/workspace/rtl/dll/vibe_dll_tx.sv:0$4217'.
No latch inferred for signal `\vibe_dll_tx.\crc30_bit$func$/workspace/rtl/dll/vibe_dll_tx.sv:82$536.c' from process `\vibe_dll_tx.$proc$/workspace/rtl/dll/vibe_dll_tx.sv:0$4217'.
No latch inferred for signal `\vibe_dll_tx.\crc30_bit$func$/workspace/rtl/dll/vibe_dll_tx.sv:82$536.b' from process `\vibe_dll_tx.$proc$/workspace/rtl/dll/vibe_dll_tx.sv:0$4217'.
No latch inferred for signal `\vibe_dll_tx.\crc30_bit$func$/workspace/rtl/dll/vibe_dll_tx.sv:82$536.fb' from process `\vibe_dll_tx.$proc$/workspace/rtl/dll/vibe_dll_tx.sv:0$4217'.
No latch inferred for signal `\vibe_dll_tx.\crc30_bit$func$/workspace/rtl/dll/vibe_dll_tx.sv:82$537.$result' from process `\vibe_dll_tx.$proc$/workspace/rtl/dll/vibe_dll_tx.sv:0$4217'.
No latch inferred for signal `\vibe_dll_tx.\crc30_bit$func$/workspace/rtl/dll/vibe_dll_tx.sv:82$537.c' from process `\vibe_dll_tx.$proc$/workspace/rtl/dll/vibe_dll_tx.sv:0$4217'.
No latch inferred for signal `\vibe_dll_tx.\crc30_bit$func$/workspace/rtl/dll/vibe_dll_tx.sv:82$537.b' from process `\vibe_dll_tx.$proc$/workspace/rtl/dll/vibe_dll_tx.sv:0$4217'.
No latch inferred for signal `\vibe_dll_tx.\crc30_bit$func$/workspace/rtl/dll/vibe_dll_tx.sv:82$537.fb' from process `\vibe_dll_tx.$proc$/workspace/rtl/dll/vibe_dll_tx.sv:0$4217'.
No latch inferred for signal `\vibe_dll_tx.\crc30_bit$func$/workspace/rtl/dll/vibe_dll_tx.sv:82$538.$result' from process `\vibe_dll_tx.$proc$/workspace/rtl/dll/vibe_dll_tx.sv:0$4217'.
No latch inferred for signal `\vibe_dll_tx.\crc30_bit$func$/workspace/rtl/dll/vibe_dll_tx.sv:82$538.c' from process `\vibe_dll_tx.$proc$/workspace/rtl/dll/vibe_dll_tx.sv:0$4217'.
No latch inferred for signal `\vibe_dll_tx.\crc30_bit$func$/workspace/rtl/dll/vibe_dll_tx.sv:82$538.b' from process `\vibe_dll_tx.$proc$/workspace/rtl/dll/vibe_dll_tx.sv:0$4217'.
No latch inferred for signal `\vibe_dll_tx.\crc30_bit$func$/workspace/rtl/dll/vibe_dll_tx.sv:82$538.fb' from process `\vibe_dll_tx.$proc$/workspace/rtl/dll/vibe_dll_tx.sv:0$4217'.
No latch inferred for signal `\vibe_dll_tx.\crc30_bit$func$/workspace/rtl/dll/vibe_dll_tx.sv:82$539.$result' from process `\vibe_dll_tx.$proc$/workspace/rtl/dll/vibe_dll_tx.sv:0$4217'.
No latch inferred for signal `\vibe_dll_tx.\crc30_bit$func$/workspace/rtl/dll/vibe_dll_tx.sv:82$539.c' from process `\vibe_dll_tx.$proc$/workspace/rtl/dll/vibe_dll_tx.sv:0$4217'.
No latch inferred for signal `\vibe_dll_tx.\crc30_bit$func$/workspace/rtl/dll/vibe_dll_tx.sv:82$539.b' from process `\vibe_dll_tx.$proc$/workspace/rtl/dll/vibe_dll_tx.sv:0$4217'.
No latch inferred for signal `\vibe_dll_tx.\crc30_bit$func$/workspace/rtl/dll/vibe_dll_tx.sv:82$539.fb' from process `\vibe_dll_tx.$proc$/workspace/rtl/dll/vibe_dll_tx.sv:0$4217'.
No latch inferred for signal `\vibe_dll_tx.\crc30_bit$func$/workspace/rtl/dll/vibe_dll_tx.sv:82$540.$result' from process `\vibe_dll_tx.$proc$/workspace/rtl/dll/vibe_dll_tx.sv:0$4217'.
No latch inferred for signal `\vibe_dll_tx.\crc30_bit$func$/workspace/rtl/dll/vibe_dll_tx.sv:82$540.c' from process `\vibe_dll_tx.$proc$/workspace/rtl/dll/vibe_dll_tx.sv:0$4217'.
No latch inferred for signal `\vibe_dll_tx.\crc30_bit$func$/workspace/rtl/dll/vibe_dll_tx.sv:82$540.b' from process `\vibe_dll_tx.$proc$/workspace/rtl/dll/vibe_dll_tx.sv:0$4217'.
No latch inferred for signal `\vibe_dll_tx.\crc30_bit$func$/workspace/rtl/dll/vibe_dll_tx.sv:82$540.fb' from process `\vibe_dll_tx.$proc$/workspace/rtl/dll/vibe_dll_tx.sv:0$4217'.
No latch inferred for signal `\vibe_dll_tx.\crc30_bit$func$/workspace/rtl/dll/vibe_dll_tx.sv:82$541.$result' from process `\vibe_dll_tx.$proc$/workspace/rtl/dll/vibe_dll_tx.sv:0$4217'.
No latch inferred for signal `\vibe_dll_tx.\crc30_bit$func$/workspace/rtl/dll/vibe_dll_tx.sv:82$541.c' from process `\vibe_dll_tx.$proc$/workspace/rtl/dll/vibe_dll_tx.sv:0$4217'.
No latch inferred for signal `\vibe_dll_tx.\crc30_bit$func$/workspace/rtl/dll/vibe_dll_tx.sv:82$541.b' from process `\vibe_dll_tx.$proc$/workspace/rtl/dll/vibe_dll_tx.sv:0$4217'.
No latch inferred for signal `\vibe_dll_tx.\crc30_bit$func$/workspace/rtl/dll/vibe_dll_tx.sv:82$541.fb' from process `\vibe_dll_tx.$proc$/workspace/rtl/dll/vibe_dll_tx.sv:0$4217'.
No latch inferred for signal `\vibe_dll_tx.\crc30_bit$func$/workspace/rtl/dll/vibe_dll_tx.sv:82$542.$result' from process `\vibe_dll_tx.$proc$/workspace/rtl/dll/vibe_dll_tx.sv:0$4217'.
No latch inferred for signal `\vibe_dll_tx.\crc30_bit$func$/workspace/rtl/dll/vibe_dll_tx.sv:82$542.c' from process `\vibe_dll_tx.$proc$/workspace/rtl/dll/vibe_dll_tx.sv:0$4217'.
No latch inferred for signal `\vibe_dll_tx.\crc30_bit$func$/workspace/rtl/dll/vibe_dll_tx.sv:82$542.b' from process `\vibe_dll_tx.$proc$/workspace/rtl/dll/vibe_dll_tx.sv:0$4217'.
No latch inferred for signal `\vibe_dll_tx.\crc30_bit$func$/workspace/rtl/dll/vibe_dll_tx.sv:82$542.fb' from process `\vibe_dll_tx.$proc$/workspace/rtl/dll/vibe_dll_tx.sv:0$4217'.
No latch inferred for signal `\vibe_dll_tx.\crc30_bit$func$/workspace/rtl/dll/vibe_dll_tx.sv:82$543.$result' from process `\vibe_dll_tx.$proc$/workspace/rtl/dll/vibe_dll_tx.sv:0$4217'.
No latch inferred for signal `\vibe_dll_tx.\crc30_bit$func$/workspace/rtl/dll/vibe_dll_tx.sv:82$543.c' from process `\vibe_dll_tx.$proc$/workspace/rtl/dll/vibe_dll_tx.sv:0$4217'.
No latch inferred for signal `\vibe_dll_tx.\crc30_bit$func$/workspace/rtl/dll/vibe_dll_tx.sv:82$543.b' from process `\vibe_dll_tx.$proc$/workspace/rtl/dll/vibe_dll_tx.sv:0$4217'.
No latch inferred for signal `\vibe_dll_tx.\crc30_bit$func$/workspace/rtl/dll/vibe_dll_tx.sv:82$543.fb' from process `\vibe_dll_tx.$proc$/workspace/rtl/dll/vibe_dll_tx.sv:0$4217'.
No latch inferred for signal `\vibe_dll_tx.\crc30_bit$func$/workspace/rtl/dll/vibe_dll_tx.sv:82$544.$result' from process `\vibe_dll_tx.$proc$/workspace/rtl/dll/vibe_dll_tx.sv:0$4217'.
No latch inferred for signal `\vibe_dll_tx.\crc30_bit$func$/workspace/rtl/dll/vibe_dll_tx.sv:82$544.c' from process `\vibe_dll_tx.$proc$/workspace/rtl/dll/vibe_dll_tx.sv:0$4217'.
No latch inferred for signal `\vibe_dll_tx.\crc30_bit$func$/workspace/rtl/dll/vibe_dll_tx.sv:82$544.b' from process `\vibe_dll_tx.$proc$/workspace/rtl/dll/vibe_dll_tx.sv:0$4217'.
No latch inferred for signal `\vibe_dll_tx.\crc30_bit$func$/workspace/rtl/dll/vibe_dll_tx.sv:82$544.fb' from process `\vibe_dll_tx.$proc$/workspace/rtl/dll/vibe_dll_tx.sv:0$4217'.
No latch inferred for signal `\vibe_dll_tx.\crc30_bit$func$/workspace/rtl/dll/vibe_dll_tx.sv:82$545.$result' from process `\vibe_dll_tx.$proc$/workspace/rtl/dll/vibe_dll_tx.sv:0$4217'.
No latch inferred for signal `\vibe_dll_tx.\crc30_bit$func$/workspace/rtl/dll/vibe_dll_tx.sv:82$545.c' from process `\vibe_dll_tx.$proc$/workspace/rtl/dll/vibe_dll_tx.sv:0$4217'.
No latch inferred for signal `\vibe_dll_tx.\crc30_bit$func$/workspace/rtl/dll/vibe_dll_tx.sv:82$545.b' from process `\vibe_dll_tx.$proc$/workspace/rtl/dll/vibe_dll_tx.sv:0$4217'.
No latch inferred for signal `\vibe_dll_tx.\crc30_bit$func$/workspace/rtl/dll/vibe_dll_tx.sv:82$545.fb' from process `\vibe_dll_tx.$proc$/workspace/rtl/dll/vibe_dll_tx.sv:0$4217'.
No latch inferred for signal `\vibe_dll_tx.\crc30_bit$func$/workspace/rtl/dll/vibe_dll_tx.sv:82$546.$result' from process `\vibe_dll_tx.$proc$/workspace/rtl/dll/vibe_dll_tx.sv:0$4217'.
No latch inferred for signal `\vibe_dll_tx.\crc30_bit$func$/workspace/rtl/dll/vibe_dll_tx.sv:82$546.c' from process `\vibe_dll_tx.$proc$/workspace/rtl/dll/vibe_dll_tx.sv:0$4217'.
No latch inferred for signal `\vibe_dll_tx.\crc30_bit$func$/workspace/rtl/dll/vibe_dll_tx.sv:82$546.b' from process `\vibe_dll_tx.$proc$/workspace/rtl/dll/vibe_dll_tx.sv:0$4217'.
No latch inferred for signal `\vibe_dll_tx.\crc30_bit$func$/workspace/rtl/dll/vibe_dll_tx.sv:82$546.fb' from process `\vibe_dll_tx.$proc$/workspace/rtl/dll/vibe_dll_tx.sv:0$4217'.
No latch inferred for signal `\vibe_dll_tx.\crc30_bit$func$/workspace/rtl/dll/vibe_dll_tx.sv:82$547.$result' from process `\vibe_dll_tx.$proc$/workspace/rtl/dll/vibe_dll_tx.sv:0$4217'.
No latch inferred for signal `\vibe_dll_tx.\crc30_bit$func$/workspace/rtl/dll/vibe_dll_tx.sv:82$547.c' from process `\vibe_dll_tx.$proc$/workspace/rtl/dll/vibe_dll_tx.sv:0$4217'.
No latch inferred for signal `\vibe_dll_tx.\crc30_bit$func$/workspace/rtl/dll/vibe_dll_tx.sv:82$547.b' from process `\vibe_dll_tx.$proc$/workspace/rtl/dll/vibe_dll_tx.sv:0$4217'.
No latch inferred for signal `\vibe_dll_tx.\crc30_bit$func$/workspace/rtl/dll/vibe_dll_tx.sv:82$547.fb' from process `\vibe_dll_tx.$proc$/workspace/rtl/dll/vibe_dll_tx.sv:0$4217'.
No latch inferred for signal `\vibe_dll_tx.\crc30_bit$func$/workspace/rtl/dll/vibe_dll_tx.sv:82$548.$result' from process `\vibe_dll_tx.$proc$/workspace/rtl/dll/vibe_dll_tx.sv:0$4217'.
No latch inferred for signal `\vibe_dll_tx.\crc30_bit$func$/workspace/rtl/dll/vibe_dll_tx.sv:82$548.c' from process `\vibe_dll_tx.$proc$/workspace/rtl/dll/vibe_dll_tx.sv:0$4217'.
No latch inferred for signal `\vibe_dll_tx.\crc30_bit$func$/workspace/rtl/dll/vibe_dll_tx.sv:82$548.b' from process `\vibe_dll_tx.$proc$/workspace/rtl/dll/vibe_dll_tx.sv:0$4217'.
No latch inferred for signal `\vibe_dll_tx.\crc30_bit$func$/workspace/rtl/dll/vibe_dll_tx.sv:82$548.fb' from process `\vibe_dll_tx.$proc$/workspace/rtl/dll/vibe_dll_tx.sv:0$4217'.
No latch inferred for signal `\vibe_dll_tx.\crc30_bit$func$/workspace/rtl/dll/vibe_dll_tx.sv:82$549.$result' from process `\vibe_dll_tx.$proc$/workspace/rtl/dll/vibe_dll_tx.sv:0$4217'.
No latch inferred for signal `\vibe_dll_tx.\crc30_bit$func$/workspace/rtl/dll/vibe_dll_tx.sv:82$549.c' from process `\vibe_dll_tx.$proc$/workspace/rtl/dll/vibe_dll_tx.sv:0$4217'.
No latch inferred for signal `\vibe_dll_tx.\crc30_bit$func$/workspace/rtl/dll/vibe_dll_tx.sv:82$549.b' from process `\vibe_dll_tx.$proc$/workspace/rtl/dll/vibe_dll_tx.sv:0$4217'.
No latch inferred for signal `\vibe_dll_tx.\crc30_bit$func$/workspace/rtl/dll/vibe_dll_tx.sv:82$549.fb' from process `\vibe_dll_tx.$proc$/workspace/rtl/dll/vibe_dll_tx.sv:0$4217'.
No latch inferred for signal `\vibe_dll_tx.\crc30_bit$func$/workspace/rtl/dll/vibe_dll_tx.sv:82$550.$result' from process `\vibe_dll_tx.$proc$/workspace/rtl/dll/vibe_dll_tx.sv:0$4217'.
No latch inferred for signal `\vibe_dll_tx.\crc30_bit$func$/workspace/rtl/dll/vibe_dll_tx.sv:82$550.c' from process `\vibe_dll_tx.$proc$/workspace/rtl/dll/vibe_dll_tx.sv:0$4217'.
No latch inferred for signal `\vibe_dll_tx.\crc30_bit$func$/workspace/rtl/dll/vibe_dll_tx.sv:82$550.b' from process `\vibe_dll_tx.$proc$/workspace/rtl/dll/vibe_dll_tx.sv:0$4217'.
No latch inferred for signal `\vibe_dll_tx.\crc30_bit$func$/workspace/rtl/dll/vibe_dll_tx.sv:82$550.fb' from process `\vibe_dll_tx.$proc$/workspace/rtl/dll/vibe_dll_tx.sv:0$4217'.
No latch inferred for signal `\vibe_dll_tx.\crc30_bit$func$/workspace/rtl/dll/vibe_dll_tx.sv:82$551.$result' from process `\vibe_dll_tx.$proc$/workspace/rtl/dll/vibe_dll_tx.sv:0$4217'.
No latch inferred for signal `\vibe_dll_tx.\crc30_bit$func$/workspace/rtl/dll/vibe_dll_tx.sv:82$551.c' from process `\vibe_dll_tx.$proc$/workspace/rtl/dll/vibe_dll_tx.sv:0$4217'.
No latch inferred for signal `\vibe_dll_tx.\crc30_bit$func$/workspace/rtl/dll/vibe_dll_tx.sv:82$551.b' from process `\vibe_dll_tx.$proc$/workspace/rtl/dll/vibe_dll_tx.sv:0$4217'.
No latch inferred for signal `\vibe_dll_tx.\crc30_bit$func$/workspace/rtl/dll/vibe_dll_tx.sv:82$551.fb' from process `\vibe_dll_tx.$proc$/workspace/rtl/dll/vibe_dll_tx.sv:0$4217'.
No latch inferred for signal `\vibe_dll_tx.\crc30_bit$func$/workspace/rtl/dll/vibe_dll_tx.sv:82$552.$result' from process `\vibe_dll_tx.$proc$/workspace/rtl/dll/vibe_dll_tx.sv:0$4217'.
No latch inferred for signal `\vibe_dll_tx.\crc30_bit$func$/workspace/rtl/dll/vibe_dll_tx.sv:82$552.c' from process `\vibe_dll_tx.$proc$/workspace/rtl/dll/vibe_dll_tx.sv:0$4217'.
No latch inferred for signal `\vibe_dll_tx.\crc30_bit$func$/workspace/rtl/dll/vibe_dll_tx.sv:82$552.b' from process `\vibe_dll_tx.$proc$/workspace/rtl/dll/vibe_dll_tx.sv:0$4217'.
No latch inferred for signal `\vibe_dll_tx.\crc30_bit$func$/workspace/rtl/dll/vibe_dll_tx.sv:82$552.fb' from process `\vibe_dll_tx.$proc$/workspace/rtl/dll/vibe_dll_tx.sv:0$4217'.
No latch inferred for signal `\vibe_dll_tx.\crc30_bit$func$/workspace/rtl/dll/vibe_dll_tx.sv:82$553.$result' from process `\vibe_dll_tx.$proc$/workspace/rtl/dll/vibe_dll_tx.sv:0$4217'.
No latch inferred for signal `\vibe_dll_tx.\crc30_bit$func$/workspace/rtl/dll/vibe_dll_tx.sv:82$553.c' from process `\vibe_dll_tx.$proc$/workspace/rtl/dll/vibe_dll_tx.sv:0$4217'.
No latch inferred for signal `\vibe_dll_tx.\crc30_bit$func$/workspace/rtl/dll/vibe_dll_tx.sv:82$553.b' from process `\vibe_dll_tx.$proc$/workspace/rtl/dll/vibe_dll_tx.sv:0$4217'.
No latch inferred for signal `\vibe_dll_tx.\crc30_bit$func$/workspace/rtl/dll/vibe_dll_tx.sv:82$553.fb' from process `\vibe_dll_tx.$proc$/workspace/rtl/dll/vibe_dll_tx.sv:0$4217'.
No latch inferred for signal `\vibe_dll_tx.\crc30_bit$func$/workspace/rtl/dll/vibe_dll_tx.sv:82$554.$result' from process `\vibe_dll_tx.$proc$/workspace/rtl/dll/vibe_dll_tx.sv:0$4217'.
No latch inferred for signal `\vibe_dll_tx.\crc30_bit$func$/workspace/rtl/dll/vibe_dll_tx.sv:82$554.c' from process `\vibe_dll_tx.$proc$/workspace/rtl/dll/vibe_dll_tx.sv:0$4217'.
No latch inferred for signal `\vibe_dll_tx.\crc30_bit$func$/workspace/rtl/dll/vibe_dll_tx.sv:82$554.b' from process `\vibe_dll_tx.$proc$/workspace/rtl/dll/vibe_dll_tx.sv:0$4217'.
No latch inferred for signal `\vibe_dll_tx.\crc30_bit$func$/workspace/rtl/dll/vibe_dll_tx.sv:82$554.fb' from process `\vibe_dll_tx.$proc$/workspace/rtl/dll/vibe_dll_tx.sv:0$4217'.
No latch inferred for signal `\vibe_dll_tx.\crc30_bit$func$/workspace/rtl/dll/vibe_dll_tx.sv:82$555.$result' from process `\vibe_dll_tx.$proc$/workspace/rtl/dll/vibe_dll_tx.sv:0$4217'.
No latch inferred for signal `\vibe_dll_tx.\crc30_bit$func$/workspace/rtl/dll/vibe_dll_tx.sv:82$555.c' from process `\vibe_dll_tx.$proc$/workspace/rtl/dll/vibe_dll_tx.sv:0$4217'.
No latch inferred for signal `\vibe_dll_tx.\crc30_bit$func$/workspace/rtl/dll/vibe_dll_tx.sv:82$555.b' from process `\vibe_dll_tx.$proc$/workspace/rtl/dll/vibe_dll_tx.sv:0$4217'.
No latch inferred for signal `\vibe_dll_tx.\crc30_bit$func$/workspace/rtl/dll/vibe_dll_tx.sv:82$555.fb' from process `\vibe_dll_tx.$proc$/workspace/rtl/dll/vibe_dll_tx.sv:0$4217'.
No latch inferred for signal `\vibe_dll_tx.\crc30_bit$func$/workspace/rtl/dll/vibe_dll_tx.sv:82$556.$result' from process `\vibe_dll_tx.$proc$/workspace/rtl/dll/vibe_dll_tx.sv:0$4217'.
No latch inferred for signal `\vibe_dll_tx.\crc30_bit$func$/workspace/rtl/dll/vibe_dll_tx.sv:82$556.c' from process `\vibe_dll_tx.$proc$/workspace/rtl/dll/vibe_dll_tx.sv:0$4217'.
No latch inferred for signal `\vibe_dll_tx.\crc30_bit$func$/workspace/rtl/dll/vibe_dll_tx.sv:82$556.b' from process `\vibe_dll_tx.$proc$/workspace/rtl/dll/vibe_dll_tx.sv:0$4217'.
No latch inferred for signal `\vibe_dll_tx.\crc30_bit$func$/workspace/rtl/dll/vibe_dll_tx.sv:82$556.fb' from process `\vibe_dll_tx.$proc$/workspace/rtl/dll/vibe_dll_tx.sv:0$4217'.
No latch inferred for signal `\vibe_dll_tx.\crc30_bit$func$/workspace/rtl/dll/vibe_dll_tx.sv:82$557.$result' from process `\vibe_dll_tx.$proc$/workspace/rtl/dll/vibe_dll_tx.sv:0$4217'.
No latch inferred for signal `\vibe_dll_tx.\crc30_bit$func$/workspace/rtl/dll/vibe_dll_tx.sv:82$557.c' from process `\vibe_dll_tx.$proc$/workspace/rtl/dll/vibe_dll_tx.sv:0$4217'.
No latch inferred for signal `\vibe_dll_tx.\crc30_bit$func$/workspace/rtl/dll/vibe_dll_tx.sv:82$557.b' from process `\vibe_dll_tx.$proc$/workspace/rtl/dll/vibe_dll_tx.sv:0$4217'.
No latch inferred for signal `\vibe_dll_tx.\crc30_bit$func$/workspace/rtl/dll/vibe_dll_tx.sv:82$557.fb' from process `\vibe_dll_tx.$proc$/workspace/rtl/dll/vibe_dll_tx.sv:0$4217'.
No latch inferred for signal `\vibe_dll_tx.\crc30_bit$func$/workspace/rtl/dll/vibe_dll_tx.sv:82$558.$result' from process `\vibe_dll_tx.$proc$/workspace/rtl/dll/vibe_dll_tx.sv:0$4217'.
No latch inferred for signal `\vibe_dll_tx.\crc30_bit$func$/workspace/rtl/dll/vibe_dll_tx.sv:82$558.c' from process `\vibe_dll_tx.$proc$/workspace/rtl/dll/vibe_dll_tx.sv:0$4217'.
No latch inferred for signal `\vibe_dll_tx.\crc30_bit$func$/workspace/rtl/dll/vibe_dll_tx.sv:82$558.b' from process `\vibe_dll_tx.$proc$/workspace/rtl/dll/vibe_dll_tx.sv:0$4217'.
No latch inferred for signal `\vibe_dll_tx.\crc30_bit$func$/workspace/rtl/dll/vibe_dll_tx.sv:82$558.fb' from process `\vibe_dll_tx.$proc$/workspace/rtl/dll/vibe_dll_tx.sv:0$4217'.
No latch inferred for signal `\vibe_dll_tx.\crc30_bit$func$/workspace/rtl/dll/vibe_dll_tx.sv:82$559.$result' from process `\vibe_dll_tx.$proc$/workspace/rtl/dll/vibe_dll_tx.sv:0$4217'.
No latch inferred for signal `\vibe_dll_tx.\crc30_bit$func$/workspace/rtl/dll/vibe_dll_tx.sv:82$559.c' from process `\vibe_dll_tx.$proc$/workspace/rtl/dll/vibe_dll_tx.sv:0$4217'.
No latch inferred for signal `\vibe_dll_tx.\crc30_bit$func$/workspace/rtl/dll/vibe_dll_tx.sv:82$559.b' from process `\vibe_dll_tx.$proc$/workspace/rtl/dll/vibe_dll_tx.sv:0$4217'.
No latch inferred for signal `\vibe_dll_tx.\crc30_bit$func$/workspace/rtl/dll/vibe_dll_tx.sv:82$559.fb' from process `\vibe_dll_tx.$proc$/workspace/rtl/dll/vibe_dll_tx.sv:0$4217'.
No latch inferred for signal `\vibe_dll_tx.\crc30_bit$func$/workspace/rtl/dll/vibe_dll_tx.sv:82$560.$result' from process `\vibe_dll_tx.$proc$/workspace/rtl/dll/vibe_dll_tx.sv:0$4217'.
No latch inferred for signal `\vibe_dll_tx.\crc30_bit$func$/workspace/rtl/dll/vibe_dll_tx.sv:82$560.c' from process `\vibe_dll_tx.$proc$/workspace/rtl/dll/vibe_dll_tx.sv:0$4217'.
No latch inferred for signal `\vibe_dll_tx.\crc30_bit$func$/workspace/rtl/dll/vibe_dll_tx.sv:82$560.b' from process `\vibe_dll_tx.$proc$/workspace/rtl/dll/vibe_dll_tx.sv:0$4217'.
No latch inferred for signal `\vibe_dll_tx.\crc30_bit$func$/workspace/rtl/dll/vibe_dll_tx.sv:82$560.fb' from process `\vibe_dll_tx.$proc$/workspace/rtl/dll/vibe_dll_tx.sv:0$4217'.
No latch inferred for signal `\vibe_dll_tx.\crc30_bit$func$/workspace/rtl/dll/vibe_dll_tx.sv:82$561.$result' from process `\vibe_dll_tx.$proc$/workspace/rtl/dll/vibe_dll_tx.sv:0$4217'.
No latch inferred for signal `\vibe_dll_tx.\crc30_bit$func$/workspace/rtl/dll/vibe_dll_tx.sv:82$561.c' from process `\vibe_dll_tx.$proc$/workspace/rtl/dll/vibe_dll_tx.sv:0$4217'.
No latch inferred for signal `\vibe_dll_tx.\crc30_bit$func$/workspace/rtl/dll/vibe_dll_tx.sv:82$561.b' from process `\vibe_dll_tx.$proc$/workspace/rtl/dll/vibe_dll_tx.sv:0$4217'.
No latch inferred for signal `\vibe_dll_tx.\crc30_bit$func$/workspace/rtl/dll/vibe_dll_tx.sv:82$561.fb' from process `\vibe_dll_tx.$proc$/workspace/rtl/dll/vibe_dll_tx.sv:0$4217'.
No latch inferred for signal `\vibe_dll_tx.\crc30_bit$func$/workspace/rtl/dll/vibe_dll_tx.sv:82$562.$result' from process `\vibe_dll_tx.$proc$/workspace/rtl/dll/vibe_dll_tx.sv:0$4217'.
No latch inferred for signal `\vibe_dll_tx.\crc30_bit$func$/workspace/rtl/dll/vibe_dll_tx.sv:82$562.c' from process `\vibe_dll_tx.$proc$/workspace/rtl/dll/vibe_dll_tx.sv:0$4217'.
No latch inferred for signal `\vibe_dll_tx.\crc30_bit$func$/workspace/rtl/dll/vibe_dll_tx.sv:82$562.b' from process `\vibe_dll_tx.$proc$/workspace/rtl/dll/vibe_dll_tx.sv:0$4217'.
No latch inferred for signal `\vibe_dll_tx.\crc30_bit$func$/workspace/rtl/dll/vibe_dll_tx.sv:82$562.fb' from process `\vibe_dll_tx.$proc$/workspace/rtl/dll/vibe_dll_tx.sv:0$4217'.
No latch inferred for signal `\vibe_dll_tx.\crc30_bit$func$/workspace/rtl/dll/vibe_dll_tx.sv:82$563.$result' from process `\vibe_dll_tx.$proc$/workspace/rtl/dll/vibe_dll_tx.sv:0$4217'.
No latch inferred for signal `\vibe_dll_tx.\crc30_bit$func$/workspace/rtl/dll/vibe_dll_tx.sv:82$563.c' from process `\vibe_dll_tx.$proc$/workspace/rtl/dll/vibe_dll_tx.sv:0$4217'.
No latch inferred for signal `\vibe_dll_tx.\crc30_bit$func$/workspace/rtl/dll/vibe_dll_tx.sv:82$563.b' from process `\vibe_dll_tx.$proc$/workspace/rtl/dll/vibe_dll_tx.sv:0$4217'.
No latch inferred for signal `\vibe_dll_tx.\crc30_bit$func$/workspace/rtl/dll/vibe_dll_tx.sv:82$563.fb' from process `\vibe_dll_tx.$proc$/workspace/rtl/dll/vibe_dll_tx.sv:0$4217'.
No latch inferred for signal `\vibe_dll_tx.\crc30_bit$func$/workspace/rtl/dll/vibe_dll_tx.sv:82$564.$result' from process `\vibe_dll_tx.$proc$/workspace/rtl/dll/vibe_dll_tx.sv:0$4217'.
No latch inferred for signal `\vibe_dll_tx.\crc30_bit$func$/workspace/rtl/dll/vibe_dll_tx.sv:82$564.c' from process `\vibe_dll_tx.$proc$/workspace/rtl/dll/vibe_dll_tx.sv:0$4217'.
No latch inferred for signal `\vibe_dll_tx.\crc30_bit$func$/workspace/rtl/dll/vibe_dll_tx.sv:82$564.b' from process `\vibe_dll_tx.$proc$/workspace/rtl/dll/vibe_dll_tx.sv:0$4217'.
No latch inferred for signal `\vibe_dll_tx.\crc30_bit$func$/workspace/rtl/dll/vibe_dll_tx.sv:82$564.fb' from process `\vibe_dll_tx.$proc$/workspace/rtl/dll/vibe_dll_tx.sv:0$4217'.
No latch inferred for signal `\vibe_dll_tx.\crc30_bit$func$/workspace/rtl/dll/vibe_dll_tx.sv:82$565.$result' from process `\vibe_dll_tx.$proc$/workspace/rtl/dll/vibe_dll_tx.sv:0$4217'.
No latch inferred for signal `\vibe_dll_tx.\crc30_bit$func$/workspace/rtl/dll/vibe_dll_tx.sv:82$565.c' from process `\vibe_dll_tx.$proc$/workspace/rtl/dll/vibe_dll_tx.sv:0$4217'.
No latch inferred for signal `\vibe_dll_tx.\crc30_bit$func$/workspace/rtl/dll/vibe_dll_tx.sv:82$565.b' from process `\vibe_dll_tx.$proc$/workspace/rtl/dll/vibe_dll_tx.sv:0$4217'.
No latch inferred for signal `\vibe_dll_tx.\crc30_bit$func$/workspace/rtl/dll/vibe_dll_tx.sv:82$565.fb' from process `\vibe_dll_tx.$proc$/workspace/rtl/dll/vibe_dll_tx.sv:0$4217'.
No latch inferred for signal `\vibe_dll_tx.\crc30_bit$func$/workspace/rtl/dll/vibe_dll_tx.sv:82$566.$result' from process `\vibe_dll_tx.$proc$/workspace/rtl/dll/vibe_dll_tx.sv:0$4217'.
No latch inferred for signal `\vibe_dll_tx.\crc30_bit$func$/workspace/rtl/dll/vibe_dll_tx.sv:82$566.c' from process `\vibe_dll_tx.$proc$/workspace/rtl/dll/vibe_dll_tx.sv:0$4217'.
No latch inferred for signal `\vibe_dll_tx.\crc30_bit$func$/workspace/rtl/dll/vibe_dll_tx.sv:82$566.b' from process `\vibe_dll_tx.$proc$/workspace/rtl/dll/vibe_dll_tx.sv:0$4217'.
No latch inferred for signal `\vibe_dll_tx.\crc30_bit$func$/workspace/rtl/dll/vibe_dll_tx.sv:82$566.fb' from process `\vibe_dll_tx.$proc$/workspace/rtl/dll/vibe_dll_tx.sv:0$4217'.
No latch inferred for signal `\vibe_dll_tx.\crc30_bit$func$/workspace/rtl/dll/vibe_dll_tx.sv:82$567.$result' from process `\vibe_dll_tx.$proc$/workspace/rtl/dll/vibe_dll_tx.sv:0$4217'.
No latch inferred for signal `\vibe_dll_tx.\crc30_bit$func$/workspace/rtl/dll/vibe_dll_tx.sv:82$567.c' from process `\vibe_dll_tx.$proc$/workspace/rtl/dll/vibe_dll_tx.sv:0$4217'.
No latch inferred for signal `\vibe_dll_tx.\crc30_bit$func$/workspace/rtl/dll/vibe_dll_tx.sv:82$567.b' from process `\vibe_dll_tx.$proc$/workspace/rtl/dll/vibe_dll_tx.sv:0$4217'.
No latch inferred for signal `\vibe_dll_tx.\crc30_bit$func$/workspace/rtl/dll/vibe_dll_tx.sv:82$567.fb' from process `\vibe_dll_tx.$proc$/workspace/rtl/dll/vibe_dll_tx.sv:0$4217'.
No latch inferred for signal `\vibe_dll_tx.\crc30_bit$func$/workspace/rtl/dll/vibe_dll_tx.sv:82$568.$result' from process `\vibe_dll_tx.$proc$/workspace/rtl/dll/vibe_dll_tx.sv:0$4217'.
No latch inferred for signal `\vibe_dll_tx.\crc30_bit$func$/workspace/rtl/dll/vibe_dll_tx.sv:82$568.c' from process `\vibe_dll_tx.$proc$/workspace/rtl/dll/vibe_dll_tx.sv:0$4217'.
No latch inferred for signal `\vibe_dll_tx.\crc30_bit$func$/workspace/rtl/dll/vibe_dll_tx.sv:82$568.b' from process `\vibe_dll_tx.$proc$/workspace/rtl/dll/vibe_dll_tx.sv:0$4217'.
No latch inferred for signal `\vibe_dll_tx.\crc30_bit$func$/workspace/rtl/dll/vibe_dll_tx.sv:82$568.fb' from process `\vibe_dll_tx.$proc$/workspace/rtl/dll/vibe_dll_tx.sv:0$4217'.
No latch inferred for signal `\vibe_dll_tx.\crc30_bit$func$/workspace/rtl/dll/vibe_dll_tx.sv:82$569.$result' from process `\vibe_dll_tx.$proc$/workspace/rtl/dll/vibe_dll_tx.sv:0$4217'.
No latch inferred for signal `\vibe_dll_tx.\crc30_bit$func$/workspace/rtl/dll/vibe_dll_tx.sv:82$569.c' from process `\vibe_dll_tx.$proc$/workspace/rtl/dll/vibe_dll_tx.sv:0$4217'.
No latch inferred for signal `\vibe_dll_tx.\crc30_bit$func$/workspace/rtl/dll/vibe_dll_tx.sv:82$569.b' from process `\vibe_dll_tx.$proc$/workspace/rtl/dll/vibe_dll_tx.sv:0$4217'.
No latch inferred for signal `\vibe_dll_tx.\crc30_bit$func$/workspace/rtl/dll/vibe_dll_tx.sv:82$569.fb' from process `\vibe_dll_tx.$proc$/workspace/rtl/dll/vibe_dll_tx.sv:0$4217'.
No latch inferred for signal `\vibe_dll_tx.\crc30_bit$func$/workspace/rtl/dll/vibe_dll_tx.sv:82$570.$result' from process `\vibe_dll_tx.$proc$/workspace/rtl/dll/vibe_dll_tx.sv:0$4217'.
No latch inferred for signal `\vibe_dll_tx.\crc30_bit$func$/workspace/rtl/dll/vibe_dll_tx.sv:82$570.c' from process `\vibe_dll_tx.$proc$/workspace/rtl/dll/vibe_dll_tx.sv:0$4217'.
No latch inferred for signal `\vibe_dll_tx.\crc30_bit$func$/workspace/rtl/dll/vibe_dll_tx.sv:82$570.b' from process `\vibe_dll_tx.$proc$/workspace/rtl/dll/vibe_dll_tx.sv:0$4217'.
No latch inferred for signal `\vibe_dll_tx.\crc30_bit$func$/workspace/rtl/dll/vibe_dll_tx.sv:82$570.fb' from process `\vibe_dll_tx.$proc$/workspace/rtl/dll/vibe_dll_tx.sv:0$4217'.
No latch inferred for signal `\vibe_dll_tx.\crc30_bit$func$/workspace/rtl/dll/vibe_dll_tx.sv:82$571.$result' from process `\vibe_dll_tx.$proc$/workspace/rtl/dll/vibe_dll_tx.sv:0$4217'.
No latch inferred for signal `\vibe_dll_tx.\crc30_bit$func$/workspace/rtl/dll/vibe_dll_tx.sv:82$571.c' from process `\vibe_dll_tx.$proc$/workspace/rtl/dll/vibe_dll_tx.sv:0$4217'.
No latch inferred for signal `\vibe_dll_tx.\crc30_bit$func$/workspace/rtl/dll/vibe_dll_tx.sv:82$571.b' from process `\vibe_dll_tx.$proc$/workspace/rtl/dll/vibe_dll_tx.sv:0$4217'.
No latch inferred for signal `\vibe_dll_tx.\crc30_bit$func$/workspace/rtl/dll/vibe_dll_tx.sv:82$571.fb' from process `\vibe_dll_tx.$proc$/workspace/rtl/dll/vibe_dll_tx.sv:0$4217'.
No latch inferred for signal `\vibe_dll_tx.\crc30_bit$func$/workspace/rtl/dll/vibe_dll_tx.sv:82$572.$result' from process `\vibe_dll_tx.$proc$/workspace/rtl/dll/vibe_dll_tx.sv:0$4217'.
No latch inferred for signal `\vibe_dll_tx.\crc30_bit$func$/workspace/rtl/dll/vibe_dll_tx.sv:82$572.c' from process `\vibe_dll_tx.$proc$/workspace/rtl/dll/vibe_dll_tx.sv:0$4217'.
No latch inferred for signal `\vibe_dll_tx.\crc30_bit$func$/workspace/rtl/dll/vibe_dll_tx.sv:82$572.b' from process `\vibe_dll_tx.$proc$/workspace/rtl/dll/vibe_dll_tx.sv:0$4217'.
No latch inferred for signal `\vibe_dll_tx.\crc30_bit$func$/workspace/rtl/dll/vibe_dll_tx.sv:82$572.fb' from process `\vibe_dll_tx.$proc$/workspace/rtl/dll/vibe_dll_tx.sv:0$4217'.
No latch inferred for signal `\vibe_dll_tx.\crc30_bit$func$/workspace/rtl/dll/vibe_dll_tx.sv:82$573.$result' from process `\vibe_dll_tx.$proc$/workspace/rtl/dll/vibe_dll_tx.sv:0$4217'.
No latch inferred for signal `\vibe_dll_tx.\crc30_bit$func$/workspace/rtl/dll/vibe_dll_tx.sv:82$573.c' from process `\vibe_dll_tx.$proc$/workspace/rtl/dll/vibe_dll_tx.sv:0$4217'.
No latch inferred for signal `\vibe_dll_tx.\crc30_bit$func$/workspace/rtl/dll/vibe_dll_tx.sv:82$573.b' from process `\vibe_dll_tx.$proc$/workspace/rtl/dll/vibe_dll_tx.sv:0$4217'.
No latch inferred for signal `\vibe_dll_tx.\crc30_bit$func$/workspace/rtl/dll/vibe_dll_tx.sv:82$573.fb' from process `\vibe_dll_tx.$proc$/workspace/rtl/dll/vibe_dll_tx.sv:0$4217'.
No latch inferred for signal `\vibe_dll_tx.\crc30_bit$func$/workspace/rtl/dll/vibe_dll_tx.sv:82$574.$result' from process `\vibe_dll_tx.$proc$/workspace/rtl/dll/vibe_dll_tx.sv:0$4217'.
No latch inferred for signal `\vibe_dll_tx.\crc30_bit$func$/workspace/rtl/dll/vibe_dll_tx.sv:82$574.c' from process `\vibe_dll_tx.$proc$/workspace/rtl/dll/vibe_dll_tx.sv:0$4217'.
No latch inferred for signal `\vibe_dll_tx.\crc30_bit$func$/workspace/rtl/dll/vibe_dll_tx.sv:82$574.b' from process `\vibe_dll_tx.$proc$/workspace/rtl/dll/vibe_dll_tx.sv:0$4217'.
No latch inferred for signal `\vibe_dll_tx.\crc30_bit$func$/workspace/rtl/dll/vibe_dll_tx.sv:82$574.fb' from process `\vibe_dll_tx.$proc$/workspace/rtl/dll/vibe_dll_tx.sv:0$4217'.
No latch inferred for signal `\vibe_dll_tx.\crc30_bit$func$/workspace/rtl/dll/vibe_dll_tx.sv:82$575.$result' from process `\vibe_dll_tx.$proc$/workspace/rtl/dll/vibe_dll_tx.sv:0$4217'.
No latch inferred for signal `\vibe_dll_tx.\crc30_bit$func$/workspace/rtl/dll/vibe_dll_tx.sv:82$575.c' from process `\vibe_dll_tx.$proc$/workspace/rtl/dll/vibe_dll_tx.sv:0$4217'.
No latch inferred for signal `\vibe_dll_tx.\crc30_bit$func$/workspace/rtl/dll/vibe_dll_tx.sv:82$575.b' from process `\vibe_dll_tx.$proc$/workspace/rtl/dll/vibe_dll_tx.sv:0$4217'.
No latch inferred for signal `\vibe_dll_tx.\crc30_bit$func$/workspace/rtl/dll/vibe_dll_tx.sv:82$575.fb' from process `\vibe_dll_tx.$proc$/workspace/rtl/dll/vibe_dll_tx.sv:0$4217'.
No latch inferred for signal `\vibe_dll_tx.\crc30_bit$func$/workspace/rtl/dll/vibe_dll_tx.sv:82$576.$result' from process `\vibe_dll_tx.$proc$/workspace/rtl/dll/vibe_dll_tx.sv:0$4217'.
No latch inferred for signal `\vibe_dll_tx.\crc30_bit$func$/workspace/rtl/dll/vibe_dll_tx.sv:82$576.c' from process `\vibe_dll_tx.$proc$/workspace/rtl/dll/vibe_dll_tx.sv:0$4217'.
No latch inferred for signal `\vibe_dll_tx.\crc30_bit$func$/workspace/rtl/dll/vibe_dll_tx.sv:82$576.b' from process `\vibe_dll_tx.$proc$/workspace/rtl/dll/vibe_dll_tx.sv:0$4217'.
No latch inferred for signal `\vibe_dll_tx.\crc30_bit$func$/workspace/rtl/dll/vibe_dll_tx.sv:82$576.fb' from process `\vibe_dll_tx.$proc$/workspace/rtl/dll/vibe_dll_tx.sv:0$4217'.
No latch inferred for signal `\vibe_dll_tx.\crc30_bit$func$/workspace/rtl/dll/vibe_dll_tx.sv:82$577.$result' from process `\vibe_dll_tx.$proc$/workspace/rtl/dll/vibe_dll_tx.sv:0$4217'.
No latch inferred for signal `\vibe_dll_tx.\crc30_bit$func$/workspace/rtl/dll/vibe_dll_tx.sv:82$577.c' from process `\vibe_dll_tx.$proc$/workspace/rtl/dll/vibe_dll_tx.sv:0$4217'.
No latch inferred for signal `\vibe_dll_tx.\crc30_bit$func$/workspace/rtl/dll/vibe_dll_tx.sv:82$577.b' from process `\vibe_dll_tx.$proc$/workspace/rtl/dll/vibe_dll_tx.sv:0$4217'.
No latch inferred for signal `\vibe_dll_tx.\crc30_bit$func$/workspace/rtl/dll/vibe_dll_tx.sv:82$577.fb' from process `\vibe_dll_tx.$proc$/workspace/rtl/dll/vibe_dll_tx.sv:0$4217'.
No latch inferred for signal `\vibe_dll_tx.\crc30_bit$func$/workspace/rtl/dll/vibe_dll_tx.sv:82$578.$result' from process `\vibe_dll_tx.$proc$/workspace/rtl/dll/vibe_dll_tx.sv:0$4217'.
No latch inferred for signal `\vibe_dll_tx.\crc30_bit$func$/workspace/rtl/dll/vibe_dll_tx.sv:82$578.c' from process `\vibe_dll_tx.$proc$/workspace/rtl/dll/vibe_dll_tx.sv:0$4217'.
No latch inferred for signal `\vibe_dll_tx.\crc30_bit$func$/workspace/rtl/dll/vibe_dll_tx.sv:82$578.b' from process `\vibe_dll_tx.$proc$/workspace/rtl/dll/vibe_dll_tx.sv:0$4217'.
No latch inferred for signal `\vibe_dll_tx.\crc30_bit$func$/workspace/rtl/dll/vibe_dll_tx.sv:82$578.fb' from process `\vibe_dll_tx.$proc$/workspace/rtl/dll/vibe_dll_tx.sv:0$4217'.
No latch inferred for signal `\vibe_dll_tx.\crc30_bit$func$/workspace/rtl/dll/vibe_dll_tx.sv:82$579.$result' from process `\vibe_dll_tx.$proc$/workspace/rtl/dll/vibe_dll_tx.sv:0$4217'.
No latch inferred for signal `\vibe_dll_tx.\crc30_bit$func$/workspace/rtl/dll/vibe_dll_tx.sv:82$579.c' from process `\vibe_dll_tx.$proc$/workspace/rtl/dll/vibe_dll_tx.sv:0$4217'.
No latch inferred for signal `\vibe_dll_tx.\crc30_bit$func$/workspace/rtl/dll/vibe_dll_tx.sv:82$579.b' from process `\vibe_dll_tx.$proc$/workspace/rtl/dll/vibe_dll_tx.sv:0$4217'.
No latch inferred for signal `\vibe_dll_tx.\crc30_bit$func$/workspace/rtl/dll/vibe_dll_tx.sv:82$579.fb' from process `\vibe_dll_tx.$proc$/workspace/rtl/dll/vibe_dll_tx.sv:0$4217'.
No latch inferred for signal `\vibe_dll_tx.\crc30_bit$func$/workspace/rtl/dll/vibe_dll_tx.sv:82$580.$result' from process `\vibe_dll_tx.$proc$/workspace/rtl/dll/vibe_dll_tx.sv:0$4217'.
No latch inferred for signal `\vibe_dll_tx.\crc30_bit$func$/workspace/rtl/dll/vibe_dll_tx.sv:82$580.c' from process `\vibe_dll_tx.$proc$/workspace/rtl/dll/vibe_dll_tx.sv:0$4217'.
No latch inferred for signal `\vibe_dll_tx.\crc30_bit$func$/workspace/rtl/dll/vibe_dll_tx.sv:82$580.b' from process `\vibe_dll_tx.$proc$/workspace/rtl/dll/vibe_dll_tx.sv:0$4217'.
No latch inferred for signal `\vibe_dll_tx.\crc30_bit$func$/workspace/rtl/dll/vibe_dll_tx.sv:82$580.fb' from process `\vibe_dll_tx.$proc$/workspace/rtl/dll/vibe_dll_tx.sv:0$4217'.
No latch inferred for signal `\vibe_dll_tx.\crc30_bit$func$/workspace/rtl/dll/vibe_dll_tx.sv:82$581.$result' from process `\vibe_dll_tx.$proc$/workspace/rtl/dll/vibe_dll_tx.sv:0$4217'.
No latch inferred for signal `\vibe_dll_tx.\crc30_bit$func$/workspace/rtl/dll/vibe_dll_tx.sv:82$581.c' from process `\vibe_dll_tx.$proc$/workspace/rtl/dll/vibe_dll_tx.sv:0$4217'.
No latch inferred for signal `\vibe_dll_tx.\crc30_bit$func$/workspace/rtl/dll/vibe_dll_tx.sv:82$581.b' from process `\vibe_dll_tx.$proc$/workspace/rtl/dll/vibe_dll_tx.sv:0$4217'.
No latch inferred for signal `\vibe_dll_tx.\crc30_bit$func$/workspace/rtl/dll/vibe_dll_tx.sv:82$581.fb' from process `\vibe_dll_tx.$proc$/workspace/rtl/dll/vibe_dll_tx.sv:0$4217'.
No latch inferred for signal `\vibe_dll_tx.\crc30_bit$func$/workspace/rtl/dll/vibe_dll_tx.sv:82$582.$result' from process `\vibe_dll_tx.$proc$/workspace/rtl/dll/vibe_dll_tx.sv:0$4217'.
No latch inferred for signal `\vibe_dll_tx.\crc30_bit$func$/workspace/rtl/dll/vibe_dll_tx.sv:82$582.c' from process `\vibe_dll_tx.$proc$/workspace/rtl/dll/vibe_dll_tx.sv:0$4217'.
No latch inferred for signal `\vibe_dll_tx.\crc30_bit$func$/workspace/rtl/dll/vibe_dll_tx.sv:82$582.b' from process `\vibe_dll_tx.$proc$/workspace/rtl/dll/vibe_dll_tx.sv:0$4217'.
No latch inferred for signal `\vibe_dll_tx.\crc30_bit$func$/workspace/rtl/dll/vibe_dll_tx.sv:82$582.fb' from process `\vibe_dll_tx.$proc$/workspace/rtl/dll/vibe_dll_tx.sv:0$4217'.
No latch inferred for signal `\vibe_dll_tx.\crc30_bit$func$/workspace/rtl/dll/vibe_dll_tx.sv:82$583.$result' from process `\vibe_dll_tx.$proc$/workspace/rtl/dll/vibe_dll_tx.sv:0$4217'.
No latch inferred for signal `\vibe_dll_tx.\crc30_bit$func$/workspace/rtl/dll/vibe_dll_tx.sv:82$583.c' from process `\vibe_dll_tx.$proc$/workspace/rtl/dll/vibe_dll_tx.sv:0$4217'.
No latch inferred for signal `\vibe_dll_tx.\crc30_bit$func$/workspace/rtl/dll/vibe_dll_tx.sv:82$583.b' from process `\vibe_dll_tx.$proc$/workspace/rtl/dll/vibe_dll_tx.sv:0$4217'.
No latch inferred for signal `\vibe_dll_tx.\crc30_bit$func$/workspace/rtl/dll/vibe_dll_tx.sv:82$583.fb' from process `\vibe_dll_tx.$proc$/workspace/rtl/dll/vibe_dll_tx.sv:0$4217'.
No latch inferred for signal `\vibe_dll_tx.\crc30_bit$func$/workspace/rtl/dll/vibe_dll_tx.sv:82$584.$result' from process `\vibe_dll_tx.$proc$/workspace/rtl/dll/vibe_dll_tx.sv:0$4217'.
No latch inferred for signal `\vibe_dll_tx.\crc30_bit$func$/workspace/rtl/dll/vibe_dll_tx.sv:82$584.c' from process `\vibe_dll_tx.$proc$/workspace/rtl/dll/vibe_dll_tx.sv:0$4217'.
No latch inferred for signal `\vibe_dll_tx.\crc30_bit$func$/workspace/rtl/dll/vibe_dll_tx.sv:82$584.b' from process `\vibe_dll_tx.$proc$/workspace/rtl/dll/vibe_dll_tx.sv:0$4217'.
No latch inferred for signal `\vibe_dll_tx.\crc30_bit$func$/workspace/rtl/dll/vibe_dll_tx.sv:82$584.fb' from process `\vibe_dll_tx.$proc$/workspace/rtl/dll/vibe_dll_tx.sv:0$4217'.
No latch inferred for signal `\vibe_dll_tx.\crc30_bit$func$/workspace/rtl/dll/vibe_dll_tx.sv:82$585.$result' from process `\vibe_dll_tx.$proc$/workspace/rtl/dll/vibe_dll_tx.sv:0$4217'.
No latch inferred for signal `\vibe_dll_tx.\crc30_bit$func$/workspace/rtl/dll/vibe_dll_tx.sv:82$585.c' from process `\vibe_dll_tx.$proc$/workspace/rtl/dll/vibe_dll_tx.sv:0$4217'.
No latch inferred for signal `\vibe_dll_tx.\crc30_bit$func$/workspace/rtl/dll/vibe_dll_tx.sv:82$585.b' from process `\vibe_dll_tx.$proc$/workspace/rtl/dll/vibe_dll_tx.sv:0$4217'.
No latch inferred for signal `\vibe_dll_tx.\crc30_bit$func$/workspace/rtl/dll/vibe_dll_tx.sv:82$585.fb' from process `\vibe_dll_tx.$proc$/workspace/rtl/dll/vibe_dll_tx.sv:0$4217'.
No latch inferred for signal `\vibe_dll_tx.\crc30_bit$func$/workspace/rtl/dll/vibe_dll_tx.sv:82$586.$result' from process `\vibe_dll_tx.$proc$/workspace/rtl/dll/vibe_dll_tx.sv:0$4217'.
No latch inferred for signal `\vibe_dll_tx.\crc30_bit$func$/workspace/rtl/dll/vibe_dll_tx.sv:82$586.c' from process `\vibe_dll_tx.$proc$/workspace/rtl/dll/vibe_dll_tx.sv:0$4217'.
No latch inferred for signal `\vibe_dll_tx.\crc30_bit$func$/workspace/rtl/dll/vibe_dll_tx.sv:82$586.b' from process `\vibe_dll_tx.$proc$/workspace/rtl/dll/vibe_dll_tx.sv:0$4217'.
No latch inferred for signal `\vibe_dll_tx.\crc30_bit$func$/workspace/rtl/dll/vibe_dll_tx.sv:82$586.fb' from process `\vibe_dll_tx.$proc$/workspace/rtl/dll/vibe_dll_tx.sv:0$4217'.
No latch inferred for signal `\vibe_dll_tx.\crc30_bit$func$/workspace/rtl/dll/vibe_dll_tx.sv:82$587.$result' from process `\vibe_dll_tx.$proc$/workspace/rtl/dll/vibe_dll_tx.sv:0$4217'.
No latch inferred for signal `\vibe_dll_tx.\crc30_bit$func$/workspace/rtl/dll/vibe_dll_tx.sv:82$587.c' from process `\vibe_dll_tx.$proc$/workspace/rtl/dll/vibe_dll_tx.sv:0$4217'.
No latch inferred for signal `\vibe_dll_tx.\crc30_bit$func$/workspace/rtl/dll/vibe_dll_tx.sv:82$587.b' from process `\vibe_dll_tx.$proc$/workspace/rtl/dll/vibe_dll_tx.sv:0$4217'.
No latch inferred for signal `\vibe_dll_tx.\crc30_bit$func$/workspace/rtl/dll/vibe_dll_tx.sv:82$587.fb' from process `\vibe_dll_tx.$proc$/workspace/rtl/dll/vibe_dll_tx.sv:0$4217'.
No latch inferred for signal `\vibe_dll_tx.\crc30_bit$func$/workspace/rtl/dll/vibe_dll_tx.sv:82$588.$result' from process `\vibe_dll_tx.$proc$/workspace/rtl/dll/vibe_dll_tx.sv:0$4217'.
No latch inferred for signal `\vibe_dll_tx.\crc30_bit$func$/workspace/rtl/dll/vibe_dll_tx.sv:82$588.c' from process `\vibe_dll_tx.$proc$/workspace/rtl/dll/vibe_dll_tx.sv:0$4217'.
No latch inferred for signal `\vibe_dll_tx.\crc30_bit$func$/workspace/rtl/dll/vibe_dll_tx.sv:82$588.b' from process `\vibe_dll_tx.$proc$/workspace/rtl/dll/vibe_dll_tx.sv:0$4217'.
No latch inferred for signal `\vibe_dll_tx.\crc30_bit$func$/workspace/rtl/dll/vibe_dll_tx.sv:82$588.fb' from process `\vibe_dll_tx.$proc$/workspace/rtl/dll/vibe_dll_tx.sv:0$4217'.
No latch inferred for signal `\vibe_dll_tx.\crc30_bit$func$/workspace/rtl/dll/vibe_dll_tx.sv:82$589.$result' from process `\vibe_dll_tx.$proc$/workspace/rtl/dll/vibe_dll_tx.sv:0$4217'.
No latch inferred for signal `\vibe_dll_tx.\crc30_bit$func$/workspace/rtl/dll/vibe_dll_tx.sv:82$589.c' from process `\vibe_dll_tx.$proc$/workspace/rtl/dll/vibe_dll_tx.sv:0$4217'.
No latch inferred for signal `\vibe_dll_tx.\crc30_bit$func$/workspace/rtl/dll/vibe_dll_tx.sv:82$589.b' from process `\vibe_dll_tx.$proc$/workspace/rtl/dll/vibe_dll_tx.sv:0$4217'.
No latch inferred for signal `\vibe_dll_tx.\crc30_bit$func$/workspace/rtl/dll/vibe_dll_tx.sv:82$589.fb' from process `\vibe_dll_tx.$proc$/workspace/rtl/dll/vibe_dll_tx.sv:0$4217'.
No latch inferred for signal `\vibe_dll_tx.\crc30_bit$func$/workspace/rtl/dll/vibe_dll_tx.sv:82$590.$result' from process `\vibe_dll_tx.$proc$/workspace/rtl/dll/vibe_dll_tx.sv:0$4217'.
No latch inferred for signal `\vibe_dll_tx.\crc30_bit$func$/workspace/rtl/dll/vibe_dll_tx.sv:82$590.c' from process `\vibe_dll_tx.$proc$/workspace/rtl/dll/vibe_dll_tx.sv:0$4217'.
No latch inferred for signal `\vibe_dll_tx.\crc30_bit$func$/workspace/rtl/dll/vibe_dll_tx.sv:82$590.b' from process `\vibe_dll_tx.$proc$/workspace/rtl/dll/vibe_dll_tx.sv:0$4217'.
No latch inferred for signal `\vibe_dll_tx.\crc30_bit$func$/workspace/rtl/dll/vibe_dll_tx.sv:82$590.fb' from process `\vibe_dll_tx.$proc$/workspace/rtl/dll/vibe_dll_tx.sv:0$4217'.
No latch inferred for signal `\vibe_dll_tx.\crc30_bit$func$/workspace/rtl/dll/vibe_dll_tx.sv:82$591.$result' from process `\vibe_dll_tx.$proc$/workspace/rtl/dll/vibe_dll_tx.sv:0$4217'.
No latch inferred for signal `\vibe_dll_tx.\crc30_bit$func$/workspace/rtl/dll/vibe_dll_tx.sv:82$591.c' from process `\vibe_dll_tx.$proc$/workspace/rtl/dll/vibe_dll_tx.sv:0$4217'.
No latch inferred for signal `\vibe_dll_tx.\crc30_bit$func$/workspace/rtl/dll/vibe_dll_tx.sv:82$591.b' from process `\vibe_dll_tx.$proc$/workspace/rtl/dll/vibe_dll_tx.sv:0$4217'.
No latch inferred for signal `\vibe_dll_tx.\crc30_bit$func$/workspace/rtl/dll/vibe_dll_tx.sv:82$591.fb' from process `\vibe_dll_tx.$proc$/workspace/rtl/dll/vibe_dll_tx.sv:0$4217'.
No latch inferred for signal `\vibe_dll_tx.\crc30_bit$func$/workspace/rtl/dll/vibe_dll_tx.sv:82$592.$result' from process `\vibe_dll_tx.$proc$/workspace/rtl/dll/vibe_dll_tx.sv:0$4217'.
No latch inferred for signal `\vibe_dll_tx.\crc30_bit$func$/workspace/rtl/dll/vibe_dll_tx.sv:82$592.c' from process `\vibe_dll_tx.$proc$/workspace/rtl/dll/vibe_dll_tx.sv:0$4217'.
No latch inferred for signal `\vibe_dll_tx.\crc30_bit$func$/workspace/rtl/dll/vibe_dll_tx.sv:82$592.b' from process `\vibe_dll_tx.$proc$/workspace/rtl/dll/vibe_dll_tx.sv:0$4217'.
No latch inferred for signal `\vibe_dll_tx.\crc30_bit$func$/workspace/rtl/dll/vibe_dll_tx.sv:82$592.fb' from process `\vibe_dll_tx.$proc$/workspace/rtl/dll/vibe_dll_tx.sv:0$4217'.
No latch inferred for signal `\vibe_dll_tx.\crc30_bit$func$/workspace/rtl/dll/vibe_dll_tx.sv:82$593.$result' from process `\vibe_dll_tx.$proc$/workspace/rtl/dll/vibe_dll_tx.sv:0$4217'.
No latch inferred for signal `\vibe_dll_tx.\crc30_bit$func$/workspace/rtl/dll/vibe_dll_tx.sv:82$593.c' from process `\vibe_dll_tx.$proc$/workspace/rtl/dll/vibe_dll_tx.sv:0$4217'.
No latch inferred for signal `\vibe_dll_tx.\crc30_bit$func$/workspace/rtl/dll/vibe_dll_tx.sv:82$593.b' from process `\vibe_dll_tx.$proc$/workspace/rtl/dll/vibe_dll_tx.sv:0$4217'.
No latch inferred for signal `\vibe_dll_tx.\crc30_bit$func$/workspace/rtl/dll/vibe_dll_tx.sv:82$593.fb' from process `\vibe_dll_tx.$proc$/workspace/rtl/dll/vibe_dll_tx.sv:0$4217'.
No latch inferred for signal `\vibe_dll_tx.\crc30_bit$func$/workspace/rtl/dll/vibe_dll_tx.sv:82$594.$result' from process `\vibe_dll_tx.$proc$/workspace/rtl/dll/vibe_dll_tx.sv:0$4217'.
No latch inferred for signal `\vibe_dll_tx.\crc30_bit$func$/workspace/rtl/dll/vibe_dll_tx.sv:82$594.c' from process `\vibe_dll_tx.$proc$/workspace/rtl/dll/vibe_dll_tx.sv:0$4217'.
No latch inferred for signal `\vibe_dll_tx.\crc30_bit$func$/workspace/rtl/dll/vibe_dll_tx.sv:82$594.b' from process `\vibe_dll_tx.$proc$/workspace/rtl/dll/vibe_dll_tx.sv:0$4217'.
No latch inferred for signal `\vibe_dll_tx.\crc30_bit$func$/workspace/rtl/dll/vibe_dll_tx.sv:82$594.fb' from process `\vibe_dll_tx.$proc$/workspace/rtl/dll/vibe_dll_tx.sv:0$4217'.
No latch inferred for signal `\vibe_dll_tx.\crc30_bit$func$/workspace/rtl/dll/vibe_dll_tx.sv:82$595.$result' from process `\vibe_dll_tx.$proc$/workspace/rtl/dll/vibe_dll_tx.sv:0$4217'.
No latch inferred for signal `\vibe_dll_tx.\crc30_bit$func$/workspace/rtl/dll/vibe_dll_tx.sv:82$595.c' from process `\vibe_dll_tx.$proc$/workspace/rtl/dll/vibe_dll_tx.sv:0$4217'.
No latch inferred for signal `\vibe_dll_tx.\crc30_bit$func$/workspace/rtl/dll/vibe_dll_tx.sv:82$595.b' from process `\vibe_dll_tx.$proc$/workspace/rtl/dll/vibe_dll_tx.sv:0$4217'.
No latch inferred for signal `\vibe_dll_tx.\crc30_bit$func$/workspace/rtl/dll/vibe_dll_tx.sv:82$595.fb' from process `\vibe_dll_tx.$proc$/workspace/rtl/dll/vibe_dll_tx.sv:0$4217'.
No latch inferred for signal `\vibe_dll_tx.\crc30_bit$func$/workspace/rtl/dll/vibe_dll_tx.sv:82$596.$result' from process `\vibe_dll_tx.$proc$/workspace/rtl/dll/vibe_dll_tx.sv:0$4217'.
No latch inferred for signal `\vibe_dll_tx.\crc30_bit$func$/workspace/rtl/dll/vibe_dll_tx.sv:82$596.c' from process `\vibe_dll_tx.$proc$/workspace/rtl/dll/vibe_dll_tx.sv:0$4217'.
No latch inferred for signal `\vibe_dll_tx.\crc30_bit$func$/workspace/rtl/dll/vibe_dll_tx.sv:82$596.b' from process `\vibe_dll_tx.$proc$/workspace/rtl/dll/vibe_dll_tx.sv:0$4217'.
No latch inferred for signal `\vibe_dll_tx.\crc30_bit$func$/workspace/rtl/dll/vibe_dll_tx.sv:82$596.fb' from process `\vibe_dll_tx.$proc$/workspace/rtl/dll/vibe_dll_tx.sv:0$4217'.
No latch inferred for signal `\vibe_dll_tx.\crc30_bit$func$/workspace/rtl/dll/vibe_dll_tx.sv:82$597.$result' from process `\vibe_dll_tx.$proc$/workspace/rtl/dll/vibe_dll_tx.sv:0$4217'.
No latch inferred for signal `\vibe_dll_tx.\crc30_bit$func$/workspace/rtl/dll/vibe_dll_tx.sv:82$597.c' from process `\vibe_dll_tx.$proc$/workspace/rtl/dll/vibe_dll_tx.sv:0$4217'.
No latch inferred for signal `\vibe_dll_tx.\crc30_bit$func$/workspace/rtl/dll/vibe_dll_tx.sv:82$597.b' from process `\vibe_dll_tx.$proc$/workspace/rtl/dll/vibe_dll_tx.sv:0$4217'.
No latch inferred for signal `\vibe_dll_tx.\crc30_bit$func$/workspace/rtl/dll/vibe_dll_tx.sv:82$597.fb' from process `\vibe_dll_tx.$proc$/workspace/rtl/dll/vibe_dll_tx.sv:0$4217'.
No latch inferred for signal `\vibe_dll_tx.\crc30_bit$func$/workspace/rtl/dll/vibe_dll_tx.sv:82$598.$result' from process `\vibe_dll_tx.$proc$/workspace/rtl/dll/vibe_dll_tx.sv:0$4217'.
No latch inferred for signal `\vibe_dll_tx.\crc30_bit$func$/workspace/rtl/dll/vibe_dll_tx.sv:82$598.c' from process `\vibe_dll_tx.$proc$/workspace/rtl/dll/vibe_dll_tx.sv:0$4217'.
No latch inferred for signal `\vibe_dll_tx.\crc30_bit$func$/workspace/rtl/dll/vibe_dll_tx.sv:82$598.b' from process `\vibe_dll_tx.$proc$/workspace/rtl/dll/vibe_dll_tx.sv:0$4217'.
No latch inferred for signal `\vibe_dll_tx.\crc30_bit$func$/workspace/rtl/dll/vibe_dll_tx.sv:82$598.fb' from process `\vibe_dll_tx.$proc$/workspace/rtl/dll/vibe_dll_tx.sv:0$4217'.
No latch inferred for signal `\vibe_dll_tx.\crc30_bit$func$/workspace/rtl/dll/vibe_dll_tx.sv:82$599.$result' from process `\vibe_dll_tx.$proc$/workspace/rtl/dll/vibe_dll_tx.sv:0$4217'.
No latch inferred for signal `\vibe_dll_tx.\crc30_bit$func$/workspace/rtl/dll/vibe_dll_tx.sv:82$599.c' from process `\vibe_dll_tx.$proc$/workspace/rtl/dll/vibe_dll_tx.sv:0$4217'.
No latch inferred for signal `\vibe_dll_tx.\crc30_bit$func$/workspace/rtl/dll/vibe_dll_tx.sv:82$599.b' from process `\vibe_dll_tx.$proc$/workspace/rtl/dll/vibe_dll_tx.sv:0$4217'.
No latch inferred for signal `\vibe_dll_tx.\crc30_bit$func$/workspace/rtl/dll/vibe_dll_tx.sv:82$599.fb' from process `\vibe_dll_tx.$proc$/workspace/rtl/dll/vibe_dll_tx.sv:0$4217'.
No latch inferred for signal `\vibe_dll_tx.\crc30_bit$func$/workspace/rtl/dll/vibe_dll_tx.sv:82$600.$result' from process `\vibe_dll_tx.$proc$/workspace/rtl/dll/vibe_dll_tx.sv:0$4217'.
No latch inferred for signal `\vibe_dll_tx.\crc30_bit$func$/workspace/rtl/dll/vibe_dll_tx.sv:82$600.c' from process `\vibe_dll_tx.$proc$/workspace/rtl/dll/vibe_dll_tx.sv:0$4217'.
No latch inferred for signal `\vibe_dll_tx.\crc30_bit$func$/workspace/rtl/dll/vibe_dll_tx.sv:82$600.b' from process `\vibe_dll_tx.$proc$/workspace/rtl/dll/vibe_dll_tx.sv:0$4217'.
No latch inferred for signal `\vibe_dll_tx.\crc30_bit$func$/workspace/rtl/dll/vibe_dll_tx.sv:82$600.fb' from process `\vibe_dll_tx.$proc$/workspace/rtl/dll/vibe_dll_tx.sv:0$4217'.
No latch inferred for signal `\vibe_dll_tx.\crc30_bit$func$/workspace/rtl/dll/vibe_dll_tx.sv:82$601.$result' from process `\vibe_dll_tx.$proc$/workspace/rtl/dll/vibe_dll_tx.sv:0$4217'.
No latch inferred for signal `\vibe_dll_tx.\crc30_bit$func$/workspace/rtl/dll/vibe_dll_tx.sv:82$601.c' from process `\vibe_dll_tx.$proc$/workspace/rtl/dll/vibe_dll_tx.sv:0$4217'.
No latch inferred for signal `\vibe_dll_tx.\crc30_bit$func$/workspace/rtl/dll/vibe_dll_tx.sv:82$601.b' from process `\vibe_dll_tx.$proc$/workspace/rtl/dll/vibe_dll_tx.sv:0$4217'.
No latch inferred for signal `\vibe_dll_tx.\crc30_bit$func$/workspace/rtl/dll/vibe_dll_tx.sv:82$601.fb' from process `\vibe_dll_tx.$proc$/workspace/rtl/dll/vibe_dll_tx.sv:0$4217'.
No latch inferred for signal `\vibe_dll_tx.\crc30_bit$func$/workspace/rtl/dll/vibe_dll_tx.sv:82$602.$result' from process `\vibe_dll_tx.$proc$/workspace/rtl/dll/vibe_dll_tx.sv:0$4217'.
No latch inferred for signal `\vibe_dll_tx.\crc30_bit$func$/workspace/rtl/dll/vibe_dll_tx.sv:82$602.c' from process `\vibe_dll_tx.$proc$/workspace/rtl/dll/vibe_dll_tx.sv:0$4217'.
No latch inferred for signal `\vibe_dll_tx.\crc30_bit$func$/workspace/rtl/dll/vibe_dll_tx.sv:82$602.b' from process `\vibe_dll_tx.$proc$/workspace/rtl/dll/vibe_dll_tx.sv:0$4217'.
No latch inferred for signal `\vibe_dll_tx.\crc30_bit$func$/workspace/rtl/dll/vibe_dll_tx.sv:82$602.fb' from process `\vibe_dll_tx.$proc$/workspace/rtl/dll/vibe_dll_tx.sv:0$4217'.
No latch inferred for signal `\vibe_dll_tx.\crc30_bit$func$/workspace/rtl/dll/vibe_dll_tx.sv:82$603.$result' from process `\vibe_dll_tx.$proc$/workspace/rtl/dll/vibe_dll_tx.sv:0$4217'.
No latch inferred for signal `\vibe_dll_tx.\crc30_bit$func$/workspace/rtl/dll/vibe_dll_tx.sv:82$603.c' from process `\vibe_dll_tx.$proc$/workspace/rtl/dll/vibe_dll_tx.sv:0$4217'.
No latch inferred for signal `\vibe_dll_tx.\crc30_bit$func$/workspace/rtl/dll/vibe_dll_tx.sv:82$603.b' from process `\vibe_dll_tx.$proc$/workspace/rtl/dll/vibe_dll_tx.sv:0$4217'.
No latch inferred for signal `\vibe_dll_tx.\crc30_bit$func$/workspace/rtl/dll/vibe_dll_tx.sv:82$603.fb' from process `\vibe_dll_tx.$proc$/workspace/rtl/dll/vibe_dll_tx.sv:0$4217'.
No latch inferred for signal `\vibe_dll_tx.\crc30_bit$func$/workspace/rtl/dll/vibe_dll_tx.sv:82$604.$result' from process `\vibe_dll_tx.$proc$/workspace/rtl/dll/vibe_dll_tx.sv:0$4217'.
No latch inferred for signal `\vibe_dll_tx.\crc30_bit$func$/workspace/rtl/dll/vibe_dll_tx.sv:82$604.c' from process `\vibe_dll_tx.$proc$/workspace/rtl/dll/vibe_dll_tx.sv:0$4217'.
No latch inferred for signal `\vibe_dll_tx.\crc30_bit$func$/workspace/rtl/dll/vibe_dll_tx.sv:82$604.b' from process `\vibe_dll_tx.$proc$/workspace/rtl/dll/vibe_dll_tx.sv:0$4217'.
No latch inferred for signal `\vibe_dll_tx.\crc30_bit$func$/workspace/rtl/dll/vibe_dll_tx.sv:82$604.fb' from process `\vibe_dll_tx.$proc$/workspace/rtl/dll/vibe_dll_tx.sv:0$4217'.
No latch inferred for signal `\vibe_dll_tx.\crc30_bit$func$/workspace/rtl/dll/vibe_dll_tx.sv:82$605.$result' from process `\vibe_dll_tx.$proc$/workspace/rtl/dll/vibe_dll_tx.sv:0$4217'.
No latch inferred for signal `\vibe_dll_tx.\crc30_bit$func$/workspace/rtl/dll/vibe_dll_tx.sv:82$605.c' from process `\vibe_dll_tx.$proc$/workspace/rtl/dll/vibe_dll_tx.sv:0$4217'.
No latch inferred for signal `\vibe_dll_tx.\crc30_bit$func$/workspace/rtl/dll/vibe_dll_tx.sv:82$605.b' from process `\vibe_dll_tx.$proc$/workspace/rtl/dll/vibe_dll_tx.sv:0$4217'.
No latch inferred for signal `\vibe_dll_tx.\crc30_bit$func$/workspace/rtl/dll/vibe_dll_tx.sv:82$605.fb' from process `\vibe_dll_tx.$proc$/workspace/rtl/dll/vibe_dll_tx.sv:0$4217'.
No latch inferred for signal `\vibe_dll_tx.\crc30_bit$func$/workspace/rtl/dll/vibe_dll_tx.sv:82$606.$result' from process `\vibe_dll_tx.$proc$/workspace/rtl/dll/vibe_dll_tx.sv:0$4217'.
No latch inferred for signal `\vibe_dll_tx.\crc30_bit$func$/workspace/rtl/dll/vibe_dll_tx.sv:82$606.c' from process `\vibe_dll_tx.$proc$/workspace/rtl/dll/vibe_dll_tx.sv:0$4217'.
No latch inferred for signal `\vibe_dll_tx.\crc30_bit$func$/workspace/rtl/dll/vibe_dll_tx.sv:82$606.b' from process `\vibe_dll_tx.$proc$/workspace/rtl/dll/vibe_dll_tx.sv:0$4217'.
No latch inferred for signal `\vibe_dll_tx.\crc30_bit$func$/workspace/rtl/dll/vibe_dll_tx.sv:82$606.fb' from process `\vibe_dll_tx.$proc$/workspace/rtl/dll/vibe_dll_tx.sv:0$4217'.
No latch inferred for signal `\vibe_dll_tx.\crc30_bit$func$/workspace/rtl/dll/vibe_dll_tx.sv:82$607.$result' from process `\vibe_dll_tx.$proc$/workspace/rtl/dll/vibe_dll_tx.sv:0$4217'.
No latch inferred for signal `\vibe_dll_tx.\crc30_bit$func$/workspace/rtl/dll/vibe_dll_tx.sv:82$607.c' from process `\vibe_dll_tx.$proc$/workspace/rtl/dll/vibe_dll_tx.sv:0$4217'.
No latch inferred for signal `\vibe_dll_tx.\crc30_bit$func$/workspace/rtl/dll/vibe_dll_tx.sv:82$607.b' from process `\vibe_dll_tx.$proc$/workspace/rtl/dll/vibe_dll_tx.sv:0$4217'.
No latch inferred for signal `\vibe_dll_tx.\crc30_bit$func$/workspace/rtl/dll/vibe_dll_tx.sv:82$607.fb' from process `\vibe_dll_tx.$proc$/workspace/rtl/dll/vibe_dll_tx.sv:0$4217'.
No latch inferred for signal `\vibe_dll_tx.\crc30_bit$func$/workspace/rtl/dll/vibe_dll_tx.sv:82$608.$result' from process `\vibe_dll_tx.$proc$/workspace/rtl/dll/vibe_dll_tx.sv:0$4217'.
No latch inferred for signal `\vibe_dll_tx.\crc30_bit$func$/workspace/rtl/dll/vibe_dll_tx.sv:82$608.c' from process `\vibe_dll_tx.$proc$/workspace/rtl/dll/vibe_dll_tx.sv:0$4217'.
No latch inferred for signal `\vibe_dll_tx.\crc30_bit$func$/workspace/rtl/dll/vibe_dll_tx.sv:82$608.b' from process `\vibe_dll_tx.$proc$/workspace/rtl/dll/vibe_dll_tx.sv:0$4217'.
No latch inferred for signal `\vibe_dll_tx.\crc30_bit$func$/workspace/rtl/dll/vibe_dll_tx.sv:82$608.fb' from process `\vibe_dll_tx.$proc$/workspace/rtl/dll/vibe_dll_tx.sv:0$4217'.
No latch inferred for signal `\vibe_dll_tx.\crc30_bit$func$/workspace/rtl/dll/vibe_dll_tx.sv:82$609.$result' from process `\vibe_dll_tx.$proc$/workspace/rtl/dll/vibe_dll_tx.sv:0$4217'.
No latch inferred for signal `\vibe_dll_tx.\crc30_bit$func$/workspace/rtl/dll/vibe_dll_tx.sv:82$609.c' from process `\vibe_dll_tx.$proc$/workspace/rtl/dll/vibe_dll_tx.sv:0$4217'.
No latch inferred for signal `\vibe_dll_tx.\crc30_bit$func$/workspace/rtl/dll/vibe_dll_tx.sv:82$609.b' from process `\vibe_dll_tx.$proc$/workspace/rtl/dll/vibe_dll_tx.sv:0$4217'.
No latch inferred for signal `\vibe_dll_tx.\crc30_bit$func$/workspace/rtl/dll/vibe_dll_tx.sv:82$609.fb' from process `\vibe_dll_tx.$proc$/workspace/rtl/dll/vibe_dll_tx.sv:0$4217'.
No latch inferred for signal `\vibe_dll_tx.\crc30_bit$func$/workspace/rtl/dll/vibe_dll_tx.sv:82$610.$result' from process `\vibe_dll_tx.$proc$/workspace/rtl/dll/vibe_dll_tx.sv:0$4217'.
No latch inferred for signal `\vibe_dll_tx.\crc30_bit$func$/workspace/rtl/dll/vibe_dll_tx.sv:82$610.c' from process `\vibe_dll_tx.$proc$/workspace/rtl/dll/vibe_dll_tx.sv:0$4217'.
No latch inferred for signal `\vibe_dll_tx.\crc30_bit$func$/workspace/rtl/dll/vibe_dll_tx.sv:82$610.b' from process `\vibe_dll_tx.$proc$/workspace/rtl/dll/vibe_dll_tx.sv:0$4217'.
No latch inferred for signal `\vibe_dll_tx.\crc30_bit$func$/workspace/rtl/dll/vibe_dll_tx.sv:82$610.fb' from process `\vibe_dll_tx.$proc$/workspace/rtl/dll/vibe_dll_tx.sv:0$4217'.
No latch inferred for signal `\vibe_dll_tx.\crc30_bit$func$/workspace/rtl/dll/vibe_dll_tx.sv:82$611.$result' from process `\vibe_dll_tx.$proc$/workspace/rtl/dll/vibe_dll_tx.sv:0$4217'.
No latch inferred for signal `\vibe_dll_tx.\crc30_bit$func$/workspace/rtl/dll/vibe_dll_tx.sv:82$611.c' from process `\vibe_dll_tx.$proc$/workspace/rtl/dll/vibe_dll_tx.sv:0$4217'.
No latch inferred for signal `\vibe_dll_tx.\crc30_bit$func$/workspace/rtl/dll/vibe_dll_tx.sv:82$611.b' from process `\vibe_dll_tx.$proc$/workspace/rtl/dll/vibe_dll_tx.sv:0$4217'.
No latch inferred for signal `\vibe_dll_tx.\crc30_bit$func$/workspace/rtl/dll/vibe_dll_tx.sv:82$611.fb' from process `\vibe_dll_tx.$proc$/workspace/rtl/dll/vibe_dll_tx.sv:0$4217'.
No latch inferred for signal `\vibe_dll_tx.\crc30_bit$func$/workspace/rtl/dll/vibe_dll_tx.sv:82$612.$result' from process `\vibe_dll_tx.$proc$/workspace/rtl/dll/vibe_dll_tx.sv:0$4217'.
No latch inferred for signal `\vibe_dll_tx.\crc30_bit$func$/workspace/rtl/dll/vibe_dll_tx.sv:82$612.c' from process `\vibe_dll_tx.$proc$/workspace/rtl/dll/vibe_dll_tx.sv:0$4217'.
No latch inferred for signal `\vibe_dll_tx.\crc30_bit$func$/workspace/rtl/dll/vibe_dll_tx.sv:82$612.b' from process `\vibe_dll_tx.$proc$/workspace/rtl/dll/vibe_dll_tx.sv:0$4217'.
No latch inferred for signal `\vibe_dll_tx.\crc30_bit$func$/workspace/rtl/dll/vibe_dll_tx.sv:82$612.fb' from process `\vibe_dll_tx.$proc$/workspace/rtl/dll/vibe_dll_tx.sv:0$4217'.
No latch inferred for signal `\vibe_dll_tx.\crc30_bit$func$/workspace/rtl/dll/vibe_dll_tx.sv:82$613.$result' from process `\vibe_dll_tx.$proc$/workspace/rtl/dll/vibe_dll_tx.sv:0$4217'.
No latch inferred for signal `\vibe_dll_tx.\crc30_bit$func$/workspace/rtl/dll/vibe_dll_tx.sv:82$613.c' from process `\vibe_dll_tx.$proc$/workspace/rtl/dll/vibe_dll_tx.sv:0$4217'.
No latch inferred for signal `\vibe_dll_tx.\crc30_bit$func$/workspace/rtl/dll/vibe_dll_tx.sv:82$613.b' from process `\vibe_dll_tx.$proc$/workspace/rtl/dll/vibe_dll_tx.sv:0$4217'.
No latch inferred for signal `\vibe_dll_tx.\crc30_bit$func$/workspace/rtl/dll/vibe_dll_tx.sv:82$613.fb' from process `\vibe_dll_tx.$proc$/workspace/rtl/dll/vibe_dll_tx.sv:0$4217'.
No latch inferred for signal `\vibe_dll_tx.\crc30_bit$func$/workspace/rtl/dll/vibe_dll_tx.sv:82$614.$result' from process `\vibe_dll_tx.$proc$/workspace/rtl/dll/vibe_dll_tx.sv:0$4217'.
No latch inferred for signal `\vibe_dll_tx.\crc30_bit$func$/workspace/rtl/dll/vibe_dll_tx.sv:82$614.c' from process `\vibe_dll_tx.$proc$/workspace/rtl/dll/vibe_dll_tx.sv:0$4217'.
No latch inferred for signal `\vibe_dll_tx.\crc30_bit$func$/workspace/rtl/dll/vibe_dll_tx.sv:82$614.b' from process `\vibe_dll_tx.$proc$/workspace/rtl/dll/vibe_dll_tx.sv:0$4217'.
No latch inferred for signal `\vibe_dll_tx.\crc30_bit$func$/workspace/rtl/dll/vibe_dll_tx.sv:82$614.fb' from process `\vibe_dll_tx.$proc$/workspace/rtl/dll/vibe_dll_tx.sv:0$4217'.
No latch inferred for signal `\vibe_dll_tx.\crc30_bit$func$/workspace/rtl/dll/vibe_dll_tx.sv:82$615.$result' from process `\vibe_dll_tx.$proc$/workspace/rtl/dll/vibe_dll_tx.sv:0$4217'.
No latch inferred for signal `\vibe_dll_tx.\crc30_bit$func$/workspace/rtl/dll/vibe_dll_tx.sv:82$615.c' from process `\vibe_dll_tx.$proc$/workspace/rtl/dll/vibe_dll_tx.sv:0$4217'.
No latch inferred for signal `\vibe_dll_tx.\crc30_bit$func$/workspace/rtl/dll/vibe_dll_tx.sv:82$615.b' from process `\vibe_dll_tx.$proc$/workspace/rtl/dll/vibe_dll_tx.sv:0$4217'.
No latch inferred for signal `\vibe_dll_tx.\crc30_bit$func$/workspace/rtl/dll/vibe_dll_tx.sv:82$615.fb' from process `\vibe_dll_tx.$proc$/workspace/rtl/dll/vibe_dll_tx.sv:0$4217'.
No latch inferred for signal `\vibe_dll_tx.\crc30_bit$func$/workspace/rtl/dll/vibe_dll_tx.sv:82$616.$result' from process `\vibe_dll_tx.$proc$/workspace/rtl/dll/vibe_dll_tx.sv:0$4217'.
No latch inferred for signal `\vibe_dll_tx.\crc30_bit$func$/workspace/rtl/dll/vibe_dll_tx.sv:82$616.c' from process `\vibe_dll_tx.$proc$/workspace/rtl/dll/vibe_dll_tx.sv:0$4217'.
No latch inferred for signal `\vibe_dll_tx.\crc30_bit$func$/workspace/rtl/dll/vibe_dll_tx.sv:82$616.b' from process `\vibe_dll_tx.$proc$/workspace/rtl/dll/vibe_dll_tx.sv:0$4217'.
No latch inferred for signal `\vibe_dll_tx.\crc30_bit$func$/workspace/rtl/dll/vibe_dll_tx.sv:82$616.fb' from process `\vibe_dll_tx.$proc$/workspace/rtl/dll/vibe_dll_tx.sv:0$4217'.
No latch inferred for signal `\vibe_dll_tx.\crc30_bit$func$/workspace/rtl/dll/vibe_dll_tx.sv:82$617.$result' from process `\vibe_dll_tx.$proc$/workspace/rtl/dll/vibe_dll_tx.sv:0$4217'.
No latch inferred for signal `\vibe_dll_tx.\crc30_bit$func$/workspace/rtl/dll/vibe_dll_tx.sv:82$617.c' from process `\vibe_dll_tx.$proc$/workspace/rtl/dll/vibe_dll_tx.sv:0$4217'.
No latch inferred for signal `\vibe_dll_tx.\crc30_bit$func$/workspace/rtl/dll/vibe_dll_tx.sv:82$617.b' from process `\vibe_dll_tx.$proc$/workspace/rtl/dll/vibe_dll_tx.sv:0$4217'.
No latch inferred for signal `\vibe_dll_tx.\crc30_bit$func$/workspace/rtl/dll/vibe_dll_tx.sv:82$617.fb' from process `\vibe_dll_tx.$proc$/workspace/rtl/dll/vibe_dll_tx.sv:0$4217'.
No latch inferred for signal `\vibe_dll_tx.\crc30_bit$func$/workspace/rtl/dll/vibe_dll_tx.sv:82$618.$result' from process `\vibe_dll_tx.$proc$/workspace/rtl/dll/vibe_dll_tx.sv:0$4217'.
No latch inferred for signal `\vibe_dll_tx.\crc30_bit$func$/workspace/rtl/dll/vibe_dll_tx.sv:82$618.c' from process `\vibe_dll_tx.$proc$/workspace/rtl/dll/vibe_dll_tx.sv:0$4217'.
No latch inferred for signal `\vibe_dll_tx.\crc30_bit$func$/workspace/rtl/dll/vibe_dll_tx.sv:82$618.b' from process `\vibe_dll_tx.$proc$/workspace/rtl/dll/vibe_dll_tx.sv:0$4217'.
No latch inferred for signal `\vibe_dll_tx.\crc30_bit$func$/workspace/rtl/dll/vibe_dll_tx.sv:82$618.fb' from process `\vibe_dll_tx.$proc$/workspace/rtl/dll/vibe_dll_tx.sv:0$4217'.
No latch inferred for signal `\vibe_dll_tx.\crc30_bit$func$/workspace/rtl/dll/vibe_dll_tx.sv:82$619.$result' from process `\vibe_dll_tx.$proc$/workspace/rtl/dll/vibe_dll_tx.sv:0$4217'.
No latch inferred for signal `\vibe_dll_tx.\crc30_bit$func$/workspace/rtl/dll/vibe_dll_tx.sv:82$619.c' from process `\vibe_dll_tx.$proc$/workspace/rtl/dll/vibe_dll_tx.sv:0$4217'.
No latch inferred for signal `\vibe_dll_tx.\crc30_bit$func$/workspace/rtl/dll/vibe_dll_tx.sv:82$619.b' from process `\vibe_dll_tx.$proc$/workspace/rtl/dll/vibe_dll_tx.sv:0$4217'.
No latch inferred for signal `\vibe_dll_tx.\crc30_bit$func$/workspace/rtl/dll/vibe_dll_tx.sv:82$619.fb' from process `\vibe_dll_tx.$proc$/workspace/rtl/dll/vibe_dll_tx.sv:0$4217'.
No latch inferred for signal `\vibe_dll_tx.\crc30_bit$func$/workspace/rtl/dll/vibe_dll_tx.sv:82$620.$result' from process `\vibe_dll_tx.$proc$/workspace/rtl/dll/vibe_dll_tx.sv:0$4217'.
No latch inferred for signal `\vibe_dll_tx.\crc30_bit$func$/workspace/rtl/dll/vibe_dll_tx.sv:82$620.c' from process `\vibe_dll_tx.$proc$/workspace/rtl/dll/vibe_dll_tx.sv:0$4217'.
No latch inferred for signal `\vibe_dll_tx.\crc30_bit$func$/workspace/rtl/dll/vibe_dll_tx.sv:82$620.b' from process `\vibe_dll_tx.$proc$/workspace/rtl/dll/vibe_dll_tx.sv:0$4217'.
No latch inferred for signal `\vibe_dll_tx.\crc30_bit$func$/workspace/rtl/dll/vibe_dll_tx.sv:82$620.fb' from process `\vibe_dll_tx.$proc$/workspace/rtl/dll/vibe_dll_tx.sv:0$4217'.
No latch inferred for signal `\vibe_dll_tx.\crc30_bit$func$/workspace/rtl/dll/vibe_dll_tx.sv:82$621.$result' from process `\vibe_dll_tx.$proc$/workspace/rtl/dll/vibe_dll_tx.sv:0$4217'.
No latch inferred for signal `\vibe_dll_tx.\crc30_bit$func$/workspace/rtl/dll/vibe_dll_tx.sv:82$621.c' from process `\vibe_dll_tx.$proc$/workspace/rtl/dll/vibe_dll_tx.sv:0$4217'.
No latch inferred for signal `\vibe_dll_tx.\crc30_bit$func$/workspace/rtl/dll/vibe_dll_tx.sv:82$621.b' from process `\vibe_dll_tx.$proc$/workspace/rtl/dll/vibe_dll_tx.sv:0$4217'.
No latch inferred for signal `\vibe_dll_tx.\crc30_bit$func$/workspace/rtl/dll/vibe_dll_tx.sv:82$621.fb' from process `\vibe_dll_tx.$proc$/workspace/rtl/dll/vibe_dll_tx.sv:0$4217'.
No latch inferred for signal `\vibe_dll_tx.\crc30_bit$func$/workspace/rtl/dll/vibe_dll_tx.sv:82$622.$result' from process `\vibe_dll_tx.$proc$/workspace/rtl/dll/vibe_dll_tx.sv:0$4217'.
No latch inferred for signal `\vibe_dll_tx.\crc30_bit$func$/workspace/rtl/dll/vibe_dll_tx.sv:82$622.c' from process `\vibe_dll_tx.$proc$/workspace/rtl/dll/vibe_dll_tx.sv:0$4217'.
No latch inferred for signal `\vibe_dll_tx.\crc30_bit$func$/workspace/rtl/dll/vibe_dll_tx.sv:82$622.b' from process `\vibe_dll_tx.$proc$/workspace/rtl/dll/vibe_dll_tx.sv:0$4217'.
No latch inferred for signal `\vibe_dll_tx.\crc30_bit$func$/workspace/rtl/dll/vibe_dll_tx.sv:82$622.fb' from process `\vibe_dll_tx.$proc$/workspace/rtl/dll/vibe_dll_tx.sv:0$4217'.
No latch inferred for signal `\vibe_dll_tx.\crc30_bit$func$/workspace/rtl/dll/vibe_dll_tx.sv:82$623.$result' from process `\vibe_dll_tx.$proc$/workspace/rtl/dll/vibe_dll_tx.sv:0$4217'.
No latch inferred for signal `\vibe_dll_tx.\crc30_bit$func$/workspace/rtl/dll/vibe_dll_tx.sv:82$623.c' from process `\vibe_dll_tx.$proc$/workspace/rtl/dll/vibe_dll_tx.sv:0$4217'.
No latch inferred for signal `\vibe_dll_tx.\crc30_bit$func$/workspace/rtl/dll/vibe_dll_tx.sv:82$623.b' from process `\vibe_dll_tx.$proc$/workspace/rtl/dll/vibe_dll_tx.sv:0$4217'.
No latch inferred for signal `\vibe_dll_tx.\crc30_bit$func$/workspace/rtl/dll/vibe_dll_tx.sv:82$623.fb' from process `\vibe_dll_tx.$proc$/workspace/rtl/dll/vibe_dll_tx.sv:0$4217'.
No latch inferred for signal `\vibe_dll_tx.\crc30_bit$func$/workspace/rtl/dll/vibe_dll_tx.sv:82$624.$result' from process `\vibe_dll_tx.$proc$/workspace/rtl/dll/vibe_dll_tx.sv:0$4217'.
No latch inferred for signal `\vibe_dll_tx.\crc30_bit$func$/workspace/rtl/dll/vibe_dll_tx.sv:82$624.c' from process `\vibe_dll_tx.$proc$/workspace/rtl/dll/vibe_dll_tx.sv:0$4217'.
No latch inferred for signal `\vibe_dll_tx.\crc30_bit$func$/workspace/rtl/dll/vibe_dll_tx.sv:82$624.b' from process `\vibe_dll_tx.$proc$/workspace/rtl/dll/vibe_dll_tx.sv:0$4217'.
No latch inferred for signal `\vibe_dll_tx.\crc30_bit$func$/workspace/rtl/dll/vibe_dll_tx.sv:82$624.fb' from process `\vibe_dll_tx.$proc$/workspace/rtl/dll/vibe_dll_tx.sv:0$4217'.
No latch inferred for signal `\vibe_dll_tx.\crc30_bit$func$/workspace/rtl/dll/vibe_dll_tx.sv:82$625.$result' from process `\vibe_dll_tx.$proc$/workspace/rtl/dll/vibe_dll_tx.sv:0$4217'.
No latch inferred for signal `\vibe_dll_tx.\crc30_bit$func$/workspace/rtl/dll/vibe_dll_tx.sv:82$625.c' from process `\vibe_dll_tx.$proc$/workspace/rtl/dll/vibe_dll_tx.sv:0$4217'.
No latch inferred for signal `\vibe_dll_tx.\crc30_bit$func$/workspace/rtl/dll/vibe_dll_tx.sv:82$625.b' from process `\vibe_dll_tx.$proc$/workspace/rtl/dll/vibe_dll_tx.sv:0$4217'.
No latch inferred for signal `\vibe_dll_tx.\crc30_bit$func$/workspace/rtl/dll/vibe_dll_tx.sv:82$625.fb' from process `\vibe_dll_tx.$proc$/workspace/rtl/dll/vibe_dll_tx.sv:0$4217'.
No latch inferred for signal `\vibe_dll_tx.\crc30_bit$func$/workspace/rtl/dll/vibe_dll_tx.sv:82$626.$result' from process `\vibe_dll_tx.$proc$/workspace/rtl/dll/vibe_dll_tx.sv:0$4217'.
No latch inferred for signal `\vibe_dll_tx.\crc30_bit$func$/workspace/rtl/dll/vibe_dll_tx.sv:82$626.c' from process `\vibe_dll_tx.$proc$/workspace/rtl/dll/vibe_dll_tx.sv:0$4217'.
No latch inferred for signal `\vibe_dll_tx.\crc30_bit$func$/workspace/rtl/dll/vibe_dll_tx.sv:82$626.b' from process `\vibe_dll_tx.$proc$/workspace/rtl/dll/vibe_dll_tx.sv:0$4217'.
No latch inferred for signal `\vibe_dll_tx.\crc30_bit$func$/workspace/rtl/dll/vibe_dll_tx.sv:82$626.fb' from process `\vibe_dll_tx.$proc$/workspace/rtl/dll/vibe_dll_tx.sv:0$4217'.
No latch inferred for signal `\vibe_dll_tx.\crc30_bit$func$/workspace/rtl/dll/vibe_dll_tx.sv:82$627.$result' from process `\vibe_dll_tx.$proc$/workspace/rtl/dll/vibe_dll_tx.sv:0$4217'.
No latch inferred for signal `\vibe_dll_tx.\crc30_bit$func$/workspace/rtl/dll/vibe_dll_tx.sv:82$627.c' from process `\vibe_dll_tx.$proc$/workspace/rtl/dll/vibe_dll_tx.sv:0$4217'.
No latch inferred for signal `\vibe_dll_tx.\crc30_bit$func$/workspace/rtl/dll/vibe_dll_tx.sv:82$627.b' from process `\vibe_dll_tx.$proc$/workspace/rtl/dll/vibe_dll_tx.sv:0$4217'.
No latch inferred for signal `\vibe_dll_tx.\crc30_bit$func$/workspace/rtl/dll/vibe_dll_tx.sv:82$627.fb' from process `\vibe_dll_tx.$proc$/workspace/rtl/dll/vibe_dll_tx.sv:0$4217'.
No latch inferred for signal `\vibe_dll_tx.\crc30_bit$func$/workspace/rtl/dll/vibe_dll_tx.sv:82$628.$result' from process `\vibe_dll_tx.$proc$/workspace/rtl/dll/vibe_dll_tx.sv:0$4217'.
No latch inferred for signal `\vibe_dll_tx.\crc30_bit$func$/workspace/rtl/dll/vibe_dll_tx.sv:82$628.c' from process `\vibe_dll_tx.$proc$/workspace/rtl/dll/vibe_dll_tx.sv:0$4217'.
No latch inferred for signal `\vibe_dll_tx.\crc30_bit$func$/workspace/rtl/dll/vibe_dll_tx.sv:82$628.b' from process `\vibe_dll_tx.$proc$/workspace/rtl/dll/vibe_dll_tx.sv:0$4217'.
No latch inferred for signal `\vibe_dll_tx.\crc30_bit$func$/workspace/rtl/dll/vibe_dll_tx.sv:82$628.fb' from process `\vibe_dll_tx.$proc$/workspace/rtl/dll/vibe_dll_tx.sv:0$4217'.
No latch inferred for signal `\vibe_dll_tx.\crc30_bit$func$/workspace/rtl/dll/vibe_dll_tx.sv:82$629.$result' from process `\vibe_dll_tx.$proc$/workspace/rtl/dll/vibe_dll_tx.sv:0$4217'.
No latch inferred for signal `\vibe_dll_tx.\crc30_bit$func$/workspace/rtl/dll/vibe_dll_tx.sv:82$629.c' from process `\vibe_dll_tx.$proc$/workspace/rtl/dll/vibe_dll_tx.sv:0$4217'.
No latch inferred for signal `\vibe_dll_tx.\crc30_bit$func$/workspace/rtl/dll/vibe_dll_tx.sv:82$629.b' from process `\vibe_dll_tx.$proc$/workspace/rtl/dll/vibe_dll_tx.sv:0$4217'.
No latch inferred for signal `\vibe_dll_tx.\crc30_bit$func$/workspace/rtl/dll/vibe_dll_tx.sv:82$629.fb' from process `\vibe_dll_tx.$proc$/workspace/rtl/dll/vibe_dll_tx.sv:0$4217'.
No latch inferred for signal `\vibe_dll_tx.\crc30_bit$func$/workspace/rtl/dll/vibe_dll_tx.sv:82$630.$result' from process `\vibe_dll_tx.$proc$/workspace/rtl/dll/vibe_dll_tx.sv:0$4217'.
No latch inferred for signal `\vibe_dll_tx.\crc30_bit$func$/workspace/rtl/dll/vibe_dll_tx.sv:82$630.c' from process `\vibe_dll_tx.$proc$/workspace/rtl/dll/vibe_dll_tx.sv:0$4217'.
No latch inferred for signal `\vibe_dll_tx.\crc30_bit$func$/workspace/rtl/dll/vibe_dll_tx.sv:82$630.b' from process `\vibe_dll_tx.$proc$/workspace/rtl/dll/vibe_dll_tx.sv:0$4217'.
No latch inferred for signal `\vibe_dll_tx.\crc30_bit$func$/workspace/rtl/dll/vibe_dll_tx.sv:82$630.fb' from process `\vibe_dll_tx.$proc$/workspace/rtl/dll/vibe_dll_tx.sv:0$4217'.
No latch inferred for signal `\vibe_dll_tx.\crc30_bit$func$/workspace/rtl/dll/vibe_dll_tx.sv:82$631.$result' from process `\vibe_dll_tx.$proc$/workspace/rtl/dll/vibe_dll_tx.sv:0$4217'.
No latch inferred for signal `\vibe_dll_tx.\crc30_bit$func$/workspace/rtl/dll/vibe_dll_tx.sv:82$631.c' from process `\vibe_dll_tx.$proc$/workspace/rtl/dll/vibe_dll_tx.sv:0$4217'.
No latch inferred for signal `\vibe_dll_tx.\crc30_bit$func$/workspace/rtl/dll/vibe_dll_tx.sv:82$631.b' from process `\vibe_dll_tx.$proc$/workspace/rtl/dll/vibe_dll_tx.sv:0$4217'.
No latch inferred for signal `\vibe_dll_tx.\crc30_bit$func$/workspace/rtl/dll/vibe_dll_tx.sv:82$631.fb' from process `\vibe_dll_tx.$proc$/workspace/rtl/dll/vibe_dll_tx.sv:0$4217'.
No latch inferred for signal `\vibe_dll_tx.\crc30_bit$func$/workspace/rtl/dll/vibe_dll_tx.sv:82$632.$result' from process `\vibe_dll_tx.$proc$/workspace/rtl/dll/vibe_dll_tx.sv:0$4217'.
No latch inferred for signal `\vibe_dll_tx.\crc30_bit$func$/workspace/rtl/dll/vibe_dll_tx.sv:82$632.c' from process `\vibe_dll_tx.$proc$/workspace/rtl/dll/vibe_dll_tx.sv:0$4217'.
No latch inferred for signal `\vibe_dll_tx.\crc30_bit$func$/workspace/rtl/dll/vibe_dll_tx.sv:82$632.b' from process `\vibe_dll_tx.$proc$/workspace/rtl/dll/vibe_dll_tx.sv:0$4217'.
No latch inferred for signal `\vibe_dll_tx.\crc30_bit$func$/workspace/rtl/dll/vibe_dll_tx.sv:82$632.fb' from process `\vibe_dll_tx.$proc$/workspace/rtl/dll/vibe_dll_tx.sv:0$4217'.
No latch inferred for signal `\vibe_dll_tx.\crc30_bit$func$/workspace/rtl/dll/vibe_dll_tx.sv:82$633.$result' from process `\vibe_dll_tx.$proc$/workspace/rtl/dll/vibe_dll_tx.sv:0$4217'.
No latch inferred for signal `\vibe_dll_tx.\crc30_bit$func$/workspace/rtl/dll/vibe_dll_tx.sv:82$633.c' from process `\vibe_dll_tx.$proc$/workspace/rtl/dll/vibe_dll_tx.sv:0$4217'.
No latch inferred for signal `\vibe_dll_tx.\crc30_bit$func$/workspace/rtl/dll/vibe_dll_tx.sv:82$633.b' from process `\vibe_dll_tx.$proc$/workspace/rtl/dll/vibe_dll_tx.sv:0$4217'.
No latch inferred for signal `\vibe_dll_tx.\crc30_bit$func$/workspace/rtl/dll/vibe_dll_tx.sv:82$633.fb' from process `\vibe_dll_tx.$proc$/workspace/rtl/dll/vibe_dll_tx.sv:0$4217'.
No latch inferred for signal `\vibe_dll_tx.\crc30_bit$func$/workspace/rtl/dll/vibe_dll_tx.sv:82$634.$result' from process `\vibe_dll_tx.$proc$/workspace/rtl/dll/vibe_dll_tx.sv:0$4217'.
No latch inferred for signal `\vibe_dll_tx.\crc30_bit$func$/workspace/rtl/dll/vibe_dll_tx.sv:82$634.c' from process `\vibe_dll_tx.$proc$/workspace/rtl/dll/vibe_dll_tx.sv:0$4217'.
No latch inferred for signal `\vibe_dll_tx.\crc30_bit$func$/workspace/rtl/dll/vibe_dll_tx.sv:82$634.b' from process `\vibe_dll_tx.$proc$/workspace/rtl/dll/vibe_dll_tx.sv:0$4217'.
No latch inferred for signal `\vibe_dll_tx.\crc30_bit$func$/workspace/rtl/dll/vibe_dll_tx.sv:82$634.fb' from process `\vibe_dll_tx.$proc$/workspace/rtl/dll/vibe_dll_tx.sv:0$4217'.
No latch inferred for signal `\vibe_dll_tx.\crc30_bit$func$/workspace/rtl/dll/vibe_dll_tx.sv:82$635.$result' from process `\vibe_dll_tx.$proc$/workspace/rtl/dll/vibe_dll_tx.sv:0$4217'.
No latch inferred for signal `\vibe_dll_tx.\crc30_bit$func$/workspace/rtl/dll/vibe_dll_tx.sv:82$635.c' from process `\vibe_dll_tx.$proc$/workspace/rtl/dll/vibe_dll_tx.sv:0$4217'.
No latch inferred for signal `\vibe_dll_tx.\crc30_bit$func$/workspace/rtl/dll/vibe_dll_tx.sv:82$635.b' from process `\vibe_dll_tx.$proc$/workspace/rtl/dll/vibe_dll_tx.sv:0$4217'.
No latch inferred for signal `\vibe_dll_tx.\crc30_bit$func$/workspace/rtl/dll/vibe_dll_tx.sv:82$635.fb' from process `\vibe_dll_tx.$proc$/workspace/rtl/dll/vibe_dll_tx.sv:0$4217'.
No latch inferred for signal `\vibe_dll_tx.\crc30_bit$func$/workspace/rtl/dll/vibe_dll_tx.sv:82$636.$result' from process `\vibe_dll_tx.$proc$/workspace/rtl/dll/vibe_dll_tx.sv:0$4217'.
No latch inferred for signal `\vibe_dll_tx.\crc30_bit$func$/workspace/rtl/dll/vibe_dll_tx.sv:82$636.c' from process `\vibe_dll_tx.$proc$/workspace/rtl/dll/vibe_dll_tx.sv:0$4217'.
No latch inferred for signal `\vibe_dll_tx.\crc30_bit$func$/workspace/rtl/dll/vibe_dll_tx.sv:82$636.b' from process `\vibe_dll_tx.$proc$/workspace/rtl/dll/vibe_dll_tx.sv:0$4217'.
No latch inferred for signal `\vibe_dll_tx.\crc30_bit$func$/workspace/rtl/dll/vibe_dll_tx.sv:82$636.fb' from process `\vibe_dll_tx.$proc$/workspace/rtl/dll/vibe_dll_tx.sv:0$4217'.
No latch inferred for signal `\vibe_dll_tx.\crc30_bit$func$/workspace/rtl/dll/vibe_dll_tx.sv:82$637.$result' from process `\vibe_dll_tx.$proc$/workspace/rtl/dll/vibe_dll_tx.sv:0$4217'.
No latch inferred for signal `\vibe_dll_tx.\crc30_bit$func$/workspace/rtl/dll/vibe_dll_tx.sv:82$637.c' from process `\vibe_dll_tx.$proc$/workspace/rtl/dll/vibe_dll_tx.sv:0$4217'.
No latch inferred for signal `\vibe_dll_tx.\crc30_bit$func$/workspace/rtl/dll/vibe_dll_tx.sv:82$637.b' from process `\vibe_dll_tx.$proc$/workspace/rtl/dll/vibe_dll_tx.sv:0$4217'.
No latch inferred for signal `\vibe_dll_tx.\crc30_bit$func$/workspace/rtl/dll/vibe_dll_tx.sv:82$637.fb' from process `\vibe_dll_tx.$proc$/workspace/rtl/dll/vibe_dll_tx.sv:0$4217'.
No latch inferred for signal `\vibe_dll_tx.\crc30_bit$func$/workspace/rtl/dll/vibe_dll_tx.sv:82$638.$result' from process `\vibe_dll_tx.$proc$/workspace/rtl/dll/vibe_dll_tx.sv:0$4217'.
No latch inferred for signal `\vibe_dll_tx.\crc30_bit$func$/workspace/rtl/dll/vibe_dll_tx.sv:82$638.c' from process `\vibe_dll_tx.$proc$/workspace/rtl/dll/vibe_dll_tx.sv:0$4217'.
No latch inferred for signal `\vibe_dll_tx.\crc30_bit$func$/workspace/rtl/dll/vibe_dll_tx.sv:82$638.b' from process `\vibe_dll_tx.$proc$/workspace/rtl/dll/vibe_dll_tx.sv:0$4217'.
No latch inferred for signal `\vibe_dll_tx.\crc30_bit$func$/workspace/rtl/dll/vibe_dll_tx.sv:82$638.fb' from process `\vibe_dll_tx.$proc$/workspace/rtl/dll/vibe_dll_tx.sv:0$4217'.
No latch inferred for signal `\vibe_dll_tx.\crc30_bit$func$/workspace/rtl/dll/vibe_dll_tx.sv:82$639.$result' from process `\vibe_dll_tx.$proc$/workspace/rtl/dll/vibe_dll_tx.sv:0$4217'.
No latch inferred for signal `\vibe_dll_tx.\crc30_bit$func$/workspace/rtl/dll/vibe_dll_tx.sv:82$639.c' from process `\vibe_dll_tx.$proc$/workspace/rtl/dll/vibe_dll_tx.sv:0$4217'.
No latch inferred for signal `\vibe_dll_tx.\crc30_bit$func$/workspace/rtl/dll/vibe_dll_tx.sv:82$639.b' from process `\vibe_dll_tx.$proc$/workspace/rtl/dll/vibe_dll_tx.sv:0$4217'.
No latch inferred for signal `\vibe_dll_tx.\crc30_bit$func$/workspace/rtl/dll/vibe_dll_tx.sv:82$639.fb' from process `\vibe_dll_tx.$proc$/workspace/rtl/dll/vibe_dll_tx.sv:0$4217'.
No latch inferred for signal `\vibe_dll_tx.\crc30_bit$func$/workspace/rtl/dll/vibe_dll_tx.sv:82$640.$result' from process `\vibe_dll_tx.$proc$/workspace/rtl/dll/vibe_dll_tx.sv:0$4217'.
No latch inferred for signal `\vibe_dll_tx.\crc30_bit$func$/workspace/rtl/dll/vibe_dll_tx.sv:82$640.c' from process `\vibe_dll_tx.$proc$/workspace/rtl/dll/vibe_dll_tx.sv:0$4217'.
No latch inferred for signal `\vibe_dll_tx.\crc30_bit$func$/workspace/rtl/dll/vibe_dll_tx.sv:82$640.b' from process `\vibe_dll_tx.$proc$/workspace/rtl/dll/vibe_dll_tx.sv:0$4217'.
No latch inferred for signal `\vibe_dll_tx.\crc30_bit$func$/workspace/rtl/dll/vibe_dll_tx.sv:82$640.fb' from process `\vibe_dll_tx.$proc$/workspace/rtl/dll/vibe_dll_tx.sv:0$4217'.
No latch inferred for signal `\vibe_dll_tx.\crc30_bit$func$/workspace/rtl/dll/vibe_dll_tx.sv:82$641.$result' from process `\vibe_dll_tx.$proc$/workspace/rtl/dll/vibe_dll_tx.sv:0$4217'.
No latch inferred for signal `\vibe_dll_tx.\crc30_bit$func$/workspace/rtl/dll/vibe_dll_tx.sv:82$641.c' from process `\vibe_dll_tx.$proc$/workspace/rtl/dll/vibe_dll_tx.sv:0$4217'.
No latch inferred for signal `\vibe_dll_tx.\crc30_bit$func$/workspace/rtl/dll/vibe_dll_tx.sv:82$641.b' from process `\vibe_dll_tx.$proc$/workspace/rtl/dll/vibe_dll_tx.sv:0$4217'.
No latch inferred for signal `\vibe_dll_tx.\crc30_bit$func$/workspace/rtl/dll/vibe_dll_tx.sv:82$641.fb' from process `\vibe_dll_tx.$proc$/workspace/rtl/dll/vibe_dll_tx.sv:0$4217'.
No latch inferred for signal `\vibe_dll_tx.\crc30_bit$func$/workspace/rtl/dll/vibe_dll_tx.sv:82$642.$result' from process `\vibe_dll_tx.$proc$/workspace/rtl/dll/vibe_dll_tx.sv:0$4217'.
No latch inferred for signal `\vibe_dll_tx.\crc30_bit$func$/workspace/rtl/dll/vibe_dll_tx.sv:82$642.c' from process `\vibe_dll_tx.$proc$/workspace/rtl/dll/vibe_dll_tx.sv:0$4217'.
No latch inferred for signal `\vibe_dll_tx.\crc30_bit$func$/workspace/rtl/dll/vibe_dll_tx.sv:82$642.b' from process `\vibe_dll_tx.$proc$/workspace/rtl/dll/vibe_dll_tx.sv:0$4217'.
No latch inferred for signal `\vibe_dll_tx.\crc30_bit$func$/workspace/rtl/dll/vibe_dll_tx.sv:82$642.fb' from process `\vibe_dll_tx.$proc$/workspace/rtl/dll/vibe_dll_tx.sv:0$4217'.
No latch inferred for signal `\vibe_dll_tx.\crc30_bit$func$/workspace/rtl/dll/vibe_dll_tx.sv:82$643.$result' from process `\vibe_dll_tx.$proc$/workspace/rtl/dll/vibe_dll_tx.sv:0$4217'.
No latch inferred for signal `\vibe_dll_tx.\crc30_bit$func$/workspace/rtl/dll/vibe_dll_tx.sv:82$643.c' from process `\vibe_dll_tx.$proc$/workspace/rtl/dll/vibe_dll_tx.sv:0$4217'.
No latch inferred for signal `\vibe_dll_tx.\crc30_bit$func$/workspace/rtl/dll/vibe_dll_tx.sv:82$643.b' from process `\vibe_dll_tx.$proc$/workspace/rtl/dll/vibe_dll_tx.sv:0$4217'.
No latch inferred for signal `\vibe_dll_tx.\crc30_bit$func$/workspace/rtl/dll/vibe_dll_tx.sv:82$643.fb' from process `\vibe_dll_tx.$proc$/workspace/rtl/dll/vibe_dll_tx.sv:0$4217'.
No latch inferred for signal `\vibe_dll_tx.\crc30_bit$func$/workspace/rtl/dll/vibe_dll_tx.sv:82$644.$result' from process `\vibe_dll_tx.$proc$/workspace/rtl/dll/vibe_dll_tx.sv:0$4217'.
No latch inferred for signal `\vibe_dll_tx.\crc30_bit$func$/workspace/rtl/dll/vibe_dll_tx.sv:82$644.c' from process `\vibe_dll_tx.$proc$/workspace/rtl/dll/vibe_dll_tx.sv:0$4217'.
No latch inferred for signal `\vibe_dll_tx.\crc30_bit$func$/workspace/rtl/dll/vibe_dll_tx.sv:82$644.b' from process `\vibe_dll_tx.$proc$/workspace/rtl/dll/vibe_dll_tx.sv:0$4217'.
No latch inferred for signal `\vibe_dll_tx.\crc30_bit$func$/workspace/rtl/dll/vibe_dll_tx.sv:82$644.fb' from process `\vibe_dll_tx.$proc$/workspace/rtl/dll/vibe_dll_tx.sv:0$4217'.
No latch inferred for signal `\vibe_dll_tx.\crc30_bit$func$/workspace/rtl/dll/vibe_dll_tx.sv:82$645.$result' from process `\vibe_dll_tx.$proc$/workspace/rtl/dll/vibe_dll_tx.sv:0$4217'.
No latch inferred for signal `\vibe_dll_tx.\crc30_bit$func$/workspace/rtl/dll/vibe_dll_tx.sv:82$645.c' from process `\vibe_dll_tx.$proc$/workspace/rtl/dll/vibe_dll_tx.sv:0$4217'.
No latch inferred for signal `\vibe_dll_tx.\crc30_bit$func$/workspace/rtl/dll/vibe_dll_tx.sv:82$645.b' from process `\vibe_dll_tx.$proc$/workspace/rtl/dll/vibe_dll_tx.sv:0$4217'.
No latch inferred for signal `\vibe_dll_tx.\crc30_bit$func$/workspace/rtl/dll/vibe_dll_tx.sv:82$645.fb' from process `\vibe_dll_tx.$proc$/workspace/rtl/dll/vibe_dll_tx.sv:0$4217'.
No latch inferred for signal `\vibe_dll_tx.\crc30_bit$func$/workspace/rtl/dll/vibe_dll_tx.sv:82$646.$result' from process `\vibe_dll_tx.$proc$/workspace/rtl/dll/vibe_dll_tx.sv:0$4217'.
No latch inferred for signal `\vibe_dll_tx.\crc30_bit$func$/workspace/rtl/dll/vibe_dll_tx.sv:82$646.c' from process `\vibe_dll_tx.$proc$/workspace/rtl/dll/vibe_dll_tx.sv:0$4217'.
No latch inferred for signal `\vibe_dll_tx.\crc30_bit$func$/workspace/rtl/dll/vibe_dll_tx.sv:82$646.b' from process `\vibe_dll_tx.$proc$/workspace/rtl/dll/vibe_dll_tx.sv:0$4217'.
No latch inferred for signal `\vibe_dll_tx.\crc30_bit$func$/workspace/rtl/dll/vibe_dll_tx.sv:82$646.fb' from process `\vibe_dll_tx.$proc$/workspace/rtl/dll/vibe_dll_tx.sv:0$4217'.
No latch inferred for signal `\vibe_dll_tx.\crc30_bit$func$/workspace/rtl/dll/vibe_dll_tx.sv:82$647.$result' from process `\vibe_dll_tx.$proc$/workspace/rtl/dll/vibe_dll_tx.sv:0$4217'.
No latch inferred for signal `\vibe_dll_tx.\crc30_bit$func$/workspace/rtl/dll/vibe_dll_tx.sv:82$647.c' from process `\vibe_dll_tx.$proc$/workspace/rtl/dll/vibe_dll_tx.sv:0$4217'.
No latch inferred for signal `\vibe_dll_tx.\crc30_bit$func$/workspace/rtl/dll/vibe_dll_tx.sv:82$647.b' from process `\vibe_dll_tx.$proc$/workspace/rtl/dll/vibe_dll_tx.sv:0$4217'.
No latch inferred for signal `\vibe_dll_tx.\crc30_bit$func$/workspace/rtl/dll/vibe_dll_tx.sv:82$647.fb' from process `\vibe_dll_tx.$proc$/workspace/rtl/dll/vibe_dll_tx.sv:0$4217'.
No latch inferred for signal `\vibe_dll_tx.\crc30_bit$func$/workspace/rtl/dll/vibe_dll_tx.sv:82$648.$result' from process `\vibe_dll_tx.$proc$/workspace/rtl/dll/vibe_dll_tx.sv:0$4217'.
No latch inferred for signal `\vibe_dll_tx.\crc30_bit$func$/workspace/rtl/dll/vibe_dll_tx.sv:82$648.c' from process `\vibe_dll_tx.$proc$/workspace/rtl/dll/vibe_dll_tx.sv:0$4217'.
No latch inferred for signal `\vibe_dll_tx.\crc30_bit$func$/workspace/rtl/dll/vibe_dll_tx.sv:82$648.b' from process `\vibe_dll_tx.$proc$/workspace/rtl/dll/vibe_dll_tx.sv:0$4217'.
No latch inferred for signal `\vibe_dll_tx.\crc30_bit$func$/workspace/rtl/dll/vibe_dll_tx.sv:82$648.fb' from process `\vibe_dll_tx.$proc$/workspace/rtl/dll/vibe_dll_tx.sv:0$4217'.
No latch inferred for signal `\vibe_dll_tx.\crc30_bit$func$/workspace/rtl/dll/vibe_dll_tx.sv:82$649.$result' from process `\vibe_dll_tx.$proc$/workspace/rtl/dll/vibe_dll_tx.sv:0$4217'.
No latch inferred for signal `\vibe_dll_tx.\crc30_bit$func$/workspace/rtl/dll/vibe_dll_tx.sv:82$649.c' from process `\vibe_dll_tx.$proc$/workspace/rtl/dll/vibe_dll_tx.sv:0$4217'.
No latch inferred for signal `\vibe_dll_tx.\crc30_bit$func$/workspace/rtl/dll/vibe_dll_tx.sv:82$649.b' from process `\vibe_dll_tx.$proc$/workspace/rtl/dll/vibe_dll_tx.sv:0$4217'.
No latch inferred for signal `\vibe_dll_tx.\crc30_bit$func$/workspace/rtl/dll/vibe_dll_tx.sv:82$649.fb' from process `\vibe_dll_tx.$proc$/workspace/rtl/dll/vibe_dll_tx.sv:0$4217'.
No latch inferred for signal `\vibe_dll_tx.\crc30_bit$func$/workspace/rtl/dll/vibe_dll_tx.sv:82$650.$result' from process `\vibe_dll_tx.$proc$/workspace/rtl/dll/vibe_dll_tx.sv:0$4217'.
No latch inferred for signal `\vibe_dll_tx.\crc30_bit$func$/workspace/rtl/dll/vibe_dll_tx.sv:82$650.c' from process `\vibe_dll_tx.$proc$/workspace/rtl/dll/vibe_dll_tx.sv:0$4217'.
No latch inferred for signal `\vibe_dll_tx.\crc30_bit$func$/workspace/rtl/dll/vibe_dll_tx.sv:82$650.b' from process `\vibe_dll_tx.$proc$/workspace/rtl/dll/vibe_dll_tx.sv:0$4217'.
No latch inferred for signal `\vibe_dll_tx.\crc30_bit$func$/workspace/rtl/dll/vibe_dll_tx.sv:82$650.fb' from process `\vibe_dll_tx.$proc$/workspace/rtl/dll/vibe_dll_tx.sv:0$4217'.
No latch inferred for signal `\vibe_dll_tx.\crc30_bit$func$/workspace/rtl/dll/vibe_dll_tx.sv:82$651.$result' from process `\vibe_dll_tx.$proc$/workspace/rtl/dll/vibe_dll_tx.sv:0$4217'.
No latch inferred for signal `\vibe_dll_tx.\crc30_bit$func$/workspace/rtl/dll/vibe_dll_tx.sv:82$651.c' from process `\vibe_dll_tx.$proc$/workspace/rtl/dll/vibe_dll_tx.sv:0$4217'.
No latch inferred for signal `\vibe_dll_tx.\crc30_bit$func$/workspace/rtl/dll/vibe_dll_tx.sv:82$651.b' from process `\vibe_dll_tx.$proc$/workspace/rtl/dll/vibe_dll_tx.sv:0$4217'.
No latch inferred for signal `\vibe_dll_tx.\crc30_bit$func$/workspace/rtl/dll/vibe_dll_tx.sv:82$651.fb' from process `\vibe_dll_tx.$proc$/workspace/rtl/dll/vibe_dll_tx.sv:0$4217'.
No latch inferred for signal `\vibe_dll_tx.\crc30_bit$func$/workspace/rtl/dll/vibe_dll_tx.sv:82$652.$result' from process `\vibe_dll_tx.$proc$/workspace/rtl/dll/vibe_dll_tx.sv:0$4217'.
No latch inferred for signal `\vibe_dll_tx.\crc30_bit$func$/workspace/rtl/dll/vibe_dll_tx.sv:82$652.c' from process `\vibe_dll_tx.$proc$/workspace/rtl/dll/vibe_dll_tx.sv:0$4217'.
No latch inferred for signal `\vibe_dll_tx.\crc30_bit$func$/workspace/rtl/dll/vibe_dll_tx.sv:82$652.b' from process `\vibe_dll_tx.$proc$/workspace/rtl/dll/vibe_dll_tx.sv:0$4217'.
No latch inferred for signal `\vibe_dll_tx.\crc30_bit$func$/workspace/rtl/dll/vibe_dll_tx.sv:82$652.fb' from process `\vibe_dll_tx.$proc$/workspace/rtl/dll/vibe_dll_tx.sv:0$4217'.
No latch inferred for signal `\vibe_dll_tx.\crc30_bit$func$/workspace/rtl/dll/vibe_dll_tx.sv:82$653.$result' from process `\vibe_dll_tx.$proc$/workspace/rtl/dll/vibe_dll_tx.sv:0$4217'.
No latch inferred for signal `\vibe_dll_tx.\crc30_bit$func$/workspace/rtl/dll/vibe_dll_tx.sv:82$653.c' from process `\vibe_dll_tx.$proc$/workspace/rtl/dll/vibe_dll_tx.sv:0$4217'.
No latch inferred for signal `\vibe_dll_tx.\crc30_bit$func$/workspace/rtl/dll/vibe_dll_tx.sv:82$653.b' from process `\vibe_dll_tx.$proc$/workspace/rtl/dll/vibe_dll_tx.sv:0$4217'.
No latch inferred for signal `\vibe_dll_tx.\crc30_bit$func$/workspace/rtl/dll/vibe_dll_tx.sv:82$653.fb' from process `\vibe_dll_tx.$proc$/workspace/rtl/dll/vibe_dll_tx.sv:0$4217'.
No latch inferred for signal `\vibe_dll_tx.\crc30_bit$func$/workspace/rtl/dll/vibe_dll_tx.sv:82$654.$result' from process `\vibe_dll_tx.$proc$/workspace/rtl/dll/vibe_dll_tx.sv:0$4217'.
No latch inferred for signal `\vibe_dll_tx.\crc30_bit$func$/workspace/rtl/dll/vibe_dll_tx.sv:82$654.c' from process `\vibe_dll_tx.$proc$/workspace/rtl/dll/vibe_dll_tx.sv:0$4217'.
No latch inferred for signal `\vibe_dll_tx.\crc30_bit$func$/workspace/rtl/dll/vibe_dll_tx.sv:82$654.b' from process `\vibe_dll_tx.$proc$/workspace/rtl/dll/vibe_dll_tx.sv:0$4217'.
No latch inferred for signal `\vibe_dll_tx.\crc30_bit$func$/workspace/rtl/dll/vibe_dll_tx.sv:82$654.fb' from process `\vibe_dll_tx.$proc$/workspace/rtl/dll/vibe_dll_tx.sv:0$4217'.
No latch inferred for signal `\vibe_dll_tx.\crc30_bit$func$/workspace/rtl/dll/vibe_dll_tx.sv:82$655.$result' from process `\vibe_dll_tx.$proc$/workspace/rtl/dll/vibe_dll_tx.sv:0$4217'.
No latch inferred for signal `\vibe_dll_tx.\crc30_bit$func$/workspace/rtl/dll/vibe_dll_tx.sv:82$655.c' from process `\vibe_dll_tx.$proc$/workspace/rtl/dll/vibe_dll_tx.sv:0$4217'.
No latch inferred for signal `\vibe_dll_tx.\crc30_bit$func$/workspace/rtl/dll/vibe_dll_tx.sv:82$655.b' from process `\vibe_dll_tx.$proc$/workspace/rtl/dll/vibe_dll_tx.sv:0$4217'.
No latch inferred for signal `\vibe_dll_tx.\crc30_bit$func$/workspace/rtl/dll/vibe_dll_tx.sv:82$655.fb' from process `\vibe_dll_tx.$proc$/workspace/rtl/dll/vibe_dll_tx.sv:0$4217'.
No latch inferred for signal `\vibe_dll_tx.\crc30_bit$func$/workspace/rtl/dll/vibe_dll_tx.sv:82$656.$result' from process `\vibe_dll_tx.$proc$/workspace/rtl/dll/vibe_dll_tx.sv:0$4217'.
No latch inferred for signal `\vibe_dll_tx.\crc30_bit$func$/workspace/rtl/dll/vibe_dll_tx.sv:82$656.c' from process `\vibe_dll_tx.$proc$/workspace/rtl/dll/vibe_dll_tx.sv:0$4217'.
No latch inferred for signal `\vibe_dll_tx.\crc30_bit$func$/workspace/rtl/dll/vibe_dll_tx.sv:82$656.b' from process `\vibe_dll_tx.$proc$/workspace/rtl/dll/vibe_dll_tx.sv:0$4217'.
No latch inferred for signal `\vibe_dll_tx.\crc30_bit$func$/workspace/rtl/dll/vibe_dll_tx.sv:82$656.fb' from process `\vibe_dll_tx.$proc$/workspace/rtl/dll/vibe_dll_tx.sv:0$4217'.
No latch inferred for signal `\vibe_dll_tx.\crc30_bit$func$/workspace/rtl/dll/vibe_dll_tx.sv:82$657.$result' from process `\vibe_dll_tx.$proc$/workspace/rtl/dll/vibe_dll_tx.sv:0$4217'.
No latch inferred for signal `\vibe_dll_tx.\crc30_bit$func$/workspace/rtl/dll/vibe_dll_tx.sv:82$657.c' from process `\vibe_dll_tx.$proc$/workspace/rtl/dll/vibe_dll_tx.sv:0$4217'.
No latch inferred for signal `\vibe_dll_tx.\crc30_bit$func$/workspace/rtl/dll/vibe_dll_tx.sv:82$657.b' from process `\vibe_dll_tx.$proc$/workspace/rtl/dll/vibe_dll_tx.sv:0$4217'.
No latch inferred for signal `\vibe_dll_tx.\crc30_bit$func$/workspace/rtl/dll/vibe_dll_tx.sv:82$657.fb' from process `\vibe_dll_tx.$proc$/workspace/rtl/dll/vibe_dll_tx.sv:0$4217'.
No latch inferred for signal `\vibe_dll_tx.\crc30_bit$func$/workspace/rtl/dll/vibe_dll_tx.sv:82$658.$result' from process `\vibe_dll_tx.$proc$/workspace/rtl/dll/vibe_dll_tx.sv:0$4217'.
No latch inferred for signal `\vibe_dll_tx.\crc30_bit$func$/workspace/rtl/dll/vibe_dll_tx.sv:82$658.c' from process `\vibe_dll_tx.$proc$/workspace/rtl/dll/vibe_dll_tx.sv:0$4217'.
No latch inferred for signal `\vibe_dll_tx.\crc30_bit$func$/workspace/rtl/dll/vibe_dll_tx.sv:82$658.b' from process `\vibe_dll_tx.$proc$/workspace/rtl/dll/vibe_dll_tx.sv:0$4217'.
No latch inferred for signal `\vibe_dll_tx.\crc30_bit$func$/workspace/rtl/dll/vibe_dll_tx.sv:82$658.fb' from process `\vibe_dll_tx.$proc$/workspace/rtl/dll/vibe_dll_tx.sv:0$4217'.
No latch inferred for signal `\vibe_dll_tx.\crc30_bit$func$/workspace/rtl/dll/vibe_dll_tx.sv:82$659.$result' from process `\vibe_dll_tx.$proc$/workspace/rtl/dll/vibe_dll_tx.sv:0$4217'.
No latch inferred for signal `\vibe_dll_tx.\crc30_bit$func$/workspace/rtl/dll/vibe_dll_tx.sv:82$659.c' from process `\vibe_dll_tx.$proc$/workspace/rtl/dll/vibe_dll_tx.sv:0$4217'.
No latch inferred for signal `\vibe_dll_tx.\crc30_bit$func$/workspace/rtl/dll/vibe_dll_tx.sv:82$659.b' from process `\vibe_dll_tx.$proc$/workspace/rtl/dll/vibe_dll_tx.sv:0$4217'.
No latch inferred for signal `\vibe_dll_tx.\crc30_bit$func$/workspace/rtl/dll/vibe_dll_tx.sv:82$659.fb' from process `\vibe_dll_tx.$proc$/workspace/rtl/dll/vibe_dll_tx.sv:0$4217'.
No latch inferred for signal `\vibe_dll_tx.\crc30_bit$func$/workspace/rtl/dll/vibe_dll_tx.sv:82$660.$result' from process `\vibe_dll_tx.$proc$/workspace/rtl/dll/vibe_dll_tx.sv:0$4217'.
No latch inferred for signal `\vibe_dll_tx.\crc30_bit$func$/workspace/rtl/dll/vibe_dll_tx.sv:82$660.c' from process `\vibe_dll_tx.$proc$/workspace/rtl/dll/vibe_dll_tx.sv:0$4217'.
No latch inferred for signal `\vibe_dll_tx.\crc30_bit$func$/workspace/rtl/dll/vibe_dll_tx.sv:82$660.b' from process `\vibe_dll_tx.$proc$/workspace/rtl/dll/vibe_dll_tx.sv:0$4217'.
No latch inferred for signal `\vibe_dll_tx.\crc30_bit$func$/workspace/rtl/dll/vibe_dll_tx.sv:82$660.fb' from process `\vibe_dll_tx.$proc$/workspace/rtl/dll/vibe_dll_tx.sv:0$4217'.
No latch inferred for signal `\vibe_dll_tx.\crc30_bit$func$/workspace/rtl/dll/vibe_dll_tx.sv:82$661.$result' from process `\vibe_dll_tx.$proc$/workspace/rtl/dll/vibe_dll_tx.sv:0$4217'.
No latch inferred for signal `\vibe_dll_tx.\crc30_bit$func$/workspace/rtl/dll/vibe_dll_tx.sv:82$661.c' from process `\vibe_dll_tx.$proc$/workspace/rtl/dll/vibe_dll_tx.sv:0$4217'.
No latch inferred for signal `\vibe_dll_tx.\crc30_bit$func$/workspace/rtl/dll/vibe_dll_tx.sv:82$661.b' from process `\vibe_dll_tx.$proc$/workspace/rtl/dll/vibe_dll_tx.sv:0$4217'.
No latch inferred for signal `\vibe_dll_tx.\crc30_bit$func$/workspace/rtl/dll/vibe_dll_tx.sv:82$661.fb' from process `\vibe_dll_tx.$proc$/workspace/rtl/dll/vibe_dll_tx.sv:0$4217'.
No latch inferred for signal `\vibe_dll_tx.\crc30_bit$func$/workspace/rtl/dll/vibe_dll_tx.sv:82$662.$result' from process `\vibe_dll_tx.$proc$/workspace/rtl/dll/vibe_dll_tx.sv:0$4217'.
No latch inferred for signal `\vibe_dll_tx.\crc30_bit$func$/workspace/rtl/dll/vibe_dll_tx.sv:82$662.c' from process `\vibe_dll_tx.$proc$/workspace/rtl/dll/vibe_dll_tx.sv:0$4217'.
No latch inferred for signal `\vibe_dll_tx.\crc30_bit$func$/workspace/rtl/dll/vibe_dll_tx.sv:82$662.b' from process `\vibe_dll_tx.$proc$/workspace/rtl/dll/vibe_dll_tx.sv:0$4217'.
No latch inferred for signal `\vibe_dll_tx.\crc30_bit$func$/workspace/rtl/dll/vibe_dll_tx.sv:82$662.fb' from process `\vibe_dll_tx.$proc$/workspace/rtl/dll/vibe_dll_tx.sv:0$4217'.
No latch inferred for signal `\vibe_dll_tx.\crc30_bit$func$/workspace/rtl/dll/vibe_dll_tx.sv:82$663.$result' from process `\vibe_dll_tx.$proc$/workspace/rtl/dll/vibe_dll_tx.sv:0$4217'.
No latch inferred for signal `\vibe_dll_tx.\crc30_bit$func$/workspace/rtl/dll/vibe_dll_tx.sv:82$663.c' from process `\vibe_dll_tx.$proc$/workspace/rtl/dll/vibe_dll_tx.sv:0$4217'.
No latch inferred for signal `\vibe_dll_tx.\crc30_bit$func$/workspace/rtl/dll/vibe_dll_tx.sv:82$663.b' from process `\vibe_dll_tx.$proc$/workspace/rtl/dll/vibe_dll_tx.sv:0$4217'.
No latch inferred for signal `\vibe_dll_tx.\crc30_bit$func$/workspace/rtl/dll/vibe_dll_tx.sv:82$663.fb' from process `\vibe_dll_tx.$proc$/workspace/rtl/dll/vibe_dll_tx.sv:0$4217'.
No latch inferred for signal `\vibe_dll_tx.\crc30_bit$func$/workspace/rtl/dll/vibe_dll_tx.sv:82$664.$result' from process `\vibe_dll_tx.$proc$/workspace/rtl/dll/vibe_dll_tx.sv:0$4217'.
No latch inferred for signal `\vibe_dll_tx.\crc30_bit$func$/workspace/rtl/dll/vibe_dll_tx.sv:82$664.c' from process `\vibe_dll_tx.$proc$/workspace/rtl/dll/vibe_dll_tx.sv:0$4217'.
No latch inferred for signal `\vibe_dll_tx.\crc30_bit$func$/workspace/rtl/dll/vibe_dll_tx.sv:82$664.b' from process `\vibe_dll_tx.$proc$/workspace/rtl/dll/vibe_dll_tx.sv:0$4217'.
No latch inferred for signal `\vibe_dll_tx.\crc30_bit$func$/workspace/rtl/dll/vibe_dll_tx.sv:82$664.fb' from process `\vibe_dll_tx.$proc$/workspace/rtl/dll/vibe_dll_tx.sv:0$4217'.
No latch inferred for signal `\vibe_dll_tx.\crc30_flit$func$/workspace/rtl/dll/vibe_dll_tx.sv:115$14.$result' from process `\vibe_dll_tx.$proc$/workspace/rtl/dll/vibe_dll_tx.sv:0$3091'.
No latch inferred for signal `\vibe_dll_tx.\crc30_flit$func$/workspace/rtl/dll/vibe_dll_tx.sv:115$343.$result' from process `\vibe_dll_tx.$proc$/workspace/rtl/dll/vibe_dll_tx.sv:0$3091'.
No latch inferred for signal `\vibe_dll_tx.\crc30_flit$func$/workspace/rtl/dll/vibe_dll_tx.sv:115$343.c' from process `\vibe_dll_tx.$proc$/workspace/rtl/dll/vibe_dll_tx.sv:0$3091'.
No latch inferred for signal `\vibe_dll_tx.\crc30_flit$func$/workspace/rtl/dll/vibe_dll_tx.sv:115$343.f' from process `\vibe_dll_tx.$proc$/workspace/rtl/dll/vibe_dll_tx.sv:0$3091'.
No latch inferred for signal `\vibe_dll_tx.\crc30_flit$func$/workspace/rtl/dll/vibe_dll_tx.sv:115$343.i' from process `\vibe_dll_tx.$proc$/workspace/rtl/dll/vibe_dll_tx.sv:0$3091'.
No latch inferred for signal `\vibe_dll_tx.\crc30_bit$func$/workspace/rtl/dll/vibe_dll_tx.sv:82$344.$result' from process `\vibe_dll_tx.$proc$/workspace/rtl/dll/vibe_dll_tx.sv:0$3091'.
No latch inferred for signal `\vibe_dll_tx.\crc30_bit$func$/workspace/rtl/dll/vibe_dll_tx.sv:82$344.c' from process `\vibe_dll_tx.$proc$/workspace/rtl/dll/vibe_dll_tx.sv:0$3091'.
No latch inferred for signal `\vibe_dll_tx.\crc30_bit$func$/workspace/rtl/dll/vibe_dll_tx.sv:82$344.b' from process `\vibe_dll_tx.$proc$/workspace/rtl/dll/vibe_dll_tx.sv:0$3091'.
No latch inferred for signal `\vibe_dll_tx.\crc30_bit$func$/workspace/rtl/dll/vibe_dll_tx.sv:82$344.fb' from process `\vibe_dll_tx.$proc$/workspace/rtl/dll/vibe_dll_tx.sv:0$3091'.
No latch inferred for signal `\vibe_dll_tx.\crc30_bit$func$/workspace/rtl/dll/vibe_dll_tx.sv:82$345.$result' from process `\vibe_dll_tx.$proc$/workspace/rtl/dll/vibe_dll_tx.sv:0$3091'.
No latch inferred for signal `\vibe_dll_tx.\crc30_bit$func$/workspace/rtl/dll/vibe_dll_tx.sv:82$345.c' from process `\vibe_dll_tx.$proc$/workspace/rtl/dll/vibe_dll_tx.sv:0$3091'.
No latch inferred for signal `\vibe_dll_tx.\crc30_bit$func$/workspace/rtl/dll/vibe_dll_tx.sv:82$345.b' from process `\vibe_dll_tx.$proc$/workspace/rtl/dll/vibe_dll_tx.sv:0$3091'.
No latch inferred for signal `\vibe_dll_tx.\crc30_bit$func$/workspace/rtl/dll/vibe_dll_tx.sv:82$345.fb' from process `\vibe_dll_tx.$proc$/workspace/rtl/dll/vibe_dll_tx.sv:0$3091'.
No latch inferred for signal `\vibe_dll_tx.\crc30_bit$func$/workspace/rtl/dll/vibe_dll_tx.sv:82$346.$result' from process `\vibe_dll_tx.$proc$/workspace/rtl/dll/vibe_dll_tx.sv:0$3091'.
No latch inferred for signal `\vibe_dll_tx.\crc30_bit$func$/workspace/rtl/dll/vibe_dll_tx.sv:82$346.c' from process `\vibe_dll_tx.$proc$/workspace/rtl/dll/vibe_dll_tx.sv:0$3091'.
No latch inferred for signal `\vibe_dll_tx.\crc30_bit$func$/workspace/rtl/dll/vibe_dll_tx.sv:82$346.b' from process `\vibe_dll_tx.$proc$/workspace/rtl/dll/vibe_dll_tx.sv:0$3091'.
No latch inferred for signal `\vibe_dll_tx.\crc30_bit$func$/workspace/rtl/dll/vibe_dll_tx.sv:82$346.fb' from process `\vibe_dll_tx.$proc$/workspace/rtl/dll/vibe_dll_tx.sv:0$3091'.
No latch inferred for signal `\vibe_dll_tx.\crc30_bit$func$/workspace/rtl/dll/vibe_dll_tx.sv:82$347.$result' from process `\vibe_dll_tx.$proc$/workspace/rtl/dll/vibe_dll_tx.sv:0$3091'.
No latch inferred for signal `\vibe_dll_tx.\crc30_bit$func$/workspace/rtl/dll/vibe_dll_tx.sv:82$347.c' from process `\vibe_dll_tx.$proc$/workspace/rtl/dll/vibe_dll_tx.sv:0$3091'.
No latch inferred for signal `\vibe_dll_tx.\crc30_bit$func$/workspace/rtl/dll/vibe_dll_tx.sv:82$347.b' from process `\vibe_dll_tx.$proc$/workspace/rtl/dll/vibe_dll_tx.sv:0$3091'.
No latch inferred for signal `\vibe_dll_tx.\crc30_bit$func$/workspace/rtl/dll/vibe_dll_tx.sv:82$347.fb' from process `\vibe_dll_tx.$proc$/workspace/rtl/dll/vibe_dll_tx.sv:0$3091'.
No latch inferred for signal `\vibe_dll_tx.\crc30_bit$func$/workspace/rtl/dll/vibe_dll_tx.sv:82$348.$result' from process `\vibe_dll_tx.$proc$/workspace/rtl/dll/vibe_dll_tx.sv:0$3091'.
No latch inferred for signal `\vibe_dll_tx.\crc30_bit$func$/workspace/rtl/dll/vibe_dll_tx.sv:82$348.c' from process `\vibe_dll_tx.$proc$/workspace/rtl/dll/vibe_dll_tx.sv:0$3091'.
No latch inferred for signal `\vibe_dll_tx.\crc30_bit$func$/workspace/rtl/dll/vibe_dll_tx.sv:82$348.b' from process `\vibe_dll_tx.$proc$/workspace/rtl/dll/vibe_dll_tx.sv:0$3091'.
No latch inferred for signal `\vibe_dll_tx.\crc30_bit$func$/workspace/rtl/dll/vibe_dll_tx.sv:82$348.fb' from process `\vibe_dll_tx.$proc$/workspace/rtl/dll/vibe_dll_tx.sv:0$3091'.
No latch inferred for signal `\vibe_dll_tx.\crc30_bit$func$/workspace/rtl/dll/vibe_dll_tx.sv:82$349.$result' from process `\vibe_dll_tx.$proc$/workspace/rtl/dll/vibe_dll_tx.sv:0$3091'.
No latch inferred for signal `\vibe_dll_tx.\crc30_bit$func$/workspace/rtl/dll/vibe_dll_tx.sv:82$349.c' from process `\vibe_dll_tx.$proc$/workspace/rtl/dll/vibe_dll_tx.sv:0$3091'.
No latch inferred for signal `\vibe_dll_tx.\crc30_bit$func$/workspace/rtl/dll/vibe_dll_tx.sv:82$349.b' from process `\vibe_dll_tx.$proc$/workspace/rtl/dll/vibe_dll_tx.sv:0$3091'.
No latch inferred for signal `\vibe_dll_tx.\crc30_bit$func$/workspace/rtl/dll/vibe_dll_tx.sv:82$349.fb' from process `\vibe_dll_tx.$proc$/workspace/rtl/dll/vibe_dll_tx.sv:0$3091'.
No latch inferred for signal `\vibe_dll_tx.\crc30_bit$func$/workspace/rtl/dll/vibe_dll_tx.sv:82$350.$result' from process `\vibe_dll_tx.$proc$/workspace/rtl/dll/vibe_dll_tx.sv:0$3091'.
No latch inferred for signal `\vibe_dll_tx.\crc30_bit$func$/workspace/rtl/dll/vibe_dll_tx.sv:82$350.c' from process `\vibe_dll_tx.$proc$/workspace/rtl/dll/vibe_dll_tx.sv:0$3091'.
No latch inferred for signal `\vibe_dll_tx.\crc30_bit$func$/workspace/rtl/dll/vibe_dll_tx.sv:82$350.b' from process `\vibe_dll_tx.$proc$/workspace/rtl/dll/vibe_dll_tx.sv:0$3091'.
No latch inferred for signal `\vibe_dll_tx.\crc30_bit$func$/workspace/rtl/dll/vibe_dll_tx.sv:82$350.fb' from process `\vibe_dll_tx.$proc$/workspace/rtl/dll/vibe_dll_tx.sv:0$3091'.
No latch inferred for signal `\vibe_dll_tx.\crc30_bit$func$/workspace/rtl/dll/vibe_dll_tx.sv:82$351.$result' from process `\vibe_dll_tx.$proc$/workspace/rtl/dll/vibe_dll_tx.sv:0$3091'.
No latch inferred for signal `\vibe_dll_tx.\crc30_bit$func$/workspace/rtl/dll/vibe_dll_tx.sv:82$351.c' from process `\vibe_dll_tx.$proc$/workspace/rtl/dll/vibe_dll_tx.sv:0$3091'.
No latch inferred for signal `\vibe_dll_tx.\crc30_bit$func$/workspace/rtl/dll/vibe_dll_tx.sv:82$351.b' from process `\vibe_dll_tx.$proc$/workspace/rtl/dll/vibe_dll_tx.sv:0$3091'.
No latch inferred for signal `\vibe_dll_tx.\crc30_bit$func$/workspace/rtl/dll/vibe_dll_tx.sv:82$351.fb' from process `\vibe_dll_tx.$proc$/workspace/rtl/dll/vibe_dll_tx.sv:0$3091'.
No latch inferred for signal `\vibe_dll_tx.\crc30_bit$func$/workspace/rtl/dll/vibe_dll_tx.sv:82$352.$result' from process `\vibe_dll_tx.$proc$/workspace/rtl/dll/vibe_dll_tx.sv:0$3091'.
No latch inferred for signal `\vibe_dll_tx.\crc30_bit$func$/workspace/rtl/dll/vibe_dll_tx.sv:82$352.c' from process `\vibe_dll_tx.$proc$/workspace/rtl/dll/vibe_dll_tx.sv:0$3091'.
No latch inferred for signal `\vibe_dll_tx.\crc30_bit$func$/workspace/rtl/dll/vibe_dll_tx.sv:82$352.b' from process `\vibe_dll_tx.$proc$/workspace/rtl/dll/vibe_dll_tx.sv:0$3091'.
No latch inferred for signal `\vibe_dll_tx.\crc30_bit$func$/workspace/rtl/dll/vibe_dll_tx.sv:82$352.fb' from process `\vibe_dll_tx.$proc$/workspace/rtl/dll/vibe_dll_tx.sv:0$3091'.
No latch inferred for signal `\vibe_dll_tx.\crc30_bit$func$/workspace/rtl/dll/vibe_dll_tx.sv:82$353.$result' from process `\vibe_dll_tx.$proc$/workspace/rtl/dll/vibe_dll_tx.sv:0$3091'.
No latch inferred for signal `\vibe_dll_tx.\crc30_bit$func$/workspace/rtl/dll/vibe_dll_tx.sv:82$353.c' from process `\vibe_dll_tx.$proc$/workspace/rtl/dll/vibe_dll_tx.sv:0$3091'.
No latch inferred for signal `\vibe_dll_tx.\crc30_bit$func$/workspace/rtl/dll/vibe_dll_tx.sv:82$353.b' from process `\vibe_dll_tx.$proc$/workspace/rtl/dll/vibe_dll_tx.sv:0$3091'.
No latch inferred for signal `\vibe_dll_tx.\crc30_bit$func$/workspace/rtl/dll/vibe_dll_tx.sv:82$353.fb' from process `\vibe_dll_tx.$proc$/workspace/rtl/dll/vibe_dll_tx.sv:0$3091'.
No latch inferred for signal `\vibe_dll_tx.\crc30_bit$func$/workspace/rtl/dll/vibe_dll_tx.sv:82$354.$result' from process `\vibe_dll_tx.$proc$/workspace/rtl/dll/vibe_dll_tx.sv:0$3091'.
No latch inferred for signal `\vibe_dll_tx.\crc30_bit$func$/workspace/rtl/dll/vibe_dll_tx.sv:82$354.c' from process `\vibe_dll_tx.$proc$/workspace/rtl/dll/vibe_dll_tx.sv:0$3091'.
No latch inferred for signal `\vibe_dll_tx.\crc30_bit$func$/workspace/rtl/dll/vibe_dll_tx.sv:82$354.b' from process `\vibe_dll_tx.$proc$/workspace/rtl/dll/vibe_dll_tx.sv:0$3091'.
No latch inferred for signal `\vibe_dll_tx.\crc30_bit$func$/workspace/rtl/dll/vibe_dll_tx.sv:82$354.fb' from process `\vibe_dll_tx.$proc$/workspace/rtl/dll/vibe_dll_tx.sv:0$3091'.
No latch inferred for signal `\vibe_dll_tx.\crc30_bit$func$/workspace/rtl/dll/vibe_dll_tx.sv:82$355.$result' from process `\vibe_dll_tx.$proc$/workspace/rtl/dll/vibe_dll_tx.sv:0$3091'.
No latch inferred for signal `\vibe_dll_tx.\crc30_bit$func$/workspace/rtl/dll/vibe_dll_tx.sv:82$355.c' from process `\vibe_dll_tx.$proc$/workspace/rtl/dll/vibe_dll_tx.sv:0$3091'.
No latch inferred for signal `\vibe_dll_tx.\crc30_bit$func$/workspace/rtl/dll/vibe_dll_tx.sv:82$355.b' from process `\vibe_dll_tx.$proc$/workspace/rtl/dll/vibe_dll_tx.sv:0$3091'.
No latch inferred for signal `\vibe_dll_tx.\crc30_bit$func$/workspace/rtl/dll/vibe_dll_tx.sv:82$355.fb' from process `\vibe_dll_tx.$proc$/workspace/rtl/dll/vibe_dll_tx.sv:0$3091'.
No latch inferred for signal `\vibe_dll_tx.\crc30_bit$func$/workspace/rtl/dll/vibe_dll_tx.sv:82$356.$result' from process `\vibe_dll_tx.$proc$/workspace/rtl/dll/vibe_dll_tx.sv:0$3091'.
No latch inferred for signal `\vibe_dll_tx.\crc30_bit$func$/workspace/rtl/dll/vibe_dll_tx.sv:82$356.c' from process `\vibe_dll_tx.$proc$/workspace/rtl/dll/vibe_dll_tx.sv:0$3091'.
No latch inferred for signal `\vibe_dll_tx.\crc30_bit$func$/workspace/rtl/dll/vibe_dll_tx.sv:82$356.b' from process `\vibe_dll_tx.$proc$/workspace/rtl/dll/vibe_dll_tx.sv:0$3091'.
No latch inferred for signal `\vibe_dll_tx.\crc30_bit$func$/workspace/rtl/dll/vibe_dll_tx.sv:82$356.fb' from process `\vibe_dll_tx.$proc$/workspace/rtl/dll/vibe_dll_tx.sv:0$3091'.
No latch inferred for signal `\vibe_dll_tx.\crc30_bit$func$/workspace/rtl/dll/vibe_dll_tx.sv:82$357.$result' from process `\vibe_dll_tx.$proc$/workspace/rtl/dll/vibe_dll_tx.sv:0$3091'.
No latch inferred for signal `\vibe_dll_tx.\crc30_bit$func$/workspace/rtl/dll/vibe_dll_tx.sv:82$357.c' from process `\vibe_dll_tx.$proc$/workspace/rtl/dll/vibe_dll_tx.sv:0$3091'.
No latch inferred for signal `\vibe_dll_tx.\crc30_bit$func$/workspace/rtl/dll/vibe_dll_tx.sv:82$357.b' from process `\vibe_dll_tx.$proc$/workspace/rtl/dll/vibe_dll_tx.sv:0$3091'.
No latch inferred for signal `\vibe_dll_tx.\crc30_bit$func$/workspace/rtl/dll/vibe_dll_tx.sv:82$357.fb' from process `\vibe_dll_tx.$proc$/workspace/rtl/dll/vibe_dll_tx.sv:0$3091'.
No latch inferred for signal `\vibe_dll_tx.\crc30_bit$func$/workspace/rtl/dll/vibe_dll_tx.sv:82$358.$result' from process `\vibe_dll_tx.$proc$/workspace/rtl/dll/vibe_dll_tx.sv:0$3091'.
No latch inferred for signal `\vibe_dll_tx.\crc30_bit$func$/workspace/rtl/dll/vibe_dll_tx.sv:82$358.c' from process `\vibe_dll_tx.$proc$/workspace/rtl/dll/vibe_dll_tx.sv:0$3091'.
No latch inferred for signal `\vibe_dll_tx.\crc30_bit$func$/workspace/rtl/dll/vibe_dll_tx.sv:82$358.b' from process `\vibe_dll_tx.$proc$/workspace/rtl/dll/vibe_dll_tx.sv:0$3091'.
No latch inferred for signal `\vibe_dll_tx.\crc30_bit$func$/workspace/rtl/dll/vibe_dll_tx.sv:82$358.fb' from process `\vibe_dll_tx.$proc$/workspace/rtl/dll/vibe_dll_tx.sv:0$3091'.
No latch inferred for signal `\vibe_dll_tx.\crc30_bit$func$/workspace/rtl/dll/vibe_dll_tx.sv:82$359.$result' from process `\vibe_dll_tx.$proc$/workspace/rtl/dll/vibe_dll_tx.sv:0$3091'.
No latch inferred for signal `\vibe_dll_tx.\crc30_bit$func$/workspace/rtl/dll/vibe_dll_tx.sv:82$359.c' from process `\vibe_dll_tx.$proc$/workspace/rtl/dll/vibe_dll_tx.sv:0$3091'.
No latch inferred for signal `\vibe_dll_tx.\crc30_bit$func$/workspace/rtl/dll/vibe_dll_tx.sv:82$359.b' from process `\vibe_dll_tx.$proc$/workspace/rtl/dll/vibe_dll_tx.sv:0$3091'.
No latch inferred for signal `\vibe_dll_tx.\crc30_bit$func$/workspace/rtl/dll/vibe_dll_tx.sv:82$359.fb' from process `\vibe_dll_tx.$proc$/workspace/rtl/dll/vibe_dll_tx.sv:0$3091'.
No latch inferred for signal `\vibe_dll_tx.\crc30_bit$func$/workspace/rtl/dll/vibe_dll_tx.sv:82$360.$result' from process `\vibe_dll_tx.$proc$/workspace/rtl/dll/vibe_dll_tx.sv:0$3091'.
No latch inferred for signal `\vibe_dll_tx.\crc30_bit$func$/workspace/rtl/dll/vibe_dll_tx.sv:82$360.c' from process `\vibe_dll_tx.$proc$/workspace/rtl/dll/vibe_dll_tx.sv:0$3091'.
No latch inferred for signal `\vibe_dll_tx.\crc30_bit$func$/workspace/rtl/dll/vibe_dll_tx.sv:82$360.b' from process `\vibe_dll_tx.$proc$/workspace/rtl/dll/vibe_dll_tx.sv:0$3091'.
No latch inferred for signal `\vibe_dll_tx.\crc30_bit$func$/workspace/rtl/dll/vibe_dll_tx.sv:82$360.fb' from process `\vibe_dll_tx.$proc$/workspace/rtl/dll/vibe_dll_tx.sv:0$3091'.
No latch inferred for signal `\vibe_dll_tx.\crc30_bit$func$/workspace/rtl/dll/vibe_dll_tx.sv:82$361.$result' from process `\vibe_dll_tx.$proc$/workspace/rtl/dll/vibe_dll_tx.sv:0$3091'.
No latch inferred for signal `\vibe_dll_tx.\crc30_bit$func$/workspace/rtl/dll/vibe_dll_tx.sv:82$361.c' from process `\vibe_dll_tx.$proc$/workspace/rtl/dll/vibe_dll_tx.sv:0$3091'.
No latch inferred for signal `\vibe_dll_tx.\crc30_bit$func$/workspace/rtl/dll/vibe_dll_tx.sv:82$361.b' from process `\vibe_dll_tx.$proc$/workspace/rtl/dll/vibe_dll_tx.sv:0$3091'.
No latch inferred for signal `\vibe_dll_tx.\crc30_bit$func$/workspace/rtl/dll/vibe_dll_tx.sv:82$361.fb' from process `\vibe_dll_tx.$proc$/workspace/rtl/dll/vibe_dll_tx.sv:0$3091'.
No latch inferred for signal `\vibe_dll_tx.\crc30_bit$func$/workspace/rtl/dll/vibe_dll_tx.sv:82$362.$result' from process `\vibe_dll_tx.$proc$/workspace/rtl/dll/vibe_dll_tx.sv:0$3091'.
No latch inferred for signal `\vibe_dll_tx.\crc30_bit$func$/workspace/rtl/dll/vibe_dll_tx.sv:82$362.c' from process `\vibe_dll_tx.$proc$/workspace/rtl/dll/vibe_dll_tx.sv:0$3091'.
No latch inferred for signal `\vibe_dll_tx.\crc30_bit$func$/workspace/rtl/dll/vibe_dll_tx.sv:82$362.b' from process `\vibe_dll_tx.$proc$/workspace/rtl/dll/vibe_dll_tx.sv:0$3091'.
No latch inferred for signal `\vibe_dll_tx.\crc30_bit$func$/workspace/rtl/dll/vibe_dll_tx.sv:82$362.fb' from process `\vibe_dll_tx.$proc$/workspace/rtl/dll/vibe_dll_tx.sv:0$3091'.
No latch inferred for signal `\vibe_dll_tx.\crc30_bit$func$/workspace/rtl/dll/vibe_dll_tx.sv:82$363.$result' from process `\vibe_dll_tx.$proc$/workspace/rtl/dll/vibe_dll_tx.sv:0$3091'.
No latch inferred for signal `\vibe_dll_tx.\crc30_bit$func$/workspace/rtl/dll/vibe_dll_tx.sv:82$363.c' from process `\vibe_dll_tx.$proc$/workspace/rtl/dll/vibe_dll_tx.sv:0$3091'.
No latch inferred for signal `\vibe_dll_tx.\crc30_bit$func$/workspace/rtl/dll/vibe_dll_tx.sv:82$363.b' from process `\vibe_dll_tx.$proc$/workspace/rtl/dll/vibe_dll_tx.sv:0$3091'.
No latch inferred for signal `\vibe_dll_tx.\crc30_bit$func$/workspace/rtl/dll/vibe_dll_tx.sv:82$363.fb' from process `\vibe_dll_tx.$proc$/workspace/rtl/dll/vibe_dll_tx.sv:0$3091'.
No latch inferred for signal `\vibe_dll_tx.\crc30_bit$func$/workspace/rtl/dll/vibe_dll_tx.sv:82$364.$result' from process `\vibe_dll_tx.$proc$/workspace/rtl/dll/vibe_dll_tx.sv:0$3091'.
No latch inferred for signal `\vibe_dll_tx.\crc30_bit$func$/workspace/rtl/dll/vibe_dll_tx.sv:82$364.c' from process `\vibe_dll_tx.$proc$/workspace/rtl/dll/vibe_dll_tx.sv:0$3091'.
No latch inferred for signal `\vibe_dll_tx.\crc30_bit$func$/workspace/rtl/dll/vibe_dll_tx.sv:82$364.b' from process `\vibe_dll_tx.$proc$/workspace/rtl/dll/vibe_dll_tx.sv:0$3091'.
No latch inferred for signal `\vibe_dll_tx.\crc30_bit$func$/workspace/rtl/dll/vibe_dll_tx.sv:82$364.fb' from process `\vibe_dll_tx.$proc$/workspace/rtl/dll/vibe_dll_tx.sv:0$3091'.
No latch inferred for signal `\vibe_dll_tx.\crc30_bit$func$/workspace/rtl/dll/vibe_dll_tx.sv:82$365.$result' from process `\vibe_dll_tx.$proc$/workspace/rtl/dll/vibe_dll_tx.sv:0$3091'.
No latch inferred for signal `\vibe_dll_tx.\crc30_bit$func$/workspace/rtl/dll/vibe_dll_tx.sv:82$365.c' from process `\vibe_dll_tx.$proc$/workspace/rtl/dll/vibe_dll_tx.sv:0$3091'.
No latch inferred for signal `\vibe_dll_tx.\crc30_bit$func$/workspace/rtl/dll/vibe_dll_tx.sv:82$365.b' from process `\vibe_dll_tx.$proc$/workspace/rtl/dll/vibe_dll_tx.sv:0$3091'.
No latch inferred for signal `\vibe_dll_tx.\crc30_bit$func$/workspace/rtl/dll/vibe_dll_tx.sv:82$365.fb' from process `\vibe_dll_tx.$proc$/workspace/rtl/dll/vibe_dll_tx.sv:0$3091'.
No latch inferred for signal `\vibe_dll_tx.\crc30_bit$func$/workspace/rtl/dll/vibe_dll_tx.sv:82$366.$result' from process `\vibe_dll_tx.$proc$/workspace/rtl/dll/vibe_dll_tx.sv:0$3091'.
No latch inferred for signal `\vibe_dll_tx.\crc30_bit$func$/workspace/rtl/dll/vibe_dll_tx.sv:82$366.c' from process `\vibe_dll_tx.$proc$/workspace/rtl/dll/vibe_dll_tx.sv:0$3091'.
No latch inferred for signal `\vibe_dll_tx.\crc30_bit$func$/workspace/rtl/dll/vibe_dll_tx.sv:82$366.b' from process `\vibe_dll_tx.$proc$/workspace/rtl/dll/vibe_dll_tx.sv:0$3091'.
No latch inferred for signal `\vibe_dll_tx.\crc30_bit$func$/workspace/rtl/dll/vibe_dll_tx.sv:82$366.fb' from process `\vibe_dll_tx.$proc$/workspace/rtl/dll/vibe_dll_tx.sv:0$3091'.
No latch inferred for signal `\vibe_dll_tx.\crc30_bit$func$/workspace/rtl/dll/vibe_dll_tx.sv:82$367.$result' from process `\vibe_dll_tx.$proc$/workspace/rtl/dll/vibe_dll_tx.sv:0$3091'.
No latch inferred for signal `\vibe_dll_tx.\crc30_bit$func$/workspace/rtl/dll/vibe_dll_tx.sv:82$367.c' from process `\vibe_dll_tx.$proc$/workspace/rtl/dll/vibe_dll_tx.sv:0$3091'.
No latch inferred for signal `\vibe_dll_tx.\crc30_bit$func$/workspace/rtl/dll/vibe_dll_tx.sv:82$367.b' from process `\vibe_dll_tx.$proc$/workspace/rtl/dll/vibe_dll_tx.sv:0$3091'.
No latch inferred for signal `\vibe_dll_tx.\crc30_bit$func$/workspace/rtl/dll/vibe_dll_tx.sv:82$367.fb' from process `\vibe_dll_tx.$proc$/workspace/rtl/dll/vibe_dll_tx.sv:0$3091'.
No latch inferred for signal `\vibe_dll_tx.\crc30_bit$func$/workspace/rtl/dll/vibe_dll_tx.sv:82$368.$result' from process `\vibe_dll_tx.$proc$/workspace/rtl/dll/vibe_dll_tx.sv:0$3091'.
No latch inferred for signal `\vibe_dll_tx.\crc30_bit$func$/workspace/rtl/dll/vibe_dll_tx.sv:82$368.c' from process `\vibe_dll_tx.$proc$/workspace/rtl/dll/vibe_dll_tx.sv:0$3091'.
No latch inferred for signal `\vibe_dll_tx.\crc30_bit$func$/workspace/rtl/dll/vibe_dll_tx.sv:82$368.b' from process `\vibe_dll_tx.$proc$/workspace/rtl/dll/vibe_dll_tx.sv:0$3091'.
No latch inferred for signal `\vibe_dll_tx.\crc30_bit$func$/workspace/rtl/dll/vibe_dll_tx.sv:82$368.fb' from process `\vibe_dll_tx.$proc$/workspace/rtl/dll/vibe_dll_tx.sv:0$3091'.
No latch inferred for signal `\vibe_dll_tx.\crc30_bit$func$/workspace/rtl/dll/vibe_dll_tx.sv:82$369.$result' from process `\vibe_dll_tx.$proc$/workspace/rtl/dll/vibe_dll_tx.sv:0$3091'.
No latch inferred for signal `\vibe_dll_tx.\crc30_bit$func$/workspace/rtl/dll/vibe_dll_tx.sv:82$369.c' from process `\vibe_dll_tx.$proc$/workspace/rtl/dll/vibe_dll_tx.sv:0$3091'.
No latch inferred for signal `\vibe_dll_tx.\crc30_bit$func$/workspace/rtl/dll/vibe_dll_tx.sv:82$369.b' from process `\vibe_dll_tx.$proc$/workspace/rtl/dll/vibe_dll_tx.sv:0$3091'.
No latch inferred for signal `\vibe_dll_tx.\crc30_bit$func$/workspace/rtl/dll/vibe_dll_tx.sv:82$369.fb' from process `\vibe_dll_tx.$proc$/workspace/rtl/dll/vibe_dll_tx.sv:0$3091'.
No latch inferred for signal `\vibe_dll_tx.\crc30_bit$func$/workspace/rtl/dll/vibe_dll_tx.sv:82$370.$result' from process `\vibe_dll_tx.$proc$/workspace/rtl/dll/vibe_dll_tx.sv:0$3091'.
No latch inferred for signal `\vibe_dll_tx.\crc30_bit$func$/workspace/rtl/dll/vibe_dll_tx.sv:82$370.c' from process `\vibe_dll_tx.$proc$/workspace/rtl/dll/vibe_dll_tx.sv:0$3091'.
No latch inferred for signal `\vibe_dll_tx.\crc30_bit$func$/workspace/rtl/dll/vibe_dll_tx.sv:82$370.b' from process `\vibe_dll_tx.$proc$/workspace/rtl/dll/vibe_dll_tx.sv:0$3091'.
No latch inferred for signal `\vibe_dll_tx.\crc30_bit$func$/workspace/rtl/dll/vibe_dll_tx.sv:82$370.fb' from process `\vibe_dll_tx.$proc$/workspace/rtl/dll/vibe_dll_tx.sv:0$3091'.
No latch inferred for signal `\vibe_dll_tx.\crc30_bit$func$/workspace/rtl/dll/vibe_dll_tx.sv:82$371.$result' from process `\vibe_dll_tx.$proc$/workspace/rtl/dll/vibe_dll_tx.sv:0$3091'.
No latch inferred for signal `\vibe_dll_tx.\crc30_bit$func$/workspace/rtl/dll/vibe_dll_tx.sv:82$371.c' from process `\vibe_dll_tx.$proc$/workspace/rtl/dll/vibe_dll_tx.sv:0$3091'.
No latch inferred for signal `\vibe_dll_tx.\crc30_bit$func$/workspace/rtl/dll/vibe_dll_tx.sv:82$371.b' from process `\vibe_dll_tx.$proc$/workspace/rtl/dll/vibe_dll_tx.sv:0$3091'.
No latch inferred for signal `\vibe_dll_tx.\crc30_bit$func$/workspace/rtl/dll/vibe_dll_tx.sv:82$371.fb' from process `\vibe_dll_tx.$proc$/workspace/rtl/dll/vibe_dll_tx.sv:0$3091'.
No latch inferred for signal `\vibe_dll_tx.\crc30_bit$func$/workspace/rtl/dll/vibe_dll_tx.sv:82$372.$result' from process `\vibe_dll_tx.$proc$/workspace/rtl/dll/vibe_dll_tx.sv:0$3091'.
No latch inferred for signal `\vibe_dll_tx.\crc30_bit$func$/workspace/rtl/dll/vibe_dll_tx.sv:82$372.c' from process `\vibe_dll_tx.$proc$/workspace/rtl/dll/vibe_dll_tx.sv:0$3091'.
No latch inferred for signal `\vibe_dll_tx.\crc30_bit$func$/workspace/rtl/dll/vibe_dll_tx.sv:82$372.b' from process `\vibe_dll_tx.$proc$/workspace/rtl/dll/vibe_dll_tx.sv:0$3091'.
No latch inferred for signal `\vibe_dll_tx.\crc30_bit$func$/workspace/rtl/dll/vibe_dll_tx.sv:82$372.fb' from process `\vibe_dll_tx.$proc$/workspace/rtl/dll/vibe_dll_tx.sv:0$3091'.
No latch inferred for signal `\vibe_dll_tx.\crc30_bit$func$/workspace/rtl/dll/vibe_dll_tx.sv:82$373.$result' from process `\vibe_dll_tx.$proc$/workspace/rtl/dll/vibe_dll_tx.sv:0$3091'.
No latch inferred for signal `\vibe_dll_tx.\crc30_bit$func$/workspace/rtl/dll/vibe_dll_tx.sv:82$373.c' from process `\vibe_dll_tx.$proc$/workspace/rtl/dll/vibe_dll_tx.sv:0$3091'.
No latch inferred for signal `\vibe_dll_tx.\crc30_bit$func$/workspace/rtl/dll/vibe_dll_tx.sv:82$373.b' from process `\vibe_dll_tx.$proc$/workspace/rtl/dll/vibe_dll_tx.sv:0$3091'.
No latch inferred for signal `\vibe_dll_tx.\crc30_bit$func$/workspace/rtl/dll/vibe_dll_tx.sv:82$373.fb' from process `\vibe_dll_tx.$proc$/workspace/rtl/dll/vibe_dll_tx.sv:0$3091'.
No latch inferred for signal `\vibe_dll_tx.\crc30_bit$func$/workspace/rtl/dll/vibe_dll_tx.sv:82$374.$result' from process `\vibe_dll_tx.$proc$/workspace/rtl/dll/vibe_dll_tx.sv:0$3091'.
No latch inferred for signal `\vibe_dll_tx.\crc30_bit$func$/workspace/rtl/dll/vibe_dll_tx.sv:82$374.c' from process `\vibe_dll_tx.$proc$/workspace/rtl/dll/vibe_dll_tx.sv:0$3091'.
No latch inferred for signal `\vibe_dll_tx.\crc30_bit$func$/workspace/rtl/dll/vibe_dll_tx.sv:82$374.b' from process `\vibe_dll_tx.$proc$/workspace/rtl/dll/vibe_dll_tx.sv:0$3091'.
No latch inferred for signal `\vibe_dll_tx.\crc30_bit$func$/workspace/rtl/dll/vibe_dll_tx.sv:82$374.fb' from process `\vibe_dll_tx.$proc$/workspace/rtl/dll/vibe_dll_tx.sv:0$3091'.
No latch inferred for signal `\vibe_dll_tx.\crc30_bit$func$/workspace/rtl/dll/vibe_dll_tx.sv:82$375.$result' from process `\vibe_dll_tx.$proc$/workspace/rtl/dll/vibe_dll_tx.sv:0$3091'.
No latch inferred for signal `\vibe_dll_tx.\crc30_bit$func$/workspace/rtl/dll/vibe_dll_tx.sv:82$375.c' from process `\vibe_dll_tx.$proc$/workspace/rtl/dll/vibe_dll_tx.sv:0$3091'.
No latch inferred for signal `\vibe_dll_tx.\crc30_bit$func$/workspace/rtl/dll/vibe_dll_tx.sv:82$375.b' from process `\vibe_dll_tx.$proc$/workspace/rtl/dll/vibe_dll_tx.sv:0$3091'.
No latch inferred for signal `\vibe_dll_tx.\crc30_bit$func$/workspace/rtl/dll/vibe_dll_tx.sv:82$375.fb' from process `\vibe_dll_tx.$proc$/workspace/rtl/dll/vibe_dll_tx.sv:0$3091'.
No latch inferred for signal `\vibe_dll_tx.\crc30_bit$func$/workspace/rtl/dll/vibe_dll_tx.sv:82$376.$result' from process `\vibe_dll_tx.$proc$/workspace/rtl/dll/vibe_dll_tx.sv:0$3091'.
No latch inferred for signal `\vibe_dll_tx.\crc30_bit$func$/workspace/rtl/dll/vibe_dll_tx.sv:82$376.c' from process `\vibe_dll_tx.$proc$/workspace/rtl/dll/vibe_dll_tx.sv:0$3091'.
No latch inferred for signal `\vibe_dll_tx.\crc30_bit$func$/workspace/rtl/dll/vibe_dll_tx.sv:82$376.b' from process `\vibe_dll_tx.$proc$/workspace/rtl/dll/vibe_dll_tx.sv:0$3091'.
No latch inferred for signal `\vibe_dll_tx.\crc30_bit$func$/workspace/rtl/dll/vibe_dll_tx.sv:82$376.fb' from process `\vibe_dll_tx.$proc$/workspace/rtl/dll/vibe_dll_tx.sv:0$3091'.
No latch inferred for signal `\vibe_dll_tx.\crc30_bit$func$/workspace/rtl/dll/vibe_dll_tx.sv:82$377.$result' from process `\vibe_dll_tx.$proc$/workspace/rtl/dll/vibe_dll_tx.sv:0$3091'.
No latch inferred for signal `\vibe_dll_tx.\crc30_bit$func$/workspace/rtl/dll/vibe_dll_tx.sv:82$377.c' from process `\vibe_dll_tx.$proc$/workspace/rtl/dll/vibe_dll_tx.sv:0$3091'.
No latch inferred for signal `\vibe_dll_tx.\crc30_bit$func$/workspace/rtl/dll/vibe_dll_tx.sv:82$377.b' from process `\vibe_dll_tx.$proc$/workspace/rtl/dll/vibe_dll_tx.sv:0$3091'.
No latch inferred for signal `\vibe_dll_tx.\crc30_bit$func$/workspace/rtl/dll/vibe_dll_tx.sv:82$377.fb' from process `\vibe_dll_tx.$proc$/workspace/rtl/dll/vibe_dll_tx.sv:0$3091'.
No latch inferred for signal `\vibe_dll_tx.\crc30_bit$func$/workspace/rtl/dll/vibe_dll_tx.sv:82$378.$result' from process `\vibe_dll_tx.$proc$/workspace/rtl/dll/vibe_dll_tx.sv:0$3091'.
No latch inferred for signal `\vibe_dll_tx.\crc30_bit$func$/workspace/rtl/dll/vibe_dll_tx.sv:82$378.c' from process `\vibe_dll_tx.$proc$/workspace/rtl/dll/vibe_dll_tx.sv:0$3091'.
No latch inferred for signal `\vibe_dll_tx.\crc30_bit$func$/workspace/rtl/dll/vibe_dll_tx.sv:82$378.b' from process `\vibe_dll_tx.$proc$/workspace/rtl/dll/vibe_dll_tx.sv:0$3091'.
No latch inferred for signal `\vibe_dll_tx.\crc30_bit$func$/workspace/rtl/dll/vibe_dll_tx.sv:82$378.fb' from process `\vibe_dll_tx.$proc$/workspace/rtl/dll/vibe_dll_tx.sv:0$3091'.
No latch inferred for signal `\vibe_dll_tx.\crc30_bit$func$/workspace/rtl/dll/vibe_dll_tx.sv:82$379.$result' from process `\vibe_dll_tx.$proc$/workspace/rtl/dll/vibe_dll_tx.sv:0$3091'.
No latch inferred for signal `\vibe_dll_tx.\crc30_bit$func$/workspace/rtl/dll/vibe_dll_tx.sv:82$379.c' from process `\vibe_dll_tx.$proc$/workspace/rtl/dll/vibe_dll_tx.sv:0$3091'.
No latch inferred for signal `\vibe_dll_tx.\crc30_bit$func$/workspace/rtl/dll/vibe_dll_tx.sv:82$379.b' from process `\vibe_dll_tx.$proc$/workspace/rtl/dll/vibe_dll_tx.sv:0$3091'.
No latch inferred for signal `\vibe_dll_tx.\crc30_bit$func$/workspace/rtl/dll/vibe_dll_tx.sv:82$379.fb' from process `\vibe_dll_tx.$proc$/workspace/rtl/dll/vibe_dll_tx.sv:0$3091'.
No latch inferred for signal `\vibe_dll_tx.\crc30_bit$func$/workspace/rtl/dll/vibe_dll_tx.sv:82$380.$result' from process `\vibe_dll_tx.$proc$/workspace/rtl/dll/vibe_dll_tx.sv:0$3091'.
No latch inferred for signal `\vibe_dll_tx.\crc30_bit$func$/workspace/rtl/dll/vibe_dll_tx.sv:82$380.c' from process `\vibe_dll_tx.$proc$/workspace/rtl/dll/vibe_dll_tx.sv:0$3091'.
No latch inferred for signal `\vibe_dll_tx.\crc30_bit$func$/workspace/rtl/dll/vibe_dll_tx.sv:82$380.b' from process `\vibe_dll_tx.$proc$/workspace/rtl/dll/vibe_dll_tx.sv:0$3091'.
No latch inferred for signal `\vibe_dll_tx.\crc30_bit$func$/workspace/rtl/dll/vibe_dll_tx.sv:82$380.fb' from process `\vibe_dll_tx.$proc$/workspace/rtl/dll/vibe_dll_tx.sv:0$3091'.
No latch inferred for signal `\vibe_dll_tx.\crc30_bit$func$/workspace/rtl/dll/vibe_dll_tx.sv:82$381.$result' from process `\vibe_dll_tx.$proc$/workspace/rtl/dll/vibe_dll_tx.sv:0$3091'.
No latch inferred for signal `\vibe_dll_tx.\crc30_bit$func$/workspace/rtl/dll/vibe_dll_tx.sv:82$381.c' from process `\vibe_dll_tx.$proc$/workspace/rtl/dll/vibe_dll_tx.sv:0$3091'.
No latch inferred for signal `\vibe_dll_tx.\crc30_bit$func$/workspace/rtl/dll/vibe_dll_tx.sv:82$381.b' from process `\vibe_dll_tx.$proc$/workspace/rtl/dll/vibe_dll_tx.sv:0$3091'.
No latch inferred for signal `\vibe_dll_tx.\crc30_bit$func$/workspace/rtl/dll/vibe_dll_tx.sv:82$381.fb' from process `\vibe_dll_tx.$proc$/workspace/rtl/dll/vibe_dll_tx.sv:0$3091'.
No latch inferred for signal `\vibe_dll_tx.\crc30_bit$func$/workspace/rtl/dll/vibe_dll_tx.sv:82$382.$result' from process `\vibe_dll_tx.$proc$/workspace/rtl/dll/vibe_dll_tx.sv:0$3091'.
No latch inferred for signal `\vibe_dll_tx.\crc30_bit$func$/workspace/rtl/dll/vibe_dll_tx.sv:82$382.c' from process `\vibe_dll_tx.$proc$/workspace/rtl/dll/vibe_dll_tx.sv:0$3091'.
No latch inferred for signal `\vibe_dll_tx.\crc30_bit$func$/workspace/rtl/dll/vibe_dll_tx.sv:82$382.b' from process `\vibe_dll_tx.$proc$/workspace/rtl/dll/vibe_dll_tx.sv:0$3091'.
No latch inferred for signal `\vibe_dll_tx.\crc30_bit$func$/workspace/rtl/dll/vibe_dll_tx.sv:82$382.fb' from process `\vibe_dll_tx.$proc$/workspace/rtl/dll/vibe_dll_tx.sv:0$3091'.
No latch inferred for signal `\vibe_dll_tx.\crc30_bit$func$/workspace/rtl/dll/vibe_dll_tx.sv:82$383.$result' from process `\vibe_dll_tx.$proc$/workspace/rtl/dll/vibe_dll_tx.sv:0$3091'.
No latch inferred for signal `\vibe_dll_tx.\crc30_bit$func$/workspace/rtl/dll/vibe_dll_tx.sv:82$383.c' from process `\vibe_dll_tx.$proc$/workspace/rtl/dll/vibe_dll_tx.sv:0$3091'.
No latch inferred for signal `\vibe_dll_tx.\crc30_bit$func$/workspace/rtl/dll/vibe_dll_tx.sv:82$383.b' from process `\vibe_dll_tx.$proc$/workspace/rtl/dll/vibe_dll_tx.sv:0$3091'.
No latch inferred for signal `\vibe_dll_tx.\crc30_bit$func$/workspace/rtl/dll/vibe_dll_tx.sv:82$383.fb' from process `\vibe_dll_tx.$proc$/workspace/rtl/dll/vibe_dll_tx.sv:0$3091'.
No latch inferred for signal `\vibe_dll_tx.\crc30_bit$func$/workspace/rtl/dll/vibe_dll_tx.sv:82$384.$result' from process `\vibe_dll_tx.$proc$/workspace/rtl/dll/vibe_dll_tx.sv:0$3091'.
No latch inferred for signal `\vibe_dll_tx.\crc30_bit$func$/workspace/rtl/dll/vibe_dll_tx.sv:82$384.c' from process `\vibe_dll_tx.$proc$/workspace/rtl/dll/vibe_dll_tx.sv:0$3091'.
No latch inferred for signal `\vibe_dll_tx.\crc30_bit$func$/workspace/rtl/dll/vibe_dll_tx.sv:82$384.b' from process `\vibe_dll_tx.$proc$/workspace/rtl/dll/vibe_dll_tx.sv:0$3091'.
No latch inferred for signal `\vibe_dll_tx.\crc30_bit$func$/workspace/rtl/dll/vibe_dll_tx.sv:82$384.fb' from process `\vibe_dll_tx.$proc$/workspace/rtl/dll/vibe_dll_tx.sv:0$3091'.
No latch inferred for signal `\vibe_dll_tx.\crc30_bit$func$/workspace/rtl/dll/vibe_dll_tx.sv:82$385.$result' from process `\vibe_dll_tx.$proc$/workspace/rtl/dll/vibe_dll_tx.sv:0$3091'.
No latch inferred for signal `\vibe_dll_tx.\crc30_bit$func$/workspace/rtl/dll/vibe_dll_tx.sv:82$385.c' from process `\vibe_dll_tx.$proc$/workspace/rtl/dll/vibe_dll_tx.sv:0$3091'.
No latch inferred for signal `\vibe_dll_tx.\crc30_bit$func$/workspace/rtl/dll/vibe_dll_tx.sv:82$385.b' from process `\vibe_dll_tx.$proc$/workspace/rtl/dll/vibe_dll_tx.sv:0$3091'.
No latch inferred for signal `\vibe_dll_tx.\crc30_bit$func$/workspace/rtl/dll/vibe_dll_tx.sv:82$385.fb' from process `\vibe_dll_tx.$proc$/workspace/rtl/dll/vibe_dll_tx.sv:0$3091'.
No latch inferred for signal `\vibe_dll_tx.\crc30_bit$func$/workspace/rtl/dll/vibe_dll_tx.sv:82$386.$result' from process `\vibe_dll_tx.$proc$/workspace/rtl/dll/vibe_dll_tx.sv:0$3091'.
No latch inferred for signal `\vibe_dll_tx.\crc30_bit$func$/workspace/rtl/dll/vibe_dll_tx.sv:82$386.c' from process `\vibe_dll_tx.$proc$/workspace/rtl/dll/vibe_dll_tx.sv:0$3091'.
No latch inferred for signal `\vibe_dll_tx.\crc30_bit$func$/workspace/rtl/dll/vibe_dll_tx.sv:82$386.b' from process `\vibe_dll_tx.$proc$/workspace/rtl/dll/vibe_dll_tx.sv:0$3091'.
No latch inferred for signal `\vibe_dll_tx.\crc30_bit$func$/workspace/rtl/dll/vibe_dll_tx.sv:82$386.fb' from process `\vibe_dll_tx.$proc$/workspace/rtl/dll/vibe_dll_tx.sv:0$3091'.
No latch inferred for signal `\vibe_dll_tx.\crc30_bit$func$/workspace/rtl/dll/vibe_dll_tx.sv:82$387.$result' from process `\vibe_dll_tx.$proc$/workspace/rtl/dll/vibe_dll_tx.sv:0$3091'.
No latch inferred for signal `\vibe_dll_tx.\crc30_bit$func$/workspace/rtl/dll/vibe_dll_tx.sv:82$387.c' from process `\vibe_dll_tx.$proc$/workspace/rtl/dll/vibe_dll_tx.sv:0$3091'.
No latch inferred for signal `\vibe_dll_tx.\crc30_bit$func$/workspace/rtl/dll/vibe_dll_tx.sv:82$387.b' from process `\vibe_dll_tx.$proc$/workspace/rtl/dll/vibe_dll_tx.sv:0$3091'.
No latch inferred for signal `\vibe_dll_tx.\crc30_bit$func$/workspace/rtl/dll/vibe_dll_tx.sv:82$387.fb' from process `\vibe_dll_tx.$proc$/workspace/rtl/dll/vibe_dll_tx.sv:0$3091'.
No latch inferred for signal `\vibe_dll_tx.\crc30_bit$func$/workspace/rtl/dll/vibe_dll_tx.sv:82$388.$result' from process `\vibe_dll_tx.$proc$/workspace/rtl/dll/vibe_dll_tx.sv:0$3091'.
No latch inferred for signal `\vibe_dll_tx.\crc30_bit$func$/workspace/rtl/dll/vibe_dll_tx.sv:82$388.c' from process `\vibe_dll_tx.$proc$/workspace/rtl/dll/vibe_dll_tx.sv:0$3091'.
No latch inferred for signal `\vibe_dll_tx.\crc30_bit$func$/workspace/rtl/dll/vibe_dll_tx.sv:82$388.b' from process `\vibe_dll_tx.$proc$/workspace/rtl/dll/vibe_dll_tx.sv:0$3091'.
No latch inferred for signal `\vibe_dll_tx.\crc30_bit$func$/workspace/rtl/dll/vibe_dll_tx.sv:82$388.fb' from process `\vibe_dll_tx.$proc$/workspace/rtl/dll/vibe_dll_tx.sv:0$3091'.
No latch inferred for signal `\vibe_dll_tx.\crc30_bit$func$/workspace/rtl/dll/vibe_dll_tx.sv:82$389.$result' from process `\vibe_dll_tx.$proc$/workspace/rtl/dll/vibe_dll_tx.sv:0$3091'.
No latch inferred for signal `\vibe_dll_tx.\crc30_bit$func$/workspace/rtl/dll/vibe_dll_tx.sv:82$389.c' from process `\vibe_dll_tx.$proc$/workspace/rtl/dll/vibe_dll_tx.sv:0$3091'.
No latch inferred for signal `\vibe_dll_tx.\crc30_bit$func$/workspace/rtl/dll/vibe_dll_tx.sv:82$389.b' from process `\vibe_dll_tx.$proc$/workspace/rtl/dll/vibe_dll_tx.sv:0$3091'.
No latch inferred for signal `\vibe_dll_tx.\crc30_bit$func$/workspace/rtl/dll/vibe_dll_tx.sv:82$389.fb' from process `\vibe_dll_tx.$proc$/workspace/rtl/dll/vibe_dll_tx.sv:0$3091'.
No latch inferred for signal `\vibe_dll_tx.\crc30_bit$func$/workspace/rtl/dll/vibe_dll_tx.sv:82$390.$result' from process `\vibe_dll_tx.$proc$/workspace/rtl/dll/vibe_dll_tx.sv:0$3091'.
No latch inferred for signal `\vibe_dll_tx.\crc30_bit$func$/workspace/rtl/dll/vibe_dll_tx.sv:82$390.c' from process `\vibe_dll_tx.$proc$/workspace/rtl/dll/vibe_dll_tx.sv:0$3091'.
No latch inferred for signal `\vibe_dll_tx.\crc30_bit$func$/workspace/rtl/dll/vibe_dll_tx.sv:82$390.b' from process `\vibe_dll_tx.$proc$/workspace/rtl/dll/vibe_dll_tx.sv:0$3091'.
No latch inferred for signal `\vibe_dll_tx.\crc30_bit$func$/workspace/rtl/dll/vibe_dll_tx.sv:82$390.fb' from process `\vibe_dll_tx.$proc$/workspace/rtl/dll/vibe_dll_tx.sv:0$3091'.
No latch inferred for signal `\vibe_dll_tx.\crc30_bit$func$/workspace/rtl/dll/vibe_dll_tx.sv:82$391.$result' from process `\vibe_dll_tx.$proc$/workspace/rtl/dll/vibe_dll_tx.sv:0$3091'.
No latch inferred for signal `\vibe_dll_tx.\crc30_bit$func$/workspace/rtl/dll/vibe_dll_tx.sv:82$391.c' from process `\vibe_dll_tx.$proc$/workspace/rtl/dll/vibe_dll_tx.sv:0$3091'.
No latch inferred for signal `\vibe_dll_tx.\crc30_bit$func$/workspace/rtl/dll/vibe_dll_tx.sv:82$391.b' from process `\vibe_dll_tx.$proc$/workspace/rtl/dll/vibe_dll_tx.sv:0$3091'.
No latch inferred for signal `\vibe_dll_tx.\crc30_bit$func$/workspace/rtl/dll/vibe_dll_tx.sv:82$391.fb' from process `\vibe_dll_tx.$proc$/workspace/rtl/dll/vibe_dll_tx.sv:0$3091'.
No latch inferred for signal `\vibe_dll_tx.\crc30_bit$func$/workspace/rtl/dll/vibe_dll_tx.sv:82$392.$result' from process `\vibe_dll_tx.$proc$/workspace/rtl/dll/vibe_dll_tx.sv:0$3091'.
No latch inferred for signal `\vibe_dll_tx.\crc30_bit$func$/workspace/rtl/dll/vibe_dll_tx.sv:82$392.c' from process `\vibe_dll_tx.$proc$/workspace/rtl/dll/vibe_dll_tx.sv:0$3091'.
No latch inferred for signal `\vibe_dll_tx.\crc30_bit$func$/workspace/rtl/dll/vibe_dll_tx.sv:82$392.b' from process `\vibe_dll_tx.$proc$/workspace/rtl/dll/vibe_dll_tx.sv:0$3091'.
No latch inferred for signal `\vibe_dll_tx.\crc30_bit$func$/workspace/rtl/dll/vibe_dll_tx.sv:82$392.fb' from process `\vibe_dll_tx.$proc$/workspace/rtl/dll/vibe_dll_tx.sv:0$3091'.
No latch inferred for signal `\vibe_dll_tx.\crc30_bit$func$/workspace/rtl/dll/vibe_dll_tx.sv:82$393.$result' from process `\vibe_dll_tx.$proc$/workspace/rtl/dll/vibe_dll_tx.sv:0$3091'.
No latch inferred for signal `\vibe_dll_tx.\crc30_bit$func$/workspace/rtl/dll/vibe_dll_tx.sv:82$393.c' from process `\vibe_dll_tx.$proc$/workspace/rtl/dll/vibe_dll_tx.sv:0$3091'.
No latch inferred for signal `\vibe_dll_tx.\crc30_bit$func$/workspace/rtl/dll/vibe_dll_tx.sv:82$393.b' from process `\vibe_dll_tx.$proc$/workspace/rtl/dll/vibe_dll_tx.sv:0$3091'.
No latch inferred for signal `\vibe_dll_tx.\crc30_bit$func$/workspace/rtl/dll/vibe_dll_tx.sv:82$393.fb' from process `\vibe_dll_tx.$proc$/workspace/rtl/dll/vibe_dll_tx.sv:0$3091'.
No latch inferred for signal `\vibe_dll_tx.\crc30_bit$func$/workspace/rtl/dll/vibe_dll_tx.sv:82$394.$result' from process `\vibe_dll_tx.$proc$/workspace/rtl/dll/vibe_dll_tx.sv:0$3091'.
No latch inferred for signal `\vibe_dll_tx.\crc30_bit$func$/workspace/rtl/dll/vibe_dll_tx.sv:82$394.c' from process `\vibe_dll_tx.$proc$/workspace/rtl/dll/vibe_dll_tx.sv:0$3091'.
No latch inferred for signal `\vibe_dll_tx.\crc30_bit$func$/workspace/rtl/dll/vibe_dll_tx.sv:82$394.b' from process `\vibe_dll_tx.$proc$/workspace/rtl/dll/vibe_dll_tx.sv:0$3091'.
No latch inferred for signal `\vibe_dll_tx.\crc30_bit$func$/workspace/rtl/dll/vibe_dll_tx.sv:82$394.fb' from process `\vibe_dll_tx.$proc$/workspace/rtl/dll/vibe_dll_tx.sv:0$3091'.
No latch inferred for signal `\vibe_dll_tx.\crc30_bit$func$/workspace/rtl/dll/vibe_dll_tx.sv:82$395.$result' from process `\vibe_dll_tx.$proc$/workspace/rtl/dll/vibe_dll_tx.sv:0$3091'.
No latch inferred for signal `\vibe_dll_tx.\crc30_bit$func$/workspace/rtl/dll/vibe_dll_tx.sv:82$395.c' from process `\vibe_dll_tx.$proc$/workspace/rtl/dll/vibe_dll_tx.sv:0$3091'.
No latch inferred for signal `\vibe_dll_tx.\crc30_bit$func$/workspace/rtl/dll/vibe_dll_tx.sv:82$395.b' from process `\vibe_dll_tx.$proc$/workspace/rtl/dll/vibe_dll_tx.sv:0$3091'.
No latch inferred for signal `\vibe_dll_tx.\crc30_bit$func$/workspace/rtl/dll/vibe_dll_tx.sv:82$395.fb' from process `\vibe_dll_tx.$proc$/workspace/rtl/dll/vibe_dll_tx.sv:0$3091'.
No latch inferred for signal `\vibe_dll_tx.\crc30_bit$func$/workspace/rtl/dll/vibe_dll_tx.sv:82$396.$result' from process `\vibe_dll_tx.$proc$/workspace/rtl/dll/vibe_dll_tx.sv:0$3091'.
No latch inferred for signal `\vibe_dll_tx.\crc30_bit$func$/workspace/rtl/dll/vibe_dll_tx.sv:82$396.c' from process `\vibe_dll_tx.$proc$/workspace/rtl/dll/vibe_dll_tx.sv:0$3091'.
No latch inferred for signal `\vibe_dll_tx.\crc30_bit$func$/workspace/rtl/dll/vibe_dll_tx.sv:82$396.b' from process `\vibe_dll_tx.$proc$/workspace/rtl/dll/vibe_dll_tx.sv:0$3091'.
No latch inferred for signal `\vibe_dll_tx.\crc30_bit$func$/workspace/rtl/dll/vibe_dll_tx.sv:82$396.fb' from process `\vibe_dll_tx.$proc$/workspace/rtl/dll/vibe_dll_tx.sv:0$3091'.
No latch inferred for signal `\vibe_dll_tx.\crc30_bit$func$/workspace/rtl/dll/vibe_dll_tx.sv:82$397.$result' from process `\vibe_dll_tx.$proc$/workspace/rtl/dll/vibe_dll_tx.sv:0$3091'.
No latch inferred for signal `\vibe_dll_tx.\crc30_bit$func$/workspace/rtl/dll/vibe_dll_tx.sv:82$397.c' from process `\vibe_dll_tx.$proc$/workspace/rtl/dll/vibe_dll_tx.sv:0$3091'.
No latch inferred for signal `\vibe_dll_tx.\crc30_bit$func$/workspace/rtl/dll/vibe_dll_tx.sv:82$397.b' from process `\vibe_dll_tx.$proc$/workspace/rtl/dll/vibe_dll_tx.sv:0$3091'.
No latch inferred for signal `\vibe_dll_tx.\crc30_bit$func$/workspace/rtl/dll/vibe_dll_tx.sv:82$397.fb' from process `\vibe_dll_tx.$proc$/workspace/rtl/dll/vibe_dll_tx.sv:0$3091'.
No latch inferred for signal `\vibe_dll_tx.\crc30_bit$func$/workspace/rtl/dll/vibe_dll_tx.sv:82$398.$result' from process `\vibe_dll_tx.$proc$/workspace/rtl/dll/vibe_dll_tx.sv:0$3091'.
No latch inferred for signal `\vibe_dll_tx.\crc30_bit$func$/workspace/rtl/dll/vibe_dll_tx.sv:82$398.c' from process `\vibe_dll_tx.$proc$/workspace/rtl/dll/vibe_dll_tx.sv:0$3091'.
No latch inferred for signal `\vibe_dll_tx.\crc30_bit$func$/workspace/rtl/dll/vibe_dll_tx.sv:82$398.b' from process `\vibe_dll_tx.$proc$/workspace/rtl/dll/vibe_dll_tx.sv:0$3091'.
No latch inferred for signal `\vibe_dll_tx.\crc30_bit$func$/workspace/rtl/dll/vibe_dll_tx.sv:82$398.fb' from process `\vibe_dll_tx.$proc$/workspace/rtl/dll/vibe_dll_tx.sv:0$3091'.
No latch inferred for signal `\vibe_dll_tx.\crc30_bit$func$/workspace/rtl/dll/vibe_dll_tx.sv:82$399.$result' from process `\vibe_dll_tx.$proc$/workspace/rtl/dll/vibe_dll_tx.sv:0$3091'.
No latch inferred for signal `\vibe_dll_tx.\crc30_bit$func$/workspace/rtl/dll/vibe_dll_tx.sv:82$399.c' from process `\vibe_dll_tx.$proc$/workspace/rtl/dll/vibe_dll_tx.sv:0$3091'.
No latch inferred for signal `\vibe_dll_tx.\crc30_bit$func$/workspace/rtl/dll/vibe_dll_tx.sv:82$399.b' from process `\vibe_dll_tx.$proc$/workspace/rtl/dll/vibe_dll_tx.sv:0$3091'.
No latch inferred for signal `\vibe_dll_tx.\crc30_bit$func$/workspace/rtl/dll/vibe_dll_tx.sv:82$399.fb' from process `\vibe_dll_tx.$proc$/workspace/rtl/dll/vibe_dll_tx.sv:0$3091'.
No latch inferred for signal `\vibe_dll_tx.\crc30_bit$func$/workspace/rtl/dll/vibe_dll_tx.sv:82$400.$result' from process `\vibe_dll_tx.$proc$/workspace/rtl/dll/vibe_dll_tx.sv:0$3091'.
No latch inferred for signal `\vibe_dll_tx.\crc30_bit$func$/workspace/rtl/dll/vibe_dll_tx.sv:82$400.c' from process `\vibe_dll_tx.$proc$/workspace/rtl/dll/vibe_dll_tx.sv:0$3091'.
No latch inferred for signal `\vibe_dll_tx.\crc30_bit$func$/workspace/rtl/dll/vibe_dll_tx.sv:82$400.b' from process `\vibe_dll_tx.$proc$/workspace/rtl/dll/vibe_dll_tx.sv:0$3091'.
No latch inferred for signal `\vibe_dll_tx.\crc30_bit$func$/workspace/rtl/dll/vibe_dll_tx.sv:82$400.fb' from process `\vibe_dll_tx.$proc$/workspace/rtl/dll/vibe_dll_tx.sv:0$3091'.
No latch inferred for signal `\vibe_dll_tx.\crc30_bit$func$/workspace/rtl/dll/vibe_dll_tx.sv:82$401.$result' from process `\vibe_dll_tx.$proc$/workspace/rtl/dll/vibe_dll_tx.sv:0$3091'.
No latch inferred for signal `\vibe_dll_tx.\crc30_bit$func$/workspace/rtl/dll/vibe_dll_tx.sv:82$401.c' from process `\vibe_dll_tx.$proc$/workspace/rtl/dll/vibe_dll_tx.sv:0$3091'.
No latch inferred for signal `\vibe_dll_tx.\crc30_bit$func$/workspace/rtl/dll/vibe_dll_tx.sv:82$401.b' from process `\vibe_dll_tx.$proc$/workspace/rtl/dll/vibe_dll_tx.sv:0$3091'.
No latch inferred for signal `\vibe_dll_tx.\crc30_bit$func$/workspace/rtl/dll/vibe_dll_tx.sv:82$401.fb' from process `\vibe_dll_tx.$proc$/workspace/rtl/dll/vibe_dll_tx.sv:0$3091'.
No latch inferred for signal `\vibe_dll_tx.\crc30_bit$func$/workspace/rtl/dll/vibe_dll_tx.sv:82$402.$result' from process `\vibe_dll_tx.$proc$/workspace/rtl/dll/vibe_dll_tx.sv:0$3091'.
No latch inferred for signal `\vibe_dll_tx.\crc30_bit$func$/workspace/rtl/dll/vibe_dll_tx.sv:82$402.c' from process `\vibe_dll_tx.$proc$/workspace/rtl/dll/vibe_dll_tx.sv:0$3091'.
No latch inferred for signal `\vibe_dll_tx.\crc30_bit$func$/workspace/rtl/dll/vibe_dll_tx.sv:82$402.b' from process `\vibe_dll_tx.$proc$/workspace/rtl/dll/vibe_dll_tx.sv:0$3091'.
No latch inferred for signal `\vibe_dll_tx.\crc30_bit$func$/workspace/rtl/dll/vibe_dll_tx.sv:82$402.fb' from process `\vibe_dll_tx.$proc$/workspace/rtl/dll/vibe_dll_tx.sv:0$3091'.
No latch inferred for signal `\vibe_dll_tx.\crc30_bit$func$/workspace/rtl/dll/vibe_dll_tx.sv:82$403.$result' from process `\vibe_dll_tx.$proc$/workspace/rtl/dll/vibe_dll_tx.sv:0$3091'.
No latch inferred for signal `\vibe_dll_tx.\crc30_bit$func$/workspace/rtl/dll/vibe_dll_tx.sv:82$403.c' from process `\vibe_dll_tx.$proc$/workspace/rtl/dll/vibe_dll_tx.sv:0$3091'.
No latch inferred for signal `\vibe_dll_tx.\crc30_bit$func$/workspace/rtl/dll/vibe_dll_tx.sv:82$403.b' from process `\vibe_dll_tx.$proc$/workspace/rtl/dll/vibe_dll_tx.sv:0$3091'.
No latch inferred for signal `\vibe_dll_tx.\crc30_bit$func$/workspace/rtl/dll/vibe_dll_tx.sv:82$403.fb' from process `\vibe_dll_tx.$proc$/workspace/rtl/dll/vibe_dll_tx.sv:0$3091'.
No latch inferred for signal `\vibe_dll_tx.\crc30_bit$func$/workspace/rtl/dll/vibe_dll_tx.sv:82$404.$result' from process `\vibe_dll_tx.$proc$/workspace/rtl/dll/vibe_dll_tx.sv:0$3091'.
No latch inferred for signal `\vibe_dll_tx.\crc30_bit$func$/workspace/rtl/dll/vibe_dll_tx.sv:82$404.c' from process `\vibe_dll_tx.$proc$/workspace/rtl/dll/vibe_dll_tx.sv:0$3091'.
No latch inferred for signal `\vibe_dll_tx.\crc30_bit$func$/workspace/rtl/dll/vibe_dll_tx.sv:82$404.b' from process `\vibe_dll_tx.$proc$/workspace/rtl/dll/vibe_dll_tx.sv:0$3091'.
No latch inferred for signal `\vibe_dll_tx.\crc30_bit$func$/workspace/rtl/dll/vibe_dll_tx.sv:82$404.fb' from process `\vibe_dll_tx.$proc$/workspace/rtl/dll/vibe_dll_tx.sv:0$3091'.
No latch inferred for signal `\vibe_dll_tx.\crc30_bit$func$/workspace/rtl/dll/vibe_dll_tx.sv:82$405.$result' from process `\vibe_dll_tx.$proc$/workspace/rtl/dll/vibe_dll_tx.sv:0$3091'.
No latch inferred for signal `\vibe_dll_tx.\crc30_bit$func$/workspace/rtl/dll/vibe_dll_tx.sv:82$405.c' from process `\vibe_dll_tx.$proc$/workspace/rtl/dll/vibe_dll_tx.sv:0$3091'.
No latch inferred for signal `\vibe_dll_tx.\crc30_bit$func$/workspace/rtl/dll/vibe_dll_tx.sv:82$405.b' from process `\vibe_dll_tx.$proc$/workspace/rtl/dll/vibe_dll_tx.sv:0$3091'.
No latch inferred for signal `\vibe_dll_tx.\crc30_bit$func$/workspace/rtl/dll/vibe_dll_tx.sv:82$405.fb' from process `\vibe_dll_tx.$proc$/workspace/rtl/dll/vibe_dll_tx.sv:0$3091'.
No latch inferred for signal `\vibe_dll_tx.\crc30_bit$func$/workspace/rtl/dll/vibe_dll_tx.sv:82$406.$result' from process `\vibe_dll_tx.$proc$/workspace/rtl/dll/vibe_dll_tx.sv:0$3091'.
No latch inferred for signal `\vibe_dll_tx.\crc30_bit$func$/workspace/rtl/dll/vibe_dll_tx.sv:82$406.c' from process `\vibe_dll_tx.$proc$/workspace/rtl/dll/vibe_dll_tx.sv:0$3091'.
No latch inferred for signal `\vibe_dll_tx.\crc30_bit$func$/workspace/rtl/dll/vibe_dll_tx.sv:82$406.b' from process `\vibe_dll_tx.$proc$/workspace/rtl/dll/vibe_dll_tx.sv:0$3091'.
No latch inferred for signal `\vibe_dll_tx.\crc30_bit$func$/workspace/rtl/dll/vibe_dll_tx.sv:82$406.fb' from process `\vibe_dll_tx.$proc$/workspace/rtl/dll/vibe_dll_tx.sv:0$3091'.
No latch inferred for signal `\vibe_dll_tx.\crc30_bit$func$/workspace/rtl/dll/vibe_dll_tx.sv:82$407.$result' from process `\vibe_dll_tx.$proc$/workspace/rtl/dll/vibe_dll_tx.sv:0$3091'.
No latch inferred for signal `\vibe_dll_tx.\crc30_bit$func$/workspace/rtl/dll/vibe_dll_tx.sv:82$407.c' from process `\vibe_dll_tx.$proc$/workspace/rtl/dll/vibe_dll_tx.sv:0$3091'.
No latch inferred for signal `\vibe_dll_tx.\crc30_bit$func$/workspace/rtl/dll/vibe_dll_tx.sv:82$407.b' from process `\vibe_dll_tx.$proc$/workspace/rtl/dll/vibe_dll_tx.sv:0$3091'.
No latch inferred for signal `\vibe_dll_tx.\crc30_bit$func$/workspace/rtl/dll/vibe_dll_tx.sv:82$407.fb' from process `\vibe_dll_tx.$proc$/workspace/rtl/dll/vibe_dll_tx.sv:0$3091'.
No latch inferred for signal `\vibe_dll_tx.\crc30_bit$func$/workspace/rtl/dll/vibe_dll_tx.sv:82$408.$result' from process `\vibe_dll_tx.$proc$/workspace/rtl/dll/vibe_dll_tx.sv:0$3091'.
No latch inferred for signal `\vibe_dll_tx.\crc30_bit$func$/workspace/rtl/dll/vibe_dll_tx.sv:82$408.c' from process `\vibe_dll_tx.$proc$/workspace/rtl/dll/vibe_dll_tx.sv:0$3091'.
No latch inferred for signal `\vibe_dll_tx.\crc30_bit$func$/workspace/rtl/dll/vibe_dll_tx.sv:82$408.b' from process `\vibe_dll_tx.$proc$/workspace/rtl/dll/vibe_dll_tx.sv:0$3091'.
No latch inferred for signal `\vibe_dll_tx.\crc30_bit$func$/workspace/rtl/dll/vibe_dll_tx.sv:82$408.fb' from process `\vibe_dll_tx.$proc$/workspace/rtl/dll/vibe_dll_tx.sv:0$3091'.
No latch inferred for signal `\vibe_dll_tx.\crc30_bit$func$/workspace/rtl/dll/vibe_dll_tx.sv:82$409.$result' from process `\vibe_dll_tx.$proc$/workspace/rtl/dll/vibe_dll_tx.sv:0$3091'.
No latch inferred for signal `\vibe_dll_tx.\crc30_bit$func$/workspace/rtl/dll/vibe_dll_tx.sv:82$409.c' from process `\vibe_dll_tx.$proc$/workspace/rtl/dll/vibe_dll_tx.sv:0$3091'.
No latch inferred for signal `\vibe_dll_tx.\crc30_bit$func$/workspace/rtl/dll/vibe_dll_tx.sv:82$409.b' from process `\vibe_dll_tx.$proc$/workspace/rtl/dll/vibe_dll_tx.sv:0$3091'.
No latch inferred for signal `\vibe_dll_tx.\crc30_bit$func$/workspace/rtl/dll/vibe_dll_tx.sv:82$409.fb' from process `\vibe_dll_tx.$proc$/workspace/rtl/dll/vibe_dll_tx.sv:0$3091'.
No latch inferred for signal `\vibe_dll_tx.\crc30_bit$func$/workspace/rtl/dll/vibe_dll_tx.sv:82$410.$result' from process `\vibe_dll_tx.$proc$/workspace/rtl/dll/vibe_dll_tx.sv:0$3091'.
No latch inferred for signal `\vibe_dll_tx.\crc30_bit$func$/workspace/rtl/dll/vibe_dll_tx.sv:82$410.c' from process `\vibe_dll_tx.$proc$/workspace/rtl/dll/vibe_dll_tx.sv:0$3091'.
No latch inferred for signal `\vibe_dll_tx.\crc30_bit$func$/workspace/rtl/dll/vibe_dll_tx.sv:82$410.b' from process `\vibe_dll_tx.$proc$/workspace/rtl/dll/vibe_dll_tx.sv:0$3091'.
No latch inferred for signal `\vibe_dll_tx.\crc30_bit$func$/workspace/rtl/dll/vibe_dll_tx.sv:82$410.fb' from process `\vibe_dll_tx.$proc$/workspace/rtl/dll/vibe_dll_tx.sv:0$3091'.
No latch inferred for signal `\vibe_dll_tx.\crc30_bit$func$/workspace/rtl/dll/vibe_dll_tx.sv:82$411.$result' from process `\vibe_dll_tx.$proc$/workspace/rtl/dll/vibe_dll_tx.sv:0$3091'.
No latch inferred for signal `\vibe_dll_tx.\crc30_bit$func$/workspace/rtl/dll/vibe_dll_tx.sv:82$411.c' from process `\vibe_dll_tx.$proc$/workspace/rtl/dll/vibe_dll_tx.sv:0$3091'.
No latch inferred for signal `\vibe_dll_tx.\crc30_bit$func$/workspace/rtl/dll/vibe_dll_tx.sv:82$411.b' from process `\vibe_dll_tx.$proc$/workspace/rtl/dll/vibe_dll_tx.sv:0$3091'.
No latch inferred for signal `\vibe_dll_tx.\crc30_bit$func$/workspace/rtl/dll/vibe_dll_tx.sv:82$411.fb' from process `\vibe_dll_tx.$proc$/workspace/rtl/dll/vibe_dll_tx.sv:0$3091'.
No latch inferred for signal `\vibe_dll_tx.\crc30_bit$func$/workspace/rtl/dll/vibe_dll_tx.sv:82$412.$result' from process `\vibe_dll_tx.$proc$/workspace/rtl/dll/vibe_dll_tx.sv:0$3091'.
No latch inferred for signal `\vibe_dll_tx.\crc30_bit$func$/workspace/rtl/dll/vibe_dll_tx.sv:82$412.c' from process `\vibe_dll_tx.$proc$/workspace/rtl/dll/vibe_dll_tx.sv:0$3091'.
No latch inferred for signal `\vibe_dll_tx.\crc30_bit$func$/workspace/rtl/dll/vibe_dll_tx.sv:82$412.b' from process `\vibe_dll_tx.$proc$/workspace/rtl/dll/vibe_dll_tx.sv:0$3091'.
No latch inferred for signal `\vibe_dll_tx.\crc30_bit$func$/workspace/rtl/dll/vibe_dll_tx.sv:82$412.fb' from process `\vibe_dll_tx.$proc$/workspace/rtl/dll/vibe_dll_tx.sv:0$3091'.
No latch inferred for signal `\vibe_dll_tx.\crc30_bit$func$/workspace/rtl/dll/vibe_dll_tx.sv:82$413.$result' from process `\vibe_dll_tx.$proc$/workspace/rtl/dll/vibe_dll_tx.sv:0$3091'.
No latch inferred for signal `\vibe_dll_tx.\crc30_bit$func$/workspace/rtl/dll/vibe_dll_tx.sv:82$413.c' from process `\vibe_dll_tx.$proc$/workspace/rtl/dll/vibe_dll_tx.sv:0$3091'.
No latch inferred for signal `\vibe_dll_tx.\crc30_bit$func$/workspace/rtl/dll/vibe_dll_tx.sv:82$413.b' from process `\vibe_dll_tx.$proc$/workspace/rtl/dll/vibe_dll_tx.sv:0$3091'.
No latch inferred for signal `\vibe_dll_tx.\crc30_bit$func$/workspace/rtl/dll/vibe_dll_tx.sv:82$413.fb' from process `\vibe_dll_tx.$proc$/workspace/rtl/dll/vibe_dll_tx.sv:0$3091'.
No latch inferred for signal `\vibe_dll_tx.\crc30_bit$func$/workspace/rtl/dll/vibe_dll_tx.sv:82$414.$result' from process `\vibe_dll_tx.$proc$/workspace/rtl/dll/vibe_dll_tx.sv:0$3091'.
No latch inferred for signal `\vibe_dll_tx.\crc30_bit$func$/workspace/rtl/dll/vibe_dll_tx.sv:82$414.c' from process `\vibe_dll_tx.$proc$/workspace/rtl/dll/vibe_dll_tx.sv:0$3091'.
No latch inferred for signal `\vibe_dll_tx.\crc30_bit$func$/workspace/rtl/dll/vibe_dll_tx.sv:82$414.b' from process `\vibe_dll_tx.$proc$/workspace/rtl/dll/vibe_dll_tx.sv:0$3091'.
No latch inferred for signal `\vibe_dll_tx.\crc30_bit$func$/workspace/rtl/dll/vibe_dll_tx.sv:82$414.fb' from process `\vibe_dll_tx.$proc$/workspace/rtl/dll/vibe_dll_tx.sv:0$3091'.
No latch inferred for signal `\vibe_dll_tx.\crc30_bit$func$/workspace/rtl/dll/vibe_dll_tx.sv:82$415.$result' from process `\vibe_dll_tx.$proc$/workspace/rtl/dll/vibe_dll_tx.sv:0$3091'.
No latch inferred for signal `\vibe_dll_tx.\crc30_bit$func$/workspace/rtl/dll/vibe_dll_tx.sv:82$415.c' from process `\vibe_dll_tx.$proc$/workspace/rtl/dll/vibe_dll_tx.sv:0$3091'.
No latch inferred for signal `\vibe_dll_tx.\crc30_bit$func$/workspace/rtl/dll/vibe_dll_tx.sv:82$415.b' from process `\vibe_dll_tx.$proc$/workspace/rtl/dll/vibe_dll_tx.sv:0$3091'.
No latch inferred for signal `\vibe_dll_tx.\crc30_bit$func$/workspace/rtl/dll/vibe_dll_tx.sv:82$415.fb' from process `\vibe_dll_tx.$proc$/workspace/rtl/dll/vibe_dll_tx.sv:0$3091'.
No latch inferred for signal `\vibe_dll_tx.\crc30_bit$func$/workspace/rtl/dll/vibe_dll_tx.sv:82$416.$result' from process `\vibe_dll_tx.$proc$/workspace/rtl/dll/vibe_dll_tx.sv:0$3091'.
No latch inferred for signal `\vibe_dll_tx.\crc30_bit$func$/workspace/rtl/dll/vibe_dll_tx.sv:82$416.c' from process `\vibe_dll_tx.$proc$/workspace/rtl/dll/vibe_dll_tx.sv:0$3091'.
No latch inferred for signal `\vibe_dll_tx.\crc30_bit$func$/workspace/rtl/dll/vibe_dll_tx.sv:82$416.b' from process `\vibe_dll_tx.$proc$/workspace/rtl/dll/vibe_dll_tx.sv:0$3091'.
No latch inferred for signal `\vibe_dll_tx.\crc30_bit$func$/workspace/rtl/dll/vibe_dll_tx.sv:82$416.fb' from process `\vibe_dll_tx.$proc$/workspace/rtl/dll/vibe_dll_tx.sv:0$3091'.
No latch inferred for signal `\vibe_dll_tx.\crc30_bit$func$/workspace/rtl/dll/vibe_dll_tx.sv:82$417.$result' from process `\vibe_dll_tx.$proc$/workspace/rtl/dll/vibe_dll_tx.sv:0$3091'.
No latch inferred for signal `\vibe_dll_tx.\crc30_bit$func$/workspace/rtl/dll/vibe_dll_tx.sv:82$417.c' from process `\vibe_dll_tx.$proc$/workspace/rtl/dll/vibe_dll_tx.sv:0$3091'.
No latch inferred for signal `\vibe_dll_tx.\crc30_bit$func$/workspace/rtl/dll/vibe_dll_tx.sv:82$417.b' from process `\vibe_dll_tx.$proc$/workspace/rtl/dll/vibe_dll_tx.sv:0$3091'.
No latch inferred for signal `\vibe_dll_tx.\crc30_bit$func$/workspace/rtl/dll/vibe_dll_tx.sv:82$417.fb' from process `\vibe_dll_tx.$proc$/workspace/rtl/dll/vibe_dll_tx.sv:0$3091'.
No latch inferred for signal `\vibe_dll_tx.\crc30_bit$func$/workspace/rtl/dll/vibe_dll_tx.sv:82$418.$result' from process `\vibe_dll_tx.$proc$/workspace/rtl/dll/vibe_dll_tx.sv:0$3091'.
No latch inferred for signal `\vibe_dll_tx.\crc30_bit$func$/workspace/rtl/dll/vibe_dll_tx.sv:82$418.c' from process `\vibe_dll_tx.$proc$/workspace/rtl/dll/vibe_dll_tx.sv:0$3091'.
No latch inferred for signal `\vibe_dll_tx.\crc30_bit$func$/workspace/rtl/dll/vibe_dll_tx.sv:82$418.b' from process `\vibe_dll_tx.$proc$/workspace/rtl/dll/vibe_dll_tx.sv:0$3091'.
No latch inferred for signal `\vibe_dll_tx.\crc30_bit$func$/workspace/rtl/dll/vibe_dll_tx.sv:82$418.fb' from process `\vibe_dll_tx.$proc$/workspace/rtl/dll/vibe_dll_tx.sv:0$3091'.
No latch inferred for signal `\vibe_dll_tx.\crc30_bit$func$/workspace/rtl/dll/vibe_dll_tx.sv:82$419.$result' from process `\vibe_dll_tx.$proc$/workspace/rtl/dll/vibe_dll_tx.sv:0$3091'.
No latch inferred for signal `\vibe_dll_tx.\crc30_bit$func$/workspace/rtl/dll/vibe_dll_tx.sv:82$419.c' from process `\vibe_dll_tx.$proc$/workspace/rtl/dll/vibe_dll_tx.sv:0$3091'.
No latch inferred for signal `\vibe_dll_tx.\crc30_bit$func$/workspace/rtl/dll/vibe_dll_tx.sv:82$419.b' from process `\vibe_dll_tx.$proc$/workspace/rtl/dll/vibe_dll_tx.sv:0$3091'.
No latch inferred for signal `\vibe_dll_tx.\crc30_bit$func$/workspace/rtl/dll/vibe_dll_tx.sv:82$419.fb' from process `\vibe_dll_tx.$proc$/workspace/rtl/dll/vibe_dll_tx.sv:0$3091'.
No latch inferred for signal `\vibe_dll_tx.\crc30_bit$func$/workspace/rtl/dll/vibe_dll_tx.sv:82$420.$result' from process `\vibe_dll_tx.$proc$/workspace/rtl/dll/vibe_dll_tx.sv:0$3091'.
No latch inferred for signal `\vibe_dll_tx.\crc30_bit$func$/workspace/rtl/dll/vibe_dll_tx.sv:82$420.c' from process `\vibe_dll_tx.$proc$/workspace/rtl/dll/vibe_dll_tx.sv:0$3091'.
No latch inferred for signal `\vibe_dll_tx.\crc30_bit$func$/workspace/rtl/dll/vibe_dll_tx.sv:82$420.b' from process `\vibe_dll_tx.$proc$/workspace/rtl/dll/vibe_dll_tx.sv:0$3091'.
No latch inferred for signal `\vibe_dll_tx.\crc30_bit$func$/workspace/rtl/dll/vibe_dll_tx.sv:82$420.fb' from process `\vibe_dll_tx.$proc$/workspace/rtl/dll/vibe_dll_tx.sv:0$3091'.
No latch inferred for signal `\vibe_dll_tx.\crc30_bit$func$/workspace/rtl/dll/vibe_dll_tx.sv:82$421.$result' from process `\vibe_dll_tx.$proc$/workspace/rtl/dll/vibe_dll_tx.sv:0$3091'.
No latch inferred for signal `\vibe_dll_tx.\crc30_bit$func$/workspace/rtl/dll/vibe_dll_tx.sv:82$421.c' from process `\vibe_dll_tx.$proc$/workspace/rtl/dll/vibe_dll_tx.sv:0$3091'.
No latch inferred for signal `\vibe_dll_tx.\crc30_bit$func$/workspace/rtl/dll/vibe_dll_tx.sv:82$421.b' from process `\vibe_dll_tx.$proc$/workspace/rtl/dll/vibe_dll_tx.sv:0$3091'.
No latch inferred for signal `\vibe_dll_tx.\crc30_bit$func$/workspace/rtl/dll/vibe_dll_tx.sv:82$421.fb' from process `\vibe_dll_tx.$proc$/workspace/rtl/dll/vibe_dll_tx.sv:0$3091'.
No latch inferred for signal `\vibe_dll_tx.\crc30_bit$func$/workspace/rtl/dll/vibe_dll_tx.sv:82$422.$result' from process `\vibe_dll_tx.$proc$/workspace/rtl/dll/vibe_dll_tx.sv:0$3091'.
No latch inferred for signal `\vibe_dll_tx.\crc30_bit$func$/workspace/rtl/dll/vibe_dll_tx.sv:82$422.c' from process `\vibe_dll_tx.$proc$/workspace/rtl/dll/vibe_dll_tx.sv:0$3091'.
No latch inferred for signal `\vibe_dll_tx.\crc30_bit$func$/workspace/rtl/dll/vibe_dll_tx.sv:82$422.b' from process `\vibe_dll_tx.$proc$/workspace/rtl/dll/vibe_dll_tx.sv:0$3091'.
No latch inferred for signal `\vibe_dll_tx.\crc30_bit$func$/workspace/rtl/dll/vibe_dll_tx.sv:82$422.fb' from process `\vibe_dll_tx.$proc$/workspace/rtl/dll/vibe_dll_tx.sv:0$3091'.
No latch inferred for signal `\vibe_dll_tx.\crc30_bit$func$/workspace/rtl/dll/vibe_dll_tx.sv:82$423.$result' from process `\vibe_dll_tx.$proc$/workspace/rtl/dll/vibe_dll_tx.sv:0$3091'.
No latch inferred for signal `\vibe_dll_tx.\crc30_bit$func$/workspace/rtl/dll/vibe_dll_tx.sv:82$423.c' from process `\vibe_dll_tx.$proc$/workspace/rtl/dll/vibe_dll_tx.sv:0$3091'.
No latch inferred for signal `\vibe_dll_tx.\crc30_bit$func$/workspace/rtl/dll/vibe_dll_tx.sv:82$423.b' from process `\vibe_dll_tx.$proc$/workspace/rtl/dll/vibe_dll_tx.sv:0$3091'.
No latch inferred for signal `\vibe_dll_tx.\crc30_bit$func$/workspace/rtl/dll/vibe_dll_tx.sv:82$423.fb' from process `\vibe_dll_tx.$proc$/workspace/rtl/dll/vibe_dll_tx.sv:0$3091'.
No latch inferred for signal `\vibe_dll_tx.\crc30_bit$func$/workspace/rtl/dll/vibe_dll_tx.sv:82$424.$result' from process `\vibe_dll_tx.$proc$/workspace/rtl/dll/vibe_dll_tx.sv:0$3091'.
No latch inferred for signal `\vibe_dll_tx.\crc30_bit$func$/workspace/rtl/dll/vibe_dll_tx.sv:82$424.c' from process `\vibe_dll_tx.$proc$/workspace/rtl/dll/vibe_dll_tx.sv:0$3091'.
No latch inferred for signal `\vibe_dll_tx.\crc30_bit$func$/workspace/rtl/dll/vibe_dll_tx.sv:82$424.b' from process `\vibe_dll_tx.$proc$/workspace/rtl/dll/vibe_dll_tx.sv:0$3091'.
No latch inferred for signal `\vibe_dll_tx.\crc30_bit$func$/workspace/rtl/dll/vibe_dll_tx.sv:82$424.fb' from process `\vibe_dll_tx.$proc$/workspace/rtl/dll/vibe_dll_tx.sv:0$3091'.
No latch inferred for signal `\vibe_dll_tx.\crc30_bit$func$/workspace/rtl/dll/vibe_dll_tx.sv:82$425.$result' from process `\vibe_dll_tx.$proc$/workspace/rtl/dll/vibe_dll_tx.sv:0$3091'.
No latch inferred for signal `\vibe_dll_tx.\crc30_bit$func$/workspace/rtl/dll/vibe_dll_tx.sv:82$425.c' from process `\vibe_dll_tx.$proc$/workspace/rtl/dll/vibe_dll_tx.sv:0$3091'.
No latch inferred for signal `\vibe_dll_tx.\crc30_bit$func$/workspace/rtl/dll/vibe_dll_tx.sv:82$425.b' from process `\vibe_dll_tx.$proc$/workspace/rtl/dll/vibe_dll_tx.sv:0$3091'.
No latch inferred for signal `\vibe_dll_tx.\crc30_bit$func$/workspace/rtl/dll/vibe_dll_tx.sv:82$425.fb' from process `\vibe_dll_tx.$proc$/workspace/rtl/dll/vibe_dll_tx.sv:0$3091'.
No latch inferred for signal `\vibe_dll_tx.\crc30_bit$func$/workspace/rtl/dll/vibe_dll_tx.sv:82$426.$result' from process `\vibe_dll_tx.$proc$/workspace/rtl/dll/vibe_dll_tx.sv:0$3091'.
No latch inferred for signal `\vibe_dll_tx.\crc30_bit$func$/workspace/rtl/dll/vibe_dll_tx.sv:82$426.c' from process `\vibe_dll_tx.$proc$/workspace/rtl/dll/vibe_dll_tx.sv:0$3091'.
No latch inferred for signal `\vibe_dll_tx.\crc30_bit$func$/workspace/rtl/dll/vibe_dll_tx.sv:82$426.b' from process `\vibe_dll_tx.$proc$/workspace/rtl/dll/vibe_dll_tx.sv:0$3091'.
No latch inferred for signal `\vibe_dll_tx.\crc30_bit$func$/workspace/rtl/dll/vibe_dll_tx.sv:82$426.fb' from process `\vibe_dll_tx.$proc$/workspace/rtl/dll/vibe_dll_tx.sv:0$3091'.
No latch inferred for signal `\vibe_dll_tx.\crc30_bit$func$/workspace/rtl/dll/vibe_dll_tx.sv:82$427.$result' from process `\vibe_dll_tx.$proc$/workspace/rtl/dll/vibe_dll_tx.sv:0$3091'.
No latch inferred for signal `\vibe_dll_tx.\crc30_bit$func$/workspace/rtl/dll/vibe_dll_tx.sv:82$427.c' from process `\vibe_dll_tx.$proc$/workspace/rtl/dll/vibe_dll_tx.sv:0$3091'.
No latch inferred for signal `\vibe_dll_tx.\crc30_bit$func$/workspace/rtl/dll/vibe_dll_tx.sv:82$427.b' from process `\vibe_dll_tx.$proc$/workspace/rtl/dll/vibe_dll_tx.sv:0$3091'.
No latch inferred for signal `\vibe_dll_tx.\crc30_bit$func$/workspace/rtl/dll/vibe_dll_tx.sv:82$427.fb' from process `\vibe_dll_tx.$proc$/workspace/rtl/dll/vibe_dll_tx.sv:0$3091'.
No latch inferred for signal `\vibe_dll_tx.\crc30_bit$func$/workspace/rtl/dll/vibe_dll_tx.sv:82$428.$result' from process `\vibe_dll_tx.$proc$/workspace/rtl/dll/vibe_dll_tx.sv:0$3091'.
No latch inferred for signal `\vibe_dll_tx.\crc30_bit$func$/workspace/rtl/dll/vibe_dll_tx.sv:82$428.c' from process `\vibe_dll_tx.$proc$/workspace/rtl/dll/vibe_dll_tx.sv:0$3091'.
No latch inferred for signal `\vibe_dll_tx.\crc30_bit$func$/workspace/rtl/dll/vibe_dll_tx.sv:82$428.b' from process `\vibe_dll_tx.$proc$/workspace/rtl/dll/vibe_dll_tx.sv:0$3091'.
No latch inferred for signal `\vibe_dll_tx.\crc30_bit$func$/workspace/rtl/dll/vibe_dll_tx.sv:82$428.fb' from process `\vibe_dll_tx.$proc$/workspace/rtl/dll/vibe_dll_tx.sv:0$3091'.
No latch inferred for signal `\vibe_dll_tx.\crc30_bit$func$/workspace/rtl/dll/vibe_dll_tx.sv:82$429.$result' from process `\vibe_dll_tx.$proc$/workspace/rtl/dll/vibe_dll_tx.sv:0$3091'.
No latch inferred for signal `\vibe_dll_tx.\crc30_bit$func$/workspace/rtl/dll/vibe_dll_tx.sv:82$429.c' from process `\vibe_dll_tx.$proc$/workspace/rtl/dll/vibe_dll_tx.sv:0$3091'.
No latch inferred for signal `\vibe_dll_tx.\crc30_bit$func$/workspace/rtl/dll/vibe_dll_tx.sv:82$429.b' from process `\vibe_dll_tx.$proc$/workspace/rtl/dll/vibe_dll_tx.sv:0$3091'.
No latch inferred for signal `\vibe_dll_tx.\crc30_bit$func$/workspace/rtl/dll/vibe_dll_tx.sv:82$429.fb' from process `\vibe_dll_tx.$proc$/workspace/rtl/dll/vibe_dll_tx.sv:0$3091'.
No latch inferred for signal `\vibe_dll_tx.\crc30_bit$func$/workspace/rtl/dll/vibe_dll_tx.sv:82$430.$result' from process `\vibe_dll_tx.$proc$/workspace/rtl/dll/vibe_dll_tx.sv:0$3091'.
No latch inferred for signal `\vibe_dll_tx.\crc30_bit$func$/workspace/rtl/dll/vibe_dll_tx.sv:82$430.c' from process `\vibe_dll_tx.$proc$/workspace/rtl/dll/vibe_dll_tx.sv:0$3091'.
No latch inferred for signal `\vibe_dll_tx.\crc30_bit$func$/workspace/rtl/dll/vibe_dll_tx.sv:82$430.b' from process `\vibe_dll_tx.$proc$/workspace/rtl/dll/vibe_dll_tx.sv:0$3091'.
No latch inferred for signal `\vibe_dll_tx.\crc30_bit$func$/workspace/rtl/dll/vibe_dll_tx.sv:82$430.fb' from process `\vibe_dll_tx.$proc$/workspace/rtl/dll/vibe_dll_tx.sv:0$3091'.
No latch inferred for signal `\vibe_dll_tx.\crc30_bit$func$/workspace/rtl/dll/vibe_dll_tx.sv:82$431.$result' from process `\vibe_dll_tx.$proc$/workspace/rtl/dll/vibe_dll_tx.sv:0$3091'.
No latch inferred for signal `\vibe_dll_tx.\crc30_bit$func$/workspace/rtl/dll/vibe_dll_tx.sv:82$431.c' from process `\vibe_dll_tx.$proc$/workspace/rtl/dll/vibe_dll_tx.sv:0$3091'.
No latch inferred for signal `\vibe_dll_tx.\crc30_bit$func$/workspace/rtl/dll/vibe_dll_tx.sv:82$431.b' from process `\vibe_dll_tx.$proc$/workspace/rtl/dll/vibe_dll_tx.sv:0$3091'.
No latch inferred for signal `\vibe_dll_tx.\crc30_bit$func$/workspace/rtl/dll/vibe_dll_tx.sv:82$431.fb' from process `\vibe_dll_tx.$proc$/workspace/rtl/dll/vibe_dll_tx.sv:0$3091'.
No latch inferred for signal `\vibe_dll_tx.\crc30_bit$func$/workspace/rtl/dll/vibe_dll_tx.sv:82$432.$result' from process `\vibe_dll_tx.$proc$/workspace/rtl/dll/vibe_dll_tx.sv:0$3091'.
No latch inferred for signal `\vibe_dll_tx.\crc30_bit$func$/workspace/rtl/dll/vibe_dll_tx.sv:82$432.c' from process `\vibe_dll_tx.$proc$/workspace/rtl/dll/vibe_dll_tx.sv:0$3091'.
No latch inferred for signal `\vibe_dll_tx.\crc30_bit$func$/workspace/rtl/dll/vibe_dll_tx.sv:82$432.b' from process `\vibe_dll_tx.$proc$/workspace/rtl/dll/vibe_dll_tx.sv:0$3091'.
No latch inferred for signal `\vibe_dll_tx.\crc30_bit$func$/workspace/rtl/dll/vibe_dll_tx.sv:82$432.fb' from process `\vibe_dll_tx.$proc$/workspace/rtl/dll/vibe_dll_tx.sv:0$3091'.
No latch inferred for signal `\vibe_dll_tx.\crc30_bit$func$/workspace/rtl/dll/vibe_dll_tx.sv:82$433.$result' from process `\vibe_dll_tx.$proc$/workspace/rtl/dll/vibe_dll_tx.sv:0$3091'.
No latch inferred for signal `\vibe_dll_tx.\crc30_bit$func$/workspace/rtl/dll/vibe_dll_tx.sv:82$433.c' from process `\vibe_dll_tx.$proc$/workspace/rtl/dll/vibe_dll_tx.sv:0$3091'.
No latch inferred for signal `\vibe_dll_tx.\crc30_bit$func$/workspace/rtl/dll/vibe_dll_tx.sv:82$433.b' from process `\vibe_dll_tx.$proc$/workspace/rtl/dll/vibe_dll_tx.sv:0$3091'.
No latch inferred for signal `\vibe_dll_tx.\crc30_bit$func$/workspace/rtl/dll/vibe_dll_tx.sv:82$433.fb' from process `\vibe_dll_tx.$proc$/workspace/rtl/dll/vibe_dll_tx.sv:0$3091'.
No latch inferred for signal `\vibe_dll_tx.\crc30_bit$func$/workspace/rtl/dll/vibe_dll_tx.sv:82$434.$result' from process `\vibe_dll_tx.$proc$/workspace/rtl/dll/vibe_dll_tx.sv:0$3091'.
No latch inferred for signal `\vibe_dll_tx.\crc30_bit$func$/workspace/rtl/dll/vibe_dll_tx.sv:82$434.c' from process `\vibe_dll_tx.$proc$/workspace/rtl/dll/vibe_dll_tx.sv:0$3091'.
No latch inferred for signal `\vibe_dll_tx.\crc30_bit$func$/workspace/rtl/dll/vibe_dll_tx.sv:82$434.b' from process `\vibe_dll_tx.$proc$/workspace/rtl/dll/vibe_dll_tx.sv:0$3091'.
No latch inferred for signal `\vibe_dll_tx.\crc30_bit$func$/workspace/rtl/dll/vibe_dll_tx.sv:82$434.fb' from process `\vibe_dll_tx.$proc$/workspace/rtl/dll/vibe_dll_tx.sv:0$3091'.
No latch inferred for signal `\vibe_dll_tx.\crc30_bit$func$/workspace/rtl/dll/vibe_dll_tx.sv:82$435.$result' from process `\vibe_dll_tx.$proc$/workspace/rtl/dll/vibe_dll_tx.sv:0$3091'.
No latch inferred for signal `\vibe_dll_tx.\crc30_bit$func$/workspace/rtl/dll/vibe_dll_tx.sv:82$435.c' from process `\vibe_dll_tx.$proc$/workspace/rtl/dll/vibe_dll_tx.sv:0$3091'.
No latch inferred for signal `\vibe_dll_tx.\crc30_bit$func$/workspace/rtl/dll/vibe_dll_tx.sv:82$435.b' from process `\vibe_dll_tx.$proc$/workspace/rtl/dll/vibe_dll_tx.sv:0$3091'.
No latch inferred for signal `\vibe_dll_tx.\crc30_bit$func$/workspace/rtl/dll/vibe_dll_tx.sv:82$435.fb' from process `\vibe_dll_tx.$proc$/workspace/rtl/dll/vibe_dll_tx.sv:0$3091'.
No latch inferred for signal `\vibe_dll_tx.\crc30_bit$func$/workspace/rtl/dll/vibe_dll_tx.sv:82$436.$result' from process `\vibe_dll_tx.$proc$/workspace/rtl/dll/vibe_dll_tx.sv:0$3091'.
No latch inferred for signal `\vibe_dll_tx.\crc30_bit$func$/workspace/rtl/dll/vibe_dll_tx.sv:82$436.c' from process `\vibe_dll_tx.$proc$/workspace/rtl/dll/vibe_dll_tx.sv:0$3091'.
No latch inferred for signal `\vibe_dll_tx.\crc30_bit$func$/workspace/rtl/dll/vibe_dll_tx.sv:82$436.b' from process `\vibe_dll_tx.$proc$/workspace/rtl/dll/vibe_dll_tx.sv:0$3091'.
No latch inferred for signal `\vibe_dll_tx.\crc30_bit$func$/workspace/rtl/dll/vibe_dll_tx.sv:82$436.fb' from process `\vibe_dll_tx.$proc$/workspace/rtl/dll/vibe_dll_tx.sv:0$3091'.
No latch inferred for signal `\vibe_dll_tx.\crc30_bit$func$/workspace/rtl/dll/vibe_dll_tx.sv:82$437.$result' from process `\vibe_dll_tx.$proc$/workspace/rtl/dll/vibe_dll_tx.sv:0$3091'.
No latch inferred for signal `\vibe_dll_tx.\crc30_bit$func$/workspace/rtl/dll/vibe_dll_tx.sv:82$437.c' from process `\vibe_dll_tx.$proc$/workspace/rtl/dll/vibe_dll_tx.sv:0$3091'.
No latch inferred for signal `\vibe_dll_tx.\crc30_bit$func$/workspace/rtl/dll/vibe_dll_tx.sv:82$437.b' from process `\vibe_dll_tx.$proc$/workspace/rtl/dll/vibe_dll_tx.sv:0$3091'.
No latch inferred for signal `\vibe_dll_tx.\crc30_bit$func$/workspace/rtl/dll/vibe_dll_tx.sv:82$437.fb' from process `\vibe_dll_tx.$proc$/workspace/rtl/dll/vibe_dll_tx.sv:0$3091'.
No latch inferred for signal `\vibe_dll_tx.\crc30_bit$func$/workspace/rtl/dll/vibe_dll_tx.sv:82$438.$result' from process `\vibe_dll_tx.$proc$/workspace/rtl/dll/vibe_dll_tx.sv:0$3091'.
No latch inferred for signal `\vibe_dll_tx.\crc30_bit$func$/workspace/rtl/dll/vibe_dll_tx.sv:82$438.c' from process `\vibe_dll_tx.$proc$/workspace/rtl/dll/vibe_dll_tx.sv:0$3091'.
No latch inferred for signal `\vibe_dll_tx.\crc30_bit$func$/workspace/rtl/dll/vibe_dll_tx.sv:82$438.b' from process `\vibe_dll_tx.$proc$/workspace/rtl/dll/vibe_dll_tx.sv:0$3091'.
No latch inferred for signal `\vibe_dll_tx.\crc30_bit$func$/workspace/rtl/dll/vibe_dll_tx.sv:82$438.fb' from process `\vibe_dll_tx.$proc$/workspace/rtl/dll/vibe_dll_tx.sv:0$3091'.
No latch inferred for signal `\vibe_dll_tx.\crc30_bit$func$/workspace/rtl/dll/vibe_dll_tx.sv:82$439.$result' from process `\vibe_dll_tx.$proc$/workspace/rtl/dll/vibe_dll_tx.sv:0$3091'.
No latch inferred for signal `\vibe_dll_tx.\crc30_bit$func$/workspace/rtl/dll/vibe_dll_tx.sv:82$439.c' from process `\vibe_dll_tx.$proc$/workspace/rtl/dll/vibe_dll_tx.sv:0$3091'.
No latch inferred for signal `\vibe_dll_tx.\crc30_bit$func$/workspace/rtl/dll/vibe_dll_tx.sv:82$439.b' from process `\vibe_dll_tx.$proc$/workspace/rtl/dll/vibe_dll_tx.sv:0$3091'.
No latch inferred for signal `\vibe_dll_tx.\crc30_bit$func$/workspace/rtl/dll/vibe_dll_tx.sv:82$439.fb' from process `\vibe_dll_tx.$proc$/workspace/rtl/dll/vibe_dll_tx.sv:0$3091'.
No latch inferred for signal `\vibe_dll_tx.\crc30_bit$func$/workspace/rtl/dll/vibe_dll_tx.sv:82$440.$result' from process `\vibe_dll_tx.$proc$/workspace/rtl/dll/vibe_dll_tx.sv:0$3091'.
No latch inferred for signal `\vibe_dll_tx.\crc30_bit$func$/workspace/rtl/dll/vibe_dll_tx.sv:82$440.c' from process `\vibe_dll_tx.$proc$/workspace/rtl/dll/vibe_dll_tx.sv:0$3091'.
No latch inferred for signal `\vibe_dll_tx.\crc30_bit$func$/workspace/rtl/dll/vibe_dll_tx.sv:82$440.b' from process `\vibe_dll_tx.$proc$/workspace/rtl/dll/vibe_dll_tx.sv:0$3091'.
No latch inferred for signal `\vibe_dll_tx.\crc30_bit$func$/workspace/rtl/dll/vibe_dll_tx.sv:82$440.fb' from process `\vibe_dll_tx.$proc$/workspace/rtl/dll/vibe_dll_tx.sv:0$3091'.
No latch inferred for signal `\vibe_dll_tx.\crc30_bit$func$/workspace/rtl/dll/vibe_dll_tx.sv:82$441.$result' from process `\vibe_dll_tx.$proc$/workspace/rtl/dll/vibe_dll_tx.sv:0$3091'.
No latch inferred for signal `\vibe_dll_tx.\crc30_bit$func$/workspace/rtl/dll/vibe_dll_tx.sv:82$441.c' from process `\vibe_dll_tx.$proc$/workspace/rtl/dll/vibe_dll_tx.sv:0$3091'.
No latch inferred for signal `\vibe_dll_tx.\crc30_bit$func$/workspace/rtl/dll/vibe_dll_tx.sv:82$441.b' from process `\vibe_dll_tx.$proc$/workspace/rtl/dll/vibe_dll_tx.sv:0$3091'.
No latch inferred for signal `\vibe_dll_tx.\crc30_bit$func$/workspace/rtl/dll/vibe_dll_tx.sv:82$441.fb' from process `\vibe_dll_tx.$proc$/workspace/rtl/dll/vibe_dll_tx.sv:0$3091'.
No latch inferred for signal `\vibe_dll_tx.\crc30_bit$func$/workspace/rtl/dll/vibe_dll_tx.sv:82$442.$result' from process `\vibe_dll_tx.$proc$/workspace/rtl/dll/vibe_dll_tx.sv:0$3091'.
No latch inferred for signal `\vibe_dll_tx.\crc30_bit$func$/workspace/rtl/dll/vibe_dll_tx.sv:82$442.c' from process `\vibe_dll_tx.$proc$/workspace/rtl/dll/vibe_dll_tx.sv:0$3091'.
No latch inferred for signal `\vibe_dll_tx.\crc30_bit$func$/workspace/rtl/dll/vibe_dll_tx.sv:82$442.b' from process `\vibe_dll_tx.$proc$/workspace/rtl/dll/vibe_dll_tx.sv:0$3091'.
No latch inferred for signal `\vibe_dll_tx.\crc30_bit$func$/workspace/rtl/dll/vibe_dll_tx.sv:82$442.fb' from process `\vibe_dll_tx.$proc$/workspace/rtl/dll/vibe_dll_tx.sv:0$3091'.
No latch inferred for signal `\vibe_dll_tx.\crc30_bit$func$/workspace/rtl/dll/vibe_dll_tx.sv:82$443.$result' from process `\vibe_dll_tx.$proc$/workspace/rtl/dll/vibe_dll_tx.sv:0$3091'.
No latch inferred for signal `\vibe_dll_tx.\crc30_bit$func$/workspace/rtl/dll/vibe_dll_tx.sv:82$443.c' from process `\vibe_dll_tx.$proc$/workspace/rtl/dll/vibe_dll_tx.sv:0$3091'.
No latch inferred for signal `\vibe_dll_tx.\crc30_bit$func$/workspace/rtl/dll/vibe_dll_tx.sv:82$443.b' from process `\vibe_dll_tx.$proc$/workspace/rtl/dll/vibe_dll_tx.sv:0$3091'.
No latch inferred for signal `\vibe_dll_tx.\crc30_bit$func$/workspace/rtl/dll/vibe_dll_tx.sv:82$443.fb' from process `\vibe_dll_tx.$proc$/workspace/rtl/dll/vibe_dll_tx.sv:0$3091'.
No latch inferred for signal `\vibe_dll_tx.\crc30_bit$func$/workspace/rtl/dll/vibe_dll_tx.sv:82$444.$result' from process `\vibe_dll_tx.$proc$/workspace/rtl/dll/vibe_dll_tx.sv:0$3091'.
No latch inferred for signal `\vibe_dll_tx.\crc30_bit$func$/workspace/rtl/dll/vibe_dll_tx.sv:82$444.c' from process `\vibe_dll_tx.$proc$/workspace/rtl/dll/vibe_dll_tx.sv:0$3091'.
No latch inferred for signal `\vibe_dll_tx.\crc30_bit$func$/workspace/rtl/dll/vibe_dll_tx.sv:82$444.b' from process `\vibe_dll_tx.$proc$/workspace/rtl/dll/vibe_dll_tx.sv:0$3091'.
No latch inferred for signal `\vibe_dll_tx.\crc30_bit$func$/workspace/rtl/dll/vibe_dll_tx.sv:82$444.fb' from process `\vibe_dll_tx.$proc$/workspace/rtl/dll/vibe_dll_tx.sv:0$3091'.
No latch inferred for signal `\vibe_dll_tx.\crc30_bit$func$/workspace/rtl/dll/vibe_dll_tx.sv:82$445.$result' from process `\vibe_dll_tx.$proc$/workspace/rtl/dll/vibe_dll_tx.sv:0$3091'.
No latch inferred for signal `\vibe_dll_tx.\crc30_bit$func$/workspace/rtl/dll/vibe_dll_tx.sv:82$445.c' from process `\vibe_dll_tx.$proc$/workspace/rtl/dll/vibe_dll_tx.sv:0$3091'.
No latch inferred for signal `\vibe_dll_tx.\crc30_bit$func$/workspace/rtl/dll/vibe_dll_tx.sv:82$445.b' from process `\vibe_dll_tx.$proc$/workspace/rtl/dll/vibe_dll_tx.sv:0$3091'.
No latch inferred for signal `\vibe_dll_tx.\crc30_bit$func$/workspace/rtl/dll/vibe_dll_tx.sv:82$445.fb' from process `\vibe_dll_tx.$proc$/workspace/rtl/dll/vibe_dll_tx.sv:0$3091'.
No latch inferred for signal `\vibe_dll_tx.\crc30_bit$func$/workspace/rtl/dll/vibe_dll_tx.sv:82$446.$result' from process `\vibe_dll_tx.$proc$/workspace/rtl/dll/vibe_dll_tx.sv:0$3091'.
No latch inferred for signal `\vibe_dll_tx.\crc30_bit$func$/workspace/rtl/dll/vibe_dll_tx.sv:82$446.c' from process `\vibe_dll_tx.$proc$/workspace/rtl/dll/vibe_dll_tx.sv:0$3091'.
No latch inferred for signal `\vibe_dll_tx.\crc30_bit$func$/workspace/rtl/dll/vibe_dll_tx.sv:82$446.b' from process `\vibe_dll_tx.$proc$/workspace/rtl/dll/vibe_dll_tx.sv:0$3091'.
No latch inferred for signal `\vibe_dll_tx.\crc30_bit$func$/workspace/rtl/dll/vibe_dll_tx.sv:82$446.fb' from process `\vibe_dll_tx.$proc$/workspace/rtl/dll/vibe_dll_tx.sv:0$3091'.
No latch inferred for signal `\vibe_dll_tx.\crc30_bit$func$/workspace/rtl/dll/vibe_dll_tx.sv:82$447.$result' from process `\vibe_dll_tx.$proc$/workspace/rtl/dll/vibe_dll_tx.sv:0$3091'.
No latch inferred for signal `\vibe_dll_tx.\crc30_bit$func$/workspace/rtl/dll/vibe_dll_tx.sv:82$447.c' from process `\vibe_dll_tx.$proc$/workspace/rtl/dll/vibe_dll_tx.sv:0$3091'.
No latch inferred for signal `\vibe_dll_tx.\crc30_bit$func$/workspace/rtl/dll/vibe_dll_tx.sv:82$447.b' from process `\vibe_dll_tx.$proc$/workspace/rtl/dll/vibe_dll_tx.sv:0$3091'.
No latch inferred for signal `\vibe_dll_tx.\crc30_bit$func$/workspace/rtl/dll/vibe_dll_tx.sv:82$447.fb' from process `\vibe_dll_tx.$proc$/workspace/rtl/dll/vibe_dll_tx.sv:0$3091'.
No latch inferred for signal `\vibe_dll_tx.\crc30_bit$func$/workspace/rtl/dll/vibe_dll_tx.sv:82$448.$result' from process `\vibe_dll_tx.$proc$/workspace/rtl/dll/vibe_dll_tx.sv:0$3091'.
No latch inferred for signal `\vibe_dll_tx.\crc30_bit$func$/workspace/rtl/dll/vibe_dll_tx.sv:82$448.c' from process `\vibe_dll_tx.$proc$/workspace/rtl/dll/vibe_dll_tx.sv:0$3091'.
No latch inferred for signal `\vibe_dll_tx.\crc30_bit$func$/workspace/rtl/dll/vibe_dll_tx.sv:82$448.b' from process `\vibe_dll_tx.$proc$/workspace/rtl/dll/vibe_dll_tx.sv:0$3091'.
No latch inferred for signal `\vibe_dll_tx.\crc30_bit$func$/workspace/rtl/dll/vibe_dll_tx.sv:82$448.fb' from process `\vibe_dll_tx.$proc$/workspace/rtl/dll/vibe_dll_tx.sv:0$3091'.
No latch inferred for signal `\vibe_dll_tx.\crc30_bit$func$/workspace/rtl/dll/vibe_dll_tx.sv:82$449.$result' from process `\vibe_dll_tx.$proc$/workspace/rtl/dll/vibe_dll_tx.sv:0$3091'.
No latch inferred for signal `\vibe_dll_tx.\crc30_bit$func$/workspace/rtl/dll/vibe_dll_tx.sv:82$449.c' from process `\vibe_dll_tx.$proc$/workspace/rtl/dll/vibe_dll_tx.sv:0$3091'.
No latch inferred for signal `\vibe_dll_tx.\crc30_bit$func$/workspace/rtl/dll/vibe_dll_tx.sv:82$449.b' from process `\vibe_dll_tx.$proc$/workspace/rtl/dll/vibe_dll_tx.sv:0$3091'.
No latch inferred for signal `\vibe_dll_tx.\crc30_bit$func$/workspace/rtl/dll/vibe_dll_tx.sv:82$449.fb' from process `\vibe_dll_tx.$proc$/workspace/rtl/dll/vibe_dll_tx.sv:0$3091'.
No latch inferred for signal `\vibe_dll_tx.\crc30_bit$func$/workspace/rtl/dll/vibe_dll_tx.sv:82$450.$result' from process `\vibe_dll_tx.$proc$/workspace/rtl/dll/vibe_dll_tx.sv:0$3091'.
No latch inferred for signal `\vibe_dll_tx.\crc30_bit$func$/workspace/rtl/dll/vibe_dll_tx.sv:82$450.c' from process `\vibe_dll_tx.$proc$/workspace/rtl/dll/vibe_dll_tx.sv:0$3091'.
No latch inferred for signal `\vibe_dll_tx.\crc30_bit$func$/workspace/rtl/dll/vibe_dll_tx.sv:82$450.b' from process `\vibe_dll_tx.$proc$/workspace/rtl/dll/vibe_dll_tx.sv:0$3091'.
No latch inferred for signal `\vibe_dll_tx.\crc30_bit$func$/workspace/rtl/dll/vibe_dll_tx.sv:82$450.fb' from process `\vibe_dll_tx.$proc$/workspace/rtl/dll/vibe_dll_tx.sv:0$3091'.
No latch inferred for signal `\vibe_dll_tx.\crc30_bit$func$/workspace/rtl/dll/vibe_dll_tx.sv:82$451.$result' from process `\vibe_dll_tx.$proc$/workspace/rtl/dll/vibe_dll_tx.sv:0$3091'.
No latch inferred for signal `\vibe_dll_tx.\crc30_bit$func$/workspace/rtl/dll/vibe_dll_tx.sv:82$451.c' from process `\vibe_dll_tx.$proc$/workspace/rtl/dll/vibe_dll_tx.sv:0$3091'.
No latch inferred for signal `\vibe_dll_tx.\crc30_bit$func$/workspace/rtl/dll/vibe_dll_tx.sv:82$451.b' from process `\vibe_dll_tx.$proc$/workspace/rtl/dll/vibe_dll_tx.sv:0$3091'.
No latch inferred for signal `\vibe_dll_tx.\crc30_bit$func$/workspace/rtl/dll/vibe_dll_tx.sv:82$451.fb' from process `\vibe_dll_tx.$proc$/workspace/rtl/dll/vibe_dll_tx.sv:0$3091'.
No latch inferred for signal `\vibe_dll_tx.\crc30_bit$func$/workspace/rtl/dll/vibe_dll_tx.sv:82$452.$result' from process `\vibe_dll_tx.$proc$/workspace/rtl/dll/vibe_dll_tx.sv:0$3091'.
No latch inferred for signal `\vibe_dll_tx.\crc30_bit$func$/workspace/rtl/dll/vibe_dll_tx.sv:82$452.c' from process `\vibe_dll_tx.$proc$/workspace/rtl/dll/vibe_dll_tx.sv:0$3091'.
No latch inferred for signal `\vibe_dll_tx.\crc30_bit$func$/workspace/rtl/dll/vibe_dll_tx.sv:82$452.b' from process `\vibe_dll_tx.$proc$/workspace/rtl/dll/vibe_dll_tx.sv:0$3091'.
No latch inferred for signal `\vibe_dll_tx.\crc30_bit$func$/workspace/rtl/dll/vibe_dll_tx.sv:82$452.fb' from process `\vibe_dll_tx.$proc$/workspace/rtl/dll/vibe_dll_tx.sv:0$3091'.
No latch inferred for signal `\vibe_dll_tx.\crc30_bit$func$/workspace/rtl/dll/vibe_dll_tx.sv:82$453.$result' from process `\vibe_dll_tx.$proc$/workspace/rtl/dll/vibe_dll_tx.sv:0$3091'.
No latch inferred for signal `\vibe_dll_tx.\crc30_bit$func$/workspace/rtl/dll/vibe_dll_tx.sv:82$453.c' from process `\vibe_dll_tx.$proc$/workspace/rtl/dll/vibe_dll_tx.sv:0$3091'.
No latch inferred for signal `\vibe_dll_tx.\crc30_bit$func$/workspace/rtl/dll/vibe_dll_tx.sv:82$453.b' from process `\vibe_dll_tx.$proc$/workspace/rtl/dll/vibe_dll_tx.sv:0$3091'.
No latch inferred for signal `\vibe_dll_tx.\crc30_bit$func$/workspace/rtl/dll/vibe_dll_tx.sv:82$453.fb' from process `\vibe_dll_tx.$proc$/workspace/rtl/dll/vibe_dll_tx.sv:0$3091'.
No latch inferred for signal `\vibe_dll_tx.\crc30_bit$func$/workspace/rtl/dll/vibe_dll_tx.sv:82$454.$result' from process `\vibe_dll_tx.$proc$/workspace/rtl/dll/vibe_dll_tx.sv:0$3091'.
No latch inferred for signal `\vibe_dll_tx.\crc30_bit$func$/workspace/rtl/dll/vibe_dll_tx.sv:82$454.c' from process `\vibe_dll_tx.$proc$/workspace/rtl/dll/vibe_dll_tx.sv:0$3091'.
No latch inferred for signal `\vibe_dll_tx.\crc30_bit$func$/workspace/rtl/dll/vibe_dll_tx.sv:82$454.b' from process `\vibe_dll_tx.$proc$/workspace/rtl/dll/vibe_dll_tx.sv:0$3091'.
No latch inferred for signal `\vibe_dll_tx.\crc30_bit$func$/workspace/rtl/dll/vibe_dll_tx.sv:82$454.fb' from process `\vibe_dll_tx.$proc$/workspace/rtl/dll/vibe_dll_tx.sv:0$3091'.
No latch inferred for signal `\vibe_dll_tx.\crc30_bit$func$/workspace/rtl/dll/vibe_dll_tx.sv:82$455.$result' from process `\vibe_dll_tx.$proc$/workspace/rtl/dll/vibe_dll_tx.sv:0$3091'.
No latch inferred for signal `\vibe_dll_tx.\crc30_bit$func$/workspace/rtl/dll/vibe_dll_tx.sv:82$455.c' from process `\vibe_dll_tx.$proc$/workspace/rtl/dll/vibe_dll_tx.sv:0$3091'.
No latch inferred for signal `\vibe_dll_tx.\crc30_bit$func$/workspace/rtl/dll/vibe_dll_tx.sv:82$455.b' from process `\vibe_dll_tx.$proc$/workspace/rtl/dll/vibe_dll_tx.sv:0$3091'.
No latch inferred for signal `\vibe_dll_tx.\crc30_bit$func$/workspace/rtl/dll/vibe_dll_tx.sv:82$455.fb' from process `\vibe_dll_tx.$proc$/workspace/rtl/dll/vibe_dll_tx.sv:0$3091'.
No latch inferred for signal `\vibe_dll_tx.\crc30_bit$func$/workspace/rtl/dll/vibe_dll_tx.sv:82$456.$result' from process `\vibe_dll_tx.$proc$/workspace/rtl/dll/vibe_dll_tx.sv:0$3091'.
No latch inferred for signal `\vibe_dll_tx.\crc30_bit$func$/workspace/rtl/dll/vibe_dll_tx.sv:82$456.c' from process `\vibe_dll_tx.$proc$/workspace/rtl/dll/vibe_dll_tx.sv:0$3091'.
No latch inferred for signal `\vibe_dll_tx.\crc30_bit$func$/workspace/rtl/dll/vibe_dll_tx.sv:82$456.b' from process `\vibe_dll_tx.$proc$/workspace/rtl/dll/vibe_dll_tx.sv:0$3091'.
No latch inferred for signal `\vibe_dll_tx.\crc30_bit$func$/workspace/rtl/dll/vibe_dll_tx.sv:82$456.fb' from process `\vibe_dll_tx.$proc$/workspace/rtl/dll/vibe_dll_tx.sv:0$3091'.
No latch inferred for signal `\vibe_dll_tx.\crc30_bit$func$/workspace/rtl/dll/vibe_dll_tx.sv:82$457.$result' from process `\vibe_dll_tx.$proc$/workspace/rtl/dll/vibe_dll_tx.sv:0$3091'.
No latch inferred for signal `\vibe_dll_tx.\crc30_bit$func$/workspace/rtl/dll/vibe_dll_tx.sv:82$457.c' from process `\vibe_dll_tx.$proc$/workspace/rtl/dll/vibe_dll_tx.sv:0$3091'.
No latch inferred for signal `\vibe_dll_tx.\crc30_bit$func$/workspace/rtl/dll/vibe_dll_tx.sv:82$457.b' from process `\vibe_dll_tx.$proc$/workspace/rtl/dll/vibe_dll_tx.sv:0$3091'.
No latch inferred for signal `\vibe_dll_tx.\crc30_bit$func$/workspace/rtl/dll/vibe_dll_tx.sv:82$457.fb' from process `\vibe_dll_tx.$proc$/workspace/rtl/dll/vibe_dll_tx.sv:0$3091'.
No latch inferred for signal `\vibe_dll_tx.\crc30_bit$func$/workspace/rtl/dll/vibe_dll_tx.sv:82$458.$result' from process `\vibe_dll_tx.$proc$/workspace/rtl/dll/vibe_dll_tx.sv:0$3091'.
No latch inferred for signal `\vibe_dll_tx.\crc30_bit$func$/workspace/rtl/dll/vibe_dll_tx.sv:82$458.c' from process `\vibe_dll_tx.$proc$/workspace/rtl/dll/vibe_dll_tx.sv:0$3091'.
No latch inferred for signal `\vibe_dll_tx.\crc30_bit$func$/workspace/rtl/dll/vibe_dll_tx.sv:82$458.b' from process `\vibe_dll_tx.$proc$/workspace/rtl/dll/vibe_dll_tx.sv:0$3091'.
No latch inferred for signal `\vibe_dll_tx.\crc30_bit$func$/workspace/rtl/dll/vibe_dll_tx.sv:82$458.fb' from process `\vibe_dll_tx.$proc$/workspace/rtl/dll/vibe_dll_tx.sv:0$3091'.
No latch inferred for signal `\vibe_dll_tx.\crc30_bit$func$/workspace/rtl/dll/vibe_dll_tx.sv:82$459.$result' from process `\vibe_dll_tx.$proc$/workspace/rtl/dll/vibe_dll_tx.sv:0$3091'.
No latch inferred for signal `\vibe_dll_tx.\crc30_bit$func$/workspace/rtl/dll/vibe_dll_tx.sv:82$459.c' from process `\vibe_dll_tx.$proc$/workspace/rtl/dll/vibe_dll_tx.sv:0$3091'.
No latch inferred for signal `\vibe_dll_tx.\crc30_bit$func$/workspace/rtl/dll/vibe_dll_tx.sv:82$459.b' from process `\vibe_dll_tx.$proc$/workspace/rtl/dll/vibe_dll_tx.sv:0$3091'.
No latch inferred for signal `\vibe_dll_tx.\crc30_bit$func$/workspace/rtl/dll/vibe_dll_tx.sv:82$459.fb' from process `\vibe_dll_tx.$proc$/workspace/rtl/dll/vibe_dll_tx.sv:0$3091'.
No latch inferred for signal `\vibe_dll_tx.\crc30_bit$func$/workspace/rtl/dll/vibe_dll_tx.sv:82$460.$result' from process `\vibe_dll_tx.$proc$/workspace/rtl/dll/vibe_dll_tx.sv:0$3091'.
No latch inferred for signal `\vibe_dll_tx.\crc30_bit$func$/workspace/rtl/dll/vibe_dll_tx.sv:82$460.c' from process `\vibe_dll_tx.$proc$/workspace/rtl/dll/vibe_dll_tx.sv:0$3091'.
No latch inferred for signal `\vibe_dll_tx.\crc30_bit$func$/workspace/rtl/dll/vibe_dll_tx.sv:82$460.b' from process `\vibe_dll_tx.$proc$/workspace/rtl/dll/vibe_dll_tx.sv:0$3091'.
No latch inferred for signal `\vibe_dll_tx.\crc30_bit$func$/workspace/rtl/dll/vibe_dll_tx.sv:82$460.fb' from process `\vibe_dll_tx.$proc$/workspace/rtl/dll/vibe_dll_tx.sv:0$3091'.
No latch inferred for signal `\vibe_dll_tx.\crc30_bit$func$/workspace/rtl/dll/vibe_dll_tx.sv:82$461.$result' from process `\vibe_dll_tx.$proc$/workspace/rtl/dll/vibe_dll_tx.sv:0$3091'.
No latch inferred for signal `\vibe_dll_tx.\crc30_bit$func$/workspace/rtl/dll/vibe_dll_tx.sv:82$461.c' from process `\vibe_dll_tx.$proc$/workspace/rtl/dll/vibe_dll_tx.sv:0$3091'.
No latch inferred for signal `\vibe_dll_tx.\crc30_bit$func$/workspace/rtl/dll/vibe_dll_tx.sv:82$461.b' from process `\vibe_dll_tx.$proc$/workspace/rtl/dll/vibe_dll_tx.sv:0$3091'.
No latch inferred for signal `\vibe_dll_tx.\crc30_bit$func$/workspace/rtl/dll/vibe_dll_tx.sv:82$461.fb' from process `\vibe_dll_tx.$proc$/workspace/rtl/dll/vibe_dll_tx.sv:0$3091'.
No latch inferred for signal `\vibe_dll_tx.\crc30_bit$func$/workspace/rtl/dll/vibe_dll_tx.sv:82$462.$result' from process `\vibe_dll_tx.$proc$/workspace/rtl/dll/vibe_dll_tx.sv:0$3091'.
No latch inferred for signal `\vibe_dll_tx.\crc30_bit$func$/workspace/rtl/dll/vibe_dll_tx.sv:82$462.c' from process `\vibe_dll_tx.$proc$/workspace/rtl/dll/vibe_dll_tx.sv:0$3091'.
No latch inferred for signal `\vibe_dll_tx.\crc30_bit$func$/workspace/rtl/dll/vibe_dll_tx.sv:82$462.b' from process `\vibe_dll_tx.$proc$/workspace/rtl/dll/vibe_dll_tx.sv:0$3091'.
No latch inferred for signal `\vibe_dll_tx.\crc30_bit$func$/workspace/rtl/dll/vibe_dll_tx.sv:82$462.fb' from process `\vibe_dll_tx.$proc$/workspace/rtl/dll/vibe_dll_tx.sv:0$3091'.
No latch inferred for signal `\vibe_dll_tx.\crc30_bit$func$/workspace/rtl/dll/vibe_dll_tx.sv:82$463.$result' from process `\vibe_dll_tx.$proc$/workspace/rtl/dll/vibe_dll_tx.sv:0$3091'.
No latch inferred for signal `\vibe_dll_tx.\crc30_bit$func$/workspace/rtl/dll/vibe_dll_tx.sv:82$463.c' from process `\vibe_dll_tx.$proc$/workspace/rtl/dll/vibe_dll_tx.sv:0$3091'.
No latch inferred for signal `\vibe_dll_tx.\crc30_bit$func$/workspace/rtl/dll/vibe_dll_tx.sv:82$463.b' from process `\vibe_dll_tx.$proc$/workspace/rtl/dll/vibe_dll_tx.sv:0$3091'.
No latch inferred for signal `\vibe_dll_tx.\crc30_bit$func$/workspace/rtl/dll/vibe_dll_tx.sv:82$463.fb' from process `\vibe_dll_tx.$proc$/workspace/rtl/dll/vibe_dll_tx.sv:0$3091'.
No latch inferred for signal `\vibe_dll_tx.\crc30_bit$func$/workspace/rtl/dll/vibe_dll_tx.sv:82$464.$result' from process `\vibe_dll_tx.$proc$/workspace/rtl/dll/vibe_dll_tx.sv:0$3091'.
No latch inferred for signal `\vibe_dll_tx.\crc30_bit$func$/workspace/rtl/dll/vibe_dll_tx.sv:82$464.c' from process `\vibe_dll_tx.$proc$/workspace/rtl/dll/vibe_dll_tx.sv:0$3091'.
No latch inferred for signal `\vibe_dll_tx.\crc30_bit$func$/workspace/rtl/dll/vibe_dll_tx.sv:82$464.b' from process `\vibe_dll_tx.$proc$/workspace/rtl/dll/vibe_dll_tx.sv:0$3091'.
No latch inferred for signal `\vibe_dll_tx.\crc30_bit$func$/workspace/rtl/dll/vibe_dll_tx.sv:82$464.fb' from process `\vibe_dll_tx.$proc$/workspace/rtl/dll/vibe_dll_tx.sv:0$3091'.
No latch inferred for signal `\vibe_dll_tx.\crc30_bit$func$/workspace/rtl/dll/vibe_dll_tx.sv:82$465.$result' from process `\vibe_dll_tx.$proc$/workspace/rtl/dll/vibe_dll_tx.sv:0$3091'.
No latch inferred for signal `\vibe_dll_tx.\crc30_bit$func$/workspace/rtl/dll/vibe_dll_tx.sv:82$465.c' from process `\vibe_dll_tx.$proc$/workspace/rtl/dll/vibe_dll_tx.sv:0$3091'.
No latch inferred for signal `\vibe_dll_tx.\crc30_bit$func$/workspace/rtl/dll/vibe_dll_tx.sv:82$465.b' from process `\vibe_dll_tx.$proc$/workspace/rtl/dll/vibe_dll_tx.sv:0$3091'.
No latch inferred for signal `\vibe_dll_tx.\crc30_bit$func$/workspace/rtl/dll/vibe_dll_tx.sv:82$465.fb' from process `\vibe_dll_tx.$proc$/workspace/rtl/dll/vibe_dll_tx.sv:0$3091'.
No latch inferred for signal `\vibe_dll_tx.\crc30_bit$func$/workspace/rtl/dll/vibe_dll_tx.sv:82$466.$result' from process `\vibe_dll_tx.$proc$/workspace/rtl/dll/vibe_dll_tx.sv:0$3091'.
No latch inferred for signal `\vibe_dll_tx.\crc30_bit$func$/workspace/rtl/dll/vibe_dll_tx.sv:82$466.c' from process `\vibe_dll_tx.$proc$/workspace/rtl/dll/vibe_dll_tx.sv:0$3091'.
No latch inferred for signal `\vibe_dll_tx.\crc30_bit$func$/workspace/rtl/dll/vibe_dll_tx.sv:82$466.b' from process `\vibe_dll_tx.$proc$/workspace/rtl/dll/vibe_dll_tx.sv:0$3091'.
No latch inferred for signal `\vibe_dll_tx.\crc30_bit$func$/workspace/rtl/dll/vibe_dll_tx.sv:82$466.fb' from process `\vibe_dll_tx.$proc$/workspace/rtl/dll/vibe_dll_tx.sv:0$3091'.
No latch inferred for signal `\vibe_dll_tx.\crc30_bit$func$/workspace/rtl/dll/vibe_dll_tx.sv:82$467.$result' from process `\vibe_dll_tx.$proc$/workspace/rtl/dll/vibe_dll_tx.sv:0$3091'.
No latch inferred for signal `\vibe_dll_tx.\crc30_bit$func$/workspace/rtl/dll/vibe_dll_tx.sv:82$467.c' from process `\vibe_dll_tx.$proc$/workspace/rtl/dll/vibe_dll_tx.sv:0$3091'.
No latch inferred for signal `\vibe_dll_tx.\crc30_bit$func$/workspace/rtl/dll/vibe_dll_tx.sv:82$467.b' from process `\vibe_dll_tx.$proc$/workspace/rtl/dll/vibe_dll_tx.sv:0$3091'.
No latch inferred for signal `\vibe_dll_tx.\crc30_bit$func$/workspace/rtl/dll/vibe_dll_tx.sv:82$467.fb' from process `\vibe_dll_tx.$proc$/workspace/rtl/dll/vibe_dll_tx.sv:0$3091'.
No latch inferred for signal `\vibe_dll_tx.\crc30_bit$func$/workspace/rtl/dll/vibe_dll_tx.sv:82$468.$result' from process `\vibe_dll_tx.$proc$/workspace/rtl/dll/vibe_dll_tx.sv:0$3091'.
No latch inferred for signal `\vibe_dll_tx.\crc30_bit$func$/workspace/rtl/dll/vibe_dll_tx.sv:82$468.c' from process `\vibe_dll_tx.$proc$/workspace/rtl/dll/vibe_dll_tx.sv:0$3091'.
No latch inferred for signal `\vibe_dll_tx.\crc30_bit$func$/workspace/rtl/dll/vibe_dll_tx.sv:82$468.b' from process `\vibe_dll_tx.$proc$/workspace/rtl/dll/vibe_dll_tx.sv:0$3091'.
No latch inferred for signal `\vibe_dll_tx.\crc30_bit$func$/workspace/rtl/dll/vibe_dll_tx.sv:82$468.fb' from process `\vibe_dll_tx.$proc$/workspace/rtl/dll/vibe_dll_tx.sv:0$3091'.
No latch inferred for signal `\vibe_dll_tx.\crc30_bit$func$/workspace/rtl/dll/vibe_dll_tx.sv:82$469.$result' from process `\vibe_dll_tx.$proc$/workspace/rtl/dll/vibe_dll_tx.sv:0$3091'.
No latch inferred for signal `\vibe_dll_tx.\crc30_bit$func$/workspace/rtl/dll/vibe_dll_tx.sv:82$469.c' from process `\vibe_dll_tx.$proc$/workspace/rtl/dll/vibe_dll_tx.sv:0$3091'.
No latch inferred for signal `\vibe_dll_tx.\crc30_bit$func$/workspace/rtl/dll/vibe_dll_tx.sv:82$469.b' from process `\vibe_dll_tx.$proc$/workspace/rtl/dll/vibe_dll_tx.sv:0$3091'.
No latch inferred for signal `\vibe_dll_tx.\crc30_bit$func$/workspace/rtl/dll/vibe_dll_tx.sv:82$469.fb' from process `\vibe_dll_tx.$proc$/workspace/rtl/dll/vibe_dll_tx.sv:0$3091'.
No latch inferred for signal `\vibe_dll_tx.\crc30_bit$func$/workspace/rtl/dll/vibe_dll_tx.sv:82$470.$result' from process `\vibe_dll_tx.$proc$/workspace/rtl/dll/vibe_dll_tx.sv:0$3091'.
No latch inferred for signal `\vibe_dll_tx.\crc30_bit$func$/workspace/rtl/dll/vibe_dll_tx.sv:82$470.c' from process `\vibe_dll_tx.$proc$/workspace/rtl/dll/vibe_dll_tx.sv:0$3091'.
No latch inferred for signal `\vibe_dll_tx.\crc30_bit$func$/workspace/rtl/dll/vibe_dll_tx.sv:82$470.b' from process `\vibe_dll_tx.$proc$/workspace/rtl/dll/vibe_dll_tx.sv:0$3091'.
No latch inferred for signal `\vibe_dll_tx.\crc30_bit$func$/workspace/rtl/dll/vibe_dll_tx.sv:82$470.fb' from process `\vibe_dll_tx.$proc$/workspace/rtl/dll/vibe_dll_tx.sv:0$3091'.
No latch inferred for signal `\vibe_dll_tx.\crc30_bit$func$/workspace/rtl/dll/vibe_dll_tx.sv:82$471.$result' from process `\vibe_dll_tx.$proc$/workspace/rtl/dll/vibe_dll_tx.sv:0$3091'.
No latch inferred for signal `\vibe_dll_tx.\crc30_bit$func$/workspace/rtl/dll/vibe_dll_tx.sv:82$471.c' from process `\vibe_dll_tx.$proc$/workspace/rtl/dll/vibe_dll_tx.sv:0$3091'.
No latch inferred for signal `\vibe_dll_tx.\crc30_bit$func$/workspace/rtl/dll/vibe_dll_tx.sv:82$471.b' from process `\vibe_dll_tx.$proc$/workspace/rtl/dll/vibe_dll_tx.sv:0$3091'.
No latch inferred for signal `\vibe_dll_tx.\crc30_bit$func$/workspace/rtl/dll/vibe_dll_tx.sv:82$471.fb' from process `\vibe_dll_tx.$proc$/workspace/rtl/dll/vibe_dll_tx.sv:0$3091'.
No latch inferred for signal `\vibe_dll_tx.\crc30_bit$func$/workspace/rtl/dll/vibe_dll_tx.sv:82$472.$result' from process `\vibe_dll_tx.$proc$/workspace/rtl/dll/vibe_dll_tx.sv:0$3091'.
No latch inferred for signal `\vibe_dll_tx.\crc30_bit$func$/workspace/rtl/dll/vibe_dll_tx.sv:82$472.c' from process `\vibe_dll_tx.$proc$/workspace/rtl/dll/vibe_dll_tx.sv:0$3091'.
No latch inferred for signal `\vibe_dll_tx.\crc30_bit$func$/workspace/rtl/dll/vibe_dll_tx.sv:82$472.b' from process `\vibe_dll_tx.$proc$/workspace/rtl/dll/vibe_dll_tx.sv:0$3091'.
No latch inferred for signal `\vibe_dll_tx.\crc30_bit$func$/workspace/rtl/dll/vibe_dll_tx.sv:82$472.fb' from process `\vibe_dll_tx.$proc$/workspace/rtl/dll/vibe_dll_tx.sv:0$3091'.
No latch inferred for signal `\vibe_dll_tx.\crc30_bit$func$/workspace/rtl/dll/vibe_dll_tx.sv:82$473.$result' from process `\vibe_dll_tx.$proc$/workspace/rtl/dll/vibe_dll_tx.sv:0$3091'.
No latch inferred for signal `\vibe_dll_tx.\crc30_bit$func$/workspace/rtl/dll/vibe_dll_tx.sv:82$473.c' from process `\vibe_dll_tx.$proc$/workspace/rtl/dll/vibe_dll_tx.sv:0$3091'.
No latch inferred for signal `\vibe_dll_tx.\crc30_bit$func$/workspace/rtl/dll/vibe_dll_tx.sv:82$473.b' from process `\vibe_dll_tx.$proc$/workspace/rtl/dll/vibe_dll_tx.sv:0$3091'.
No latch inferred for signal `\vibe_dll_tx.\crc30_bit$func$/workspace/rtl/dll/vibe_dll_tx.sv:82$473.fb' from process `\vibe_dll_tx.$proc$/workspace/rtl/dll/vibe_dll_tx.sv:0$3091'.
No latch inferred for signal `\vibe_dll_tx.\crc30_bit$func$/workspace/rtl/dll/vibe_dll_tx.sv:82$474.$result' from process `\vibe_dll_tx.$proc$/workspace/rtl/dll/vibe_dll_tx.sv:0$3091'.
No latch inferred for signal `\vibe_dll_tx.\crc30_bit$func$/workspace/rtl/dll/vibe_dll_tx.sv:82$474.c' from process `\vibe_dll_tx.$proc$/workspace/rtl/dll/vibe_dll_tx.sv:0$3091'.
No latch inferred for signal `\vibe_dll_tx.\crc30_bit$func$/workspace/rtl/dll/vibe_dll_tx.sv:82$474.b' from process `\vibe_dll_tx.$proc$/workspace/rtl/dll/vibe_dll_tx.sv:0$3091'.
No latch inferred for signal `\vibe_dll_tx.\crc30_bit$func$/workspace/rtl/dll/vibe_dll_tx.sv:82$474.fb' from process `\vibe_dll_tx.$proc$/workspace/rtl/dll/vibe_dll_tx.sv:0$3091'.
No latch inferred for signal `\vibe_dll_tx.\crc30_bit$func$/workspace/rtl/dll/vibe_dll_tx.sv:82$475.$result' from process `\vibe_dll_tx.$proc$/workspace/rtl/dll/vibe_dll_tx.sv:0$3091'.
No latch inferred for signal `\vibe_dll_tx.\crc30_bit$func$/workspace/rtl/dll/vibe_dll_tx.sv:82$475.c' from process `\vibe_dll_tx.$proc$/workspace/rtl/dll/vibe_dll_tx.sv:0$3091'.
No latch inferred for signal `\vibe_dll_tx.\crc30_bit$func$/workspace/rtl/dll/vibe_dll_tx.sv:82$475.b' from process `\vibe_dll_tx.$proc$/workspace/rtl/dll/vibe_dll_tx.sv:0$3091'.
No latch inferred for signal `\vibe_dll_tx.\crc30_bit$func$/workspace/rtl/dll/vibe_dll_tx.sv:82$475.fb' from process `\vibe_dll_tx.$proc$/workspace/rtl/dll/vibe_dll_tx.sv:0$3091'.
No latch inferred for signal `\vibe_dll_tx.\crc30_bit$func$/workspace/rtl/dll/vibe_dll_tx.sv:82$476.$result' from process `\vibe_dll_tx.$proc$/workspace/rtl/dll/vibe_dll_tx.sv:0$3091'.
No latch inferred for signal `\vibe_dll_tx.\crc30_bit$func$/workspace/rtl/dll/vibe_dll_tx.sv:82$476.c' from process `\vibe_dll_tx.$proc$/workspace/rtl/dll/vibe_dll_tx.sv:0$3091'.
No latch inferred for signal `\vibe_dll_tx.\crc30_bit$func$/workspace/rtl/dll/vibe_dll_tx.sv:82$476.b' from process `\vibe_dll_tx.$proc$/workspace/rtl/dll/vibe_dll_tx.sv:0$3091'.
No latch inferred for signal `\vibe_dll_tx.\crc30_bit$func$/workspace/rtl/dll/vibe_dll_tx.sv:82$476.fb' from process `\vibe_dll_tx.$proc$/workspace/rtl/dll/vibe_dll_tx.sv:0$3091'.
No latch inferred for signal `\vibe_dll_tx.\crc30_bit$func$/workspace/rtl/dll/vibe_dll_tx.sv:82$477.$result' from process `\vibe_dll_tx.$proc$/workspace/rtl/dll/vibe_dll_tx.sv:0$3091'.
No latch inferred for signal `\vibe_dll_tx.\crc30_bit$func$/workspace/rtl/dll/vibe_dll_tx.sv:82$477.c' from process `\vibe_dll_tx.$proc$/workspace/rtl/dll/vibe_dll_tx.sv:0$3091'.
No latch inferred for signal `\vibe_dll_tx.\crc30_bit$func$/workspace/rtl/dll/vibe_dll_tx.sv:82$477.b' from process `\vibe_dll_tx.$proc$/workspace/rtl/dll/vibe_dll_tx.sv:0$3091'.
No latch inferred for signal `\vibe_dll_tx.\crc30_bit$func$/workspace/rtl/dll/vibe_dll_tx.sv:82$477.fb' from process `\vibe_dll_tx.$proc$/workspace/rtl/dll/vibe_dll_tx.sv:0$3091'.
No latch inferred for signal `\vibe_dll_tx.\crc30_bit$func$/workspace/rtl/dll/vibe_dll_tx.sv:82$478.$result' from process `\vibe_dll_tx.$proc$/workspace/rtl/dll/vibe_dll_tx.sv:0$3091'.
No latch inferred for signal `\vibe_dll_tx.\crc30_bit$func$/workspace/rtl/dll/vibe_dll_tx.sv:82$478.c' from process `\vibe_dll_tx.$proc$/workspace/rtl/dll/vibe_dll_tx.sv:0$3091'.
No latch inferred for signal `\vibe_dll_tx.\crc30_bit$func$/workspace/rtl/dll/vibe_dll_tx.sv:82$478.b' from process `\vibe_dll_tx.$proc$/workspace/rtl/dll/vibe_dll_tx.sv:0$3091'.
No latch inferred for signal `\vibe_dll_tx.\crc30_bit$func$/workspace/rtl/dll/vibe_dll_tx.sv:82$478.fb' from process `\vibe_dll_tx.$proc$/workspace/rtl/dll/vibe_dll_tx.sv:0$3091'.
No latch inferred for signal `\vibe_dll_tx.\crc30_bit$func$/workspace/rtl/dll/vibe_dll_tx.sv:82$479.$result' from process `\vibe_dll_tx.$proc$/workspace/rtl/dll/vibe_dll_tx.sv:0$3091'.
No latch inferred for signal `\vibe_dll_tx.\crc30_bit$func$/workspace/rtl/dll/vibe_dll_tx.sv:82$479.c' from process `\vibe_dll_tx.$proc$/workspace/rtl/dll/vibe_dll_tx.sv:0$3091'.
No latch inferred for signal `\vibe_dll_tx.\crc30_bit$func$/workspace/rtl/dll/vibe_dll_tx.sv:82$479.b' from process `\vibe_dll_tx.$proc$/workspace/rtl/dll/vibe_dll_tx.sv:0$3091'.
No latch inferred for signal `\vibe_dll_tx.\crc30_bit$func$/workspace/rtl/dll/vibe_dll_tx.sv:82$479.fb' from process `\vibe_dll_tx.$proc$/workspace/rtl/dll/vibe_dll_tx.sv:0$3091'.
No latch inferred for signal `\vibe_dll_tx.\crc30_bit$func$/workspace/rtl/dll/vibe_dll_tx.sv:82$480.$result' from process `\vibe_dll_tx.$proc$/workspace/rtl/dll/vibe_dll_tx.sv:0$3091'.
No latch inferred for signal `\vibe_dll_tx.\crc30_bit$func$/workspace/rtl/dll/vibe_dll_tx.sv:82$480.c' from process `\vibe_dll_tx.$proc$/workspace/rtl/dll/vibe_dll_tx.sv:0$3091'.
No latch inferred for signal `\vibe_dll_tx.\crc30_bit$func$/workspace/rtl/dll/vibe_dll_tx.sv:82$480.b' from process `\vibe_dll_tx.$proc$/workspace/rtl/dll/vibe_dll_tx.sv:0$3091'.
No latch inferred for signal `\vibe_dll_tx.\crc30_bit$func$/workspace/rtl/dll/vibe_dll_tx.sv:82$480.fb' from process `\vibe_dll_tx.$proc$/workspace/rtl/dll/vibe_dll_tx.sv:0$3091'.
No latch inferred for signal `\vibe_dll_tx.\crc30_bit$func$/workspace/rtl/dll/vibe_dll_tx.sv:82$481.$result' from process `\vibe_dll_tx.$proc$/workspace/rtl/dll/vibe_dll_tx.sv:0$3091'.
No latch inferred for signal `\vibe_dll_tx.\crc30_bit$func$/workspace/rtl/dll/vibe_dll_tx.sv:82$481.c' from process `\vibe_dll_tx.$proc$/workspace/rtl/dll/vibe_dll_tx.sv:0$3091'.
No latch inferred for signal `\vibe_dll_tx.\crc30_bit$func$/workspace/rtl/dll/vibe_dll_tx.sv:82$481.b' from process `\vibe_dll_tx.$proc$/workspace/rtl/dll/vibe_dll_tx.sv:0$3091'.
No latch inferred for signal `\vibe_dll_tx.\crc30_bit$func$/workspace/rtl/dll/vibe_dll_tx.sv:82$481.fb' from process `\vibe_dll_tx.$proc$/workspace/rtl/dll/vibe_dll_tx.sv:0$3091'.
No latch inferred for signal `\vibe_dll_tx.\crc30_bit$func$/workspace/rtl/dll/vibe_dll_tx.sv:82$482.$result' from process `\vibe_dll_tx.$proc$/workspace/rtl/dll/vibe_dll_tx.sv:0$3091'.
No latch inferred for signal `\vibe_dll_tx.\crc30_bit$func$/workspace/rtl/dll/vibe_dll_tx.sv:82$482.c' from process `\vibe_dll_tx.$proc$/workspace/rtl/dll/vibe_dll_tx.sv:0$3091'.
No latch inferred for signal `\vibe_dll_tx.\crc30_bit$func$/workspace/rtl/dll/vibe_dll_tx.sv:82$482.b' from process `\vibe_dll_tx.$proc$/workspace/rtl/dll/vibe_dll_tx.sv:0$3091'.
No latch inferred for signal `\vibe_dll_tx.\crc30_bit$func$/workspace/rtl/dll/vibe_dll_tx.sv:82$482.fb' from process `\vibe_dll_tx.$proc$/workspace/rtl/dll/vibe_dll_tx.sv:0$3091'.
No latch inferred for signal `\vibe_dll_tx.\crc30_bit$func$/workspace/rtl/dll/vibe_dll_tx.sv:82$483.$result' from process `\vibe_dll_tx.$proc$/workspace/rtl/dll/vibe_dll_tx.sv:0$3091'.
No latch inferred for signal `\vibe_dll_tx.\crc30_bit$func$/workspace/rtl/dll/vibe_dll_tx.sv:82$483.c' from process `\vibe_dll_tx.$proc$/workspace/rtl/dll/vibe_dll_tx.sv:0$3091'.
No latch inferred for signal `\vibe_dll_tx.\crc30_bit$func$/workspace/rtl/dll/vibe_dll_tx.sv:82$483.b' from process `\vibe_dll_tx.$proc$/workspace/rtl/dll/vibe_dll_tx.sv:0$3091'.
No latch inferred for signal `\vibe_dll_tx.\crc30_bit$func$/workspace/rtl/dll/vibe_dll_tx.sv:82$483.fb' from process `\vibe_dll_tx.$proc$/workspace/rtl/dll/vibe_dll_tx.sv:0$3091'.
No latch inferred for signal `\vibe_dll_tx.\crc30_bit$func$/workspace/rtl/dll/vibe_dll_tx.sv:82$484.$result' from process `\vibe_dll_tx.$proc$/workspace/rtl/dll/vibe_dll_tx.sv:0$3091'.
No latch inferred for signal `\vibe_dll_tx.\crc30_bit$func$/workspace/rtl/dll/vibe_dll_tx.sv:82$484.c' from process `\vibe_dll_tx.$proc$/workspace/rtl/dll/vibe_dll_tx.sv:0$3091'.
No latch inferred for signal `\vibe_dll_tx.\crc30_bit$func$/workspace/rtl/dll/vibe_dll_tx.sv:82$484.b' from process `\vibe_dll_tx.$proc$/workspace/rtl/dll/vibe_dll_tx.sv:0$3091'.
No latch inferred for signal `\vibe_dll_tx.\crc30_bit$func$/workspace/rtl/dll/vibe_dll_tx.sv:82$484.fb' from process `\vibe_dll_tx.$proc$/workspace/rtl/dll/vibe_dll_tx.sv:0$3091'.
No latch inferred for signal `\vibe_dll_tx.\crc30_bit$func$/workspace/rtl/dll/vibe_dll_tx.sv:82$485.$result' from process `\vibe_dll_tx.$proc$/workspace/rtl/dll/vibe_dll_tx.sv:0$3091'.
No latch inferred for signal `\vibe_dll_tx.\crc30_bit$func$/workspace/rtl/dll/vibe_dll_tx.sv:82$485.c' from process `\vibe_dll_tx.$proc$/workspace/rtl/dll/vibe_dll_tx.sv:0$3091'.
No latch inferred for signal `\vibe_dll_tx.\crc30_bit$func$/workspace/rtl/dll/vibe_dll_tx.sv:82$485.b' from process `\vibe_dll_tx.$proc$/workspace/rtl/dll/vibe_dll_tx.sv:0$3091'.
No latch inferred for signal `\vibe_dll_tx.\crc30_bit$func$/workspace/rtl/dll/vibe_dll_tx.sv:82$485.fb' from process `\vibe_dll_tx.$proc$/workspace/rtl/dll/vibe_dll_tx.sv:0$3091'.
No latch inferred for signal `\vibe_dll_tx.\crc30_bit$func$/workspace/rtl/dll/vibe_dll_tx.sv:82$486.$result' from process `\vibe_dll_tx.$proc$/workspace/rtl/dll/vibe_dll_tx.sv:0$3091'.
No latch inferred for signal `\vibe_dll_tx.\crc30_bit$func$/workspace/rtl/dll/vibe_dll_tx.sv:82$486.c' from process `\vibe_dll_tx.$proc$/workspace/rtl/dll/vibe_dll_tx.sv:0$3091'.
No latch inferred for signal `\vibe_dll_tx.\crc30_bit$func$/workspace/rtl/dll/vibe_dll_tx.sv:82$486.b' from process `\vibe_dll_tx.$proc$/workspace/rtl/dll/vibe_dll_tx.sv:0$3091'.
No latch inferred for signal `\vibe_dll_tx.\crc30_bit$func$/workspace/rtl/dll/vibe_dll_tx.sv:82$486.fb' from process `\vibe_dll_tx.$proc$/workspace/rtl/dll/vibe_dll_tx.sv:0$3091'.
No latch inferred for signal `\vibe_dll_tx.\crc30_bit$func$/workspace/rtl/dll/vibe_dll_tx.sv:82$487.$result' from process `\vibe_dll_tx.$proc$/workspace/rtl/dll/vibe_dll_tx.sv:0$3091'.
No latch inferred for signal `\vibe_dll_tx.\crc30_bit$func$/workspace/rtl/dll/vibe_dll_tx.sv:82$487.c' from process `\vibe_dll_tx.$proc$/workspace/rtl/dll/vibe_dll_tx.sv:0$3091'.
No latch inferred for signal `\vibe_dll_tx.\crc30_bit$func$/workspace/rtl/dll/vibe_dll_tx.sv:82$487.b' from process `\vibe_dll_tx.$proc$/workspace/rtl/dll/vibe_dll_tx.sv:0$3091'.
No latch inferred for signal `\vibe_dll_tx.\crc30_bit$func$/workspace/rtl/dll/vibe_dll_tx.sv:82$487.fb' from process `\vibe_dll_tx.$proc$/workspace/rtl/dll/vibe_dll_tx.sv:0$3091'.
No latch inferred for signal `\vibe_dll_tx.\crc30_bit$func$/workspace/rtl/dll/vibe_dll_tx.sv:82$488.$result' from process `\vibe_dll_tx.$proc$/workspace/rtl/dll/vibe_dll_tx.sv:0$3091'.
No latch inferred for signal `\vibe_dll_tx.\crc30_bit$func$/workspace/rtl/dll/vibe_dll_tx.sv:82$488.c' from process `\vibe_dll_tx.$proc$/workspace/rtl/dll/vibe_dll_tx.sv:0$3091'.
No latch inferred for signal `\vibe_dll_tx.\crc30_bit$func$/workspace/rtl/dll/vibe_dll_tx.sv:82$488.b' from process `\vibe_dll_tx.$proc$/workspace/rtl/dll/vibe_dll_tx.sv:0$3091'.
No latch inferred for signal `\vibe_dll_tx.\crc30_bit$func$/workspace/rtl/dll/vibe_dll_tx.sv:82$488.fb' from process `\vibe_dll_tx.$proc$/workspace/rtl/dll/vibe_dll_tx.sv:0$3091'.
No latch inferred for signal `\vibe_dll_tx.\crc30_bit$func$/workspace/rtl/dll/vibe_dll_tx.sv:82$489.$result' from process `\vibe_dll_tx.$proc$/workspace/rtl/dll/vibe_dll_tx.sv:0$3091'.
No latch inferred for signal `\vibe_dll_tx.\crc30_bit$func$/workspace/rtl/dll/vibe_dll_tx.sv:82$489.c' from process `\vibe_dll_tx.$proc$/workspace/rtl/dll/vibe_dll_tx.sv:0$3091'.
No latch inferred for signal `\vibe_dll_tx.\crc30_bit$func$/workspace/rtl/dll/vibe_dll_tx.sv:82$489.b' from process `\vibe_dll_tx.$proc$/workspace/rtl/dll/vibe_dll_tx.sv:0$3091'.
No latch inferred for signal `\vibe_dll_tx.\crc30_bit$func$/workspace/rtl/dll/vibe_dll_tx.sv:82$489.fb' from process `\vibe_dll_tx.$proc$/workspace/rtl/dll/vibe_dll_tx.sv:0$3091'.
No latch inferred for signal `\vibe_dll_tx.\crc30_bit$func$/workspace/rtl/dll/vibe_dll_tx.sv:82$490.$result' from process `\vibe_dll_tx.$proc$/workspace/rtl/dll/vibe_dll_tx.sv:0$3091'.
No latch inferred for signal `\vibe_dll_tx.\crc30_bit$func$/workspace/rtl/dll/vibe_dll_tx.sv:82$490.c' from process `\vibe_dll_tx.$proc$/workspace/rtl/dll/vibe_dll_tx.sv:0$3091'.
No latch inferred for signal `\vibe_dll_tx.\crc30_bit$func$/workspace/rtl/dll/vibe_dll_tx.sv:82$490.b' from process `\vibe_dll_tx.$proc$/workspace/rtl/dll/vibe_dll_tx.sv:0$3091'.
No latch inferred for signal `\vibe_dll_tx.\crc30_bit$func$/workspace/rtl/dll/vibe_dll_tx.sv:82$490.fb' from process `\vibe_dll_tx.$proc$/workspace/rtl/dll/vibe_dll_tx.sv:0$3091'.
No latch inferred for signal `\vibe_dll_tx.\crc30_bit$func$/workspace/rtl/dll/vibe_dll_tx.sv:82$491.$result' from process `\vibe_dll_tx.$proc$/workspace/rtl/dll/vibe_dll_tx.sv:0$3091'.
No latch inferred for signal `\vibe_dll_tx.\crc30_bit$func$/workspace/rtl/dll/vibe_dll_tx.sv:82$491.c' from process `\vibe_dll_tx.$proc$/workspace/rtl/dll/vibe_dll_tx.sv:0$3091'.
No latch inferred for signal `\vibe_dll_tx.\crc30_bit$func$/workspace/rtl/dll/vibe_dll_tx.sv:82$491.b' from process `\vibe_dll_tx.$proc$/workspace/rtl/dll/vibe_dll_tx.sv:0$3091'.
No latch inferred for signal `\vibe_dll_tx.\crc30_bit$func$/workspace/rtl/dll/vibe_dll_tx.sv:82$491.fb' from process `\vibe_dll_tx.$proc$/workspace/rtl/dll/vibe_dll_tx.sv:0$3091'.
No latch inferred for signal `\vibe_dll_tx.\crc30_bit$func$/workspace/rtl/dll/vibe_dll_tx.sv:82$492.$result' from process `\vibe_dll_tx.$proc$/workspace/rtl/dll/vibe_dll_tx.sv:0$3091'.
No latch inferred for signal `\vibe_dll_tx.\crc30_bit$func$/workspace/rtl/dll/vibe_dll_tx.sv:82$492.c' from process `\vibe_dll_tx.$proc$/workspace/rtl/dll/vibe_dll_tx.sv:0$3091'.
No latch inferred for signal `\vibe_dll_tx.\crc30_bit$func$/workspace/rtl/dll/vibe_dll_tx.sv:82$492.b' from process `\vibe_dll_tx.$proc$/workspace/rtl/dll/vibe_dll_tx.sv:0$3091'.
No latch inferred for signal `\vibe_dll_tx.\crc30_bit$func$/workspace/rtl/dll/vibe_dll_tx.sv:82$492.fb' from process `\vibe_dll_tx.$proc$/workspace/rtl/dll/vibe_dll_tx.sv:0$3091'.
No latch inferred for signal `\vibe_dll_tx.\crc30_bit$func$/workspace/rtl/dll/vibe_dll_tx.sv:82$493.$result' from process `\vibe_dll_tx.$proc$/workspace/rtl/dll/vibe_dll_tx.sv:0$3091'.
No latch inferred for signal `\vibe_dll_tx.\crc30_bit$func$/workspace/rtl/dll/vibe_dll_tx.sv:82$493.c' from process `\vibe_dll_tx.$proc$/workspace/rtl/dll/vibe_dll_tx.sv:0$3091'.
No latch inferred for signal `\vibe_dll_tx.\crc30_bit$func$/workspace/rtl/dll/vibe_dll_tx.sv:82$493.b' from process `\vibe_dll_tx.$proc$/workspace/rtl/dll/vibe_dll_tx.sv:0$3091'.
No latch inferred for signal `\vibe_dll_tx.\crc30_bit$func$/workspace/rtl/dll/vibe_dll_tx.sv:82$493.fb' from process `\vibe_dll_tx.$proc$/workspace/rtl/dll/vibe_dll_tx.sv:0$3091'.
No latch inferred for signal `\vibe_dll_tx.\crc30_bit$func$/workspace/rtl/dll/vibe_dll_tx.sv:82$494.$result' from process `\vibe_dll_tx.$proc$/workspace/rtl/dll/vibe_dll_tx.sv:0$3091'.
No latch inferred for signal `\vibe_dll_tx.\crc30_bit$func$/workspace/rtl/dll/vibe_dll_tx.sv:82$494.c' from process `\vibe_dll_tx.$proc$/workspace/rtl/dll/vibe_dll_tx.sv:0$3091'.
No latch inferred for signal `\vibe_dll_tx.\crc30_bit$func$/workspace/rtl/dll/vibe_dll_tx.sv:82$494.b' from process `\vibe_dll_tx.$proc$/workspace/rtl/dll/vibe_dll_tx.sv:0$3091'.
No latch inferred for signal `\vibe_dll_tx.\crc30_bit$func$/workspace/rtl/dll/vibe_dll_tx.sv:82$494.fb' from process `\vibe_dll_tx.$proc$/workspace/rtl/dll/vibe_dll_tx.sv:0$3091'.
No latch inferred for signal `\vibe_dll_tx.\crc30_bit$func$/workspace/rtl/dll/vibe_dll_tx.sv:82$495.$result' from process `\vibe_dll_tx.$proc$/workspace/rtl/dll/vibe_dll_tx.sv:0$3091'.
No latch inferred for signal `\vibe_dll_tx.\crc30_bit$func$/workspace/rtl/dll/vibe_dll_tx.sv:82$495.c' from process `\vibe_dll_tx.$proc$/workspace/rtl/dll/vibe_dll_tx.sv:0$3091'.
No latch inferred for signal `\vibe_dll_tx.\crc30_bit$func$/workspace/rtl/dll/vibe_dll_tx.sv:82$495.b' from process `\vibe_dll_tx.$proc$/workspace/rtl/dll/vibe_dll_tx.sv:0$3091'.
No latch inferred for signal `\vibe_dll_tx.\crc30_bit$func$/workspace/rtl/dll/vibe_dll_tx.sv:82$495.fb' from process `\vibe_dll_tx.$proc$/workspace/rtl/dll/vibe_dll_tx.sv:0$3091'.
No latch inferred for signal `\vibe_dll_tx.\crc30_bit$func$/workspace/rtl/dll/vibe_dll_tx.sv:82$496.$result' from process `\vibe_dll_tx.$proc$/workspace/rtl/dll/vibe_dll_tx.sv:0$3091'.
No latch inferred for signal `\vibe_dll_tx.\crc30_bit$func$/workspace/rtl/dll/vibe_dll_tx.sv:82$496.c' from process `\vibe_dll_tx.$proc$/workspace/rtl/dll/vibe_dll_tx.sv:0$3091'.
No latch inferred for signal `\vibe_dll_tx.\crc30_bit$func$/workspace/rtl/dll/vibe_dll_tx.sv:82$496.b' from process `\vibe_dll_tx.$proc$/workspace/rtl/dll/vibe_dll_tx.sv:0$3091'.
No latch inferred for signal `\vibe_dll_tx.\crc30_bit$func$/workspace/rtl/dll/vibe_dll_tx.sv:82$496.fb' from process `\vibe_dll_tx.$proc$/workspace/rtl/dll/vibe_dll_tx.sv:0$3091'.
No latch inferred for signal `\vibe_dll_tx.\crc30_bit$func$/workspace/rtl/dll/vibe_dll_tx.sv:82$497.$result' from process `\vibe_dll_tx.$proc$/workspace/rtl/dll/vibe_dll_tx.sv:0$3091'.
No latch inferred for signal `\vibe_dll_tx.\crc30_bit$func$/workspace/rtl/dll/vibe_dll_tx.sv:82$497.c' from process `\vibe_dll_tx.$proc$/workspace/rtl/dll/vibe_dll_tx.sv:0$3091'.
No latch inferred for signal `\vibe_dll_tx.\crc30_bit$func$/workspace/rtl/dll/vibe_dll_tx.sv:82$497.b' from process `\vibe_dll_tx.$proc$/workspace/rtl/dll/vibe_dll_tx.sv:0$3091'.
No latch inferred for signal `\vibe_dll_tx.\crc30_bit$func$/workspace/rtl/dll/vibe_dll_tx.sv:82$497.fb' from process `\vibe_dll_tx.$proc$/workspace/rtl/dll/vibe_dll_tx.sv:0$3091'.
No latch inferred for signal `\vibe_dll_tx.\crc30_bit$func$/workspace/rtl/dll/vibe_dll_tx.sv:82$498.$result' from process `\vibe_dll_tx.$proc$/workspace/rtl/dll/vibe_dll_tx.sv:0$3091'.
No latch inferred for signal `\vibe_dll_tx.\crc30_bit$func$/workspace/rtl/dll/vibe_dll_tx.sv:82$498.c' from process `\vibe_dll_tx.$proc$/workspace/rtl/dll/vibe_dll_tx.sv:0$3091'.
No latch inferred for signal `\vibe_dll_tx.\crc30_bit$func$/workspace/rtl/dll/vibe_dll_tx.sv:82$498.b' from process `\vibe_dll_tx.$proc$/workspace/rtl/dll/vibe_dll_tx.sv:0$3091'.
No latch inferred for signal `\vibe_dll_tx.\crc30_bit$func$/workspace/rtl/dll/vibe_dll_tx.sv:82$498.fb' from process `\vibe_dll_tx.$proc$/workspace/rtl/dll/vibe_dll_tx.sv:0$3091'.
No latch inferred for signal `\vibe_dll_tx.\crc30_bit$func$/workspace/rtl/dll/vibe_dll_tx.sv:82$499.$result' from process `\vibe_dll_tx.$proc$/workspace/rtl/dll/vibe_dll_tx.sv:0$3091'.
No latch inferred for signal `\vibe_dll_tx.\crc30_bit$func$/workspace/rtl/dll/vibe_dll_tx.sv:82$499.c' from process `\vibe_dll_tx.$proc$/workspace/rtl/dll/vibe_dll_tx.sv:0$3091'.
No latch inferred for signal `\vibe_dll_tx.\crc30_bit$func$/workspace/rtl/dll/vibe_dll_tx.sv:82$499.b' from process `\vibe_dll_tx.$proc$/workspace/rtl/dll/vibe_dll_tx.sv:0$3091'.
No latch inferred for signal `\vibe_dll_tx.\crc30_bit$func$/workspace/rtl/dll/vibe_dll_tx.sv:82$499.fb' from process `\vibe_dll_tx.$proc$/workspace/rtl/dll/vibe_dll_tx.sv:0$3091'.
No latch inferred for signal `\vibe_dll_tx.\crc30_bit$func$/workspace/rtl/dll/vibe_dll_tx.sv:82$500.$result' from process `\vibe_dll_tx.$proc$/workspace/rtl/dll/vibe_dll_tx.sv:0$3091'.
No latch inferred for signal `\vibe_dll_tx.\crc30_bit$func$/workspace/rtl/dll/vibe_dll_tx.sv:82$500.c' from process `\vibe_dll_tx.$proc$/workspace/rtl/dll/vibe_dll_tx.sv:0$3091'.
No latch inferred for signal `\vibe_dll_tx.\crc30_bit$func$/workspace/rtl/dll/vibe_dll_tx.sv:82$500.b' from process `\vibe_dll_tx.$proc$/workspace/rtl/dll/vibe_dll_tx.sv:0$3091'.
No latch inferred for signal `\vibe_dll_tx.\crc30_bit$func$/workspace/rtl/dll/vibe_dll_tx.sv:82$500.fb' from process `\vibe_dll_tx.$proc$/workspace/rtl/dll/vibe_dll_tx.sv:0$3091'.
No latch inferred for signal `\vibe_dll_tx.\crc30_bit$func$/workspace/rtl/dll/vibe_dll_tx.sv:82$501.$result' from process `\vibe_dll_tx.$proc$/workspace/rtl/dll/vibe_dll_tx.sv:0$3091'.
No latch inferred for signal `\vibe_dll_tx.\crc30_bit$func$/workspace/rtl/dll/vibe_dll_tx.sv:82$501.c' from process `\vibe_dll_tx.$proc$/workspace/rtl/dll/vibe_dll_tx.sv:0$3091'.
No latch inferred for signal `\vibe_dll_tx.\crc30_bit$func$/workspace/rtl/dll/vibe_dll_tx.sv:82$501.b' from process `\vibe_dll_tx.$proc$/workspace/rtl/dll/vibe_dll_tx.sv:0$3091'.
No latch inferred for signal `\vibe_dll_tx.\crc30_bit$func$/workspace/rtl/dll/vibe_dll_tx.sv:82$501.fb' from process `\vibe_dll_tx.$proc$/workspace/rtl/dll/vibe_dll_tx.sv:0$3091'.
No latch inferred for signal `\vibe_dll_tx.\crc30_bit$func$/workspace/rtl/dll/vibe_dll_tx.sv:82$502.$result' from process `\vibe_dll_tx.$proc$/workspace/rtl/dll/vibe_dll_tx.sv:0$3091'.
No latch inferred for signal `\vibe_dll_tx.\crc30_bit$func$/workspace/rtl/dll/vibe_dll_tx.sv:82$502.c' from process `\vibe_dll_tx.$proc$/workspace/rtl/dll/vibe_dll_tx.sv:0$3091'.
No latch inferred for signal `\vibe_dll_tx.\crc30_bit$func$/workspace/rtl/dll/vibe_dll_tx.sv:82$502.b' from process `\vibe_dll_tx.$proc$/workspace/rtl/dll/vibe_dll_tx.sv:0$3091'.
No latch inferred for signal `\vibe_dll_tx.\crc30_bit$func$/workspace/rtl/dll/vibe_dll_tx.sv:82$502.fb' from process `\vibe_dll_tx.$proc$/workspace/rtl/dll/vibe_dll_tx.sv:0$3091'.
No latch inferred for signal `\vibe_dll_tx.\crc30_bit$func$/workspace/rtl/dll/vibe_dll_tx.sv:82$503.$result' from process `\vibe_dll_tx.$proc$/workspace/rtl/dll/vibe_dll_tx.sv:0$3091'.
No latch inferred for signal `\vibe_dll_tx.\crc30_bit$func$/workspace/rtl/dll/vibe_dll_tx.sv:82$503.c' from process `\vibe_dll_tx.$proc$/workspace/rtl/dll/vibe_dll_tx.sv:0$3091'.
No latch inferred for signal `\vibe_dll_tx.\crc30_bit$func$/workspace/rtl/dll/vibe_dll_tx.sv:82$503.b' from process `\vibe_dll_tx.$proc$/workspace/rtl/dll/vibe_dll_tx.sv:0$3091'.
No latch inferred for signal `\vibe_dll_tx.\crc30_bit$func$/workspace/rtl/dll/vibe_dll_tx.sv:82$503.fb' from process `\vibe_dll_tx.$proc$/workspace/rtl/dll/vibe_dll_tx.sv:0$3091'.
No latch inferred for signal `\vibe_dll_tx.\crc30_flit$func$/workspace/rtl/dll/vibe_dll_tx.sv:114$13.$result' from process `\vibe_dll_tx.$proc$/workspace/rtl/dll/vibe_dll_tx.sv:0$1965'.
No latch inferred for signal `\vibe_dll_tx.\crc30_flit$func$/workspace/rtl/dll/vibe_dll_tx.sv:114$182.$result' from process `\vibe_dll_tx.$proc$/workspace/rtl/dll/vibe_dll_tx.sv:0$1965'.
No latch inferred for signal `\vibe_dll_tx.\crc30_flit$func$/workspace/rtl/dll/vibe_dll_tx.sv:114$182.c' from process `\vibe_dll_tx.$proc$/workspace/rtl/dll/vibe_dll_tx.sv:0$1965'.
No latch inferred for signal `\vibe_dll_tx.\crc30_flit$func$/workspace/rtl/dll/vibe_dll_tx.sv:114$182.f' from process `\vibe_dll_tx.$proc$/workspace/rtl/dll/vibe_dll_tx.sv:0$1965'.
No latch inferred for signal `\vibe_dll_tx.\crc30_flit$func$/workspace/rtl/dll/vibe_dll_tx.sv:114$182.i' from process `\vibe_dll_tx.$proc$/workspace/rtl/dll/vibe_dll_tx.sv:0$1965'.
No latch inferred for signal `\vibe_dll_tx.\crc30_bit$func$/workspace/rtl/dll/vibe_dll_tx.sv:82$183.$result' from process `\vibe_dll_tx.$proc$/workspace/rtl/dll/vibe_dll_tx.sv:0$1965'.
No latch inferred for signal `\vibe_dll_tx.\crc30_bit$func$/workspace/rtl/dll/vibe_dll_tx.sv:82$183.c' from process `\vibe_dll_tx.$proc$/workspace/rtl/dll/vibe_dll_tx.sv:0$1965'.
No latch inferred for signal `\vibe_dll_tx.\crc30_bit$func$/workspace/rtl/dll/vibe_dll_tx.sv:82$183.b' from process `\vibe_dll_tx.$proc$/workspace/rtl/dll/vibe_dll_tx.sv:0$1965'.
No latch inferred for signal `\vibe_dll_tx.\crc30_bit$func$/workspace/rtl/dll/vibe_dll_tx.sv:82$183.fb' from process `\vibe_dll_tx.$proc$/workspace/rtl/dll/vibe_dll_tx.sv:0$1965'.
No latch inferred for signal `\vibe_dll_tx.\crc30_bit$func$/workspace/rtl/dll/vibe_dll_tx.sv:82$184.$result' from process `\vibe_dll_tx.$proc$/workspace/rtl/dll/vibe_dll_tx.sv:0$1965'.
No latch inferred for signal `\vibe_dll_tx.\crc30_bit$func$/workspace/rtl/dll/vibe_dll_tx.sv:82$184.c' from process `\vibe_dll_tx.$proc$/workspace/rtl/dll/vibe_dll_tx.sv:0$1965'.
No latch inferred for signal `\vibe_dll_tx.\crc30_bit$func$/workspace/rtl/dll/vibe_dll_tx.sv:82$184.b' from process `\vibe_dll_tx.$proc$/workspace/rtl/dll/vibe_dll_tx.sv:0$1965'.
No latch inferred for signal `\vibe_dll_tx.\crc30_bit$func$/workspace/rtl/dll/vibe_dll_tx.sv:82$184.fb' from process `\vibe_dll_tx.$proc$/workspace/rtl/dll/vibe_dll_tx.sv:0$1965'.
No latch inferred for signal `\vibe_dll_tx.\crc30_bit$func$/workspace/rtl/dll/vibe_dll_tx.sv:82$185.$result' from process `\vibe_dll_tx.$proc$/workspace/rtl/dll/vibe_dll_tx.sv:0$1965'.
No latch inferred for signal `\vibe_dll_tx.\crc30_bit$func$/workspace/rtl/dll/vibe_dll_tx.sv:82$185.c' from process `\vibe_dll_tx.$proc$/workspace/rtl/dll/vibe_dll_tx.sv:0$1965'.
No latch inferred for signal `\vibe_dll_tx.\crc30_bit$func$/workspace/rtl/dll/vibe_dll_tx.sv:82$185.b' from process `\vibe_dll_tx.$proc$/workspace/rtl/dll/vibe_dll_tx.sv:0$1965'.
No latch inferred for signal `\vibe_dll_tx.\crc30_bit$func$/workspace/rtl/dll/vibe_dll_tx.sv:82$185.fb' from process `\vibe_dll_tx.$proc$/workspace/rtl/dll/vibe_dll_tx.sv:0$1965'.
No latch inferred for signal `\vibe_dll_tx.\crc30_bit$func$/workspace/rtl/dll/vibe_dll_tx.sv:82$186.$result' from process `\vibe_dll_tx.$proc$/workspace/rtl/dll/vibe_dll_tx.sv:0$1965'.
No latch inferred for signal `\vibe_dll_tx.\crc30_bit$func$/workspace/rtl/dll/vibe_dll_tx.sv:82$186.c' from process `\vibe_dll_tx.$proc$/workspace/rtl/dll/vibe_dll_tx.sv:0$1965'.
No latch inferred for signal `\vibe_dll_tx.\crc30_bit$func$/workspace/rtl/dll/vibe_dll_tx.sv:82$186.b' from process `\vibe_dll_tx.$proc$/workspace/rtl/dll/vibe_dll_tx.sv:0$1965'.
No latch inferred for signal `\vibe_dll_tx.\crc30_bit$func$/workspace/rtl/dll/vibe_dll_tx.sv:82$186.fb' from process `\vibe_dll_tx.$proc$/workspace/rtl/dll/vibe_dll_tx.sv:0$1965'.
No latch inferred for signal `\vibe_dll_tx.\crc30_bit$func$/workspace/rtl/dll/vibe_dll_tx.sv:82$187.$result' from process `\vibe_dll_tx.$proc$/workspace/rtl/dll/vibe_dll_tx.sv:0$1965'.
No latch inferred for signal `\vibe_dll_tx.\crc30_bit$func$/workspace/rtl/dll/vibe_dll_tx.sv:82$187.c' from process `\vibe_dll_tx.$proc$/workspace/rtl/dll/vibe_dll_tx.sv:0$1965'.
No latch inferred for signal `\vibe_dll_tx.\crc30_bit$func$/workspace/rtl/dll/vibe_dll_tx.sv:82$187.b' from process `\vibe_dll_tx.$proc$/workspace/rtl/dll/vibe_dll_tx.sv:0$1965'.
No latch inferred for signal `\vibe_dll_tx.\crc30_bit$func$/workspace/rtl/dll/vibe_dll_tx.sv:82$187.fb' from process `\vibe_dll_tx.$proc$/workspace/rtl/dll/vibe_dll_tx.sv:0$1965'.
No latch inferred for signal `\vibe_dll_tx.\crc30_bit$func$/workspace/rtl/dll/vibe_dll_tx.sv:82$188.$result' from process `\vibe_dll_tx.$proc$/workspace/rtl/dll/vibe_dll_tx.sv:0$1965'.
No latch inferred for signal `\vibe_dll_tx.\crc30_bit$func$/workspace/rtl/dll/vibe_dll_tx.sv:82$188.c' from process `\vibe_dll_tx.$proc$/workspace/rtl/dll/vibe_dll_tx.sv:0$1965'.
No latch inferred for signal `\vibe_dll_tx.\crc30_bit$func$/workspace/rtl/dll/vibe_dll_tx.sv:82$188.b' from process `\vibe_dll_tx.$proc$/workspace/rtl/dll/vibe_dll_tx.sv:0$1965'.
No latch inferred for signal `\vibe_dll_tx.\crc30_bit$func$/workspace/rtl/dll/vibe_dll_tx.sv:82$188.fb' from process `\vibe_dll_tx.$proc$/workspace/rtl/dll/vibe_dll_tx.sv:0$1965'.
No latch inferred for signal `\vibe_dll_tx.\crc30_bit$func$/workspace/rtl/dll/vibe_dll_tx.sv:82$189.$result' from process `\vibe_dll_tx.$proc$/workspace/rtl/dll/vibe_dll_tx.sv:0$1965'.
No latch inferred for signal `\vibe_dll_tx.\crc30_bit$func$/workspace/rtl/dll/vibe_dll_tx.sv:82$189.c' from process `\vibe_dll_tx.$proc$/workspace/rtl/dll/vibe_dll_tx.sv:0$1965'.
No latch inferred for signal `\vibe_dll_tx.\crc30_bit$func$/workspace/rtl/dll/vibe_dll_tx.sv:82$189.b' from process `\vibe_dll_tx.$proc$/workspace/rtl/dll/vibe_dll_tx.sv:0$1965'.
No latch inferred for signal `\vibe_dll_tx.\crc30_bit$func$/workspace/rtl/dll/vibe_dll_tx.sv:82$189.fb' from process `\vibe_dll_tx.$proc$/workspace/rtl/dll/vibe_dll_tx.sv:0$1965'.
No latch inferred for signal `\vibe_dll_tx.\crc30_bit$func$/workspace/rtl/dll/vibe_dll_tx.sv:82$190.$result' from process `\vibe_dll_tx.$proc$/workspace/rtl/dll/vibe_dll_tx.sv:0$1965'.
No latch inferred for signal `\vibe_dll_tx.\crc30_bit$func$/workspace/rtl/dll/vibe_dll_tx.sv:82$190.c' from process `\vibe_dll_tx.$proc$/workspace/rtl/dll/vibe_dll_tx.sv:0$1965'.
No latch inferred for signal `\vibe_dll_tx.\crc30_bit$func$/workspace/rtl/dll/vibe_dll_tx.sv:82$190.b' from process `\vibe_dll_tx.$proc$/workspace/rtl/dll/vibe_dll_tx.sv:0$1965'.
No latch inferred for signal `\vibe_dll_tx.\crc30_bit$func$/workspace/rtl/dll/vibe_dll_tx.sv:82$190.fb' from process `\vibe_dll_tx.$proc$/workspace/rtl/dll/vibe_dll_tx.sv:0$1965'.
No latch inferred for signal `\vibe_dll_tx.\crc30_bit$func$/workspace/rtl/dll/vibe_dll_tx.sv:82$191.$result' from process `\vibe_dll_tx.$proc$/workspace/rtl/dll/vibe_dll_tx.sv:0$1965'.
No latch inferred for signal `\vibe_dll_tx.\crc30_bit$func$/workspace/rtl/dll/vibe_dll_tx.sv:82$191.c' from process `\vibe_dll_tx.$proc$/workspace/rtl/dll/vibe_dll_tx.sv:0$1965'.
No latch inferred for signal `\vibe_dll_tx.\crc30_bit$func$/workspace/rtl/dll/vibe_dll_tx.sv:82$191.b' from process `\vibe_dll_tx.$proc$/workspace/rtl/dll/vibe_dll_tx.sv:0$1965'.
No latch inferred for signal `\vibe_dll_tx.\crc30_bit$func$/workspace/rtl/dll/vibe_dll_tx.sv:82$191.fb' from process `\vibe_dll_tx.$proc$/workspace/rtl/dll/vibe_dll_tx.sv:0$1965'.
No latch inferred for signal `\vibe_dll_tx.\crc30_bit$func$/workspace/rtl/dll/vibe_dll_tx.sv:82$192.$result' from process `\vibe_dll_tx.$proc$/workspace/rtl/dll/vibe_dll_tx.sv:0$1965'.
No latch inferred for signal `\vibe_dll_tx.\crc30_bit$func$/workspace/rtl/dll/vibe_dll_tx.sv:82$192.c' from process `\vibe_dll_tx.$proc$/workspace/rtl/dll/vibe_dll_tx.sv:0$1965'.
No latch inferred for signal `\vibe_dll_tx.\crc30_bit$func$/workspace/rtl/dll/vibe_dll_tx.sv:82$192.b' from process `\vibe_dll_tx.$proc$/workspace/rtl/dll/vibe_dll_tx.sv:0$1965'.
No latch inferred for signal `\vibe_dll_tx.\crc30_bit$func$/workspace/rtl/dll/vibe_dll_tx.sv:82$192.fb' from process `\vibe_dll_tx.$proc$/workspace/rtl/dll/vibe_dll_tx.sv:0$1965'.
No latch inferred for signal `\vibe_dll_tx.\crc30_bit$func$/workspace/rtl/dll/vibe_dll_tx.sv:82$193.$result' from process `\vibe_dll_tx.$proc$/workspace/rtl/dll/vibe_dll_tx.sv:0$1965'.
No latch inferred for signal `\vibe_dll_tx.\crc30_bit$func$/workspace/rtl/dll/vibe_dll_tx.sv:82$193.c' from process `\vibe_dll_tx.$proc$/workspace/rtl/dll/vibe_dll_tx.sv:0$1965'.
No latch inferred for signal `\vibe_dll_tx.\crc30_bit$func$/workspace/rtl/dll/vibe_dll_tx.sv:82$193.b' from process `\vibe_dll_tx.$proc$/workspace/rtl/dll/vibe_dll_tx.sv:0$1965'.
No latch inferred for signal `\vibe_dll_tx.\crc30_bit$func$/workspace/rtl/dll/vibe_dll_tx.sv:82$193.fb' from process `\vibe_dll_tx.$proc$/workspace/rtl/dll/vibe_dll_tx.sv:0$1965'.
No latch inferred for signal `\vibe_dll_tx.\crc30_bit$func$/workspace/rtl/dll/vibe_dll_tx.sv:82$194.$result' from process `\vibe_dll_tx.$proc$/workspace/rtl/dll/vibe_dll_tx.sv:0$1965'.
No latch inferred for signal `\vibe_dll_tx.\crc30_bit$func$/workspace/rtl/dll/vibe_dll_tx.sv:82$194.c' from process `\vibe_dll_tx.$proc$/workspace/rtl/dll/vibe_dll_tx.sv:0$1965'.
No latch inferred for signal `\vibe_dll_tx.\crc30_bit$func$/workspace/rtl/dll/vibe_dll_tx.sv:82$194.b' from process `\vibe_dll_tx.$proc$/workspace/rtl/dll/vibe_dll_tx.sv:0$1965'.
No latch inferred for signal `\vibe_dll_tx.\crc30_bit$func$/workspace/rtl/dll/vibe_dll_tx.sv:82$194.fb' from process `\vibe_dll_tx.$proc$/workspace/rtl/dll/vibe_dll_tx.sv:0$1965'.
No latch inferred for signal `\vibe_dll_tx.\crc30_bit$func$/workspace/rtl/dll/vibe_dll_tx.sv:82$195.$result' from process `\vibe_dll_tx.$proc$/workspace/rtl/dll/vibe_dll_tx.sv:0$1965'.
No latch inferred for signal `\vibe_dll_tx.\crc30_bit$func$/workspace/rtl/dll/vibe_dll_tx.sv:82$195.c' from process `\vibe_dll_tx.$proc$/workspace/rtl/dll/vibe_dll_tx.sv:0$1965'.
No latch inferred for signal `\vibe_dll_tx.\crc30_bit$func$/workspace/rtl/dll/vibe_dll_tx.sv:82$195.b' from process `\vibe_dll_tx.$proc$/workspace/rtl/dll/vibe_dll_tx.sv:0$1965'.
No latch inferred for signal `\vibe_dll_tx.\crc30_bit$func$/workspace/rtl/dll/vibe_dll_tx.sv:82$195.fb' from process `\vibe_dll_tx.$proc$/workspace/rtl/dll/vibe_dll_tx.sv:0$1965'.
No latch inferred for signal `\vibe_dll_tx.\crc30_bit$func$/workspace/rtl/dll/vibe_dll_tx.sv:82$196.$result' from process `\vibe_dll_tx.$proc$/workspace/rtl/dll/vibe_dll_tx.sv:0$1965'.
No latch inferred for signal `\vibe_dll_tx.\crc30_bit$func$/workspace/rtl/dll/vibe_dll_tx.sv:82$196.c' from process `\vibe_dll_tx.$proc$/workspace/rtl/dll/vibe_dll_tx.sv:0$1965'.
No latch inferred for signal `\vibe_dll_tx.\crc30_bit$func$/workspace/rtl/dll/vibe_dll_tx.sv:82$196.b' from process `\vibe_dll_tx.$proc$/workspace/rtl/dll/vibe_dll_tx.sv:0$1965'.
No latch inferred for signal `\vibe_dll_tx.\crc30_bit$func$/workspace/rtl/dll/vibe_dll_tx.sv:82$196.fb' from process `\vibe_dll_tx.$proc$/workspace/rtl/dll/vibe_dll_tx.sv:0$1965'.
No latch inferred for signal `\vibe_dll_tx.\crc30_bit$func$/workspace/rtl/dll/vibe_dll_tx.sv:82$197.$result' from process `\vibe_dll_tx.$proc$/workspace/rtl/dll/vibe_dll_tx.sv:0$1965'.
No latch inferred for signal `\vibe_dll_tx.\crc30_bit$func$/workspace/rtl/dll/vibe_dll_tx.sv:82$197.c' from process `\vibe_dll_tx.$proc$/workspace/rtl/dll/vibe_dll_tx.sv:0$1965'.
No latch inferred for signal `\vibe_dll_tx.\crc30_bit$func$/workspace/rtl/dll/vibe_dll_tx.sv:82$197.b' from process `\vibe_dll_tx.$proc$/workspace/rtl/dll/vibe_dll_tx.sv:0$1965'.
No latch inferred for signal `\vibe_dll_tx.\crc30_bit$func$/workspace/rtl/dll/vibe_dll_tx.sv:82$197.fb' from process `\vibe_dll_tx.$proc$/workspace/rtl/dll/vibe_dll_tx.sv:0$1965'.
No latch inferred for signal `\vibe_dll_tx.\crc30_bit$func$/workspace/rtl/dll/vibe_dll_tx.sv:82$198.$result' from process `\vibe_dll_tx.$proc$/workspace/rtl/dll/vibe_dll_tx.sv:0$1965'.
No latch inferred for signal `\vibe_dll_tx.\crc30_bit$func$/workspace/rtl/dll/vibe_dll_tx.sv:82$198.c' from process `\vibe_dll_tx.$proc$/workspace/rtl/dll/vibe_dll_tx.sv:0$1965'.
No latch inferred for signal `\vibe_dll_tx.\crc30_bit$func$/workspace/rtl/dll/vibe_dll_tx.sv:82$198.b' from process `\vibe_dll_tx.$proc$/workspace/rtl/dll/vibe_dll_tx.sv:0$1965'.
No latch inferred for signal `\vibe_dll_tx.\crc30_bit$func$/workspace/rtl/dll/vibe_dll_tx.sv:82$198.fb' from process `\vibe_dll_tx.$proc$/workspace/rtl/dll/vibe_dll_tx.sv:0$1965'.
No latch inferred for signal `\vibe_dll_tx.\crc30_bit$func$/workspace/rtl/dll/vibe_dll_tx.sv:82$199.$result' from process `\vibe_dll_tx.$proc$/workspace/rtl/dll/vibe_dll_tx.sv:0$1965'.
No latch inferred for signal `\vibe_dll_tx.\crc30_bit$func$/workspace/rtl/dll/vibe_dll_tx.sv:82$199.c' from process `\vibe_dll_tx.$proc$/workspace/rtl/dll/vibe_dll_tx.sv:0$1965'.
No latch inferred for signal `\vibe_dll_tx.\crc30_bit$func$/workspace/rtl/dll/vibe_dll_tx.sv:82$199.b' from process `\vibe_dll_tx.$proc$/workspace/rtl/dll/vibe_dll_tx.sv:0$1965'.
No latch inferred for signal `\vibe_dll_tx.\crc30_bit$func$/workspace/rtl/dll/vibe_dll_tx.sv:82$199.fb' from process `\vibe_dll_tx.$proc$/workspace/rtl/dll/vibe_dll_tx.sv:0$1965'.
No latch inferred for signal `\vibe_dll_tx.\crc30_bit$func$/workspace/rtl/dll/vibe_dll_tx.sv:82$200.$result' from process `\vibe_dll_tx.$proc$/workspace/rtl/dll/vibe_dll_tx.sv:0$1965'.
No latch inferred for signal `\vibe_dll_tx.\crc30_bit$func$/workspace/rtl/dll/vibe_dll_tx.sv:82$200.c' from process `\vibe_dll_tx.$proc$/workspace/rtl/dll/vibe_dll_tx.sv:0$1965'.
No latch inferred for signal `\vibe_dll_tx.\crc30_bit$func$/workspace/rtl/dll/vibe_dll_tx.sv:82$200.b' from process `\vibe_dll_tx.$proc$/workspace/rtl/dll/vibe_dll_tx.sv:0$1965'.
No latch inferred for signal `\vibe_dll_tx.\crc30_bit$func$/workspace/rtl/dll/vibe_dll_tx.sv:82$200.fb' from process `\vibe_dll_tx.$proc$/workspace/rtl/dll/vibe_dll_tx.sv:0$1965'.
No latch inferred for signal `\vibe_dll_tx.\crc30_bit$func$/workspace/rtl/dll/vibe_dll_tx.sv:82$201.$result' from process `\vibe_dll_tx.$proc$/workspace/rtl/dll/vibe_dll_tx.sv:0$1965'.
No latch inferred for signal `\vibe_dll_tx.\crc30_bit$func$/workspace/rtl/dll/vibe_dll_tx.sv:82$201.c' from process `\vibe_dll_tx.$proc$/workspace/rtl/dll/vibe_dll_tx.sv:0$1965'.
No latch inferred for signal `\vibe_dll_tx.\crc30_bit$func$/workspace/rtl/dll/vibe_dll_tx.sv:82$201.b' from process `\vibe_dll_tx.$proc$/workspace/rtl/dll/vibe_dll_tx.sv:0$1965'.
No latch inferred for signal `\vibe_dll_tx.\crc30_bit$func$/workspace/rtl/dll/vibe_dll_tx.sv:82$201.fb' from process `\vibe_dll_tx.$proc$/workspace/rtl/dll/vibe_dll_tx.sv:0$1965'.
No latch inferred for signal `\vibe_dll_tx.\crc30_bit$func$/workspace/rtl/dll/vibe_dll_tx.sv:82$202.$result' from process `\vibe_dll_tx.$proc$/workspace/rtl/dll/vibe_dll_tx.sv:0$1965'.
No latch inferred for signal `\vibe_dll_tx.\crc30_bit$func$/workspace/rtl/dll/vibe_dll_tx.sv:82$202.c' from process `\vibe_dll_tx.$proc$/workspace/rtl/dll/vibe_dll_tx.sv:0$1965'.
No latch inferred for signal `\vibe_dll_tx.\crc30_bit$func$/workspace/rtl/dll/vibe_dll_tx.sv:82$202.b' from process `\vibe_dll_tx.$proc$/workspace/rtl/dll/vibe_dll_tx.sv:0$1965'.
No latch inferred for signal `\vibe_dll_tx.\crc30_bit$func$/workspace/rtl/dll/vibe_dll_tx.sv:82$202.fb' from process `\vibe_dll_tx.$proc$/workspace/rtl/dll/vibe_dll_tx.sv:0$1965'.
No latch inferred for signal `\vibe_dll_tx.\crc30_bit$func$/workspace/rtl/dll/vibe_dll_tx.sv:82$203.$result' from process `\vibe_dll_tx.$proc$/workspace/rtl/dll/vibe_dll_tx.sv:0$1965'.
No latch inferred for signal `\vibe_dll_tx.\crc30_bit$func$/workspace/rtl/dll/vibe_dll_tx.sv:82$203.c' from process `\vibe_dll_tx.$proc$/workspace/rtl/dll/vibe_dll_tx.sv:0$1965'.
No latch inferred for signal `\vibe_dll_tx.\crc30_bit$func$/workspace/rtl/dll/vibe_dll_tx.sv:82$203.b' from process `\vibe_dll_tx.$proc$/workspace/rtl/dll/vibe_dll_tx.sv:0$1965'.
No latch inferred for signal `\vibe_dll_tx.\crc30_bit$func$/workspace/rtl/dll/vibe_dll_tx.sv:82$203.fb' from process `\vibe_dll_tx.$proc$/workspace/rtl/dll/vibe_dll_tx.sv:0$1965'.
No latch inferred for signal `\vibe_dll_tx.\crc30_bit$func$/workspace/rtl/dll/vibe_dll_tx.sv:82$204.$result' from process `\vibe_dll_tx.$proc$/workspace/rtl/dll/vibe_dll_tx.sv:0$1965'.
No latch inferred for signal `\vibe_dll_tx.\crc30_bit$func$/workspace/rtl/dll/vibe_dll_tx.sv:82$204.c' from process `\vibe_dll_tx.$proc$/workspace/rtl/dll/vibe_dll_tx.sv:0$1965'.
No latch inferred for signal `\vibe_dll_tx.\crc30_bit$func$/workspace/rtl/dll/vibe_dll_tx.sv:82$204.b' from process `\vibe_dll_tx.$proc$/workspace/rtl/dll/vibe_dll_tx.sv:0$1965'.
No latch inferred for signal `\vibe_dll_tx.\crc30_bit$func$/workspace/rtl/dll/vibe_dll_tx.sv:82$204.fb' from process `\vibe_dll_tx.$proc$/workspace/rtl/dll/vibe_dll_tx.sv:0$1965'.
No latch inferred for signal `\vibe_dll_tx.\crc30_bit$func$/workspace/rtl/dll/vibe_dll_tx.sv:82$205.$result' from process `\vibe_dll_tx.$proc$/workspace/rtl/dll/vibe_dll_tx.sv:0$1965'.
No latch inferred for signal `\vibe_dll_tx.\crc30_bit$func$/workspace/rtl/dll/vibe_dll_tx.sv:82$205.c' from process `\vibe_dll_tx.$proc$/workspace/rtl/dll/vibe_dll_tx.sv:0$1965'.
No latch inferred for signal `\vibe_dll_tx.\crc30_bit$func$/workspace/rtl/dll/vibe_dll_tx.sv:82$205.b' from process `\vibe_dll_tx.$proc$/workspace/rtl/dll/vibe_dll_tx.sv:0$1965'.
No latch inferred for signal `\vibe_dll_tx.\crc30_bit$func$/workspace/rtl/dll/vibe_dll_tx.sv:82$205.fb' from process `\vibe_dll_tx.$proc$/workspace/rtl/dll/vibe_dll_tx.sv:0$1965'.
No latch inferred for signal `\vibe_dll_tx.\crc30_bit$func$/workspace/rtl/dll/vibe_dll_tx.sv:82$206.$result' from process `\vibe_dll_tx.$proc$/workspace/rtl/dll/vibe_dll_tx.sv:0$1965'.
No latch inferred for signal `\vibe_dll_tx.\crc30_bit$func$/workspace/rtl/dll/vibe_dll_tx.sv:82$206.c' from process `\vibe_dll_tx.$proc$/workspace/rtl/dll/vibe_dll_tx.sv:0$1965'.
No latch inferred for signal `\vibe_dll_tx.\crc30_bit$func$/workspace/rtl/dll/vibe_dll_tx.sv:82$206.b' from process `\vibe_dll_tx.$proc$/workspace/rtl/dll/vibe_dll_tx.sv:0$1965'.
No latch inferred for signal `\vibe_dll_tx.\crc30_bit$func$/workspace/rtl/dll/vibe_dll_tx.sv:82$206.fb' from process `\vibe_dll_tx.$proc$/workspace/rtl/dll/vibe_dll_tx.sv:0$1965'.
No latch inferred for signal `\vibe_dll_tx.\crc30_bit$func$/workspace/rtl/dll/vibe_dll_tx.sv:82$207.$result' from process `\vibe_dll_tx.$proc$/workspace/rtl/dll/vibe_dll_tx.sv:0$1965'.
No latch inferred for signal `\vibe_dll_tx.\crc30_bit$func$/workspace/rtl/dll/vibe_dll_tx.sv:82$207.c' from process `\vibe_dll_tx.$proc$/workspace/rtl/dll/vibe_dll_tx.sv:0$1965'.
No latch inferred for signal `\vibe_dll_tx.\crc30_bit$func$/workspace/rtl/dll/vibe_dll_tx.sv:82$207.b' from process `\vibe_dll_tx.$proc$/workspace/rtl/dll/vibe_dll_tx.sv:0$1965'.
No latch inferred for signal `\vibe_dll_tx.\crc30_bit$func$/workspace/rtl/dll/vibe_dll_tx.sv:82$207.fb' from process `\vibe_dll_tx.$proc$/workspace/rtl/dll/vibe_dll_tx.sv:0$1965'.
No latch inferred for signal `\vibe_dll_tx.\crc30_bit$func$/workspace/rtl/dll/vibe_dll_tx.sv:82$208.$result' from process `\vibe_dll_tx.$proc$/workspace/rtl/dll/vibe_dll_tx.sv:0$1965'.
No latch inferred for signal `\vibe_dll_tx.\crc30_bit$func$/workspace/rtl/dll/vibe_dll_tx.sv:82$208.c' from process `\vibe_dll_tx.$proc$/workspace/rtl/dll/vibe_dll_tx.sv:0$1965'.
No latch inferred for signal `\vibe_dll_tx.\crc30_bit$func$/workspace/rtl/dll/vibe_dll_tx.sv:82$208.b' from process `\vibe_dll_tx.$proc$/workspace/rtl/dll/vibe_dll_tx.sv:0$1965'.
No latch inferred for signal `\vibe_dll_tx.\crc30_bit$func$/workspace/rtl/dll/vibe_dll_tx.sv:82$208.fb' from process `\vibe_dll_tx.$proc$/workspace/rtl/dll/vibe_dll_tx.sv:0$1965'.
No latch inferred for signal `\vibe_dll_tx.\crc30_bit$func$/workspace/rtl/dll/vibe_dll_tx.sv:82$209.$result' from process `\vibe_dll_tx.$proc$/workspace/rtl/dll/vibe_dll_tx.sv:0$1965'.
No latch inferred for signal `\vibe_dll_tx.\crc30_bit$func$/workspace/rtl/dll/vibe_dll_tx.sv:82$209.c' from process `\vibe_dll_tx.$proc$/workspace/rtl/dll/vibe_dll_tx.sv:0$1965'.
No latch inferred for signal `\vibe_dll_tx.\crc30_bit$func$/workspace/rtl/dll/vibe_dll_tx.sv:82$209.b' from process `\vibe_dll_tx.$proc$/workspace/rtl/dll/vibe_dll_tx.sv:0$1965'.
No latch inferred for signal `\vibe_dll_tx.\crc30_bit$func$/workspace/rtl/dll/vibe_dll_tx.sv:82$209.fb' from process `\vibe_dll_tx.$proc$/workspace/rtl/dll/vibe_dll_tx.sv:0$1965'.
No latch inferred for signal `\vibe_dll_tx.\crc30_bit$func$/workspace/rtl/dll/vibe_dll_tx.sv:82$210.$result' from process `\vibe_dll_tx.$proc$/workspace/rtl/dll/vibe_dll_tx.sv:0$1965'.
No latch inferred for signal `\vibe_dll_tx.\crc30_bit$func$/workspace/rtl/dll/vibe_dll_tx.sv:82$210.c' from process `\vibe_dll_tx.$proc$/workspace/rtl/dll/vibe_dll_tx.sv:0$1965'.
No latch inferred for signal `\vibe_dll_tx.\crc30_bit$func$/workspace/rtl/dll/vibe_dll_tx.sv:82$210.b' from process `\vibe_dll_tx.$proc$/workspace/rtl/dll/vibe_dll_tx.sv:0$1965'.
No latch inferred for signal `\vibe_dll_tx.\crc30_bit$func$/workspace/rtl/dll/vibe_dll_tx.sv:82$210.fb' from process `\vibe_dll_tx.$proc$/workspace/rtl/dll/vibe_dll_tx.sv:0$1965'.
No latch inferred for signal `\vibe_dll_tx.\crc30_bit$func$/workspace/rtl/dll/vibe_dll_tx.sv:82$211.$result' from process `\vibe_dll_tx.$proc$/workspace/rtl/dll/vibe_dll_tx.sv:0$1965'.
No latch inferred for signal `\vibe_dll_tx.\crc30_bit$func$/workspace/rtl/dll/vibe_dll_tx.sv:82$211.c' from process `\vibe_dll_tx.$proc$/workspace/rtl/dll/vibe_dll_tx.sv:0$1965'.
No latch inferred for signal `\vibe_dll_tx.\crc30_bit$func$/workspace/rtl/dll/vibe_dll_tx.sv:82$211.b' from process `\vibe_dll_tx.$proc$/workspace/rtl/dll/vibe_dll_tx.sv:0$1965'.
No latch inferred for signal `\vibe_dll_tx.\crc30_bit$func$/workspace/rtl/dll/vibe_dll_tx.sv:82$211.fb' from process `\vibe_dll_tx.$proc$/workspace/rtl/dll/vibe_dll_tx.sv:0$1965'.
No latch inferred for signal `\vibe_dll_tx.\crc30_bit$func$/workspace/rtl/dll/vibe_dll_tx.sv:82$212.$result' from process `\vibe_dll_tx.$proc$/workspace/rtl/dll/vibe_dll_tx.sv:0$1965'.
No latch inferred for signal `\vibe_dll_tx.\crc30_bit$func$/workspace/rtl/dll/vibe_dll_tx.sv:82$212.c' from process `\vibe_dll_tx.$proc$/workspace/rtl/dll/vibe_dll_tx.sv:0$1965'.
No latch inferred for signal `\vibe_dll_tx.\crc30_bit$func$/workspace/rtl/dll/vibe_dll_tx.sv:82$212.b' from process `\vibe_dll_tx.$proc$/workspace/rtl/dll/vibe_dll_tx.sv:0$1965'.
No latch inferred for signal `\vibe_dll_tx.\crc30_bit$func$/workspace/rtl/dll/vibe_dll_tx.sv:82$212.fb' from process `\vibe_dll_tx.$proc$/workspace/rtl/dll/vibe_dll_tx.sv:0$1965'.
No latch inferred for signal `\vibe_dll_tx.\crc30_bit$func$/workspace/rtl/dll/vibe_dll_tx.sv:82$213.$result' from process `\vibe_dll_tx.$proc$/workspace/rtl/dll/vibe_dll_tx.sv:0$1965'.
No latch inferred for signal `\vibe_dll_tx.\crc30_bit$func$/workspace/rtl/dll/vibe_dll_tx.sv:82$213.c' from process `\vibe_dll_tx.$proc$/workspace/rtl/dll/vibe_dll_tx.sv:0$1965'.
No latch inferred for signal `\vibe_dll_tx.\crc30_bit$func$/workspace/rtl/dll/vibe_dll_tx.sv:82$213.b' from process `\vibe_dll_tx.$proc$/workspace/rtl/dll/vibe_dll_tx.sv:0$1965'.
No latch inferred for signal `\vibe_dll_tx.\crc30_bit$func$/workspace/rtl/dll/vibe_dll_tx.sv:82$213.fb' from process `\vibe_dll_tx.$proc$/workspace/rtl/dll/vibe_dll_tx.sv:0$1965'.
No latch inferred for signal `\vibe_dll_tx.\crc30_bit$func$/workspace/rtl/dll/vibe_dll_tx.sv:82$214.$result' from process `\vibe_dll_tx.$proc$/workspace/rtl/dll/vibe_dll_tx.sv:0$1965'.
No latch inferred for signal `\vibe_dll_tx.\crc30_bit$func$/workspace/rtl/dll/vibe_dll_tx.sv:82$214.c' from process `\vibe_dll_tx.$proc$/workspace/rtl/dll/vibe_dll_tx.sv:0$1965'.
No latch inferred for signal `\vibe_dll_tx.\crc30_bit$func$/workspace/rtl/dll/vibe_dll_tx.sv:82$214.b' from process `\vibe_dll_tx.$proc$/workspace/rtl/dll/vibe_dll_tx.sv:0$1965'.
No latch inferred for signal `\vibe_dll_tx.\crc30_bit$func$/workspace/rtl/dll/vibe_dll_tx.sv:82$214.fb' from process `\vibe_dll_tx.$proc$/workspace/rtl/dll/vibe_dll_tx.sv:0$1965'.
No latch inferred for signal `\vibe_dll_tx.\crc30_bit$func$/workspace/rtl/dll/vibe_dll_tx.sv:82$215.$result' from process `\vibe_dll_tx.$proc$/workspace/rtl/dll/vibe_dll_tx.sv:0$1965'.
No latch inferred for signal `\vibe_dll_tx.\crc30_bit$func$/workspace/rtl/dll/vibe_dll_tx.sv:82$215.c' from process `\vibe_dll_tx.$proc$/workspace/rtl/dll/vibe_dll_tx.sv:0$1965'.
No latch inferred for signal `\vibe_dll_tx.\crc30_bit$func$/workspace/rtl/dll/vibe_dll_tx.sv:82$215.b' from process `\vibe_dll_tx.$proc$/workspace/rtl/dll/vibe_dll_tx.sv:0$1965'.
No latch inferred for signal `\vibe_dll_tx.\crc30_bit$func$/workspace/rtl/dll/vibe_dll_tx.sv:82$215.fb' from process `\vibe_dll_tx.$proc$/workspace/rtl/dll/vibe_dll_tx.sv:0$1965'.
No latch inferred for signal `\vibe_dll_tx.\crc30_bit$func$/workspace/rtl/dll/vibe_dll_tx.sv:82$216.$result' from process `\vibe_dll_tx.$proc$/workspace/rtl/dll/vibe_dll_tx.sv:0$1965'.
No latch inferred for signal `\vibe_dll_tx.\crc30_bit$func$/workspace/rtl/dll/vibe_dll_tx.sv:82$216.c' from process `\vibe_dll_tx.$proc$/workspace/rtl/dll/vibe_dll_tx.sv:0$1965'.
No latch inferred for signal `\vibe_dll_tx.\crc30_bit$func$/workspace/rtl/dll/vibe_dll_tx.sv:82$216.b' from process `\vibe_dll_tx.$proc$/workspace/rtl/dll/vibe_dll_tx.sv:0$1965'.
No latch inferred for signal `\vibe_dll_tx.\crc30_bit$func$/workspace/rtl/dll/vibe_dll_tx.sv:82$216.fb' from process `\vibe_dll_tx.$proc$/workspace/rtl/dll/vibe_dll_tx.sv:0$1965'.
No latch inferred for signal `\vibe_dll_tx.\crc30_bit$func$/workspace/rtl/dll/vibe_dll_tx.sv:82$217.$result' from process `\vibe_dll_tx.$proc$/workspace/rtl/dll/vibe_dll_tx.sv:0$1965'.
No latch inferred for signal `\vibe_dll_tx.\crc30_bit$func$/workspace/rtl/dll/vibe_dll_tx.sv:82$217.c' from process `\vibe_dll_tx.$proc$/workspace/rtl/dll/vibe_dll_tx.sv:0$1965'.
No latch inferred for signal `\vibe_dll_tx.\crc30_bit$func$/workspace/rtl/dll/vibe_dll_tx.sv:82$217.b' from process `\vibe_dll_tx.$proc$/workspace/rtl/dll/vibe_dll_tx.sv:0$1965'.
No latch inferred for signal `\vibe_dll_tx.\crc30_bit$func$/workspace/rtl/dll/vibe_dll_tx.sv:82$217.fb' from process `\vibe_dll_tx.$proc$/workspace/rtl/dll/vibe_dll_tx.sv:0$1965'.
No latch inferred for signal `\vibe_dll_tx.\crc30_bit$func$/workspace/rtl/dll/vibe_dll_tx.sv:82$218.$result' from process `\vibe_dll_tx.$proc$/workspace/rtl/dll/vibe_dll_tx.sv:0$1965'.
No latch inferred for signal `\vibe_dll_tx.\crc30_bit$func$/workspace/rtl/dll/vibe_dll_tx.sv:82$218.c' from process `\vibe_dll_tx.$proc$/workspace/rtl/dll/vibe_dll_tx.sv:0$1965'.
No latch inferred for signal `\vibe_dll_tx.\crc30_bit$func$/workspace/rtl/dll/vibe_dll_tx.sv:82$218.b' from process `\vibe_dll_tx.$proc$/workspace/rtl/dll/vibe_dll_tx.sv:0$1965'.
No latch inferred for signal `\vibe_dll_tx.\crc30_bit$func$/workspace/rtl/dll/vibe_dll_tx.sv:82$218.fb' from process `\vibe_dll_tx.$proc$/workspace/rtl/dll/vibe_dll_tx.sv:0$1965'.
No latch inferred for signal `\vibe_dll_tx.\crc30_bit$func$/workspace/rtl/dll/vibe_dll_tx.sv:82$219.$result' from process `\vibe_dll_tx.$proc$/workspace/rtl/dll/vibe_dll_tx.sv:0$1965'.
No latch inferred for signal `\vibe_dll_tx.\crc30_bit$func$/workspace/rtl/dll/vibe_dll_tx.sv:82$219.c' from process `\vibe_dll_tx.$proc$/workspace/rtl/dll/vibe_dll_tx.sv:0$1965'.
No latch inferred for signal `\vibe_dll_tx.\crc30_bit$func$/workspace/rtl/dll/vibe_dll_tx.sv:82$219.b' from process `\vibe_dll_tx.$proc$/workspace/rtl/dll/vibe_dll_tx.sv:0$1965'.
No latch inferred for signal `\vibe_dll_tx.\crc30_bit$func$/workspace/rtl/dll/vibe_dll_tx.sv:82$219.fb' from process `\vibe_dll_tx.$proc$/workspace/rtl/dll/vibe_dll_tx.sv:0$1965'.
No latch inferred for signal `\vibe_dll_tx.\crc30_bit$func$/workspace/rtl/dll/vibe_dll_tx.sv:82$220.$result' from process `\vibe_dll_tx.$proc$/workspace/rtl/dll/vibe_dll_tx.sv:0$1965'.
No latch inferred for signal `\vibe_dll_tx.\crc30_bit$func$/workspace/rtl/dll/vibe_dll_tx.sv:82$220.c' from process `\vibe_dll_tx.$proc$/workspace/rtl/dll/vibe_dll_tx.sv:0$1965'.
No latch inferred for signal `\vibe_dll_tx.\crc30_bit$func$/workspace/rtl/dll/vibe_dll_tx.sv:82$220.b' from process `\vibe_dll_tx.$proc$/workspace/rtl/dll/vibe_dll_tx.sv:0$1965'.
No latch inferred for signal `\vibe_dll_tx.\crc30_bit$func$/workspace/rtl/dll/vibe_dll_tx.sv:82$220.fb' from process `\vibe_dll_tx.$proc$/workspace/rtl/dll/vibe_dll_tx.sv:0$1965'.
No latch inferred for signal `\vibe_dll_tx.\crc30_bit$func$/workspace/rtl/dll/vibe_dll_tx.sv:82$221.$result' from process `\vibe_dll_tx.$proc$/workspace/rtl/dll/vibe_dll_tx.sv:0$1965'.
No latch inferred for signal `\vibe_dll_tx.\crc30_bit$func$/workspace/rtl/dll/vibe_dll_tx.sv:82$221.c' from process `\vibe_dll_tx.$proc$/workspace/rtl/dll/vibe_dll_tx.sv:0$1965'.
No latch inferred for signal `\vibe_dll_tx.\crc30_bit$func$/workspace/rtl/dll/vibe_dll_tx.sv:82$221.b' from process `\vibe_dll_tx.$proc$/workspace/rtl/dll/vibe_dll_tx.sv:0$1965'.
No latch inferred for signal `\vibe_dll_tx.\crc30_bit$func$/workspace/rtl/dll/vibe_dll_tx.sv:82$221.fb' from process `\vibe_dll_tx.$proc$/workspace/rtl/dll/vibe_dll_tx.sv:0$1965'.
No latch inferred for signal `\vibe_dll_tx.\crc30_bit$func$/workspace/rtl/dll/vibe_dll_tx.sv:82$222.$result' from process `\vibe_dll_tx.$proc$/workspace/rtl/dll/vibe_dll_tx.sv:0$1965'.
No latch inferred for signal `\vibe_dll_tx.\crc30_bit$func$/workspace/rtl/dll/vibe_dll_tx.sv:82$222.c' from process `\vibe_dll_tx.$proc$/workspace/rtl/dll/vibe_dll_tx.sv:0$1965'.
No latch inferred for signal `\vibe_dll_tx.\crc30_bit$func$/workspace/rtl/dll/vibe_dll_tx.sv:82$222.b' from process `\vibe_dll_tx.$proc$/workspace/rtl/dll/vibe_dll_tx.sv:0$1965'.
No latch inferred for signal `\vibe_dll_tx.\crc30_bit$func$/workspace/rtl/dll/vibe_dll_tx.sv:82$222.fb' from process `\vibe_dll_tx.$proc$/workspace/rtl/dll/vibe_dll_tx.sv:0$1965'.
No latch inferred for signal `\vibe_dll_tx.\crc30_bit$func$/workspace/rtl/dll/vibe_dll_tx.sv:82$223.$result' from process `\vibe_dll_tx.$proc$/workspace/rtl/dll/vibe_dll_tx.sv:0$1965'.
No latch inferred for signal `\vibe_dll_tx.\crc30_bit$func$/workspace/rtl/dll/vibe_dll_tx.sv:82$223.c' from process `\vibe_dll_tx.$proc$/workspace/rtl/dll/vibe_dll_tx.sv:0$1965'.
No latch inferred for signal `\vibe_dll_tx.\crc30_bit$func$/workspace/rtl/dll/vibe_dll_tx.sv:82$223.b' from process `\vibe_dll_tx.$proc$/workspace/rtl/dll/vibe_dll_tx.sv:0$1965'.
No latch inferred for signal `\vibe_dll_tx.\crc30_bit$func$/workspace/rtl/dll/vibe_dll_tx.sv:82$223.fb' from process `\vibe_dll_tx.$proc$/workspace/rtl/dll/vibe_dll_tx.sv:0$1965'.
No latch inferred for signal `\vibe_dll_tx.\crc30_bit$func$/workspace/rtl/dll/vibe_dll_tx.sv:82$224.$result' from process `\vibe_dll_tx.$proc$/workspace/rtl/dll/vibe_dll_tx.sv:0$1965'.
No latch inferred for signal `\vibe_dll_tx.\crc30_bit$func$/workspace/rtl/dll/vibe_dll_tx.sv:82$224.c' from process `\vibe_dll_tx.$proc$/workspace/rtl/dll/vibe_dll_tx.sv:0$1965'.
No latch inferred for signal `\vibe_dll_tx.\crc30_bit$func$/workspace/rtl/dll/vibe_dll_tx.sv:82$224.b' from process `\vibe_dll_tx.$proc$/workspace/rtl/dll/vibe_dll_tx.sv:0$1965'.
No latch inferred for signal `\vibe_dll_tx.\crc30_bit$func$/workspace/rtl/dll/vibe_dll_tx.sv:82$224.fb' from process `\vibe_dll_tx.$proc$/workspace/rtl/dll/vibe_dll_tx.sv:0$1965'.
No latch inferred for signal `\vibe_dll_tx.\crc30_bit$func$/workspace/rtl/dll/vibe_dll_tx.sv:82$225.$result' from process `\vibe_dll_tx.$proc$/workspace/rtl/dll/vibe_dll_tx.sv:0$1965'.
No latch inferred for signal `\vibe_dll_tx.\crc30_bit$func$/workspace/rtl/dll/vibe_dll_tx.sv:82$225.c' from process `\vibe_dll_tx.$proc$/workspace/rtl/dll/vibe_dll_tx.sv:0$1965'.
No latch inferred for signal `\vibe_dll_tx.\crc30_bit$func$/workspace/rtl/dll/vibe_dll_tx.sv:82$225.b' from process `\vibe_dll_tx.$proc$/workspace/rtl/dll/vibe_dll_tx.sv:0$1965'.
No latch inferred for signal `\vibe_dll_tx.\crc30_bit$func$/workspace/rtl/dll/vibe_dll_tx.sv:82$225.fb' from process `\vibe_dll_tx.$proc$/workspace/rtl/dll/vibe_dll_tx.sv:0$1965'.
No latch inferred for signal `\vibe_dll_tx.\crc30_bit$func$/workspace/rtl/dll/vibe_dll_tx.sv:82$226.$result' from process `\vibe_dll_tx.$proc$/workspace/rtl/dll/vibe_dll_tx.sv:0$1965'.
No latch inferred for signal `\vibe_dll_tx.\crc30_bit$func$/workspace/rtl/dll/vibe_dll_tx.sv:82$226.c' from process `\vibe_dll_tx.$proc$/workspace/rtl/dll/vibe_dll_tx.sv:0$1965'.
No latch inferred for signal `\vibe_dll_tx.\crc30_bit$func$/workspace/rtl/dll/vibe_dll_tx.sv:82$226.b' from process `\vibe_dll_tx.$proc$/workspace/rtl/dll/vibe_dll_tx.sv:0$1965'.
No latch inferred for signal `\vibe_dll_tx.\crc30_bit$func$/workspace/rtl/dll/vibe_dll_tx.sv:82$226.fb' from process `\vibe_dll_tx.$proc$/workspace/rtl/dll/vibe_dll_tx.sv:0$1965'.
No latch inferred for signal `\vibe_dll_tx.\crc30_bit$func$/workspace/rtl/dll/vibe_dll_tx.sv:82$227.$result' from process `\vibe_dll_tx.$proc$/workspace/rtl/dll/vibe_dll_tx.sv:0$1965'.
No latch inferred for signal `\vibe_dll_tx.\crc30_bit$func$/workspace/rtl/dll/vibe_dll_tx.sv:82$227.c' from process `\vibe_dll_tx.$proc$/workspace/rtl/dll/vibe_dll_tx.sv:0$1965'.
No latch inferred for signal `\vibe_dll_tx.\crc30_bit$func$/workspace/rtl/dll/vibe_dll_tx.sv:82$227.b' from process `\vibe_dll_tx.$proc$/workspace/rtl/dll/vibe_dll_tx.sv:0$1965'.
No latch inferred for signal `\vibe_dll_tx.\crc30_bit$func$/workspace/rtl/dll/vibe_dll_tx.sv:82$227.fb' from process `\vibe_dll_tx.$proc$/workspace/rtl/dll/vibe_dll_tx.sv:0$1965'.
No latch inferred for signal `\vibe_dll_tx.\crc30_bit$func$/workspace/rtl/dll/vibe_dll_tx.sv:82$228.$result' from process `\vibe_dll_tx.$proc$/workspace/rtl/dll/vibe_dll_tx.sv:0$1965'.
No latch inferred for signal `\vibe_dll_tx.\crc30_bit$func$/workspace/rtl/dll/vibe_dll_tx.sv:82$228.c' from process `\vibe_dll_tx.$proc$/workspace/rtl/dll/vibe_dll_tx.sv:0$1965'.
No latch inferred for signal `\vibe_dll_tx.\crc30_bit$func$/workspace/rtl/dll/vibe_dll_tx.sv:82$228.b' from process `\vibe_dll_tx.$proc$/workspace/rtl/dll/vibe_dll_tx.sv:0$1965'.
No latch inferred for signal `\vibe_dll_tx.\crc30_bit$func$/workspace/rtl/dll/vibe_dll_tx.sv:82$228.fb' from process `\vibe_dll_tx.$proc$/workspace/rtl/dll/vibe_dll_tx.sv:0$1965'.
No latch inferred for signal `\vibe_dll_tx.\crc30_bit$func$/workspace/rtl/dll/vibe_dll_tx.sv:82$229.$result' from process `\vibe_dll_tx.$proc$/workspace/rtl/dll/vibe_dll_tx.sv:0$1965'.
No latch inferred for signal `\vibe_dll_tx.\crc30_bit$func$/workspace/rtl/dll/vibe_dll_tx.sv:82$229.c' from process `\vibe_dll_tx.$proc$/workspace/rtl/dll/vibe_dll_tx.sv:0$1965'.
No latch inferred for signal `\vibe_dll_tx.\crc30_bit$func$/workspace/rtl/dll/vibe_dll_tx.sv:82$229.b' from process `\vibe_dll_tx.$proc$/workspace/rtl/dll/vibe_dll_tx.sv:0$1965'.
No latch inferred for signal `\vibe_dll_tx.\crc30_bit$func$/workspace/rtl/dll/vibe_dll_tx.sv:82$229.fb' from process `\vibe_dll_tx.$proc$/workspace/rtl/dll/vibe_dll_tx.sv:0$1965'.
No latch inferred for signal `\vibe_dll_tx.\crc30_bit$func$/workspace/rtl/dll/vibe_dll_tx.sv:82$230.$result' from process `\vibe_dll_tx.$proc$/workspace/rtl/dll/vibe_dll_tx.sv:0$1965'.
No latch inferred for signal `\vibe_dll_tx.\crc30_bit$func$/workspace/rtl/dll/vibe_dll_tx.sv:82$230.c' from process `\vibe_dll_tx.$proc$/workspace/rtl/dll/vibe_dll_tx.sv:0$1965'.
No latch inferred for signal `\vibe_dll_tx.\crc30_bit$func$/workspace/rtl/dll/vibe_dll_tx.sv:82$230.b' from process `\vibe_dll_tx.$proc$/workspace/rtl/dll/vibe_dll_tx.sv:0$1965'.
No latch inferred for signal `\vibe_dll_tx.\crc30_bit$func$/workspace/rtl/dll/vibe_dll_tx.sv:82$230.fb' from process `\vibe_dll_tx.$proc$/workspace/rtl/dll/vibe_dll_tx.sv:0$1965'.
No latch inferred for signal `\vibe_dll_tx.\crc30_bit$func$/workspace/rtl/dll/vibe_dll_tx.sv:82$231.$result' from process `\vibe_dll_tx.$proc$/workspace/rtl/dll/vibe_dll_tx.sv:0$1965'.
No latch inferred for signal `\vibe_dll_tx.\crc30_bit$func$/workspace/rtl/dll/vibe_dll_tx.sv:82$231.c' from process `\vibe_dll_tx.$proc$/workspace/rtl/dll/vibe_dll_tx.sv:0$1965'.
No latch inferred for signal `\vibe_dll_tx.\crc30_bit$func$/workspace/rtl/dll/vibe_dll_tx.sv:82$231.b' from process `\vibe_dll_tx.$proc$/workspace/rtl/dll/vibe_dll_tx.sv:0$1965'.
No latch inferred for signal `\vibe_dll_tx.\crc30_bit$func$/workspace/rtl/dll/vibe_dll_tx.sv:82$231.fb' from process `\vibe_dll_tx.$proc$/workspace/rtl/dll/vibe_dll_tx.sv:0$1965'.
No latch inferred for signal `\vibe_dll_tx.\crc30_bit$func$/workspace/rtl/dll/vibe_dll_tx.sv:82$232.$result' from process `\vibe_dll_tx.$proc$/workspace/rtl/dll/vibe_dll_tx.sv:0$1965'.
No latch inferred for signal `\vibe_dll_tx.\crc30_bit$func$/workspace/rtl/dll/vibe_dll_tx.sv:82$232.c' from process `\vibe_dll_tx.$proc$/workspace/rtl/dll/vibe_dll_tx.sv:0$1965'.
No latch inferred for signal `\vibe_dll_tx.\crc30_bit$func$/workspace/rtl/dll/vibe_dll_tx.sv:82$232.b' from process `\vibe_dll_tx.$proc$/workspace/rtl/dll/vibe_dll_tx.sv:0$1965'.
No latch inferred for signal `\vibe_dll_tx.\crc30_bit$func$/workspace/rtl/dll/vibe_dll_tx.sv:82$232.fb' from process `\vibe_dll_tx.$proc$/workspace/rtl/dll/vibe_dll_tx.sv:0$1965'.
No latch inferred for signal `\vibe_dll_tx.\crc30_bit$func$/workspace/rtl/dll/vibe_dll_tx.sv:82$233.$result' from process `\vibe_dll_tx.$proc$/workspace/rtl/dll/vibe_dll_tx.sv:0$1965'.
No latch inferred for signal `\vibe_dll_tx.\crc30_bit$func$/workspace/rtl/dll/vibe_dll_tx.sv:82$233.c' from process `\vibe_dll_tx.$proc$/workspace/rtl/dll/vibe_dll_tx.sv:0$1965'.
No latch inferred for signal `\vibe_dll_tx.\crc30_bit$func$/workspace/rtl/dll/vibe_dll_tx.sv:82$233.b' from process `\vibe_dll_tx.$proc$/workspace/rtl/dll/vibe_dll_tx.sv:0$1965'.
No latch inferred for signal `\vibe_dll_tx.\crc30_bit$func$/workspace/rtl/dll/vibe_dll_tx.sv:82$233.fb' from process `\vibe_dll_tx.$proc$/workspace/rtl/dll/vibe_dll_tx.sv:0$1965'.
No latch inferred for signal `\vibe_dll_tx.\crc30_bit$func$/workspace/rtl/dll/vibe_dll_tx.sv:82$234.$result' from process `\vibe_dll_tx.$proc$/workspace/rtl/dll/vibe_dll_tx.sv:0$1965'.
No latch inferred for signal `\vibe_dll_tx.\crc30_bit$func$/workspace/rtl/dll/vibe_dll_tx.sv:82$234.c' from process `\vibe_dll_tx.$proc$/workspace/rtl/dll/vibe_dll_tx.sv:0$1965'.
No latch inferred for signal `\vibe_dll_tx.\crc30_bit$func$/workspace/rtl/dll/vibe_dll_tx.sv:82$234.b' from process `\vibe_dll_tx.$proc$/workspace/rtl/dll/vibe_dll_tx.sv:0$1965'.
No latch inferred for signal `\vibe_dll_tx.\crc30_bit$func$/workspace/rtl/dll/vibe_dll_tx.sv:82$234.fb' from process `\vibe_dll_tx.$proc$/workspace/rtl/dll/vibe_dll_tx.sv:0$1965'.
No latch inferred for signal `\vibe_dll_tx.\crc30_bit$func$/workspace/rtl/dll/vibe_dll_tx.sv:82$235.$result' from process `\vibe_dll_tx.$proc$/workspace/rtl/dll/vibe_dll_tx.sv:0$1965'.
No latch inferred for signal `\vibe_dll_tx.\crc30_bit$func$/workspace/rtl/dll/vibe_dll_tx.sv:82$235.c' from process `\vibe_dll_tx.$proc$/workspace/rtl/dll/vibe_dll_tx.sv:0$1965'.
No latch inferred for signal `\vibe_dll_tx.\crc30_bit$func$/workspace/rtl/dll/vibe_dll_tx.sv:82$235.b' from process `\vibe_dll_tx.$proc$/workspace/rtl/dll/vibe_dll_tx.sv:0$1965'.
No latch inferred for signal `\vibe_dll_tx.\crc30_bit$func$/workspace/rtl/dll/vibe_dll_tx.sv:82$235.fb' from process `\vibe_dll_tx.$proc$/workspace/rtl/dll/vibe_dll_tx.sv:0$1965'.
No latch inferred for signal `\vibe_dll_tx.\crc30_bit$func$/workspace/rtl/dll/vibe_dll_tx.sv:82$236.$result' from process `\vibe_dll_tx.$proc$/workspace/rtl/dll/vibe_dll_tx.sv:0$1965'.
No latch inferred for signal `\vibe_dll_tx.\crc30_bit$func$/workspace/rtl/dll/vibe_dll_tx.sv:82$236.c' from process `\vibe_dll_tx.$proc$/workspace/rtl/dll/vibe_dll_tx.sv:0$1965'.
No latch inferred for signal `\vibe_dll_tx.\crc30_bit$func$/workspace/rtl/dll/vibe_dll_tx.sv:82$236.b' from process `\vibe_dll_tx.$proc$/workspace/rtl/dll/vibe_dll_tx.sv:0$1965'.
No latch inferred for signal `\vibe_dll_tx.\crc30_bit$func$/workspace/rtl/dll/vibe_dll_tx.sv:82$236.fb' from process `\vibe_dll_tx.$proc$/workspace/rtl/dll/vibe_dll_tx.sv:0$1965'.
No latch inferred for signal `\vibe_dll_tx.\crc30_bit$func$/workspace/rtl/dll/vibe_dll_tx.sv:82$237.$result' from process `\vibe_dll_tx.$proc$/workspace/rtl/dll/vibe_dll_tx.sv:0$1965'.
No latch inferred for signal `\vibe_dll_tx.\crc30_bit$func$/workspace/rtl/dll/vibe_dll_tx.sv:82$237.c' from process `\vibe_dll_tx.$proc$/workspace/rtl/dll/vibe_dll_tx.sv:0$1965'.
No latch inferred for signal `\vibe_dll_tx.\crc30_bit$func$/workspace/rtl/dll/vibe_dll_tx.sv:82$237.b' from process `\vibe_dll_tx.$proc$/workspace/rtl/dll/vibe_dll_tx.sv:0$1965'.
No latch inferred for signal `\vibe_dll_tx.\crc30_bit$func$/workspace/rtl/dll/vibe_dll_tx.sv:82$237.fb' from process `\vibe_dll_tx.$proc$/workspace/rtl/dll/vibe_dll_tx.sv:0$1965'.
No latch inferred for signal `\vibe_dll_tx.\crc30_bit$func$/workspace/rtl/dll/vibe_dll_tx.sv:82$238.$result' from process `\vibe_dll_tx.$proc$/workspace/rtl/dll/vibe_dll_tx.sv:0$1965'.
No latch inferred for signal `\vibe_dll_tx.\crc30_bit$func$/workspace/rtl/dll/vibe_dll_tx.sv:82$238.c' from process `\vibe_dll_tx.$proc$/workspace/rtl/dll/vibe_dll_tx.sv:0$1965'.
No latch inferred for signal `\vibe_dll_tx.\crc30_bit$func$/workspace/rtl/dll/vibe_dll_tx.sv:82$238.b' from process `\vibe_dll_tx.$proc$/workspace/rtl/dll/vibe_dll_tx.sv:0$1965'.
No latch inferred for signal `\vibe_dll_tx.\crc30_bit$func$/workspace/rtl/dll/vibe_dll_tx.sv:82$238.fb' from process `\vibe_dll_tx.$proc$/workspace/rtl/dll/vibe_dll_tx.sv:0$1965'.
No latch inferred for signal `\vibe_dll_tx.\crc30_bit$func$/workspace/rtl/dll/vibe_dll_tx.sv:82$239.$result' from process `\vibe_dll_tx.$proc$/workspace/rtl/dll/vibe_dll_tx.sv:0$1965'.
No latch inferred for signal `\vibe_dll_tx.\crc30_bit$func$/workspace/rtl/dll/vibe_dll_tx.sv:82$239.c' from process `\vibe_dll_tx.$proc$/workspace/rtl/dll/vibe_dll_tx.sv:0$1965'.
No latch inferred for signal `\vibe_dll_tx.\crc30_bit$func$/workspace/rtl/dll/vibe_dll_tx.sv:82$239.b' from process `\vibe_dll_tx.$proc$/workspace/rtl/dll/vibe_dll_tx.sv:0$1965'.
No latch inferred for signal `\vibe_dll_tx.\crc30_bit$func$/workspace/rtl/dll/vibe_dll_tx.sv:82$239.fb' from process `\vibe_dll_tx.$proc$/workspace/rtl/dll/vibe_dll_tx.sv:0$1965'.
No latch inferred for signal `\vibe_dll_tx.\crc30_bit$func$/workspace/rtl/dll/vibe_dll_tx.sv:82$240.$result' from process `\vibe_dll_tx.$proc$/workspace/rtl/dll/vibe_dll_tx.sv:0$1965'.
No latch inferred for signal `\vibe_dll_tx.\crc30_bit$func$/workspace/rtl/dll/vibe_dll_tx.sv:82$240.c' from process `\vibe_dll_tx.$proc$/workspace/rtl/dll/vibe_dll_tx.sv:0$1965'.
No latch inferred for signal `\vibe_dll_tx.\crc30_bit$func$/workspace/rtl/dll/vibe_dll_tx.sv:82$240.b' from process `\vibe_dll_tx.$proc$/workspace/rtl/dll/vibe_dll_tx.sv:0$1965'.
No latch inferred for signal `\vibe_dll_tx.\crc30_bit$func$/workspace/rtl/dll/vibe_dll_tx.sv:82$240.fb' from process `\vibe_dll_tx.$proc$/workspace/rtl/dll/vibe_dll_tx.sv:0$1965'.
No latch inferred for signal `\vibe_dll_tx.\crc30_bit$func$/workspace/rtl/dll/vibe_dll_tx.sv:82$241.$result' from process `\vibe_dll_tx.$proc$/workspace/rtl/dll/vibe_dll_tx.sv:0$1965'.
No latch inferred for signal `\vibe_dll_tx.\crc30_bit$func$/workspace/rtl/dll/vibe_dll_tx.sv:82$241.c' from process `\vibe_dll_tx.$proc$/workspace/rtl/dll/vibe_dll_tx.sv:0$1965'.
No latch inferred for signal `\vibe_dll_tx.\crc30_bit$func$/workspace/rtl/dll/vibe_dll_tx.sv:82$241.b' from process `\vibe_dll_tx.$proc$/workspace/rtl/dll/vibe_dll_tx.sv:0$1965'.
No latch inferred for signal `\vibe_dll_tx.\crc30_bit$func$/workspace/rtl/dll/vibe_dll_tx.sv:82$241.fb' from process `\vibe_dll_tx.$proc$/workspace/rtl/dll/vibe_dll_tx.sv:0$1965'.
No latch inferred for signal `\vibe_dll_tx.\crc30_bit$func$/workspace/rtl/dll/vibe_dll_tx.sv:82$242.$result' from process `\vibe_dll_tx.$proc$/workspace/rtl/dll/vibe_dll_tx.sv:0$1965'.
No latch inferred for signal `\vibe_dll_tx.\crc30_bit$func$/workspace/rtl/dll/vibe_dll_tx.sv:82$242.c' from process `\vibe_dll_tx.$proc$/workspace/rtl/dll/vibe_dll_tx.sv:0$1965'.
No latch inferred for signal `\vibe_dll_tx.\crc30_bit$func$/workspace/rtl/dll/vibe_dll_tx.sv:82$242.b' from process `\vibe_dll_tx.$proc$/workspace/rtl/dll/vibe_dll_tx.sv:0$1965'.
No latch inferred for signal `\vibe_dll_tx.\crc30_bit$func$/workspace/rtl/dll/vibe_dll_tx.sv:82$242.fb' from process `\vibe_dll_tx.$proc$/workspace/rtl/dll/vibe_dll_tx.sv:0$1965'.
No latch inferred for signal `\vibe_dll_tx.\crc30_bit$func$/workspace/rtl/dll/vibe_dll_tx.sv:82$243.$result' from process `\vibe_dll_tx.$proc$/workspace/rtl/dll/vibe_dll_tx.sv:0$1965'.
No latch inferred for signal `\vibe_dll_tx.\crc30_bit$func$/workspace/rtl/dll/vibe_dll_tx.sv:82$243.c' from process `\vibe_dll_tx.$proc$/workspace/rtl/dll/vibe_dll_tx.sv:0$1965'.
No latch inferred for signal `\vibe_dll_tx.\crc30_bit$func$/workspace/rtl/dll/vibe_dll_tx.sv:82$243.b' from process `\vibe_dll_tx.$proc$/workspace/rtl/dll/vibe_dll_tx.sv:0$1965'.
No latch inferred for signal `\vibe_dll_tx.\crc30_bit$func$/workspace/rtl/dll/vibe_dll_tx.sv:82$243.fb' from process `\vibe_dll_tx.$proc$/workspace/rtl/dll/vibe_dll_tx.sv:0$1965'.
No latch inferred for signal `\vibe_dll_tx.\crc30_bit$func$/workspace/rtl/dll/vibe_dll_tx.sv:82$244.$result' from process `\vibe_dll_tx.$proc$/workspace/rtl/dll/vibe_dll_tx.sv:0$1965'.
No latch inferred for signal `\vibe_dll_tx.\crc30_bit$func$/workspace/rtl/dll/vibe_dll_tx.sv:82$244.c' from process `\vibe_dll_tx.$proc$/workspace/rtl/dll/vibe_dll_tx.sv:0$1965'.
No latch inferred for signal `\vibe_dll_tx.\crc30_bit$func$/workspace/rtl/dll/vibe_dll_tx.sv:82$244.b' from process `\vibe_dll_tx.$proc$/workspace/rtl/dll/vibe_dll_tx.sv:0$1965'.
No latch inferred for signal `\vibe_dll_tx.\crc30_bit$func$/workspace/rtl/dll/vibe_dll_tx.sv:82$244.fb' from process `\vibe_dll_tx.$proc$/workspace/rtl/dll/vibe_dll_tx.sv:0$1965'.
No latch inferred for signal `\vibe_dll_tx.\crc30_bit$func$/workspace/rtl/dll/vibe_dll_tx.sv:82$245.$result' from process `\vibe_dll_tx.$proc$/workspace/rtl/dll/vibe_dll_tx.sv:0$1965'.
No latch inferred for signal `\vibe_dll_tx.\crc30_bit$func$/workspace/rtl/dll/vibe_dll_tx.sv:82$245.c' from process `\vibe_dll_tx.$proc$/workspace/rtl/dll/vibe_dll_tx.sv:0$1965'.
No latch inferred for signal `\vibe_dll_tx.\crc30_bit$func$/workspace/rtl/dll/vibe_dll_tx.sv:82$245.b' from process `\vibe_dll_tx.$proc$/workspace/rtl/dll/vibe_dll_tx.sv:0$1965'.
No latch inferred for signal `\vibe_dll_tx.\crc30_bit$func$/workspace/rtl/dll/vibe_dll_tx.sv:82$245.fb' from process `\vibe_dll_tx.$proc$/workspace/rtl/dll/vibe_dll_tx.sv:0$1965'.
No latch inferred for signal `\vibe_dll_tx.\crc30_bit$func$/workspace/rtl/dll/vibe_dll_tx.sv:82$246.$result' from process `\vibe_dll_tx.$proc$/workspace/rtl/dll/vibe_dll_tx.sv:0$1965'.
No latch inferred for signal `\vibe_dll_tx.\crc30_bit$func$/workspace/rtl/dll/vibe_dll_tx.sv:82$246.c' from process `\vibe_dll_tx.$proc$/workspace/rtl/dll/vibe_dll_tx.sv:0$1965'.
No latch inferred for signal `\vibe_dll_tx.\crc30_bit$func$/workspace/rtl/dll/vibe_dll_tx.sv:82$246.b' from process `\vibe_dll_tx.$proc$/workspace/rtl/dll/vibe_dll_tx.sv:0$1965'.
No latch inferred for signal `\vibe_dll_tx.\crc30_bit$func$/workspace/rtl/dll/vibe_dll_tx.sv:82$246.fb' from process `\vibe_dll_tx.$proc$/workspace/rtl/dll/vibe_dll_tx.sv:0$1965'.
No latch inferred for signal `\vibe_dll_tx.\crc30_bit$func$/workspace/rtl/dll/vibe_dll_tx.sv:82$247.$result' from process `\vibe_dll_tx.$proc$/workspace/rtl/dll/vibe_dll_tx.sv:0$1965'.
No latch inferred for signal `\vibe_dll_tx.\crc30_bit$func$/workspace/rtl/dll/vibe_dll_tx.sv:82$247.c' from process `\vibe_dll_tx.$proc$/workspace/rtl/dll/vibe_dll_tx.sv:0$1965'.
No latch inferred for signal `\vibe_dll_tx.\crc30_bit$func$/workspace/rtl/dll/vibe_dll_tx.sv:82$247.b' from process `\vibe_dll_tx.$proc$/workspace/rtl/dll/vibe_dll_tx.sv:0$1965'.
No latch inferred for signal `\vibe_dll_tx.\crc30_bit$func$/workspace/rtl/dll/vibe_dll_tx.sv:82$247.fb' from process `\vibe_dll_tx.$proc$/workspace/rtl/dll/vibe_dll_tx.sv:0$1965'.
No latch inferred for signal `\vibe_dll_tx.\crc30_bit$func$/workspace/rtl/dll/vibe_dll_tx.sv:82$248.$result' from process `\vibe_dll_tx.$proc$/workspace/rtl/dll/vibe_dll_tx.sv:0$1965'.
No latch inferred for signal `\vibe_dll_tx.\crc30_bit$func$/workspace/rtl/dll/vibe_dll_tx.sv:82$248.c' from process `\vibe_dll_tx.$proc$/workspace/rtl/dll/vibe_dll_tx.sv:0$1965'.
No latch inferred for signal `\vibe_dll_tx.\crc30_bit$func$/workspace/rtl/dll/vibe_dll_tx.sv:82$248.b' from process `\vibe_dll_tx.$proc$/workspace/rtl/dll/vibe_dll_tx.sv:0$1965'.
No latch inferred for signal `\vibe_dll_tx.\crc30_bit$func$/workspace/rtl/dll/vibe_dll_tx.sv:82$248.fb' from process `\vibe_dll_tx.$proc$/workspace/rtl/dll/vibe_dll_tx.sv:0$1965'.
No latch inferred for signal `\vibe_dll_tx.\crc30_bit$func$/workspace/rtl/dll/vibe_dll_tx.sv:82$249.$result' from process `\vibe_dll_tx.$proc$/workspace/rtl/dll/vibe_dll_tx.sv:0$1965'.
No latch inferred for signal `\vibe_dll_tx.\crc30_bit$func$/workspace/rtl/dll/vibe_dll_tx.sv:82$249.c' from process `\vibe_dll_tx.$proc$/workspace/rtl/dll/vibe_dll_tx.sv:0$1965'.
No latch inferred for signal `\vibe_dll_tx.\crc30_bit$func$/workspace/rtl/dll/vibe_dll_tx.sv:82$249.b' from process `\vibe_dll_tx.$proc$/workspace/rtl/dll/vibe_dll_tx.sv:0$1965'.
No latch inferred for signal `\vibe_dll_tx.\crc30_bit$func$/workspace/rtl/dll/vibe_dll_tx.sv:82$249.fb' from process `\vibe_dll_tx.$proc$/workspace/rtl/dll/vibe_dll_tx.sv:0$1965'.
No latch inferred for signal `\vibe_dll_tx.\crc30_bit$func$/workspace/rtl/dll/vibe_dll_tx.sv:82$250.$result' from process `\vibe_dll_tx.$proc$/workspace/rtl/dll/vibe_dll_tx.sv:0$1965'.
No latch inferred for signal `\vibe_dll_tx.\crc30_bit$func$/workspace/rtl/dll/vibe_dll_tx.sv:82$250.c' from process `\vibe_dll_tx.$proc$/workspace/rtl/dll/vibe_dll_tx.sv:0$1965'.
No latch inferred for signal `\vibe_dll_tx.\crc30_bit$func$/workspace/rtl/dll/vibe_dll_tx.sv:82$250.b' from process `\vibe_dll_tx.$proc$/workspace/rtl/dll/vibe_dll_tx.sv:0$1965'.
No latch inferred for signal `\vibe_dll_tx.\crc30_bit$func$/workspace/rtl/dll/vibe_dll_tx.sv:82$250.fb' from process `\vibe_dll_tx.$proc$/workspace/rtl/dll/vibe_dll_tx.sv:0$1965'.
No latch inferred for signal `\vibe_dll_tx.\crc30_bit$func$/workspace/rtl/dll/vibe_dll_tx.sv:82$251.$result' from process `\vibe_dll_tx.$proc$/workspace/rtl/dll/vibe_dll_tx.sv:0$1965'.
No latch inferred for signal `\vibe_dll_tx.\crc30_bit$func$/workspace/rtl/dll/vibe_dll_tx.sv:82$251.c' from process `\vibe_dll_tx.$proc$/workspace/rtl/dll/vibe_dll_tx.sv:0$1965'.
No latch inferred for signal `\vibe_dll_tx.\crc30_bit$func$/workspace/rtl/dll/vibe_dll_tx.sv:82$251.b' from process `\vibe_dll_tx.$proc$/workspace/rtl/dll/vibe_dll_tx.sv:0$1965'.
No latch inferred for signal `\vibe_dll_tx.\crc30_bit$func$/workspace/rtl/dll/vibe_dll_tx.sv:82$251.fb' from process `\vibe_dll_tx.$proc$/workspace/rtl/dll/vibe_dll_tx.sv:0$1965'.
No latch inferred for signal `\vibe_dll_tx.\crc30_bit$func$/workspace/rtl/dll/vibe_dll_tx.sv:82$252.$result' from process `\vibe_dll_tx.$proc$/workspace/rtl/dll/vibe_dll_tx.sv:0$1965'.
No latch inferred for signal `\vibe_dll_tx.\crc30_bit$func$/workspace/rtl/dll/vibe_dll_tx.sv:82$252.c' from process `\vibe_dll_tx.$proc$/workspace/rtl/dll/vibe_dll_tx.sv:0$1965'.
No latch inferred for signal `\vibe_dll_tx.\crc30_bit$func$/workspace/rtl/dll/vibe_dll_tx.sv:82$252.b' from process `\vibe_dll_tx.$proc$/workspace/rtl/dll/vibe_dll_tx.sv:0$1965'.
No latch inferred for signal `\vibe_dll_tx.\crc30_bit$func$/workspace/rtl/dll/vibe_dll_tx.sv:82$252.fb' from process `\vibe_dll_tx.$proc$/workspace/rtl/dll/vibe_dll_tx.sv:0$1965'.
No latch inferred for signal `\vibe_dll_tx.\crc30_bit$func$/workspace/rtl/dll/vibe_dll_tx.sv:82$253.$result' from process `\vibe_dll_tx.$proc$/workspace/rtl/dll/vibe_dll_tx.sv:0$1965'.
No latch inferred for signal `\vibe_dll_tx.\crc30_bit$func$/workspace/rtl/dll/vibe_dll_tx.sv:82$253.c' from process `\vibe_dll_tx.$proc$/workspace/rtl/dll/vibe_dll_tx.sv:0$1965'.
No latch inferred for signal `\vibe_dll_tx.\crc30_bit$func$/workspace/rtl/dll/vibe_dll_tx.sv:82$253.b' from process `\vibe_dll_tx.$proc$/workspace/rtl/dll/vibe_dll_tx.sv:0$1965'.
No latch inferred for signal `\vibe_dll_tx.\crc30_bit$func$/workspace/rtl/dll/vibe_dll_tx.sv:82$253.fb' from process `\vibe_dll_tx.$proc$/workspace/rtl/dll/vibe_dll_tx.sv:0$1965'.
No latch inferred for signal `\vibe_dll_tx.\crc30_bit$func$/workspace/rtl/dll/vibe_dll_tx.sv:82$254.$result' from process `\vibe_dll_tx.$proc$/workspace/rtl/dll/vibe_dll_tx.sv:0$1965'.
No latch inferred for signal `\vibe_dll_tx.\crc30_bit$func$/workspace/rtl/dll/vibe_dll_tx.sv:82$254.c' from process `\vibe_dll_tx.$proc$/workspace/rtl/dll/vibe_dll_tx.sv:0$1965'.
No latch inferred for signal `\vibe_dll_tx.\crc30_bit$func$/workspace/rtl/dll/vibe_dll_tx.sv:82$254.b' from process `\vibe_dll_tx.$proc$/workspace/rtl/dll/vibe_dll_tx.sv:0$1965'.
No latch inferred for signal `\vibe_dll_tx.\crc30_bit$func$/workspace/rtl/dll/vibe_dll_tx.sv:82$254.fb' from process `\vibe_dll_tx.$proc$/workspace/rtl/dll/vibe_dll_tx.sv:0$1965'.
No latch inferred for signal `\vibe_dll_tx.\crc30_bit$func$/workspace/rtl/dll/vibe_dll_tx.sv:82$255.$result' from process `\vibe_dll_tx.$proc$/workspace/rtl/dll/vibe_dll_tx.sv:0$1965'.
No latch inferred for signal `\vibe_dll_tx.\crc30_bit$func$/workspace/rtl/dll/vibe_dll_tx.sv:82$255.c' from process `\vibe_dll_tx.$proc$/workspace/rtl/dll/vibe_dll_tx.sv:0$1965'.
No latch inferred for signal `\vibe_dll_tx.\crc30_bit$func$/workspace/rtl/dll/vibe_dll_tx.sv:82$255.b' from process `\vibe_dll_tx.$proc$/workspace/rtl/dll/vibe_dll_tx.sv:0$1965'.
No latch inferred for signal `\vibe_dll_tx.\crc30_bit$func$/workspace/rtl/dll/vibe_dll_tx.sv:82$255.fb' from process `\vibe_dll_tx.$proc$/workspace/rtl/dll/vibe_dll_tx.sv:0$1965'.
No latch inferred for signal `\vibe_dll_tx.\crc30_bit$func$/workspace/rtl/dll/vibe_dll_tx.sv:82$256.$result' from process `\vibe_dll_tx.$proc$/workspace/rtl/dll/vibe_dll_tx.sv:0$1965'.
No latch inferred for signal `\vibe_dll_tx.\crc30_bit$func$/workspace/rtl/dll/vibe_dll_tx.sv:82$256.c' from process `\vibe_dll_tx.$proc$/workspace/rtl/dll/vibe_dll_tx.sv:0$1965'.
No latch inferred for signal `\vibe_dll_tx.\crc30_bit$func$/workspace/rtl/dll/vibe_dll_tx.sv:82$256.b' from process `\vibe_dll_tx.$proc$/workspace/rtl/dll/vibe_dll_tx.sv:0$1965'.
No latch inferred for signal `\vibe_dll_tx.\crc30_bit$func$/workspace/rtl/dll/vibe_dll_tx.sv:82$256.fb' from process `\vibe_dll_tx.$proc$/workspace/rtl/dll/vibe_dll_tx.sv:0$1965'.
No latch inferred for signal `\vibe_dll_tx.\crc30_bit$func$/workspace/rtl/dll/vibe_dll_tx.sv:82$257.$result' from process `\vibe_dll_tx.$proc$/workspace/rtl/dll/vibe_dll_tx.sv:0$1965'.
No latch inferred for signal `\vibe_dll_tx.\crc30_bit$func$/workspace/rtl/dll/vibe_dll_tx.sv:82$257.c' from process `\vibe_dll_tx.$proc$/workspace/rtl/dll/vibe_dll_tx.sv:0$1965'.
No latch inferred for signal `\vibe_dll_tx.\crc30_bit$func$/workspace/rtl/dll/vibe_dll_tx.sv:82$257.b' from process `\vibe_dll_tx.$proc$/workspace/rtl/dll/vibe_dll_tx.sv:0$1965'.
No latch inferred for signal `\vibe_dll_tx.\crc30_bit$func$/workspace/rtl/dll/vibe_dll_tx.sv:82$257.fb' from process `\vibe_dll_tx.$proc$/workspace/rtl/dll/vibe_dll_tx.sv:0$1965'.
No latch inferred for signal `\vibe_dll_tx.\crc30_bit$func$/workspace/rtl/dll/vibe_dll_tx.sv:82$258.$result' from process `\vibe_dll_tx.$proc$/workspace/rtl/dll/vibe_dll_tx.sv:0$1965'.
No latch inferred for signal `\vibe_dll_tx.\crc30_bit$func$/workspace/rtl/dll/vibe_dll_tx.sv:82$258.c' from process `\vibe_dll_tx.$proc$/workspace/rtl/dll/vibe_dll_tx.sv:0$1965'.
No latch inferred for signal `\vibe_dll_tx.\crc30_bit$func$/workspace/rtl/dll/vibe_dll_tx.sv:82$258.b' from process `\vibe_dll_tx.$proc$/workspace/rtl/dll/vibe_dll_tx.sv:0$1965'.
No latch inferred for signal `\vibe_dll_tx.\crc30_bit$func$/workspace/rtl/dll/vibe_dll_tx.sv:82$258.fb' from process `\vibe_dll_tx.$proc$/workspace/rtl/dll/vibe_dll_tx.sv:0$1965'.
No latch inferred for signal `\vibe_dll_tx.\crc30_bit$func$/workspace/rtl/dll/vibe_dll_tx.sv:82$259.$result' from process `\vibe_dll_tx.$proc$/workspace/rtl/dll/vibe_dll_tx.sv:0$1965'.
No latch inferred for signal `\vibe_dll_tx.\crc30_bit$func$/workspace/rtl/dll/vibe_dll_tx.sv:82$259.c' from process `\vibe_dll_tx.$proc$/workspace/rtl/dll/vibe_dll_tx.sv:0$1965'.
No latch inferred for signal `\vibe_dll_tx.\crc30_bit$func$/workspace/rtl/dll/vibe_dll_tx.sv:82$259.b' from process `\vibe_dll_tx.$proc$/workspace/rtl/dll/vibe_dll_tx.sv:0$1965'.
No latch inferred for signal `\vibe_dll_tx.\crc30_bit$func$/workspace/rtl/dll/vibe_dll_tx.sv:82$259.fb' from process `\vibe_dll_tx.$proc$/workspace/rtl/dll/vibe_dll_tx.sv:0$1965'.
No latch inferred for signal `\vibe_dll_tx.\crc30_bit$func$/workspace/rtl/dll/vibe_dll_tx.sv:82$260.$result' from process `\vibe_dll_tx.$proc$/workspace/rtl/dll/vibe_dll_tx.sv:0$1965'.
No latch inferred for signal `\vibe_dll_tx.\crc30_bit$func$/workspace/rtl/dll/vibe_dll_tx.sv:82$260.c' from process `\vibe_dll_tx.$proc$/workspace/rtl/dll/vibe_dll_tx.sv:0$1965'.
No latch inferred for signal `\vibe_dll_tx.\crc30_bit$func$/workspace/rtl/dll/vibe_dll_tx.sv:82$260.b' from process `\vibe_dll_tx.$proc$/workspace/rtl/dll/vibe_dll_tx.sv:0$1965'.
No latch inferred for signal `\vibe_dll_tx.\crc30_bit$func$/workspace/rtl/dll/vibe_dll_tx.sv:82$260.fb' from process `\vibe_dll_tx.$proc$/workspace/rtl/dll/vibe_dll_tx.sv:0$1965'.
No latch inferred for signal `\vibe_dll_tx.\crc30_bit$func$/workspace/rtl/dll/vibe_dll_tx.sv:82$261.$result' from process `\vibe_dll_tx.$proc$/workspace/rtl/dll/vibe_dll_tx.sv:0$1965'.
No latch inferred for signal `\vibe_dll_tx.\crc30_bit$func$/workspace/rtl/dll/vibe_dll_tx.sv:82$261.c' from process `\vibe_dll_tx.$proc$/workspace/rtl/dll/vibe_dll_tx.sv:0$1965'.
No latch inferred for signal `\vibe_dll_tx.\crc30_bit$func$/workspace/rtl/dll/vibe_dll_tx.sv:82$261.b' from process `\vibe_dll_tx.$proc$/workspace/rtl/dll/vibe_dll_tx.sv:0$1965'.
No latch inferred for signal `\vibe_dll_tx.\crc30_bit$func$/workspace/rtl/dll/vibe_dll_tx.sv:82$261.fb' from process `\vibe_dll_tx.$proc$/workspace/rtl/dll/vibe_dll_tx.sv:0$1965'.
No latch inferred for signal `\vibe_dll_tx.\crc30_bit$func$/workspace/rtl/dll/vibe_dll_tx.sv:82$262.$result' from process `\vibe_dll_tx.$proc$/workspace/rtl/dll/vibe_dll_tx.sv:0$1965'.
No latch inferred for signal `\vibe_dll_tx.\crc30_bit$func$/workspace/rtl/dll/vibe_dll_tx.sv:82$262.c' from process `\vibe_dll_tx.$proc$/workspace/rtl/dll/vibe_dll_tx.sv:0$1965'.
No latch inferred for signal `\vibe_dll_tx.\crc30_bit$func$/workspace/rtl/dll/vibe_dll_tx.sv:82$262.b' from process `\vibe_dll_tx.$proc$/workspace/rtl/dll/vibe_dll_tx.sv:0$1965'.
No latch inferred for signal `\vibe_dll_tx.\crc30_bit$func$/workspace/rtl/dll/vibe_dll_tx.sv:82$262.fb' from process `\vibe_dll_tx.$proc$/workspace/rtl/dll/vibe_dll_tx.sv:0$1965'.
No latch inferred for signal `\vibe_dll_tx.\crc30_bit$func$/workspace/rtl/dll/vibe_dll_tx.sv:82$263.$result' from process `\vibe_dll_tx.$proc$/workspace/rtl/dll/vibe_dll_tx.sv:0$1965'.
No latch inferred for signal `\vibe_dll_tx.\crc30_bit$func$/workspace/rtl/dll/vibe_dll_tx.sv:82$263.c' from process `\vibe_dll_tx.$proc$/workspace/rtl/dll/vibe_dll_tx.sv:0$1965'.
No latch inferred for signal `\vibe_dll_tx.\crc30_bit$func$/workspace/rtl/dll/vibe_dll_tx.sv:82$263.b' from process `\vibe_dll_tx.$proc$/workspace/rtl/dll/vibe_dll_tx.sv:0$1965'.
No latch inferred for signal `\vibe_dll_tx.\crc30_bit$func$/workspace/rtl/dll/vibe_dll_tx.sv:82$263.fb' from process `\vibe_dll_tx.$proc$/workspace/rtl/dll/vibe_dll_tx.sv:0$1965'.
No latch inferred for signal `\vibe_dll_tx.\crc30_bit$func$/workspace/rtl/dll/vibe_dll_tx.sv:82$264.$result' from process `\vibe_dll_tx.$proc$/workspace/rtl/dll/vibe_dll_tx.sv:0$1965'.
No latch inferred for signal `\vibe_dll_tx.\crc30_bit$func$/workspace/rtl/dll/vibe_dll_tx.sv:82$264.c' from process `\vibe_dll_tx.$proc$/workspace/rtl/dll/vibe_dll_tx.sv:0$1965'.
No latch inferred for signal `\vibe_dll_tx.\crc30_bit$func$/workspace/rtl/dll/vibe_dll_tx.sv:82$264.b' from process `\vibe_dll_tx.$proc$/workspace/rtl/dll/vibe_dll_tx.sv:0$1965'.
No latch inferred for signal `\vibe_dll_tx.\crc30_bit$func$/workspace/rtl/dll/vibe_dll_tx.sv:82$264.fb' from process `\vibe_dll_tx.$proc$/workspace/rtl/dll/vibe_dll_tx.sv:0$1965'.
No latch inferred for signal `\vibe_dll_tx.\crc30_bit$func$/workspace/rtl/dll/vibe_dll_tx.sv:82$265.$result' from process `\vibe_dll_tx.$proc$/workspace/rtl/dll/vibe_dll_tx.sv:0$1965'.
No latch inferred for signal `\vibe_dll_tx.\crc30_bit$func$/workspace/rtl/dll/vibe_dll_tx.sv:82$265.c' from process `\vibe_dll_tx.$proc$/workspace/rtl/dll/vibe_dll_tx.sv:0$1965'.
No latch inferred for signal `\vibe_dll_tx.\crc30_bit$func$/workspace/rtl/dll/vibe_dll_tx.sv:82$265.b' from process `\vibe_dll_tx.$proc$/workspace/rtl/dll/vibe_dll_tx.sv:0$1965'.
No latch inferred for signal `\vibe_dll_tx.\crc30_bit$func$/workspace/rtl/dll/vibe_dll_tx.sv:82$265.fb' from process `\vibe_dll_tx.$proc$/workspace/rtl/dll/vibe_dll_tx.sv:0$1965'.
No latch inferred for signal `\vibe_dll_tx.\crc30_bit$func$/workspace/rtl/dll/vibe_dll_tx.sv:82$266.$result' from process `\vibe_dll_tx.$proc$/workspace/rtl/dll/vibe_dll_tx.sv:0$1965'.
No latch inferred for signal `\vibe_dll_tx.\crc30_bit$func$/workspace/rtl/dll/vibe_dll_tx.sv:82$266.c' from process `\vibe_dll_tx.$proc$/workspace/rtl/dll/vibe_dll_tx.sv:0$1965'.
No latch inferred for signal `\vibe_dll_tx.\crc30_bit$func$/workspace/rtl/dll/vibe_dll_tx.sv:82$266.b' from process `\vibe_dll_tx.$proc$/workspace/rtl/dll/vibe_dll_tx.sv:0$1965'.
No latch inferred for signal `\vibe_dll_tx.\crc30_bit$func$/workspace/rtl/dll/vibe_dll_tx.sv:82$266.fb' from process `\vibe_dll_tx.$proc$/workspace/rtl/dll/vibe_dll_tx.sv:0$1965'.
No latch inferred for signal `\vibe_dll_tx.\crc30_bit$func$/workspace/rtl/dll/vibe_dll_tx.sv:82$267.$result' from process `\vibe_dll_tx.$proc$/workspace/rtl/dll/vibe_dll_tx.sv:0$1965'.
No latch inferred for signal `\vibe_dll_tx.\crc30_bit$func$/workspace/rtl/dll/vibe_dll_tx.sv:82$267.c' from process `\vibe_dll_tx.$proc$/workspace/rtl/dll/vibe_dll_tx.sv:0$1965'.
No latch inferred for signal `\vibe_dll_tx.\crc30_bit$func$/workspace/rtl/dll/vibe_dll_tx.sv:82$267.b' from process `\vibe_dll_tx.$proc$/workspace/rtl/dll/vibe_dll_tx.sv:0$1965'.
No latch inferred for signal `\vibe_dll_tx.\crc30_bit$func$/workspace/rtl/dll/vibe_dll_tx.sv:82$267.fb' from process `\vibe_dll_tx.$proc$/workspace/rtl/dll/vibe_dll_tx.sv:0$1965'.
No latch inferred for signal `\vibe_dll_tx.\crc30_bit$func$/workspace/rtl/dll/vibe_dll_tx.sv:82$268.$result' from process `\vibe_dll_tx.$proc$/workspace/rtl/dll/vibe_dll_tx.sv:0$1965'.
No latch inferred for signal `\vibe_dll_tx.\crc30_bit$func$/workspace/rtl/dll/vibe_dll_tx.sv:82$268.c' from process `\vibe_dll_tx.$proc$/workspace/rtl/dll/vibe_dll_tx.sv:0$1965'.
No latch inferred for signal `\vibe_dll_tx.\crc30_bit$func$/workspace/rtl/dll/vibe_dll_tx.sv:82$268.b' from process `\vibe_dll_tx.$proc$/workspace/rtl/dll/vibe_dll_tx.sv:0$1965'.
No latch inferred for signal `\vibe_dll_tx.\crc30_bit$func$/workspace/rtl/dll/vibe_dll_tx.sv:82$268.fb' from process `\vibe_dll_tx.$proc$/workspace/rtl/dll/vibe_dll_tx.sv:0$1965'.
No latch inferred for signal `\vibe_dll_tx.\crc30_bit$func$/workspace/rtl/dll/vibe_dll_tx.sv:82$269.$result' from process `\vibe_dll_tx.$proc$/workspace/rtl/dll/vibe_dll_tx.sv:0$1965'.
No latch inferred for signal `\vibe_dll_tx.\crc30_bit$func$/workspace/rtl/dll/vibe_dll_tx.sv:82$269.c' from process `\vibe_dll_tx.$proc$/workspace/rtl/dll/vibe_dll_tx.sv:0$1965'.
No latch inferred for signal `\vibe_dll_tx.\crc30_bit$func$/workspace/rtl/dll/vibe_dll_tx.sv:82$269.b' from process `\vibe_dll_tx.$proc$/workspace/rtl/dll/vibe_dll_tx.sv:0$1965'.
No latch inferred for signal `\vibe_dll_tx.\crc30_bit$func$/workspace/rtl/dll/vibe_dll_tx.sv:82$269.fb' from process `\vibe_dll_tx.$proc$/workspace/rtl/dll/vibe_dll_tx.sv:0$1965'.
No latch inferred for signal `\vibe_dll_tx.\crc30_bit$func$/workspace/rtl/dll/vibe_dll_tx.sv:82$270.$result' from process `\vibe_dll_tx.$proc$/workspace/rtl/dll/vibe_dll_tx.sv:0$1965'.
No latch inferred for signal `\vibe_dll_tx.\crc30_bit$func$/workspace/rtl/dll/vibe_dll_tx.sv:82$270.c' from process `\vibe_dll_tx.$proc$/workspace/rtl/dll/vibe_dll_tx.sv:0$1965'.
No latch inferred for signal `\vibe_dll_tx.\crc30_bit$func$/workspace/rtl/dll/vibe_dll_tx.sv:82$270.b' from process `\vibe_dll_tx.$proc$/workspace/rtl/dll/vibe_dll_tx.sv:0$1965'.
No latch inferred for signal `\vibe_dll_tx.\crc30_bit$func$/workspace/rtl/dll/vibe_dll_tx.sv:82$270.fb' from process `\vibe_dll_tx.$proc$/workspace/rtl/dll/vibe_dll_tx.sv:0$1965'.
No latch inferred for signal `\vibe_dll_tx.\crc30_bit$func$/workspace/rtl/dll/vibe_dll_tx.sv:82$271.$result' from process `\vibe_dll_tx.$proc$/workspace/rtl/dll/vibe_dll_tx.sv:0$1965'.
No latch inferred for signal `\vibe_dll_tx.\crc30_bit$func$/workspace/rtl/dll/vibe_dll_tx.sv:82$271.c' from process `\vibe_dll_tx.$proc$/workspace/rtl/dll/vibe_dll_tx.sv:0$1965'.
No latch inferred for signal `\vibe_dll_tx.\crc30_bit$func$/workspace/rtl/dll/vibe_dll_tx.sv:82$271.b' from process `\vibe_dll_tx.$proc$/workspace/rtl/dll/vibe_dll_tx.sv:0$1965'.
No latch inferred for signal `\vibe_dll_tx.\crc30_bit$func$/workspace/rtl/dll/vibe_dll_tx.sv:82$271.fb' from process `\vibe_dll_tx.$proc$/workspace/rtl/dll/vibe_dll_tx.sv:0$1965'.
No latch inferred for signal `\vibe_dll_tx.\crc30_bit$func$/workspace/rtl/dll/vibe_dll_tx.sv:82$272.$result' from process `\vibe_dll_tx.$proc$/workspace/rtl/dll/vibe_dll_tx.sv:0$1965'.
No latch inferred for signal `\vibe_dll_tx.\crc30_bit$func$/workspace/rtl/dll/vibe_dll_tx.sv:82$272.c' from process `\vibe_dll_tx.$proc$/workspace/rtl/dll/vibe_dll_tx.sv:0$1965'.
No latch inferred for signal `\vibe_dll_tx.\crc30_bit$func$/workspace/rtl/dll/vibe_dll_tx.sv:82$272.b' from process `\vibe_dll_tx.$proc$/workspace/rtl/dll/vibe_dll_tx.sv:0$1965'.
No latch inferred for signal `\vibe_dll_tx.\crc30_bit$func$/workspace/rtl/dll/vibe_dll_tx.sv:82$272.fb' from process `\vibe_dll_tx.$proc$/workspace/rtl/dll/vibe_dll_tx.sv:0$1965'.
No latch inferred for signal `\vibe_dll_tx.\crc30_bit$func$/workspace/rtl/dll/vibe_dll_tx.sv:82$273.$result' from process `\vibe_dll_tx.$proc$/workspace/rtl/dll/vibe_dll_tx.sv:0$1965'.
No latch inferred for signal `\vibe_dll_tx.\crc30_bit$func$/workspace/rtl/dll/vibe_dll_tx.sv:82$273.c' from process `\vibe_dll_tx.$proc$/workspace/rtl/dll/vibe_dll_tx.sv:0$1965'.
No latch inferred for signal `\vibe_dll_tx.\crc30_bit$func$/workspace/rtl/dll/vibe_dll_tx.sv:82$273.b' from process `\vibe_dll_tx.$proc$/workspace/rtl/dll/vibe_dll_tx.sv:0$1965'.
No latch inferred for signal `\vibe_dll_tx.\crc30_bit$func$/workspace/rtl/dll/vibe_dll_tx.sv:82$273.fb' from process `\vibe_dll_tx.$proc$/workspace/rtl/dll/vibe_dll_tx.sv:0$1965'.
No latch inferred for signal `\vibe_dll_tx.\crc30_bit$func$/workspace/rtl/dll/vibe_dll_tx.sv:82$274.$result' from process `\vibe_dll_tx.$proc$/workspace/rtl/dll/vibe_dll_tx.sv:0$1965'.
No latch inferred for signal `\vibe_dll_tx.\crc30_bit$func$/workspace/rtl/dll/vibe_dll_tx.sv:82$274.c' from process `\vibe_dll_tx.$proc$/workspace/rtl/dll/vibe_dll_tx.sv:0$1965'.
No latch inferred for signal `\vibe_dll_tx.\crc30_bit$func$/workspace/rtl/dll/vibe_dll_tx.sv:82$274.b' from process `\vibe_dll_tx.$proc$/workspace/rtl/dll/vibe_dll_tx.sv:0$1965'.
No latch inferred for signal `\vibe_dll_tx.\crc30_bit$func$/workspace/rtl/dll/vibe_dll_tx.sv:82$274.fb' from process `\vibe_dll_tx.$proc$/workspace/rtl/dll/vibe_dll_tx.sv:0$1965'.
No latch inferred for signal `\vibe_dll_tx.\crc30_bit$func$/workspace/rtl/dll/vibe_dll_tx.sv:82$275.$result' from process `\vibe_dll_tx.$proc$/workspace/rtl/dll/vibe_dll_tx.sv:0$1965'.
No latch inferred for signal `\vibe_dll_tx.\crc30_bit$func$/workspace/rtl/dll/vibe_dll_tx.sv:82$275.c' from process `\vibe_dll_tx.$proc$/workspace/rtl/dll/vibe_dll_tx.sv:0$1965'.
No latch inferred for signal `\vibe_dll_tx.\crc30_bit$func$/workspace/rtl/dll/vibe_dll_tx.sv:82$275.b' from process `\vibe_dll_tx.$proc$/workspace/rtl/dll/vibe_dll_tx.sv:0$1965'.
No latch inferred for signal `\vibe_dll_tx.\crc30_bit$func$/workspace/rtl/dll/vibe_dll_tx.sv:82$275.fb' from process `\vibe_dll_tx.$proc$/workspace/rtl/dll/vibe_dll_tx.sv:0$1965'.
No latch inferred for signal `\vibe_dll_tx.\crc30_bit$func$/workspace/rtl/dll/vibe_dll_tx.sv:82$276.$result' from process `\vibe_dll_tx.$proc$/workspace/rtl/dll/vibe_dll_tx.sv:0$1965'.
No latch inferred for signal `\vibe_dll_tx.\crc30_bit$func$/workspace/rtl/dll/vibe_dll_tx.sv:82$276.c' from process `\vibe_dll_tx.$proc$/workspace/rtl/dll/vibe_dll_tx.sv:0$1965'.
No latch inferred for signal `\vibe_dll_tx.\crc30_bit$func$/workspace/rtl/dll/vibe_dll_tx.sv:82$276.b' from process `\vibe_dll_tx.$proc$/workspace/rtl/dll/vibe_dll_tx.sv:0$1965'.
No latch inferred for signal `\vibe_dll_tx.\crc30_bit$func$/workspace/rtl/dll/vibe_dll_tx.sv:82$276.fb' from process `\vibe_dll_tx.$proc$/workspace/rtl/dll/vibe_dll_tx.sv:0$1965'.
No latch inferred for signal `\vibe_dll_tx.\crc30_bit$func$/workspace/rtl/dll/vibe_dll_tx.sv:82$277.$result' from process `\vibe_dll_tx.$proc$/workspace/rtl/dll/vibe_dll_tx.sv:0$1965'.
No latch inferred for signal `\vibe_dll_tx.\crc30_bit$func$/workspace/rtl/dll/vibe_dll_tx.sv:82$277.c' from process `\vibe_dll_tx.$proc$/workspace/rtl/dll/vibe_dll_tx.sv:0$1965'.
No latch inferred for signal `\vibe_dll_tx.\crc30_bit$func$/workspace/rtl/dll/vibe_dll_tx.sv:82$277.b' from process `\vibe_dll_tx.$proc$/workspace/rtl/dll/vibe_dll_tx.sv:0$1965'.
No latch inferred for signal `\vibe_dll_tx.\crc30_bit$func$/workspace/rtl/dll/vibe_dll_tx.sv:82$277.fb' from process `\vibe_dll_tx.$proc$/workspace/rtl/dll/vibe_dll_tx.sv:0$1965'.
No latch inferred for signal `\vibe_dll_tx.\crc30_bit$func$/workspace/rtl/dll/vibe_dll_tx.sv:82$278.$result' from process `\vibe_dll_tx.$proc$/workspace/rtl/dll/vibe_dll_tx.sv:0$1965'.
No latch inferred for signal `\vibe_dll_tx.\crc30_bit$func$/workspace/rtl/dll/vibe_dll_tx.sv:82$278.c' from process `\vibe_dll_tx.$proc$/workspace/rtl/dll/vibe_dll_tx.sv:0$1965'.
No latch inferred for signal `\vibe_dll_tx.\crc30_bit$func$/workspace/rtl/dll/vibe_dll_tx.sv:82$278.b' from process `\vibe_dll_tx.$proc$/workspace/rtl/dll/vibe_dll_tx.sv:0$1965'.
No latch inferred for signal `\vibe_dll_tx.\crc30_bit$func$/workspace/rtl/dll/vibe_dll_tx.sv:82$278.fb' from process `\vibe_dll_tx.$proc$/workspace/rtl/dll/vibe_dll_tx.sv:0$1965'.
No latch inferred for signal `\vibe_dll_tx.\crc30_bit$func$/workspace/rtl/dll/vibe_dll_tx.sv:82$279.$result' from process `\vibe_dll_tx.$proc$/workspace/rtl/dll/vibe_dll_tx.sv:0$1965'.
No latch inferred for signal `\vibe_dll_tx.\crc30_bit$func$/workspace/rtl/dll/vibe_dll_tx.sv:82$279.c' from process `\vibe_dll_tx.$proc$/workspace/rtl/dll/vibe_dll_tx.sv:0$1965'.
No latch inferred for signal `\vibe_dll_tx.\crc30_bit$func$/workspace/rtl/dll/vibe_dll_tx.sv:82$279.b' from process `\vibe_dll_tx.$proc$/workspace/rtl/dll/vibe_dll_tx.sv:0$1965'.
No latch inferred for signal `\vibe_dll_tx.\crc30_bit$func$/workspace/rtl/dll/vibe_dll_tx.sv:82$279.fb' from process `\vibe_dll_tx.$proc$/workspace/rtl/dll/vibe_dll_tx.sv:0$1965'.
No latch inferred for signal `\vibe_dll_tx.\crc30_bit$func$/workspace/rtl/dll/vibe_dll_tx.sv:82$280.$result' from process `\vibe_dll_tx.$proc$/workspace/rtl/dll/vibe_dll_tx.sv:0$1965'.
No latch inferred for signal `\vibe_dll_tx.\crc30_bit$func$/workspace/rtl/dll/vibe_dll_tx.sv:82$280.c' from process `\vibe_dll_tx.$proc$/workspace/rtl/dll/vibe_dll_tx.sv:0$1965'.
No latch inferred for signal `\vibe_dll_tx.\crc30_bit$func$/workspace/rtl/dll/vibe_dll_tx.sv:82$280.b' from process `\vibe_dll_tx.$proc$/workspace/rtl/dll/vibe_dll_tx.sv:0$1965'.
No latch inferred for signal `\vibe_dll_tx.\crc30_bit$func$/workspace/rtl/dll/vibe_dll_tx.sv:82$280.fb' from process `\vibe_dll_tx.$proc$/workspace/rtl/dll/vibe_dll_tx.sv:0$1965'.
No latch inferred for signal `\vibe_dll_tx.\crc30_bit$func$/workspace/rtl/dll/vibe_dll_tx.sv:82$281.$result' from process `\vibe_dll_tx.$proc$/workspace/rtl/dll/vibe_dll_tx.sv:0$1965'.
No latch inferred for signal `\vibe_dll_tx.\crc30_bit$func$/workspace/rtl/dll/vibe_dll_tx.sv:82$281.c' from process `\vibe_dll_tx.$proc$/workspace/rtl/dll/vibe_dll_tx.sv:0$1965'.
No latch inferred for signal `\vibe_dll_tx.\crc30_bit$func$/workspace/rtl/dll/vibe_dll_tx.sv:82$281.b' from process `\vibe_dll_tx.$proc$/workspace/rtl/dll/vibe_dll_tx.sv:0$1965'.
No latch inferred for signal `\vibe_dll_tx.\crc30_bit$func$/workspace/rtl/dll/vibe_dll_tx.sv:82$281.fb' from process `\vibe_dll_tx.$proc$/workspace/rtl/dll/vibe_dll_tx.sv:0$1965'.
No latch inferred for signal `\vibe_dll_tx.\crc30_bit$func$/workspace/rtl/dll/vibe_dll_tx.sv:82$282.$result' from process `\vibe_dll_tx.$proc$/workspace/rtl/dll/vibe_dll_tx.sv:0$1965'.
No latch inferred for signal `\vibe_dll_tx.\crc30_bit$func$/workspace/rtl/dll/vibe_dll_tx.sv:82$282.c' from process `\vibe_dll_tx.$proc$/workspace/rtl/dll/vibe_dll_tx.sv:0$1965'.
No latch inferred for signal `\vibe_dll_tx.\crc30_bit$func$/workspace/rtl/dll/vibe_dll_tx.sv:82$282.b' from process `\vibe_dll_tx.$proc$/workspace/rtl/dll/vibe_dll_tx.sv:0$1965'.
No latch inferred for signal `\vibe_dll_tx.\crc30_bit$func$/workspace/rtl/dll/vibe_dll_tx.sv:82$282.fb' from process `\vibe_dll_tx.$proc$/workspace/rtl/dll/vibe_dll_tx.sv:0$1965'.
No latch inferred for signal `\vibe_dll_tx.\crc30_bit$func$/workspace/rtl/dll/vibe_dll_tx.sv:82$283.$result' from process `\vibe_dll_tx.$proc$/workspace/rtl/dll/vibe_dll_tx.sv:0$1965'.
No latch inferred for signal `\vibe_dll_tx.\crc30_bit$func$/workspace/rtl/dll/vibe_dll_tx.sv:82$283.c' from process `\vibe_dll_tx.$proc$/workspace/rtl/dll/vibe_dll_tx.sv:0$1965'.
No latch inferred for signal `\vibe_dll_tx.\crc30_bit$func$/workspace/rtl/dll/vibe_dll_tx.sv:82$283.b' from process `\vibe_dll_tx.$proc$/workspace/rtl/dll/vibe_dll_tx.sv:0$1965'.
No latch inferred for signal `\vibe_dll_tx.\crc30_bit$func$/workspace/rtl/dll/vibe_dll_tx.sv:82$283.fb' from process `\vibe_dll_tx.$proc$/workspace/rtl/dll/vibe_dll_tx.sv:0$1965'.
No latch inferred for signal `\vibe_dll_tx.\crc30_bit$func$/workspace/rtl/dll/vibe_dll_tx.sv:82$284.$result' from process `\vibe_dll_tx.$proc$/workspace/rtl/dll/vibe_dll_tx.sv:0$1965'.
No latch inferred for signal `\vibe_dll_tx.\crc30_bit$func$/workspace/rtl/dll/vibe_dll_tx.sv:82$284.c' from process `\vibe_dll_tx.$proc$/workspace/rtl/dll/vibe_dll_tx.sv:0$1965'.
No latch inferred for signal `\vibe_dll_tx.\crc30_bit$func$/workspace/rtl/dll/vibe_dll_tx.sv:82$284.b' from process `\vibe_dll_tx.$proc$/workspace/rtl/dll/vibe_dll_tx.sv:0$1965'.
No latch inferred for signal `\vibe_dll_tx.\crc30_bit$func$/workspace/rtl/dll/vibe_dll_tx.sv:82$284.fb' from process `\vibe_dll_tx.$proc$/workspace/rtl/dll/vibe_dll_tx.sv:0$1965'.
No latch inferred for signal `\vibe_dll_tx.\crc30_bit$func$/workspace/rtl/dll/vibe_dll_tx.sv:82$285.$result' from process `\vibe_dll_tx.$proc$/workspace/rtl/dll/vibe_dll_tx.sv:0$1965'.
No latch inferred for signal `\vibe_dll_tx.\crc30_bit$func$/workspace/rtl/dll/vibe_dll_tx.sv:82$285.c' from process `\vibe_dll_tx.$proc$/workspace/rtl/dll/vibe_dll_tx.sv:0$1965'.
No latch inferred for signal `\vibe_dll_tx.\crc30_bit$func$/workspace/rtl/dll/vibe_dll_tx.sv:82$285.b' from process `\vibe_dll_tx.$proc$/workspace/rtl/dll/vibe_dll_tx.sv:0$1965'.
No latch inferred for signal `\vibe_dll_tx.\crc30_bit$func$/workspace/rtl/dll/vibe_dll_tx.sv:82$285.fb' from process `\vibe_dll_tx.$proc$/workspace/rtl/dll/vibe_dll_tx.sv:0$1965'.
No latch inferred for signal `\vibe_dll_tx.\crc30_bit$func$/workspace/rtl/dll/vibe_dll_tx.sv:82$286.$result' from process `\vibe_dll_tx.$proc$/workspace/rtl/dll/vibe_dll_tx.sv:0$1965'.
No latch inferred for signal `\vibe_dll_tx.\crc30_bit$func$/workspace/rtl/dll/vibe_dll_tx.sv:82$286.c' from process `\vibe_dll_tx.$proc$/workspace/rtl/dll/vibe_dll_tx.sv:0$1965'.
No latch inferred for signal `\vibe_dll_tx.\crc30_bit$func$/workspace/rtl/dll/vibe_dll_tx.sv:82$286.b' from process `\vibe_dll_tx.$proc$/workspace/rtl/dll/vibe_dll_tx.sv:0$1965'.
No latch inferred for signal `\vibe_dll_tx.\crc30_bit$func$/workspace/rtl/dll/vibe_dll_tx.sv:82$286.fb' from process `\vibe_dll_tx.$proc$/workspace/rtl/dll/vibe_dll_tx.sv:0$1965'.
No latch inferred for signal `\vibe_dll_tx.\crc30_bit$func$/workspace/rtl/dll/vibe_dll_tx.sv:82$287.$result' from process `\vibe_dll_tx.$proc$/workspace/rtl/dll/vibe_dll_tx.sv:0$1965'.
No latch inferred for signal `\vibe_dll_tx.\crc30_bit$func$/workspace/rtl/dll/vibe_dll_tx.sv:82$287.c' from process `\vibe_dll_tx.$proc$/workspace/rtl/dll/vibe_dll_tx.sv:0$1965'.
No latch inferred for signal `\vibe_dll_tx.\crc30_bit$func$/workspace/rtl/dll/vibe_dll_tx.sv:82$287.b' from process `\vibe_dll_tx.$proc$/workspace/rtl/dll/vibe_dll_tx.sv:0$1965'.
No latch inferred for signal `\vibe_dll_tx.\crc30_bit$func$/workspace/rtl/dll/vibe_dll_tx.sv:82$287.fb' from process `\vibe_dll_tx.$proc$/workspace/rtl/dll/vibe_dll_tx.sv:0$1965'.
No latch inferred for signal `\vibe_dll_tx.\crc30_bit$func$/workspace/rtl/dll/vibe_dll_tx.sv:82$288.$result' from process `\vibe_dll_tx.$proc$/workspace/rtl/dll/vibe_dll_tx.sv:0$1965'.
No latch inferred for signal `\vibe_dll_tx.\crc30_bit$func$/workspace/rtl/dll/vibe_dll_tx.sv:82$288.c' from process `\vibe_dll_tx.$proc$/workspace/rtl/dll/vibe_dll_tx.sv:0$1965'.
No latch inferred for signal `\vibe_dll_tx.\crc30_bit$func$/workspace/rtl/dll/vibe_dll_tx.sv:82$288.b' from process `\vibe_dll_tx.$proc$/workspace/rtl/dll/vibe_dll_tx.sv:0$1965'.
No latch inferred for signal `\vibe_dll_tx.\crc30_bit$func$/workspace/rtl/dll/vibe_dll_tx.sv:82$288.fb' from process `\vibe_dll_tx.$proc$/workspace/rtl/dll/vibe_dll_tx.sv:0$1965'.
No latch inferred for signal `\vibe_dll_tx.\crc30_bit$func$/workspace/rtl/dll/vibe_dll_tx.sv:82$289.$result' from process `\vibe_dll_tx.$proc$/workspace/rtl/dll/vibe_dll_tx.sv:0$1965'.
No latch inferred for signal `\vibe_dll_tx.\crc30_bit$func$/workspace/rtl/dll/vibe_dll_tx.sv:82$289.c' from process `\vibe_dll_tx.$proc$/workspace/rtl/dll/vibe_dll_tx.sv:0$1965'.
No latch inferred for signal `\vibe_dll_tx.\crc30_bit$func$/workspace/rtl/dll/vibe_dll_tx.sv:82$289.b' from process `\vibe_dll_tx.$proc$/workspace/rtl/dll/vibe_dll_tx.sv:0$1965'.
No latch inferred for signal `\vibe_dll_tx.\crc30_bit$func$/workspace/rtl/dll/vibe_dll_tx.sv:82$289.fb' from process `\vibe_dll_tx.$proc$/workspace/rtl/dll/vibe_dll_tx.sv:0$1965'.
No latch inferred for signal `\vibe_dll_tx.\crc30_bit$func$/workspace/rtl/dll/vibe_dll_tx.sv:82$290.$result' from process `\vibe_dll_tx.$proc$/workspace/rtl/dll/vibe_dll_tx.sv:0$1965'.
No latch inferred for signal `\vibe_dll_tx.\crc30_bit$func$/workspace/rtl/dll/vibe_dll_tx.sv:82$290.c' from process `\vibe_dll_tx.$proc$/workspace/rtl/dll/vibe_dll_tx.sv:0$1965'.
No latch inferred for signal `\vibe_dll_tx.\crc30_bit$func$/workspace/rtl/dll/vibe_dll_tx.sv:82$290.b' from process `\vibe_dll_tx.$proc$/workspace/rtl/dll/vibe_dll_tx.sv:0$1965'.
No latch inferred for signal `\vibe_dll_tx.\crc30_bit$func$/workspace/rtl/dll/vibe_dll_tx.sv:82$290.fb' from process `\vibe_dll_tx.$proc$/workspace/rtl/dll/vibe_dll_tx.sv:0$1965'.
No latch inferred for signal `\vibe_dll_tx.\crc30_bit$func$/workspace/rtl/dll/vibe_dll_tx.sv:82$291.$result' from process `\vibe_dll_tx.$proc$/workspace/rtl/dll/vibe_dll_tx.sv:0$1965'.
No latch inferred for signal `\vibe_dll_tx.\crc30_bit$func$/workspace/rtl/dll/vibe_dll_tx.sv:82$291.c' from process `\vibe_dll_tx.$proc$/workspace/rtl/dll/vibe_dll_tx.sv:0$1965'.
No latch inferred for signal `\vibe_dll_tx.\crc30_bit$func$/workspace/rtl/dll/vibe_dll_tx.sv:82$291.b' from process `\vibe_dll_tx.$proc$/workspace/rtl/dll/vibe_dll_tx.sv:0$1965'.
No latch inferred for signal `\vibe_dll_tx.\crc30_bit$func$/workspace/rtl/dll/vibe_dll_tx.sv:82$291.fb' from process `\vibe_dll_tx.$proc$/workspace/rtl/dll/vibe_dll_tx.sv:0$1965'.
No latch inferred for signal `\vibe_dll_tx.\crc30_bit$func$/workspace/rtl/dll/vibe_dll_tx.sv:82$292.$result' from process `\vibe_dll_tx.$proc$/workspace/rtl/dll/vibe_dll_tx.sv:0$1965'.
No latch inferred for signal `\vibe_dll_tx.\crc30_bit$func$/workspace/rtl/dll/vibe_dll_tx.sv:82$292.c' from process `\vibe_dll_tx.$proc$/workspace/rtl/dll/vibe_dll_tx.sv:0$1965'.
No latch inferred for signal `\vibe_dll_tx.\crc30_bit$func$/workspace/rtl/dll/vibe_dll_tx.sv:82$292.b' from process `\vibe_dll_tx.$proc$/workspace/rtl/dll/vibe_dll_tx.sv:0$1965'.
No latch inferred for signal `\vibe_dll_tx.\crc30_bit$func$/workspace/rtl/dll/vibe_dll_tx.sv:82$292.fb' from process `\vibe_dll_tx.$proc$/workspace/rtl/dll/vibe_dll_tx.sv:0$1965'.
No latch inferred for signal `\vibe_dll_tx.\crc30_bit$func$/workspace/rtl/dll/vibe_dll_tx.sv:82$293.$result' from process `\vibe_dll_tx.$proc$/workspace/rtl/dll/vibe_dll_tx.sv:0$1965'.
No latch inferred for signal `\vibe_dll_tx.\crc30_bit$func$/workspace/rtl/dll/vibe_dll_tx.sv:82$293.c' from process `\vibe_dll_tx.$proc$/workspace/rtl/dll/vibe_dll_tx.sv:0$1965'.
No latch inferred for signal `\vibe_dll_tx.\crc30_bit$func$/workspace/rtl/dll/vibe_dll_tx.sv:82$293.b' from process `\vibe_dll_tx.$proc$/workspace/rtl/dll/vibe_dll_tx.sv:0$1965'.
No latch inferred for signal `\vibe_dll_tx.\crc30_bit$func$/workspace/rtl/dll/vibe_dll_tx.sv:82$293.fb' from process `\vibe_dll_tx.$proc$/workspace/rtl/dll/vibe_dll_tx.sv:0$1965'.
No latch inferred for signal `\vibe_dll_tx.\crc30_bit$func$/workspace/rtl/dll/vibe_dll_tx.sv:82$294.$result' from process `\vibe_dll_tx.$proc$/workspace/rtl/dll/vibe_dll_tx.sv:0$1965'.
No latch inferred for signal `\vibe_dll_tx.\crc30_bit$func$/workspace/rtl/dll/vibe_dll_tx.sv:82$294.c' from process `\vibe_dll_tx.$proc$/workspace/rtl/dll/vibe_dll_tx.sv:0$1965'.
No latch inferred for signal `\vibe_dll_tx.\crc30_bit$func$/workspace/rtl/dll/vibe_dll_tx.sv:82$294.b' from process `\vibe_dll_tx.$proc$/workspace/rtl/dll/vibe_dll_tx.sv:0$1965'.
No latch inferred for signal `\vibe_dll_tx.\crc30_bit$func$/workspace/rtl/dll/vibe_dll_tx.sv:82$294.fb' from process `\vibe_dll_tx.$proc$/workspace/rtl/dll/vibe_dll_tx.sv:0$1965'.
No latch inferred for signal `\vibe_dll_tx.\crc30_bit$func$/workspace/rtl/dll/vibe_dll_tx.sv:82$295.$result' from process `\vibe_dll_tx.$proc$/workspace/rtl/dll/vibe_dll_tx.sv:0$1965'.
No latch inferred for signal `\vibe_dll_tx.\crc30_bit$func$/workspace/rtl/dll/vibe_dll_tx.sv:82$295.c' from process `\vibe_dll_tx.$proc$/workspace/rtl/dll/vibe_dll_tx.sv:0$1965'.
No latch inferred for signal `\vibe_dll_tx.\crc30_bit$func$/workspace/rtl/dll/vibe_dll_tx.sv:82$295.b' from process `\vibe_dll_tx.$proc$/workspace/rtl/dll/vibe_dll_tx.sv:0$1965'.
No latch inferred for signal `\vibe_dll_tx.\crc30_bit$func$/workspace/rtl/dll/vibe_dll_tx.sv:82$295.fb' from process `\vibe_dll_tx.$proc$/workspace/rtl/dll/vibe_dll_tx.sv:0$1965'.
No latch inferred for signal `\vibe_dll_tx.\crc30_bit$func$/workspace/rtl/dll/vibe_dll_tx.sv:82$296.$result' from process `\vibe_dll_tx.$proc$/workspace/rtl/dll/vibe_dll_tx.sv:0$1965'.
No latch inferred for signal `\vibe_dll_tx.\crc30_bit$func$/workspace/rtl/dll/vibe_dll_tx.sv:82$296.c' from process `\vibe_dll_tx.$proc$/workspace/rtl/dll/vibe_dll_tx.sv:0$1965'.
No latch inferred for signal `\vibe_dll_tx.\crc30_bit$func$/workspace/rtl/dll/vibe_dll_tx.sv:82$296.b' from process `\vibe_dll_tx.$proc$/workspace/rtl/dll/vibe_dll_tx.sv:0$1965'.
No latch inferred for signal `\vibe_dll_tx.\crc30_bit$func$/workspace/rtl/dll/vibe_dll_tx.sv:82$296.fb' from process `\vibe_dll_tx.$proc$/workspace/rtl/dll/vibe_dll_tx.sv:0$1965'.
No latch inferred for signal `\vibe_dll_tx.\crc30_bit$func$/workspace/rtl/dll/vibe_dll_tx.sv:82$297.$result' from process `\vibe_dll_tx.$proc$/workspace/rtl/dll/vibe_dll_tx.sv:0$1965'.
No latch inferred for signal `\vibe_dll_tx.\crc30_bit$func$/workspace/rtl/dll/vibe_dll_tx.sv:82$297.c' from process `\vibe_dll_tx.$proc$/workspace/rtl/dll/vibe_dll_tx.sv:0$1965'.
No latch inferred for signal `\vibe_dll_tx.\crc30_bit$func$/workspace/rtl/dll/vibe_dll_tx.sv:82$297.b' from process `\vibe_dll_tx.$proc$/workspace/rtl/dll/vibe_dll_tx.sv:0$1965'.
No latch inferred for signal `\vibe_dll_tx.\crc30_bit$func$/workspace/rtl/dll/vibe_dll_tx.sv:82$297.fb' from process `\vibe_dll_tx.$proc$/workspace/rtl/dll/vibe_dll_tx.sv:0$1965'.
No latch inferred for signal `\vibe_dll_tx.\crc30_bit$func$/workspace/rtl/dll/vibe_dll_tx.sv:82$298.$result' from process `\vibe_dll_tx.$proc$/workspace/rtl/dll/vibe_dll_tx.sv:0$1965'.
No latch inferred for signal `\vibe_dll_tx.\crc30_bit$func$/workspace/rtl/dll/vibe_dll_tx.sv:82$298.c' from process `\vibe_dll_tx.$proc$/workspace/rtl/dll/vibe_dll_tx.sv:0$1965'.
No latch inferred for signal `\vibe_dll_tx.\crc30_bit$func$/workspace/rtl/dll/vibe_dll_tx.sv:82$298.b' from process `\vibe_dll_tx.$proc$/workspace/rtl/dll/vibe_dll_tx.sv:0$1965'.
No latch inferred for signal `\vibe_dll_tx.\crc30_bit$func$/workspace/rtl/dll/vibe_dll_tx.sv:82$298.fb' from process `\vibe_dll_tx.$proc$/workspace/rtl/dll/vibe_dll_tx.sv:0$1965'.
No latch inferred for signal `\vibe_dll_tx.\crc30_bit$func$/workspace/rtl/dll/vibe_dll_tx.sv:82$299.$result' from process `\vibe_dll_tx.$proc$/workspace/rtl/dll/vibe_dll_tx.sv:0$1965'.
No latch inferred for signal `\vibe_dll_tx.\crc30_bit$func$/workspace/rtl/dll/vibe_dll_tx.sv:82$299.c' from process `\vibe_dll_tx.$proc$/workspace/rtl/dll/vibe_dll_tx.sv:0$1965'.
No latch inferred for signal `\vibe_dll_tx.\crc30_bit$func$/workspace/rtl/dll/vibe_dll_tx.sv:82$299.b' from process `\vibe_dll_tx.$proc$/workspace/rtl/dll/vibe_dll_tx.sv:0$1965'.
No latch inferred for signal `\vibe_dll_tx.\crc30_bit$func$/workspace/rtl/dll/vibe_dll_tx.sv:82$299.fb' from process `\vibe_dll_tx.$proc$/workspace/rtl/dll/vibe_dll_tx.sv:0$1965'.
No latch inferred for signal `\vibe_dll_tx.\crc30_bit$func$/workspace/rtl/dll/vibe_dll_tx.sv:82$300.$result' from process `\vibe_dll_tx.$proc$/workspace/rtl/dll/vibe_dll_tx.sv:0$1965'.
No latch inferred for signal `\vibe_dll_tx.\crc30_bit$func$/workspace/rtl/dll/vibe_dll_tx.sv:82$300.c' from process `\vibe_dll_tx.$proc$/workspace/rtl/dll/vibe_dll_tx.sv:0$1965'.
No latch inferred for signal `\vibe_dll_tx.\crc30_bit$func$/workspace/rtl/dll/vibe_dll_tx.sv:82$300.b' from process `\vibe_dll_tx.$proc$/workspace/rtl/dll/vibe_dll_tx.sv:0$1965'.
No latch inferred for signal `\vibe_dll_tx.\crc30_bit$func$/workspace/rtl/dll/vibe_dll_tx.sv:82$300.fb' from process `\vibe_dll_tx.$proc$/workspace/rtl/dll/vibe_dll_tx.sv:0$1965'.
No latch inferred for signal `\vibe_dll_tx.\crc30_bit$func$/workspace/rtl/dll/vibe_dll_tx.sv:82$301.$result' from process `\vibe_dll_tx.$proc$/workspace/rtl/dll/vibe_dll_tx.sv:0$1965'.
No latch inferred for signal `\vibe_dll_tx.\crc30_bit$func$/workspace/rtl/dll/vibe_dll_tx.sv:82$301.c' from process `\vibe_dll_tx.$proc$/workspace/rtl/dll/vibe_dll_tx.sv:0$1965'.
No latch inferred for signal `\vibe_dll_tx.\crc30_bit$func$/workspace/rtl/dll/vibe_dll_tx.sv:82$301.b' from process `\vibe_dll_tx.$proc$/workspace/rtl/dll/vibe_dll_tx.sv:0$1965'.
No latch inferred for signal `\vibe_dll_tx.\crc30_bit$func$/workspace/rtl/dll/vibe_dll_tx.sv:82$301.fb' from process `\vibe_dll_tx.$proc$/workspace/rtl/dll/vibe_dll_tx.sv:0$1965'.
No latch inferred for signal `\vibe_dll_tx.\crc30_bit$func$/workspace/rtl/dll/vibe_dll_tx.sv:82$302.$result' from process `\vibe_dll_tx.$proc$/workspace/rtl/dll/vibe_dll_tx.sv:0$1965'.
No latch inferred for signal `\vibe_dll_tx.\crc30_bit$func$/workspace/rtl/dll/vibe_dll_tx.sv:82$302.c' from process `\vibe_dll_tx.$proc$/workspace/rtl/dll/vibe_dll_tx.sv:0$1965'.
No latch inferred for signal `\vibe_dll_tx.\crc30_bit$func$/workspace/rtl/dll/vibe_dll_tx.sv:82$302.b' from process `\vibe_dll_tx.$proc$/workspace/rtl/dll/vibe_dll_tx.sv:0$1965'.
No latch inferred for signal `\vibe_dll_tx.\crc30_bit$func$/workspace/rtl/dll/vibe_dll_tx.sv:82$302.fb' from process `\vibe_dll_tx.$proc$/workspace/rtl/dll/vibe_dll_tx.sv:0$1965'.
No latch inferred for signal `\vibe_dll_tx.\crc30_bit$func$/workspace/rtl/dll/vibe_dll_tx.sv:82$303.$result' from process `\vibe_dll_tx.$proc$/workspace/rtl/dll/vibe_dll_tx.sv:0$1965'.
No latch inferred for signal `\vibe_dll_tx.\crc30_bit$func$/workspace/rtl/dll/vibe_dll_tx.sv:82$303.c' from process `\vibe_dll_tx.$proc$/workspace/rtl/dll/vibe_dll_tx.sv:0$1965'.
No latch inferred for signal `\vibe_dll_tx.\crc30_bit$func$/workspace/rtl/dll/vibe_dll_tx.sv:82$303.b' from process `\vibe_dll_tx.$proc$/workspace/rtl/dll/vibe_dll_tx.sv:0$1965'.
No latch inferred for signal `\vibe_dll_tx.\crc30_bit$func$/workspace/rtl/dll/vibe_dll_tx.sv:82$303.fb' from process `\vibe_dll_tx.$proc$/workspace/rtl/dll/vibe_dll_tx.sv:0$1965'.
No latch inferred for signal `\vibe_dll_tx.\crc30_bit$func$/workspace/rtl/dll/vibe_dll_tx.sv:82$304.$result' from process `\vibe_dll_tx.$proc$/workspace/rtl/dll/vibe_dll_tx.sv:0$1965'.
No latch inferred for signal `\vibe_dll_tx.\crc30_bit$func$/workspace/rtl/dll/vibe_dll_tx.sv:82$304.c' from process `\vibe_dll_tx.$proc$/workspace/rtl/dll/vibe_dll_tx.sv:0$1965'.
No latch inferred for signal `\vibe_dll_tx.\crc30_bit$func$/workspace/rtl/dll/vibe_dll_tx.sv:82$304.b' from process `\vibe_dll_tx.$proc$/workspace/rtl/dll/vibe_dll_tx.sv:0$1965'.
No latch inferred for signal `\vibe_dll_tx.\crc30_bit$func$/workspace/rtl/dll/vibe_dll_tx.sv:82$304.fb' from process `\vibe_dll_tx.$proc$/workspace/rtl/dll/vibe_dll_tx.sv:0$1965'.
No latch inferred for signal `\vibe_dll_tx.\crc30_bit$func$/workspace/rtl/dll/vibe_dll_tx.sv:82$305.$result' from process `\vibe_dll_tx.$proc$/workspace/rtl/dll/vibe_dll_tx.sv:0$1965'.
No latch inferred for signal `\vibe_dll_tx.\crc30_bit$func$/workspace/rtl/dll/vibe_dll_tx.sv:82$305.c' from process `\vibe_dll_tx.$proc$/workspace/rtl/dll/vibe_dll_tx.sv:0$1965'.
No latch inferred for signal `\vibe_dll_tx.\crc30_bit$func$/workspace/rtl/dll/vibe_dll_tx.sv:82$305.b' from process `\vibe_dll_tx.$proc$/workspace/rtl/dll/vibe_dll_tx.sv:0$1965'.
No latch inferred for signal `\vibe_dll_tx.\crc30_bit$func$/workspace/rtl/dll/vibe_dll_tx.sv:82$305.fb' from process `\vibe_dll_tx.$proc$/workspace/rtl/dll/vibe_dll_tx.sv:0$1965'.
No latch inferred for signal `\vibe_dll_tx.\crc30_bit$func$/workspace/rtl/dll/vibe_dll_tx.sv:82$306.$result' from process `\vibe_dll_tx.$proc$/workspace/rtl/dll/vibe_dll_tx.sv:0$1965'.
No latch inferred for signal `\vibe_dll_tx.\crc30_bit$func$/workspace/rtl/dll/vibe_dll_tx.sv:82$306.c' from process `\vibe_dll_tx.$proc$/workspace/rtl/dll/vibe_dll_tx.sv:0$1965'.
No latch inferred for signal `\vibe_dll_tx.\crc30_bit$func$/workspace/rtl/dll/vibe_dll_tx.sv:82$306.b' from process `\vibe_dll_tx.$proc$/workspace/rtl/dll/vibe_dll_tx.sv:0$1965'.
No latch inferred for signal `\vibe_dll_tx.\crc30_bit$func$/workspace/rtl/dll/vibe_dll_tx.sv:82$306.fb' from process `\vibe_dll_tx.$proc$/workspace/rtl/dll/vibe_dll_tx.sv:0$1965'.
No latch inferred for signal `\vibe_dll_tx.\crc30_bit$func$/workspace/rtl/dll/vibe_dll_tx.sv:82$307.$result' from process `\vibe_dll_tx.$proc$/workspace/rtl/dll/vibe_dll_tx.sv:0$1965'.
No latch inferred for signal `\vibe_dll_tx.\crc30_bit$func$/workspace/rtl/dll/vibe_dll_tx.sv:82$307.c' from process `\vibe_dll_tx.$proc$/workspace/rtl/dll/vibe_dll_tx.sv:0$1965'.
No latch inferred for signal `\vibe_dll_tx.\crc30_bit$func$/workspace/rtl/dll/vibe_dll_tx.sv:82$307.b' from process `\vibe_dll_tx.$proc$/workspace/rtl/dll/vibe_dll_tx.sv:0$1965'.
No latch inferred for signal `\vibe_dll_tx.\crc30_bit$func$/workspace/rtl/dll/vibe_dll_tx.sv:82$307.fb' from process `\vibe_dll_tx.$proc$/workspace/rtl/dll/vibe_dll_tx.sv:0$1965'.
No latch inferred for signal `\vibe_dll_tx.\crc30_bit$func$/workspace/rtl/dll/vibe_dll_tx.sv:82$308.$result' from process `\vibe_dll_tx.$proc$/workspace/rtl/dll/vibe_dll_tx.sv:0$1965'.
No latch inferred for signal `\vibe_dll_tx.\crc30_bit$func$/workspace/rtl/dll/vibe_dll_tx.sv:82$308.c' from process `\vibe_dll_tx.$proc$/workspace/rtl/dll/vibe_dll_tx.sv:0$1965'.
No latch inferred for signal `\vibe_dll_tx.\crc30_bit$func$/workspace/rtl/dll/vibe_dll_tx.sv:82$308.b' from process `\vibe_dll_tx.$proc$/workspace/rtl/dll/vibe_dll_tx.sv:0$1965'.
No latch inferred for signal `\vibe_dll_tx.\crc30_bit$func$/workspace/rtl/dll/vibe_dll_tx.sv:82$308.fb' from process `\vibe_dll_tx.$proc$/workspace/rtl/dll/vibe_dll_tx.sv:0$1965'.
No latch inferred for signal `\vibe_dll_tx.\crc30_bit$func$/workspace/rtl/dll/vibe_dll_tx.sv:82$309.$result' from process `\vibe_dll_tx.$proc$/workspace/rtl/dll/vibe_dll_tx.sv:0$1965'.
No latch inferred for signal `\vibe_dll_tx.\crc30_bit$func$/workspace/rtl/dll/vibe_dll_tx.sv:82$309.c' from process `\vibe_dll_tx.$proc$/workspace/rtl/dll/vibe_dll_tx.sv:0$1965'.
No latch inferred for signal `\vibe_dll_tx.\crc30_bit$func$/workspace/rtl/dll/vibe_dll_tx.sv:82$309.b' from process `\vibe_dll_tx.$proc$/workspace/rtl/dll/vibe_dll_tx.sv:0$1965'.
No latch inferred for signal `\vibe_dll_tx.\crc30_bit$func$/workspace/rtl/dll/vibe_dll_tx.sv:82$309.fb' from process `\vibe_dll_tx.$proc$/workspace/rtl/dll/vibe_dll_tx.sv:0$1965'.
No latch inferred for signal `\vibe_dll_tx.\crc30_bit$func$/workspace/rtl/dll/vibe_dll_tx.sv:82$310.$result' from process `\vibe_dll_tx.$proc$/workspace/rtl/dll/vibe_dll_tx.sv:0$1965'.
No latch inferred for signal `\vibe_dll_tx.\crc30_bit$func$/workspace/rtl/dll/vibe_dll_tx.sv:82$310.c' from process `\vibe_dll_tx.$proc$/workspace/rtl/dll/vibe_dll_tx.sv:0$1965'.
No latch inferred for signal `\vibe_dll_tx.\crc30_bit$func$/workspace/rtl/dll/vibe_dll_tx.sv:82$310.b' from process `\vibe_dll_tx.$proc$/workspace/rtl/dll/vibe_dll_tx.sv:0$1965'.
No latch inferred for signal `\vibe_dll_tx.\crc30_bit$func$/workspace/rtl/dll/vibe_dll_tx.sv:82$310.fb' from process `\vibe_dll_tx.$proc$/workspace/rtl/dll/vibe_dll_tx.sv:0$1965'.
No latch inferred for signal `\vibe_dll_tx.\crc30_bit$func$/workspace/rtl/dll/vibe_dll_tx.sv:82$311.$result' from process `\vibe_dll_tx.$proc$/workspace/rtl/dll/vibe_dll_tx.sv:0$1965'.
No latch inferred for signal `\vibe_dll_tx.\crc30_bit$func$/workspace/rtl/dll/vibe_dll_tx.sv:82$311.c' from process `\vibe_dll_tx.$proc$/workspace/rtl/dll/vibe_dll_tx.sv:0$1965'.
No latch inferred for signal `\vibe_dll_tx.\crc30_bit$func$/workspace/rtl/dll/vibe_dll_tx.sv:82$311.b' from process `\vibe_dll_tx.$proc$/workspace/rtl/dll/vibe_dll_tx.sv:0$1965'.
No latch inferred for signal `\vibe_dll_tx.\crc30_bit$func$/workspace/rtl/dll/vibe_dll_tx.sv:82$311.fb' from process `\vibe_dll_tx.$proc$/workspace/rtl/dll/vibe_dll_tx.sv:0$1965'.
No latch inferred for signal `\vibe_dll_tx.\crc30_bit$func$/workspace/rtl/dll/vibe_dll_tx.sv:82$312.$result' from process `\vibe_dll_tx.$proc$/workspace/rtl/dll/vibe_dll_tx.sv:0$1965'.
No latch inferred for signal `\vibe_dll_tx.\crc30_bit$func$/workspace/rtl/dll/vibe_dll_tx.sv:82$312.c' from process `\vibe_dll_tx.$proc$/workspace/rtl/dll/vibe_dll_tx.sv:0$1965'.
No latch inferred for signal `\vibe_dll_tx.\crc30_bit$func$/workspace/rtl/dll/vibe_dll_tx.sv:82$312.b' from process `\vibe_dll_tx.$proc$/workspace/rtl/dll/vibe_dll_tx.sv:0$1965'.
No latch inferred for signal `\vibe_dll_tx.\crc30_bit$func$/workspace/rtl/dll/vibe_dll_tx.sv:82$312.fb' from process `\vibe_dll_tx.$proc$/workspace/rtl/dll/vibe_dll_tx.sv:0$1965'.
No latch inferred for signal `\vibe_dll_tx.\crc30_bit$func$/workspace/rtl/dll/vibe_dll_tx.sv:82$313.$result' from process `\vibe_dll_tx.$proc$/workspace/rtl/dll/vibe_dll_tx.sv:0$1965'.
No latch inferred for signal `\vibe_dll_tx.\crc30_bit$func$/workspace/rtl/dll/vibe_dll_tx.sv:82$313.c' from process `\vibe_dll_tx.$proc$/workspace/rtl/dll/vibe_dll_tx.sv:0$1965'.
No latch inferred for signal `\vibe_dll_tx.\crc30_bit$func$/workspace/rtl/dll/vibe_dll_tx.sv:82$313.b' from process `\vibe_dll_tx.$proc$/workspace/rtl/dll/vibe_dll_tx.sv:0$1965'.
No latch inferred for signal `\vibe_dll_tx.\crc30_bit$func$/workspace/rtl/dll/vibe_dll_tx.sv:82$313.fb' from process `\vibe_dll_tx.$proc$/workspace/rtl/dll/vibe_dll_tx.sv:0$1965'.
No latch inferred for signal `\vibe_dll_tx.\crc30_bit$func$/workspace/rtl/dll/vibe_dll_tx.sv:82$314.$result' from process `\vibe_dll_tx.$proc$/workspace/rtl/dll/vibe_dll_tx.sv:0$1965'.
No latch inferred for signal `\vibe_dll_tx.\crc30_bit$func$/workspace/rtl/dll/vibe_dll_tx.sv:82$314.c' from process `\vibe_dll_tx.$proc$/workspace/rtl/dll/vibe_dll_tx.sv:0$1965'.
No latch inferred for signal `\vibe_dll_tx.\crc30_bit$func$/workspace/rtl/dll/vibe_dll_tx.sv:82$314.b' from process `\vibe_dll_tx.$proc$/workspace/rtl/dll/vibe_dll_tx.sv:0$1965'.
No latch inferred for signal `\vibe_dll_tx.\crc30_bit$func$/workspace/rtl/dll/vibe_dll_tx.sv:82$314.fb' from process `\vibe_dll_tx.$proc$/workspace/rtl/dll/vibe_dll_tx.sv:0$1965'.
No latch inferred for signal `\vibe_dll_tx.\crc30_bit$func$/workspace/rtl/dll/vibe_dll_tx.sv:82$315.$result' from process `\vibe_dll_tx.$proc$/workspace/rtl/dll/vibe_dll_tx.sv:0$1965'.
No latch inferred for signal `\vibe_dll_tx.\crc30_bit$func$/workspace/rtl/dll/vibe_dll_tx.sv:82$315.c' from process `\vibe_dll_tx.$proc$/workspace/rtl/dll/vibe_dll_tx.sv:0$1965'.
No latch inferred for signal `\vibe_dll_tx.\crc30_bit$func$/workspace/rtl/dll/vibe_dll_tx.sv:82$315.b' from process `\vibe_dll_tx.$proc$/workspace/rtl/dll/vibe_dll_tx.sv:0$1965'.
No latch inferred for signal `\vibe_dll_tx.\crc30_bit$func$/workspace/rtl/dll/vibe_dll_tx.sv:82$315.fb' from process `\vibe_dll_tx.$proc$/workspace/rtl/dll/vibe_dll_tx.sv:0$1965'.
No latch inferred for signal `\vibe_dll_tx.\crc30_bit$func$/workspace/rtl/dll/vibe_dll_tx.sv:82$316.$result' from process `\vibe_dll_tx.$proc$/workspace/rtl/dll/vibe_dll_tx.sv:0$1965'.
No latch inferred for signal `\vibe_dll_tx.\crc30_bit$func$/workspace/rtl/dll/vibe_dll_tx.sv:82$316.c' from process `\vibe_dll_tx.$proc$/workspace/rtl/dll/vibe_dll_tx.sv:0$1965'.
No latch inferred for signal `\vibe_dll_tx.\crc30_bit$func$/workspace/rtl/dll/vibe_dll_tx.sv:82$316.b' from process `\vibe_dll_tx.$proc$/workspace/rtl/dll/vibe_dll_tx.sv:0$1965'.
No latch inferred for signal `\vibe_dll_tx.\crc30_bit$func$/workspace/rtl/dll/vibe_dll_tx.sv:82$316.fb' from process `\vibe_dll_tx.$proc$/workspace/rtl/dll/vibe_dll_tx.sv:0$1965'.
No latch inferred for signal `\vibe_dll_tx.\crc30_bit$func$/workspace/rtl/dll/vibe_dll_tx.sv:82$317.$result' from process `\vibe_dll_tx.$proc$/workspace/rtl/dll/vibe_dll_tx.sv:0$1965'.
No latch inferred for signal `\vibe_dll_tx.\crc30_bit$func$/workspace/rtl/dll/vibe_dll_tx.sv:82$317.c' from process `\vibe_dll_tx.$proc$/workspace/rtl/dll/vibe_dll_tx.sv:0$1965'.
No latch inferred for signal `\vibe_dll_tx.\crc30_bit$func$/workspace/rtl/dll/vibe_dll_tx.sv:82$317.b' from process `\vibe_dll_tx.$proc$/workspace/rtl/dll/vibe_dll_tx.sv:0$1965'.
No latch inferred for signal `\vibe_dll_tx.\crc30_bit$func$/workspace/rtl/dll/vibe_dll_tx.sv:82$317.fb' from process `\vibe_dll_tx.$proc$/workspace/rtl/dll/vibe_dll_tx.sv:0$1965'.
No latch inferred for signal `\vibe_dll_tx.\crc30_bit$func$/workspace/rtl/dll/vibe_dll_tx.sv:82$318.$result' from process `\vibe_dll_tx.$proc$/workspace/rtl/dll/vibe_dll_tx.sv:0$1965'.
No latch inferred for signal `\vibe_dll_tx.\crc30_bit$func$/workspace/rtl/dll/vibe_dll_tx.sv:82$318.c' from process `\vibe_dll_tx.$proc$/workspace/rtl/dll/vibe_dll_tx.sv:0$1965'.
No latch inferred for signal `\vibe_dll_tx.\crc30_bit$func$/workspace/rtl/dll/vibe_dll_tx.sv:82$318.b' from process `\vibe_dll_tx.$proc$/workspace/rtl/dll/vibe_dll_tx.sv:0$1965'.
No latch inferred for signal `\vibe_dll_tx.\crc30_bit$func$/workspace/rtl/dll/vibe_dll_tx.sv:82$318.fb' from process `\vibe_dll_tx.$proc$/workspace/rtl/dll/vibe_dll_tx.sv:0$1965'.
No latch inferred for signal `\vibe_dll_tx.\crc30_bit$func$/workspace/rtl/dll/vibe_dll_tx.sv:82$319.$result' from process `\vibe_dll_tx.$proc$/workspace/rtl/dll/vibe_dll_tx.sv:0$1965'.
No latch inferred for signal `\vibe_dll_tx.\crc30_bit$func$/workspace/rtl/dll/vibe_dll_tx.sv:82$319.c' from process `\vibe_dll_tx.$proc$/workspace/rtl/dll/vibe_dll_tx.sv:0$1965'.
No latch inferred for signal `\vibe_dll_tx.\crc30_bit$func$/workspace/rtl/dll/vibe_dll_tx.sv:82$319.b' from process `\vibe_dll_tx.$proc$/workspace/rtl/dll/vibe_dll_tx.sv:0$1965'.
No latch inferred for signal `\vibe_dll_tx.\crc30_bit$func$/workspace/rtl/dll/vibe_dll_tx.sv:82$319.fb' from process `\vibe_dll_tx.$proc$/workspace/rtl/dll/vibe_dll_tx.sv:0$1965'.
No latch inferred for signal `\vibe_dll_tx.\crc30_bit$func$/workspace/rtl/dll/vibe_dll_tx.sv:82$320.$result' from process `\vibe_dll_tx.$proc$/workspace/rtl/dll/vibe_dll_tx.sv:0$1965'.
No latch inferred for signal `\vibe_dll_tx.\crc30_bit$func$/workspace/rtl/dll/vibe_dll_tx.sv:82$320.c' from process `\vibe_dll_tx.$proc$/workspace/rtl/dll/vibe_dll_tx.sv:0$1965'.
No latch inferred for signal `\vibe_dll_tx.\crc30_bit$func$/workspace/rtl/dll/vibe_dll_tx.sv:82$320.b' from process `\vibe_dll_tx.$proc$/workspace/rtl/dll/vibe_dll_tx.sv:0$1965'.
No latch inferred for signal `\vibe_dll_tx.\crc30_bit$func$/workspace/rtl/dll/vibe_dll_tx.sv:82$320.fb' from process `\vibe_dll_tx.$proc$/workspace/rtl/dll/vibe_dll_tx.sv:0$1965'.
No latch inferred for signal `\vibe_dll_tx.\crc30_bit$func$/workspace/rtl/dll/vibe_dll_tx.sv:82$321.$result' from process `\vibe_dll_tx.$proc$/workspace/rtl/dll/vibe_dll_tx.sv:0$1965'.
No latch inferred for signal `\vibe_dll_tx.\crc30_bit$func$/workspace/rtl/dll/vibe_dll_tx.sv:82$321.c' from process `\vibe_dll_tx.$proc$/workspace/rtl/dll/vibe_dll_tx.sv:0$1965'.
No latch inferred for signal `\vibe_dll_tx.\crc30_bit$func$/workspace/rtl/dll/vibe_dll_tx.sv:82$321.b' from process `\vibe_dll_tx.$proc$/workspace/rtl/dll/vibe_dll_tx.sv:0$1965'.
No latch inferred for signal `\vibe_dll_tx.\crc30_bit$func$/workspace/rtl/dll/vibe_dll_tx.sv:82$321.fb' from process `\vibe_dll_tx.$proc$/workspace/rtl/dll/vibe_dll_tx.sv:0$1965'.
No latch inferred for signal `\vibe_dll_tx.\crc30_bit$func$/workspace/rtl/dll/vibe_dll_tx.sv:82$322.$result' from process `\vibe_dll_tx.$proc$/workspace/rtl/dll/vibe_dll_tx.sv:0$1965'.
No latch inferred for signal `\vibe_dll_tx.\crc30_bit$func$/workspace/rtl/dll/vibe_dll_tx.sv:82$322.c' from process `\vibe_dll_tx.$proc$/workspace/rtl/dll/vibe_dll_tx.sv:0$1965'.
No latch inferred for signal `\vibe_dll_tx.\crc30_bit$func$/workspace/rtl/dll/vibe_dll_tx.sv:82$322.b' from process `\vibe_dll_tx.$proc$/workspace/rtl/dll/vibe_dll_tx.sv:0$1965'.
No latch inferred for signal `\vibe_dll_tx.\crc30_bit$func$/workspace/rtl/dll/vibe_dll_tx.sv:82$322.fb' from process `\vibe_dll_tx.$proc$/workspace/rtl/dll/vibe_dll_tx.sv:0$1965'.
No latch inferred for signal `\vibe_dll_tx.\crc30_bit$func$/workspace/rtl/dll/vibe_dll_tx.sv:82$323.$result' from process `\vibe_dll_tx.$proc$/workspace/rtl/dll/vibe_dll_tx.sv:0$1965'.
No latch inferred for signal `\vibe_dll_tx.\crc30_bit$func$/workspace/rtl/dll/vibe_dll_tx.sv:82$323.c' from process `\vibe_dll_tx.$proc$/workspace/rtl/dll/vibe_dll_tx.sv:0$1965'.
No latch inferred for signal `\vibe_dll_tx.\crc30_bit$func$/workspace/rtl/dll/vibe_dll_tx.sv:82$323.b' from process `\vibe_dll_tx.$proc$/workspace/rtl/dll/vibe_dll_tx.sv:0$1965'.
No latch inferred for signal `\vibe_dll_tx.\crc30_bit$func$/workspace/rtl/dll/vibe_dll_tx.sv:82$323.fb' from process `\vibe_dll_tx.$proc$/workspace/rtl/dll/vibe_dll_tx.sv:0$1965'.
No latch inferred for signal `\vibe_dll_tx.\crc30_bit$func$/workspace/rtl/dll/vibe_dll_tx.sv:82$324.$result' from process `\vibe_dll_tx.$proc$/workspace/rtl/dll/vibe_dll_tx.sv:0$1965'.
No latch inferred for signal `\vibe_dll_tx.\crc30_bit$func$/workspace/rtl/dll/vibe_dll_tx.sv:82$324.c' from process `\vibe_dll_tx.$proc$/workspace/rtl/dll/vibe_dll_tx.sv:0$1965'.
No latch inferred for signal `\vibe_dll_tx.\crc30_bit$func$/workspace/rtl/dll/vibe_dll_tx.sv:82$324.b' from process `\vibe_dll_tx.$proc$/workspace/rtl/dll/vibe_dll_tx.sv:0$1965'.
No latch inferred for signal `\vibe_dll_tx.\crc30_bit$func$/workspace/rtl/dll/vibe_dll_tx.sv:82$324.fb' from process `\vibe_dll_tx.$proc$/workspace/rtl/dll/vibe_dll_tx.sv:0$1965'.
No latch inferred for signal `\vibe_dll_tx.\crc30_bit$func$/workspace/rtl/dll/vibe_dll_tx.sv:82$325.$result' from process `\vibe_dll_tx.$proc$/workspace/rtl/dll/vibe_dll_tx.sv:0$1965'.
No latch inferred for signal `\vibe_dll_tx.\crc30_bit$func$/workspace/rtl/dll/vibe_dll_tx.sv:82$325.c' from process `\vibe_dll_tx.$proc$/workspace/rtl/dll/vibe_dll_tx.sv:0$1965'.
No latch inferred for signal `\vibe_dll_tx.\crc30_bit$func$/workspace/rtl/dll/vibe_dll_tx.sv:82$325.b' from process `\vibe_dll_tx.$proc$/workspace/rtl/dll/vibe_dll_tx.sv:0$1965'.
No latch inferred for signal `\vibe_dll_tx.\crc30_bit$func$/workspace/rtl/dll/vibe_dll_tx.sv:82$325.fb' from process `\vibe_dll_tx.$proc$/workspace/rtl/dll/vibe_dll_tx.sv:0$1965'.
No latch inferred for signal `\vibe_dll_tx.\crc30_bit$func$/workspace/rtl/dll/vibe_dll_tx.sv:82$326.$result' from process `\vibe_dll_tx.$proc$/workspace/rtl/dll/vibe_dll_tx.sv:0$1965'.
No latch inferred for signal `\vibe_dll_tx.\crc30_bit$func$/workspace/rtl/dll/vibe_dll_tx.sv:82$326.c' from process `\vibe_dll_tx.$proc$/workspace/rtl/dll/vibe_dll_tx.sv:0$1965'.
No latch inferred for signal `\vibe_dll_tx.\crc30_bit$func$/workspace/rtl/dll/vibe_dll_tx.sv:82$326.b' from process `\vibe_dll_tx.$proc$/workspace/rtl/dll/vibe_dll_tx.sv:0$1965'.
No latch inferred for signal `\vibe_dll_tx.\crc30_bit$func$/workspace/rtl/dll/vibe_dll_tx.sv:82$326.fb' from process `\vibe_dll_tx.$proc$/workspace/rtl/dll/vibe_dll_tx.sv:0$1965'.
No latch inferred for signal `\vibe_dll_tx.\crc30_bit$func$/workspace/rtl/dll/vibe_dll_tx.sv:82$327.$result' from process `\vibe_dll_tx.$proc$/workspace/rtl/dll/vibe_dll_tx.sv:0$1965'.
No latch inferred for signal `\vibe_dll_tx.\crc30_bit$func$/workspace/rtl/dll/vibe_dll_tx.sv:82$327.c' from process `\vibe_dll_tx.$proc$/workspace/rtl/dll/vibe_dll_tx.sv:0$1965'.
No latch inferred for signal `\vibe_dll_tx.\crc30_bit$func$/workspace/rtl/dll/vibe_dll_tx.sv:82$327.b' from process `\vibe_dll_tx.$proc$/workspace/rtl/dll/vibe_dll_tx.sv:0$1965'.
No latch inferred for signal `\vibe_dll_tx.\crc30_bit$func$/workspace/rtl/dll/vibe_dll_tx.sv:82$327.fb' from process `\vibe_dll_tx.$proc$/workspace/rtl/dll/vibe_dll_tx.sv:0$1965'.
No latch inferred for signal `\vibe_dll_tx.\crc30_bit$func$/workspace/rtl/dll/vibe_dll_tx.sv:82$328.$result' from process `\vibe_dll_tx.$proc$/workspace/rtl/dll/vibe_dll_tx.sv:0$1965'.
No latch inferred for signal `\vibe_dll_tx.\crc30_bit$func$/workspace/rtl/dll/vibe_dll_tx.sv:82$328.c' from process `\vibe_dll_tx.$proc$/workspace/rtl/dll/vibe_dll_tx.sv:0$1965'.
No latch inferred for signal `\vibe_dll_tx.\crc30_bit$func$/workspace/rtl/dll/vibe_dll_tx.sv:82$328.b' from process `\vibe_dll_tx.$proc$/workspace/rtl/dll/vibe_dll_tx.sv:0$1965'.
No latch inferred for signal `\vibe_dll_tx.\crc30_bit$func$/workspace/rtl/dll/vibe_dll_tx.sv:82$328.fb' from process `\vibe_dll_tx.$proc$/workspace/rtl/dll/vibe_dll_tx.sv:0$1965'.
No latch inferred for signal `\vibe_dll_tx.\crc30_bit$func$/workspace/rtl/dll/vibe_dll_tx.sv:82$329.$result' from process `\vibe_dll_tx.$proc$/workspace/rtl/dll/vibe_dll_tx.sv:0$1965'.
No latch inferred for signal `\vibe_dll_tx.\crc30_bit$func$/workspace/rtl/dll/vibe_dll_tx.sv:82$329.c' from process `\vibe_dll_tx.$proc$/workspace/rtl/dll/vibe_dll_tx.sv:0$1965'.
No latch inferred for signal `\vibe_dll_tx.\crc30_bit$func$/workspace/rtl/dll/vibe_dll_tx.sv:82$329.b' from process `\vibe_dll_tx.$proc$/workspace/rtl/dll/vibe_dll_tx.sv:0$1965'.
No latch inferred for signal `\vibe_dll_tx.\crc30_bit$func$/workspace/rtl/dll/vibe_dll_tx.sv:82$329.fb' from process `\vibe_dll_tx.$proc$/workspace/rtl/dll/vibe_dll_tx.sv:0$1965'.
No latch inferred for signal `\vibe_dll_tx.\crc30_bit$func$/workspace/rtl/dll/vibe_dll_tx.sv:82$330.$result' from process `\vibe_dll_tx.$proc$/workspace/rtl/dll/vibe_dll_tx.sv:0$1965'.
No latch inferred for signal `\vibe_dll_tx.\crc30_bit$func$/workspace/rtl/dll/vibe_dll_tx.sv:82$330.c' from process `\vibe_dll_tx.$proc$/workspace/rtl/dll/vibe_dll_tx.sv:0$1965'.
No latch inferred for signal `\vibe_dll_tx.\crc30_bit$func$/workspace/rtl/dll/vibe_dll_tx.sv:82$330.b' from process `\vibe_dll_tx.$proc$/workspace/rtl/dll/vibe_dll_tx.sv:0$1965'.
No latch inferred for signal `\vibe_dll_tx.\crc30_bit$func$/workspace/rtl/dll/vibe_dll_tx.sv:82$330.fb' from process `\vibe_dll_tx.$proc$/workspace/rtl/dll/vibe_dll_tx.sv:0$1965'.
No latch inferred for signal `\vibe_dll_tx.\crc30_bit$func$/workspace/rtl/dll/vibe_dll_tx.sv:82$331.$result' from process `\vibe_dll_tx.$proc$/workspace/rtl/dll/vibe_dll_tx.sv:0$1965'.
No latch inferred for signal `\vibe_dll_tx.\crc30_bit$func$/workspace/rtl/dll/vibe_dll_tx.sv:82$331.c' from process `\vibe_dll_tx.$proc$/workspace/rtl/dll/vibe_dll_tx.sv:0$1965'.
No latch inferred for signal `\vibe_dll_tx.\crc30_bit$func$/workspace/rtl/dll/vibe_dll_tx.sv:82$331.b' from process `\vibe_dll_tx.$proc$/workspace/rtl/dll/vibe_dll_tx.sv:0$1965'.
No latch inferred for signal `\vibe_dll_tx.\crc30_bit$func$/workspace/rtl/dll/vibe_dll_tx.sv:82$331.fb' from process `\vibe_dll_tx.$proc$/workspace/rtl/dll/vibe_dll_tx.sv:0$1965'.
No latch inferred for signal `\vibe_dll_tx.\crc30_bit$func$/workspace/rtl/dll/vibe_dll_tx.sv:82$332.$result' from process `\vibe_dll_tx.$proc$/workspace/rtl/dll/vibe_dll_tx.sv:0$1965'.
No latch inferred for signal `\vibe_dll_tx.\crc30_bit$func$/workspace/rtl/dll/vibe_dll_tx.sv:82$332.c' from process `\vibe_dll_tx.$proc$/workspace/rtl/dll/vibe_dll_tx.sv:0$1965'.
No latch inferred for signal `\vibe_dll_tx.\crc30_bit$func$/workspace/rtl/dll/vibe_dll_tx.sv:82$332.b' from process `\vibe_dll_tx.$proc$/workspace/rtl/dll/vibe_dll_tx.sv:0$1965'.
No latch inferred for signal `\vibe_dll_tx.\crc30_bit$func$/workspace/rtl/dll/vibe_dll_tx.sv:82$332.fb' from process `\vibe_dll_tx.$proc$/workspace/rtl/dll/vibe_dll_tx.sv:0$1965'.
No latch inferred for signal `\vibe_dll_tx.\crc30_bit$func$/workspace/rtl/dll/vibe_dll_tx.sv:82$333.$result' from process `\vibe_dll_tx.$proc$/workspace/rtl/dll/vibe_dll_tx.sv:0$1965'.
No latch inferred for signal `\vibe_dll_tx.\crc30_bit$func$/workspace/rtl/dll/vibe_dll_tx.sv:82$333.c' from process `\vibe_dll_tx.$proc$/workspace/rtl/dll/vibe_dll_tx.sv:0$1965'.
No latch inferred for signal `\vibe_dll_tx.\crc30_bit$func$/workspace/rtl/dll/vibe_dll_tx.sv:82$333.b' from process `\vibe_dll_tx.$proc$/workspace/rtl/dll/vibe_dll_tx.sv:0$1965'.
No latch inferred for signal `\vibe_dll_tx.\crc30_bit$func$/workspace/rtl/dll/vibe_dll_tx.sv:82$333.fb' from process `\vibe_dll_tx.$proc$/workspace/rtl/dll/vibe_dll_tx.sv:0$1965'.
No latch inferred for signal `\vibe_dll_tx.\crc30_bit$func$/workspace/rtl/dll/vibe_dll_tx.sv:82$334.$result' from process `\vibe_dll_tx.$proc$/workspace/rtl/dll/vibe_dll_tx.sv:0$1965'.
No latch inferred for signal `\vibe_dll_tx.\crc30_bit$func$/workspace/rtl/dll/vibe_dll_tx.sv:82$334.c' from process `\vibe_dll_tx.$proc$/workspace/rtl/dll/vibe_dll_tx.sv:0$1965'.
No latch inferred for signal `\vibe_dll_tx.\crc30_bit$func$/workspace/rtl/dll/vibe_dll_tx.sv:82$334.b' from process `\vibe_dll_tx.$proc$/workspace/rtl/dll/vibe_dll_tx.sv:0$1965'.
No latch inferred for signal `\vibe_dll_tx.\crc30_bit$func$/workspace/rtl/dll/vibe_dll_tx.sv:82$334.fb' from process `\vibe_dll_tx.$proc$/workspace/rtl/dll/vibe_dll_tx.sv:0$1965'.
No latch inferred for signal `\vibe_dll_tx.\crc30_bit$func$/workspace/rtl/dll/vibe_dll_tx.sv:82$335.$result' from process `\vibe_dll_tx.$proc$/workspace/rtl/dll/vibe_dll_tx.sv:0$1965'.
No latch inferred for signal `\vibe_dll_tx.\crc30_bit$func$/workspace/rtl/dll/vibe_dll_tx.sv:82$335.c' from process `\vibe_dll_tx.$proc$/workspace/rtl/dll/vibe_dll_tx.sv:0$1965'.
No latch inferred for signal `\vibe_dll_tx.\crc30_bit$func$/workspace/rtl/dll/vibe_dll_tx.sv:82$335.b' from process `\vibe_dll_tx.$proc$/workspace/rtl/dll/vibe_dll_tx.sv:0$1965'.
No latch inferred for signal `\vibe_dll_tx.\crc30_bit$func$/workspace/rtl/dll/vibe_dll_tx.sv:82$335.fb' from process `\vibe_dll_tx.$proc$/workspace/rtl/dll/vibe_dll_tx.sv:0$1965'.
No latch inferred for signal `\vibe_dll_tx.\crc30_bit$func$/workspace/rtl/dll/vibe_dll_tx.sv:82$336.$result' from process `\vibe_dll_tx.$proc$/workspace/rtl/dll/vibe_dll_tx.sv:0$1965'.
No latch inferred for signal `\vibe_dll_tx.\crc30_bit$func$/workspace/rtl/dll/vibe_dll_tx.sv:82$336.c' from process `\vibe_dll_tx.$proc$/workspace/rtl/dll/vibe_dll_tx.sv:0$1965'.
No latch inferred for signal `\vibe_dll_tx.\crc30_bit$func$/workspace/rtl/dll/vibe_dll_tx.sv:82$336.b' from process `\vibe_dll_tx.$proc$/workspace/rtl/dll/vibe_dll_tx.sv:0$1965'.
No latch inferred for signal `\vibe_dll_tx.\crc30_bit$func$/workspace/rtl/dll/vibe_dll_tx.sv:82$336.fb' from process `\vibe_dll_tx.$proc$/workspace/rtl/dll/vibe_dll_tx.sv:0$1965'.
No latch inferred for signal `\vibe_dll_tx.\crc30_bit$func$/workspace/rtl/dll/vibe_dll_tx.sv:82$337.$result' from process `\vibe_dll_tx.$proc$/workspace/rtl/dll/vibe_dll_tx.sv:0$1965'.
No latch inferred for signal `\vibe_dll_tx.\crc30_bit$func$/workspace/rtl/dll/vibe_dll_tx.sv:82$337.c' from process `\vibe_dll_tx.$proc$/workspace/rtl/dll/vibe_dll_tx.sv:0$1965'.
No latch inferred for signal `\vibe_dll_tx.\crc30_bit$func$/workspace/rtl/dll/vibe_dll_tx.sv:82$337.b' from process `\vibe_dll_tx.$proc$/workspace/rtl/dll/vibe_dll_tx.sv:0$1965'.
No latch inferred for signal `\vibe_dll_tx.\crc30_bit$func$/workspace/rtl/dll/vibe_dll_tx.sv:82$337.fb' from process `\vibe_dll_tx.$proc$/workspace/rtl/dll/vibe_dll_tx.sv:0$1965'.
No latch inferred for signal `\vibe_dll_tx.\crc30_bit$func$/workspace/rtl/dll/vibe_dll_tx.sv:82$338.$result' from process `\vibe_dll_tx.$proc$/workspace/rtl/dll/vibe_dll_tx.sv:0$1965'.
No latch inferred for signal `\vibe_dll_tx.\crc30_bit$func$/workspace/rtl/dll/vibe_dll_tx.sv:82$338.c' from process `\vibe_dll_tx.$proc$/workspace/rtl/dll/vibe_dll_tx.sv:0$1965'.
No latch inferred for signal `\vibe_dll_tx.\crc30_bit$func$/workspace/rtl/dll/vibe_dll_tx.sv:82$338.b' from process `\vibe_dll_tx.$proc$/workspace/rtl/dll/vibe_dll_tx.sv:0$1965'.
No latch inferred for signal `\vibe_dll_tx.\crc30_bit$func$/workspace/rtl/dll/vibe_dll_tx.sv:82$338.fb' from process `\vibe_dll_tx.$proc$/workspace/rtl/dll/vibe_dll_tx.sv:0$1965'.
No latch inferred for signal `\vibe_dll_tx.\crc30_bit$func$/workspace/rtl/dll/vibe_dll_tx.sv:82$339.$result' from process `\vibe_dll_tx.$proc$/workspace/rtl/dll/vibe_dll_tx.sv:0$1965'.
No latch inferred for signal `\vibe_dll_tx.\crc30_bit$func$/workspace/rtl/dll/vibe_dll_tx.sv:82$339.c' from process `\vibe_dll_tx.$proc$/workspace/rtl/dll/vibe_dll_tx.sv:0$1965'.
No latch inferred for signal `\vibe_dll_tx.\crc30_bit$func$/workspace/rtl/dll/vibe_dll_tx.sv:82$339.b' from process `\vibe_dll_tx.$proc$/workspace/rtl/dll/vibe_dll_tx.sv:0$1965'.
No latch inferred for signal `\vibe_dll_tx.\crc30_bit$func$/workspace/rtl/dll/vibe_dll_tx.sv:82$339.fb' from process `\vibe_dll_tx.$proc$/workspace/rtl/dll/vibe_dll_tx.sv:0$1965'.
No latch inferred for signal `\vibe_dll_tx.\crc30_bit$func$/workspace/rtl/dll/vibe_dll_tx.sv:82$340.$result' from process `\vibe_dll_tx.$proc$/workspace/rtl/dll/vibe_dll_tx.sv:0$1965'.
No latch inferred for signal `\vibe_dll_tx.\crc30_bit$func$/workspace/rtl/dll/vibe_dll_tx.sv:82$340.c' from process `\vibe_dll_tx.$proc$/workspace/rtl/dll/vibe_dll_tx.sv:0$1965'.
No latch inferred for signal `\vibe_dll_tx.\crc30_bit$func$/workspace/rtl/dll/vibe_dll_tx.sv:82$340.b' from process `\vibe_dll_tx.$proc$/workspace/rtl/dll/vibe_dll_tx.sv:0$1965'.
No latch inferred for signal `\vibe_dll_tx.\crc30_bit$func$/workspace/rtl/dll/vibe_dll_tx.sv:82$340.fb' from process `\vibe_dll_tx.$proc$/workspace/rtl/dll/vibe_dll_tx.sv:0$1965'.
No latch inferred for signal `\vibe_dll_tx.\crc30_bit$func$/workspace/rtl/dll/vibe_dll_tx.sv:82$341.$result' from process `\vibe_dll_tx.$proc$/workspace/rtl/dll/vibe_dll_tx.sv:0$1965'.
No latch inferred for signal `\vibe_dll_tx.\crc30_bit$func$/workspace/rtl/dll/vibe_dll_tx.sv:82$341.c' from process `\vibe_dll_tx.$proc$/workspace/rtl/dll/vibe_dll_tx.sv:0$1965'.
No latch inferred for signal `\vibe_dll_tx.\crc30_bit$func$/workspace/rtl/dll/vibe_dll_tx.sv:82$341.b' from process `\vibe_dll_tx.$proc$/workspace/rtl/dll/vibe_dll_tx.sv:0$1965'.
No latch inferred for signal `\vibe_dll_tx.\crc30_bit$func$/workspace/rtl/dll/vibe_dll_tx.sv:82$341.fb' from process `\vibe_dll_tx.$proc$/workspace/rtl/dll/vibe_dll_tx.sv:0$1965'.
No latch inferred for signal `\vibe_dll_tx.\crc30_bit$func$/workspace/rtl/dll/vibe_dll_tx.sv:82$342.$result' from process `\vibe_dll_tx.$proc$/workspace/rtl/dll/vibe_dll_tx.sv:0$1965'.
No latch inferred for signal `\vibe_dll_tx.\crc30_bit$func$/workspace/rtl/dll/vibe_dll_tx.sv:82$342.c' from process `\vibe_dll_tx.$proc$/workspace/rtl/dll/vibe_dll_tx.sv:0$1965'.
No latch inferred for signal `\vibe_dll_tx.\crc30_bit$func$/workspace/rtl/dll/vibe_dll_tx.sv:82$342.b' from process `\vibe_dll_tx.$proc$/workspace/rtl/dll/vibe_dll_tx.sv:0$1965'.
No latch inferred for signal `\vibe_dll_tx.\crc30_bit$func$/workspace/rtl/dll/vibe_dll_tx.sv:82$342.fb' from process `\vibe_dll_tx.$proc$/workspace/rtl/dll/vibe_dll_tx.sv:0$1965'.
No latch inferred for signal `\vibe_dll_tx.\crc30_flit$func$/workspace/rtl/dll/vibe_dll_tx.sv:113$12.$result' from process `\vibe_dll_tx.$proc$/workspace/rtl/dll/vibe_dll_tx.sv:0$840'.
No latch inferred for signal `\vibe_dll_tx.\crc30_flit$func$/workspace/rtl/dll/vibe_dll_tx.sv:113$21.$result' from process `\vibe_dll_tx.$proc$/workspace/rtl/dll/vibe_dll_tx.sv:0$840'.
No latch inferred for signal `\vibe_dll_tx.\crc30_flit$func$/workspace/rtl/dll/vibe_dll_tx.sv:113$21.f' from process `\vibe_dll_tx.$proc$/workspace/rtl/dll/vibe_dll_tx.sv:0$840'.
No latch inferred for signal `\vibe_dll_tx.\crc30_flit$func$/workspace/rtl/dll/vibe_dll_tx.sv:113$21.i' from process `\vibe_dll_tx.$proc$/workspace/rtl/dll/vibe_dll_tx.sv:0$840'.
No latch inferred for signal `\vibe_dll_tx.\crc30_bit$func$/workspace/rtl/dll/vibe_dll_tx.sv:82$22.$result' from process `\vibe_dll_tx.$proc$/workspace/rtl/dll/vibe_dll_tx.sv:0$840'.
No latch inferred for signal `\vibe_dll_tx.\crc30_bit$func$/workspace/rtl/dll/vibe_dll_tx.sv:82$22.c' from process `\vibe_dll_tx.$proc$/workspace/rtl/dll/vibe_dll_tx.sv:0$840'.
No latch inferred for signal `\vibe_dll_tx.\crc30_bit$func$/workspace/rtl/dll/vibe_dll_tx.sv:82$22.b' from process `\vibe_dll_tx.$proc$/workspace/rtl/dll/vibe_dll_tx.sv:0$840'.
No latch inferred for signal `\vibe_dll_tx.\crc30_bit$func$/workspace/rtl/dll/vibe_dll_tx.sv:82$22.fb' from process `\vibe_dll_tx.$proc$/workspace/rtl/dll/vibe_dll_tx.sv:0$840'.
No latch inferred for signal `\vibe_dll_tx.\crc30_bit$func$/workspace/rtl/dll/vibe_dll_tx.sv:82$23.$result' from process `\vibe_dll_tx.$proc$/workspace/rtl/dll/vibe_dll_tx.sv:0$840'.
No latch inferred for signal `\vibe_dll_tx.\crc30_bit$func$/workspace/rtl/dll/vibe_dll_tx.sv:82$23.c' from process `\vibe_dll_tx.$proc$/workspace/rtl/dll/vibe_dll_tx.sv:0$840'.
No latch inferred for signal `\vibe_dll_tx.\crc30_bit$func$/workspace/rtl/dll/vibe_dll_tx.sv:82$23.b' from process `\vibe_dll_tx.$proc$/workspace/rtl/dll/vibe_dll_tx.sv:0$840'.
No latch inferred for signal `\vibe_dll_tx.\crc30_bit$func$/workspace/rtl/dll/vibe_dll_tx.sv:82$23.fb' from process `\vibe_dll_tx.$proc$/workspace/rtl/dll/vibe_dll_tx.sv:0$840'.
No latch inferred for signal `\vibe_dll_tx.\crc30_bit$func$/workspace/rtl/dll/vibe_dll_tx.sv:82$24.$result' from process `\vibe_dll_tx.$proc$/workspace/rtl/dll/vibe_dll_tx.sv:0$840'.
No latch inferred for signal `\vibe_dll_tx.\crc30_bit$func$/workspace/rtl/dll/vibe_dll_tx.sv:82$24.c' from process `\vibe_dll_tx.$proc$/workspace/rtl/dll/vibe_dll_tx.sv:0$840'.
No latch inferred for signal `\vibe_dll_tx.\crc30_bit$func$/workspace/rtl/dll/vibe_dll_tx.sv:82$24.b' from process `\vibe_dll_tx.$proc$/workspace/rtl/dll/vibe_dll_tx.sv:0$840'.
No latch inferred for signal `\vibe_dll_tx.\crc30_bit$func$/workspace/rtl/dll/vibe_dll_tx.sv:82$24.fb' from process `\vibe_dll_tx.$proc$/workspace/rtl/dll/vibe_dll_tx.sv:0$840'.
No latch inferred for signal `\vibe_dll_tx.\crc30_bit$func$/workspace/rtl/dll/vibe_dll_tx.sv:82$25.$result' from process `\vibe_dll_tx.$proc$/workspace/rtl/dll/vibe_dll_tx.sv:0$840'.
No latch inferred for signal `\vibe_dll_tx.\crc30_bit$func$/workspace/rtl/dll/vibe_dll_tx.sv:82$25.c' from process `\vibe_dll_tx.$proc$/workspace/rtl/dll/vibe_dll_tx.sv:0$840'.
No latch inferred for signal `\vibe_dll_tx.\crc30_bit$func$/workspace/rtl/dll/vibe_dll_tx.sv:82$25.b' from process `\vibe_dll_tx.$proc$/workspace/rtl/dll/vibe_dll_tx.sv:0$840'.
No latch inferred for signal `\vibe_dll_tx.\crc30_bit$func$/workspace/rtl/dll/vibe_dll_tx.sv:82$25.fb' from process `\vibe_dll_tx.$proc$/workspace/rtl/dll/vibe_dll_tx.sv:0$840'.
No latch inferred for signal `\vibe_dll_tx.\crc30_bit$func$/workspace/rtl/dll/vibe_dll_tx.sv:82$26.$result' from process `\vibe_dll_tx.$proc$/workspace/rtl/dll/vibe_dll_tx.sv:0$840'.
No latch inferred for signal `\vibe_dll_tx.\crc30_bit$func$/workspace/rtl/dll/vibe_dll_tx.sv:82$26.c' from process `\vibe_dll_tx.$proc$/workspace/rtl/dll/vibe_dll_tx.sv:0$840'.
No latch inferred for signal `\vibe_dll_tx.\crc30_bit$func$/workspace/rtl/dll/vibe_dll_tx.sv:82$26.b' from process `\vibe_dll_tx.$proc$/workspace/rtl/dll/vibe_dll_tx.sv:0$840'.
No latch inferred for signal `\vibe_dll_tx.\crc30_bit$func$/workspace/rtl/dll/vibe_dll_tx.sv:82$26.fb' from process `\vibe_dll_tx.$proc$/workspace/rtl/dll/vibe_dll_tx.sv:0$840'.
No latch inferred for signal `\vibe_dll_tx.\crc30_bit$func$/workspace/rtl/dll/vibe_dll_tx.sv:82$27.$result' from process `\vibe_dll_tx.$proc$/workspace/rtl/dll/vibe_dll_tx.sv:0$840'.
No latch inferred for signal `\vibe_dll_tx.\crc30_bit$func$/workspace/rtl/dll/vibe_dll_tx.sv:82$27.c' from process `\vibe_dll_tx.$proc$/workspace/rtl/dll/vibe_dll_tx.sv:0$840'.
No latch inferred for signal `\vibe_dll_tx.\crc30_bit$func$/workspace/rtl/dll/vibe_dll_tx.sv:82$27.b' from process `\vibe_dll_tx.$proc$/workspace/rtl/dll/vibe_dll_tx.sv:0$840'.
No latch inferred for signal `\vibe_dll_tx.\crc30_bit$func$/workspace/rtl/dll/vibe_dll_tx.sv:82$27.fb' from process `\vibe_dll_tx.$proc$/workspace/rtl/dll/vibe_dll_tx.sv:0$840'.
No latch inferred for signal `\vibe_dll_tx.\crc30_bit$func$/workspace/rtl/dll/vibe_dll_tx.sv:82$28.$result' from process `\vibe_dll_tx.$proc$/workspace/rtl/dll/vibe_dll_tx.sv:0$840'.
No latch inferred for signal `\vibe_dll_tx.\crc30_bit$func$/workspace/rtl/dll/vibe_dll_tx.sv:82$28.c' from process `\vibe_dll_tx.$proc$/workspace/rtl/dll/vibe_dll_tx.sv:0$840'.
No latch inferred for signal `\vibe_dll_tx.\crc30_bit$func$/workspace/rtl/dll/vibe_dll_tx.sv:82$28.b' from process `\vibe_dll_tx.$proc$/workspace/rtl/dll/vibe_dll_tx.sv:0$840'.
No latch inferred for signal `\vibe_dll_tx.\crc30_bit$func$/workspace/rtl/dll/vibe_dll_tx.sv:82$28.fb' from process `\vibe_dll_tx.$proc$/workspace/rtl/dll/vibe_dll_tx.sv:0$840'.
No latch inferred for signal `\vibe_dll_tx.\crc30_bit$func$/workspace/rtl/dll/vibe_dll_tx.sv:82$29.$result' from process `\vibe_dll_tx.$proc$/workspace/rtl/dll/vibe_dll_tx.sv:0$840'.
No latch inferred for signal `\vibe_dll_tx.\crc30_bit$func$/workspace/rtl/dll/vibe_dll_tx.sv:82$29.c' from process `\vibe_dll_tx.$proc$/workspace/rtl/dll/vibe_dll_tx.sv:0$840'.
No latch inferred for signal `\vibe_dll_tx.\crc30_bit$func$/workspace/rtl/dll/vibe_dll_tx.sv:82$29.b' from process `\vibe_dll_tx.$proc$/workspace/rtl/dll/vibe_dll_tx.sv:0$840'.
No latch inferred for signal `\vibe_dll_tx.\crc30_bit$func$/workspace/rtl/dll/vibe_dll_tx.sv:82$29.fb' from process `\vibe_dll_tx.$proc$/workspace/rtl/dll/vibe_dll_tx.sv:0$840'.
No latch inferred for signal `\vibe_dll_tx.\crc30_bit$func$/workspace/rtl/dll/vibe_dll_tx.sv:82$30.$result' from process `\vibe_dll_tx.$proc$/workspace/rtl/dll/vibe_dll_tx.sv:0$840'.
No latch inferred for signal `\vibe_dll_tx.\crc30_bit$func$/workspace/rtl/dll/vibe_dll_tx.sv:82$30.c' from process `\vibe_dll_tx.$proc$/workspace/rtl/dll/vibe_dll_tx.sv:0$840'.
No latch inferred for signal `\vibe_dll_tx.\crc30_bit$func$/workspace/rtl/dll/vibe_dll_tx.sv:82$30.b' from process `\vibe_dll_tx.$proc$/workspace/rtl/dll/vibe_dll_tx.sv:0$840'.
No latch inferred for signal `\vibe_dll_tx.\crc30_bit$func$/workspace/rtl/dll/vibe_dll_tx.sv:82$30.fb' from process `\vibe_dll_tx.$proc$/workspace/rtl/dll/vibe_dll_tx.sv:0$840'.
No latch inferred for signal `\vibe_dll_tx.\crc30_bit$func$/workspace/rtl/dll/vibe_dll_tx.sv:82$31.$result' from process `\vibe_dll_tx.$proc$/workspace/rtl/dll/vibe_dll_tx.sv:0$840'.
No latch inferred for signal `\vibe_dll_tx.\crc30_bit$func$/workspace/rtl/dll/vibe_dll_tx.sv:82$31.c' from process `\vibe_dll_tx.$proc$/workspace/rtl/dll/vibe_dll_tx.sv:0$840'.
No latch inferred for signal `\vibe_dll_tx.\crc30_bit$func$/workspace/rtl/dll/vibe_dll_tx.sv:82$31.b' from process `\vibe_dll_tx.$proc$/workspace/rtl/dll/vibe_dll_tx.sv:0$840'.
No latch inferred for signal `\vibe_dll_tx.\crc30_bit$func$/workspace/rtl/dll/vibe_dll_tx.sv:82$31.fb' from process `\vibe_dll_tx.$proc$/workspace/rtl/dll/vibe_dll_tx.sv:0$840'.
No latch inferred for signal `\vibe_dll_tx.\crc30_bit$func$/workspace/rtl/dll/vibe_dll_tx.sv:82$32.$result' from process `\vibe_dll_tx.$proc$/workspace/rtl/dll/vibe_dll_tx.sv:0$840'.
No latch inferred for signal `\vibe_dll_tx.\crc30_bit$func$/workspace/rtl/dll/vibe_dll_tx.sv:82$32.c' from process `\vibe_dll_tx.$proc$/workspace/rtl/dll/vibe_dll_tx.sv:0$840'.
No latch inferred for signal `\vibe_dll_tx.\crc30_bit$func$/workspace/rtl/dll/vibe_dll_tx.sv:82$32.b' from process `\vibe_dll_tx.$proc$/workspace/rtl/dll/vibe_dll_tx.sv:0$840'.
No latch inferred for signal `\vibe_dll_tx.\crc30_bit$func$/workspace/rtl/dll/vibe_dll_tx.sv:82$32.fb' from process `\vibe_dll_tx.$proc$/workspace/rtl/dll/vibe_dll_tx.sv:0$840'.
No latch inferred for signal `\vibe_dll_tx.\crc30_bit$func$/workspace/rtl/dll/vibe_dll_tx.sv:82$33.$result' from process `\vibe_dll_tx.$proc$/workspace/rtl/dll/vibe_dll_tx.sv:0$840'.
No latch inferred for signal `\vibe_dll_tx.\crc30_bit$func$/workspace/rtl/dll/vibe_dll_tx.sv:82$33.c' from process `\vibe_dll_tx.$proc$/workspace/rtl/dll/vibe_dll_tx.sv:0$840'.
No latch inferred for signal `\vibe_dll_tx.\crc30_bit$func$/workspace/rtl/dll/vibe_dll_tx.sv:82$33.b' from process `\vibe_dll_tx.$proc$/workspace/rtl/dll/vibe_dll_tx.sv:0$840'.
No latch inferred for signal `\vibe_dll_tx.\crc30_bit$func$/workspace/rtl/dll/vibe_dll_tx.sv:82$33.fb' from process `\vibe_dll_tx.$proc$/workspace/rtl/dll/vibe_dll_tx.sv:0$840'.
No latch inferred for signal `\vibe_dll_tx.\crc30_bit$func$/workspace/rtl/dll/vibe_dll_tx.sv:82$34.$result' from process `\vibe_dll_tx.$proc$/workspace/rtl/dll/vibe_dll_tx.sv:0$840'.
No latch inferred for signal `\vibe_dll_tx.\crc30_bit$func$/workspace/rtl/dll/vibe_dll_tx.sv:82$34.c' from process `\vibe_dll_tx.$proc$/workspace/rtl/dll/vibe_dll_tx.sv:0$840'.
No latch inferred for signal `\vibe_dll_tx.\crc30_bit$func$/workspace/rtl/dll/vibe_dll_tx.sv:82$34.b' from process `\vibe_dll_tx.$proc$/workspace/rtl/dll/vibe_dll_tx.sv:0$840'.
No latch inferred for signal `\vibe_dll_tx.\crc30_bit$func$/workspace/rtl/dll/vibe_dll_tx.sv:82$34.fb' from process `\vibe_dll_tx.$proc$/workspace/rtl/dll/vibe_dll_tx.sv:0$840'.
No latch inferred for signal `\vibe_dll_tx.\crc30_bit$func$/workspace/rtl/dll/vibe_dll_tx.sv:82$35.$result' from process `\vibe_dll_tx.$proc$/workspace/rtl/dll/vibe_dll_tx.sv:0$840'.
No latch inferred for signal `\vibe_dll_tx.\crc30_bit$func$/workspace/rtl/dll/vibe_dll_tx.sv:82$35.c' from process `\vibe_dll_tx.$proc$/workspace/rtl/dll/vibe_dll_tx.sv:0$840'.
No latch inferred for signal `\vibe_dll_tx.\crc30_bit$func$/workspace/rtl/dll/vibe_dll_tx.sv:82$35.b' from process `\vibe_dll_tx.$proc$/workspace/rtl/dll/vibe_dll_tx.sv:0$840'.
No latch inferred for signal `\vibe_dll_tx.\crc30_bit$func$/workspace/rtl/dll/vibe_dll_tx.sv:82$35.fb' from process `\vibe_dll_tx.$proc$/workspace/rtl/dll/vibe_dll_tx.sv:0$840'.
No latch inferred for signal `\vibe_dll_tx.\crc30_bit$func$/workspace/rtl/dll/vibe_dll_tx.sv:82$36.$result' from process `\vibe_dll_tx.$proc$/workspace/rtl/dll/vibe_dll_tx.sv:0$840'.
No latch inferred for signal `\vibe_dll_tx.\crc30_bit$func$/workspace/rtl/dll/vibe_dll_tx.sv:82$36.c' from process `\vibe_dll_tx.$proc$/workspace/rtl/dll/vibe_dll_tx.sv:0$840'.
No latch inferred for signal `\vibe_dll_tx.\crc30_bit$func$/workspace/rtl/dll/vibe_dll_tx.sv:82$36.b' from process `\vibe_dll_tx.$proc$/workspace/rtl/dll/vibe_dll_tx.sv:0$840'.
No latch inferred for signal `\vibe_dll_tx.\crc30_bit$func$/workspace/rtl/dll/vibe_dll_tx.sv:82$36.fb' from process `\vibe_dll_tx.$proc$/workspace/rtl/dll/vibe_dll_tx.sv:0$840'.
No latch inferred for signal `\vibe_dll_tx.\crc30_bit$func$/workspace/rtl/dll/vibe_dll_tx.sv:82$37.$result' from process `\vibe_dll_tx.$proc$/workspace/rtl/dll/vibe_dll_tx.sv:0$840'.
No latch inferred for signal `\vibe_dll_tx.\crc30_bit$func$/workspace/rtl/dll/vibe_dll_tx.sv:82$37.c' from process `\vibe_dll_tx.$proc$/workspace/rtl/dll/vibe_dll_tx.sv:0$840'.
No latch inferred for signal `\vibe_dll_tx.\crc30_bit$func$/workspace/rtl/dll/vibe_dll_tx.sv:82$37.b' from process `\vibe_dll_tx.$proc$/workspace/rtl/dll/vibe_dll_tx.sv:0$840'.
No latch inferred for signal `\vibe_dll_tx.\crc30_bit$func$/workspace/rtl/dll/vibe_dll_tx.sv:82$37.fb' from process `\vibe_dll_tx.$proc$/workspace/rtl/dll/vibe_dll_tx.sv:0$840'.
No latch inferred for signal `\vibe_dll_tx.\crc30_bit$func$/workspace/rtl/dll/vibe_dll_tx.sv:82$38.$result' from process `\vibe_dll_tx.$proc$/workspace/rtl/dll/vibe_dll_tx.sv:0$840'.
No latch inferred for signal `\vibe_dll_tx.\crc30_bit$func$/workspace/rtl/dll/vibe_dll_tx.sv:82$38.c' from process `\vibe_dll_tx.$proc$/workspace/rtl/dll/vibe_dll_tx.sv:0$840'.
No latch inferred for signal `\vibe_dll_tx.\crc30_bit$func$/workspace/rtl/dll/vibe_dll_tx.sv:82$38.b' from process `\vibe_dll_tx.$proc$/workspace/rtl/dll/vibe_dll_tx.sv:0$840'.
No latch inferred for signal `\vibe_dll_tx.\crc30_bit$func$/workspace/rtl/dll/vibe_dll_tx.sv:82$38.fb' from process `\vibe_dll_tx.$proc$/workspace/rtl/dll/vibe_dll_tx.sv:0$840'.
No latch inferred for signal `\vibe_dll_tx.\crc30_bit$func$/workspace/rtl/dll/vibe_dll_tx.sv:82$39.$result' from process `\vibe_dll_tx.$proc$/workspace/rtl/dll/vibe_dll_tx.sv:0$840'.
No latch inferred for signal `\vibe_dll_tx.\crc30_bit$func$/workspace/rtl/dll/vibe_dll_tx.sv:82$39.c' from process `\vibe_dll_tx.$proc$/workspace/rtl/dll/vibe_dll_tx.sv:0$840'.
No latch inferred for signal `\vibe_dll_tx.\crc30_bit$func$/workspace/rtl/dll/vibe_dll_tx.sv:82$39.b' from process `\vibe_dll_tx.$proc$/workspace/rtl/dll/vibe_dll_tx.sv:0$840'.
No latch inferred for signal `\vibe_dll_tx.\crc30_bit$func$/workspace/rtl/dll/vibe_dll_tx.sv:82$39.fb' from process `\vibe_dll_tx.$proc$/workspace/rtl/dll/vibe_dll_tx.sv:0$840'.
No latch inferred for signal `\vibe_dll_tx.\crc30_bit$func$/workspace/rtl/dll/vibe_dll_tx.sv:82$40.$result' from process `\vibe_dll_tx.$proc$/workspace/rtl/dll/vibe_dll_tx.sv:0$840'.
No latch inferred for signal `\vibe_dll_tx.\crc30_bit$func$/workspace/rtl/dll/vibe_dll_tx.sv:82$40.c' from process `\vibe_dll_tx.$proc$/workspace/rtl/dll/vibe_dll_tx.sv:0$840'.
No latch inferred for signal `\vibe_dll_tx.\crc30_bit$func$/workspace/rtl/dll/vibe_dll_tx.sv:82$40.b' from process `\vibe_dll_tx.$proc$/workspace/rtl/dll/vibe_dll_tx.sv:0$840'.
No latch inferred for signal `\vibe_dll_tx.\crc30_bit$func$/workspace/rtl/dll/vibe_dll_tx.sv:82$40.fb' from process `\vibe_dll_tx.$proc$/workspace/rtl/dll/vibe_dll_tx.sv:0$840'.
No latch inferred for signal `\vibe_dll_tx.\crc30_bit$func$/workspace/rtl/dll/vibe_dll_tx.sv:82$41.$result' from process `\vibe_dll_tx.$proc$/workspace/rtl/dll/vibe_dll_tx.sv:0$840'.
No latch inferred for signal `\vibe_dll_tx.\crc30_bit$func$/workspace/rtl/dll/vibe_dll_tx.sv:82$41.c' from process `\vibe_dll_tx.$proc$/workspace/rtl/dll/vibe_dll_tx.sv:0$840'.
No latch inferred for signal `\vibe_dll_tx.\crc30_bit$func$/workspace/rtl/dll/vibe_dll_tx.sv:82$41.b' from process `\vibe_dll_tx.$proc$/workspace/rtl/dll/vibe_dll_tx.sv:0$840'.
No latch inferred for signal `\vibe_dll_tx.\crc30_bit$func$/workspace/rtl/dll/vibe_dll_tx.sv:82$41.fb' from process `\vibe_dll_tx.$proc$/workspace/rtl/dll/vibe_dll_tx.sv:0$840'.
No latch inferred for signal `\vibe_dll_tx.\crc30_bit$func$/workspace/rtl/dll/vibe_dll_tx.sv:82$42.$result' from process `\vibe_dll_tx.$proc$/workspace/rtl/dll/vibe_dll_tx.sv:0$840'.
No latch inferred for signal `\vibe_dll_tx.\crc30_bit$func$/workspace/rtl/dll/vibe_dll_tx.sv:82$42.c' from process `\vibe_dll_tx.$proc$/workspace/rtl/dll/vibe_dll_tx.sv:0$840'.
No latch inferred for signal `\vibe_dll_tx.\crc30_bit$func$/workspace/rtl/dll/vibe_dll_tx.sv:82$42.b' from process `\vibe_dll_tx.$proc$/workspace/rtl/dll/vibe_dll_tx.sv:0$840'.
No latch inferred for signal `\vibe_dll_tx.\crc30_bit$func$/workspace/rtl/dll/vibe_dll_tx.sv:82$42.fb' from process `\vibe_dll_tx.$proc$/workspace/rtl/dll/vibe_dll_tx.sv:0$840'.
No latch inferred for signal `\vibe_dll_tx.\crc30_bit$func$/workspace/rtl/dll/vibe_dll_tx.sv:82$43.$result' from process `\vibe_dll_tx.$proc$/workspace/rtl/dll/vibe_dll_tx.sv:0$840'.
No latch inferred for signal `\vibe_dll_tx.\crc30_bit$func$/workspace/rtl/dll/vibe_dll_tx.sv:82$43.c' from process `\vibe_dll_tx.$proc$/workspace/rtl/dll/vibe_dll_tx.sv:0$840'.
No latch inferred for signal `\vibe_dll_tx.\crc30_bit$func$/workspace/rtl/dll/vibe_dll_tx.sv:82$43.b' from process `\vibe_dll_tx.$proc$/workspace/rtl/dll/vibe_dll_tx.sv:0$840'.
No latch inferred for signal `\vibe_dll_tx.\crc30_bit$func$/workspace/rtl/dll/vibe_dll_tx.sv:82$43.fb' from process `\vibe_dll_tx.$proc$/workspace/rtl/dll/vibe_dll_tx.sv:0$840'.
No latch inferred for signal `\vibe_dll_tx.\crc30_bit$func$/workspace/rtl/dll/vibe_dll_tx.sv:82$44.$result' from process `\vibe_dll_tx.$proc$/workspace/rtl/dll/vibe_dll_tx.sv:0$840'.
No latch inferred for signal `\vibe_dll_tx.\crc30_bit$func$/workspace/rtl/dll/vibe_dll_tx.sv:82$44.c' from process `\vibe_dll_tx.$proc$/workspace/rtl/dll/vibe_dll_tx.sv:0$840'.
No latch inferred for signal `\vibe_dll_tx.\crc30_bit$func$/workspace/rtl/dll/vibe_dll_tx.sv:82$44.b' from process `\vibe_dll_tx.$proc$/workspace/rtl/dll/vibe_dll_tx.sv:0$840'.
No latch inferred for signal `\vibe_dll_tx.\crc30_bit$func$/workspace/rtl/dll/vibe_dll_tx.sv:82$44.fb' from process `\vibe_dll_tx.$proc$/workspace/rtl/dll/vibe_dll_tx.sv:0$840'.
No latch inferred for signal `\vibe_dll_tx.\crc30_bit$func$/workspace/rtl/dll/vibe_dll_tx.sv:82$45.$result' from process `\vibe_dll_tx.$proc$/workspace/rtl/dll/vibe_dll_tx.sv:0$840'.
No latch inferred for signal `\vibe_dll_tx.\crc30_bit$func$/workspace/rtl/dll/vibe_dll_tx.sv:82$45.c' from process `\vibe_dll_tx.$proc$/workspace/rtl/dll/vibe_dll_tx.sv:0$840'.
No latch inferred for signal `\vibe_dll_tx.\crc30_bit$func$/workspace/rtl/dll/vibe_dll_tx.sv:82$45.b' from process `\vibe_dll_tx.$proc$/workspace/rtl/dll/vibe_dll_tx.sv:0$840'.
No latch inferred for signal `\vibe_dll_tx.\crc30_bit$func$/workspace/rtl/dll/vibe_dll_tx.sv:82$45.fb' from process `\vibe_dll_tx.$proc$/workspace/rtl/dll/vibe_dll_tx.sv:0$840'.
No latch inferred for signal `\vibe_dll_tx.\crc30_bit$func$/workspace/rtl/dll/vibe_dll_tx.sv:82$46.$result' from process `\vibe_dll_tx.$proc$/workspace/rtl/dll/vibe_dll_tx.sv:0$840'.
No latch inferred for signal `\vibe_dll_tx.\crc30_bit$func$/workspace/rtl/dll/vibe_dll_tx.sv:82$46.c' from process `\vibe_dll_tx.$proc$/workspace/rtl/dll/vibe_dll_tx.sv:0$840'.
No latch inferred for signal `\vibe_dll_tx.\crc30_bit$func$/workspace/rtl/dll/vibe_dll_tx.sv:82$46.b' from process `\vibe_dll_tx.$proc$/workspace/rtl/dll/vibe_dll_tx.sv:0$840'.
No latch inferred for signal `\vibe_dll_tx.\crc30_bit$func$/workspace/rtl/dll/vibe_dll_tx.sv:82$46.fb' from process `\vibe_dll_tx.$proc$/workspace/rtl/dll/vibe_dll_tx.sv:0$840'.
No latch inferred for signal `\vibe_dll_tx.\crc30_bit$func$/workspace/rtl/dll/vibe_dll_tx.sv:82$47.$result' from process `\vibe_dll_tx.$proc$/workspace/rtl/dll/vibe_dll_tx.sv:0$840'.
No latch inferred for signal `\vibe_dll_tx.\crc30_bit$func$/workspace/rtl/dll/vibe_dll_tx.sv:82$47.c' from process `\vibe_dll_tx.$proc$/workspace/rtl/dll/vibe_dll_tx.sv:0$840'.
No latch inferred for signal `\vibe_dll_tx.\crc30_bit$func$/workspace/rtl/dll/vibe_dll_tx.sv:82$47.b' from process `\vibe_dll_tx.$proc$/workspace/rtl/dll/vibe_dll_tx.sv:0$840'.
No latch inferred for signal `\vibe_dll_tx.\crc30_bit$func$/workspace/rtl/dll/vibe_dll_tx.sv:82$47.fb' from process `\vibe_dll_tx.$proc$/workspace/rtl/dll/vibe_dll_tx.sv:0$840'.
No latch inferred for signal `\vibe_dll_tx.\crc30_bit$func$/workspace/rtl/dll/vibe_dll_tx.sv:82$48.$result' from process `\vibe_dll_tx.$proc$/workspace/rtl/dll/vibe_dll_tx.sv:0$840'.
No latch inferred for signal `\vibe_dll_tx.\crc30_bit$func$/workspace/rtl/dll/vibe_dll_tx.sv:82$48.c' from process `\vibe_dll_tx.$proc$/workspace/rtl/dll/vibe_dll_tx.sv:0$840'.
No latch inferred for signal `\vibe_dll_tx.\crc30_bit$func$/workspace/rtl/dll/vibe_dll_tx.sv:82$48.b' from process `\vibe_dll_tx.$proc$/workspace/rtl/dll/vibe_dll_tx.sv:0$840'.
No latch inferred for signal `\vibe_dll_tx.\crc30_bit$func$/workspace/rtl/dll/vibe_dll_tx.sv:82$48.fb' from process `\vibe_dll_tx.$proc$/workspace/rtl/dll/vibe_dll_tx.sv:0$840'.
No latch inferred for signal `\vibe_dll_tx.\crc30_bit$func$/workspace/rtl/dll/vibe_dll_tx.sv:82$49.$result' from process `\vibe_dll_tx.$proc$/workspace/rtl/dll/vibe_dll_tx.sv:0$840'.
No latch inferred for signal `\vibe_dll_tx.\crc30_bit$func$/workspace/rtl/dll/vibe_dll_tx.sv:82$49.c' from process `\vibe_dll_tx.$proc$/workspace/rtl/dll/vibe_dll_tx.sv:0$840'.
No latch inferred for signal `\vibe_dll_tx.\crc30_bit$func$/workspace/rtl/dll/vibe_dll_tx.sv:82$49.b' from process `\vibe_dll_tx.$proc$/workspace/rtl/dll/vibe_dll_tx.sv:0$840'.
No latch inferred for signal `\vibe_dll_tx.\crc30_bit$func$/workspace/rtl/dll/vibe_dll_tx.sv:82$49.fb' from process `\vibe_dll_tx.$proc$/workspace/rtl/dll/vibe_dll_tx.sv:0$840'.
No latch inferred for signal `\vibe_dll_tx.\crc30_bit$func$/workspace/rtl/dll/vibe_dll_tx.sv:82$50.$result' from process `\vibe_dll_tx.$proc$/workspace/rtl/dll/vibe_dll_tx.sv:0$840'.
No latch inferred for signal `\vibe_dll_tx.\crc30_bit$func$/workspace/rtl/dll/vibe_dll_tx.sv:82$50.c' from process `\vibe_dll_tx.$proc$/workspace/rtl/dll/vibe_dll_tx.sv:0$840'.
No latch inferred for signal `\vibe_dll_tx.\crc30_bit$func$/workspace/rtl/dll/vibe_dll_tx.sv:82$50.b' from process `\vibe_dll_tx.$proc$/workspace/rtl/dll/vibe_dll_tx.sv:0$840'.
No latch inferred for signal `\vibe_dll_tx.\crc30_bit$func$/workspace/rtl/dll/vibe_dll_tx.sv:82$50.fb' from process `\vibe_dll_tx.$proc$/workspace/rtl/dll/vibe_dll_tx.sv:0$840'.
No latch inferred for signal `\vibe_dll_tx.\crc30_bit$func$/workspace/rtl/dll/vibe_dll_tx.sv:82$51.$result' from process `\vibe_dll_tx.$proc$/workspace/rtl/dll/vibe_dll_tx.sv:0$840'.
No latch inferred for signal `\vibe_dll_tx.\crc30_bit$func$/workspace/rtl/dll/vibe_dll_tx.sv:82$51.c' from process `\vibe_dll_tx.$proc$/workspace/rtl/dll/vibe_dll_tx.sv:0$840'.
No latch inferred for signal `\vibe_dll_tx.\crc30_bit$func$/workspace/rtl/dll/vibe_dll_tx.sv:82$51.b' from process `\vibe_dll_tx.$proc$/workspace/rtl/dll/vibe_dll_tx.sv:0$840'.
No latch inferred for signal `\vibe_dll_tx.\crc30_bit$func$/workspace/rtl/dll/vibe_dll_tx.sv:82$51.fb' from process `\vibe_dll_tx.$proc$/workspace/rtl/dll/vibe_dll_tx.sv:0$840'.
No latch inferred for signal `\vibe_dll_tx.\crc30_bit$func$/workspace/rtl/dll/vibe_dll_tx.sv:82$52.$result' from process `\vibe_dll_tx.$proc$/workspace/rtl/dll/vibe_dll_tx.sv:0$840'.
No latch inferred for signal `\vibe_dll_tx.\crc30_bit$func$/workspace/rtl/dll/vibe_dll_tx.sv:82$52.c' from process `\vibe_dll_tx.$proc$/workspace/rtl/dll/vibe_dll_tx.sv:0$840'.
No latch inferred for signal `\vibe_dll_tx.\crc30_bit$func$/workspace/rtl/dll/vibe_dll_tx.sv:82$52.b' from process `\vibe_dll_tx.$proc$/workspace/rtl/dll/vibe_dll_tx.sv:0$840'.
No latch inferred for signal `\vibe_dll_tx.\crc30_bit$func$/workspace/rtl/dll/vibe_dll_tx.sv:82$52.fb' from process `\vibe_dll_tx.$proc$/workspace/rtl/dll/vibe_dll_tx.sv:0$840'.
No latch inferred for signal `\vibe_dll_tx.\crc30_bit$func$/workspace/rtl/dll/vibe_dll_tx.sv:82$53.$result' from process `\vibe_dll_tx.$proc$/workspace/rtl/dll/vibe_dll_tx.sv:0$840'.
No latch inferred for signal `\vibe_dll_tx.\crc30_bit$func$/workspace/rtl/dll/vibe_dll_tx.sv:82$53.c' from process `\vibe_dll_tx.$proc$/workspace/rtl/dll/vibe_dll_tx.sv:0$840'.
No latch inferred for signal `\vibe_dll_tx.\crc30_bit$func$/workspace/rtl/dll/vibe_dll_tx.sv:82$53.b' from process `\vibe_dll_tx.$proc$/workspace/rtl/dll/vibe_dll_tx.sv:0$840'.
No latch inferred for signal `\vibe_dll_tx.\crc30_bit$func$/workspace/rtl/dll/vibe_dll_tx.sv:82$53.fb' from process `\vibe_dll_tx.$proc$/workspace/rtl/dll/vibe_dll_tx.sv:0$840'.
No latch inferred for signal `\vibe_dll_tx.\crc30_bit$func$/workspace/rtl/dll/vibe_dll_tx.sv:82$54.$result' from process `\vibe_dll_tx.$proc$/workspace/rtl/dll/vibe_dll_tx.sv:0$840'.
No latch inferred for signal `\vibe_dll_tx.\crc30_bit$func$/workspace/rtl/dll/vibe_dll_tx.sv:82$54.c' from process `\vibe_dll_tx.$proc$/workspace/rtl/dll/vibe_dll_tx.sv:0$840'.
No latch inferred for signal `\vibe_dll_tx.\crc30_bit$func$/workspace/rtl/dll/vibe_dll_tx.sv:82$54.b' from process `\vibe_dll_tx.$proc$/workspace/rtl/dll/vibe_dll_tx.sv:0$840'.
No latch inferred for signal `\vibe_dll_tx.\crc30_bit$func$/workspace/rtl/dll/vibe_dll_tx.sv:82$54.fb' from process `\vibe_dll_tx.$proc$/workspace/rtl/dll/vibe_dll_tx.sv:0$840'.
No latch inferred for signal `\vibe_dll_tx.\crc30_bit$func$/workspace/rtl/dll/vibe_dll_tx.sv:82$55.$result' from process `\vibe_dll_tx.$proc$/workspace/rtl/dll/vibe_dll_tx.sv:0$840'.
No latch inferred for signal `\vibe_dll_tx.\crc30_bit$func$/workspace/rtl/dll/vibe_dll_tx.sv:82$55.c' from process `\vibe_dll_tx.$proc$/workspace/rtl/dll/vibe_dll_tx.sv:0$840'.
No latch inferred for signal `\vibe_dll_tx.\crc30_bit$func$/workspace/rtl/dll/vibe_dll_tx.sv:82$55.b' from process `\vibe_dll_tx.$proc$/workspace/rtl/dll/vibe_dll_tx.sv:0$840'.
No latch inferred for signal `\vibe_dll_tx.\crc30_bit$func$/workspace/rtl/dll/vibe_dll_tx.sv:82$55.fb' from process `\vibe_dll_tx.$proc$/workspace/rtl/dll/vibe_dll_tx.sv:0$840'.
No latch inferred for signal `\vibe_dll_tx.\crc30_bit$func$/workspace/rtl/dll/vibe_dll_tx.sv:82$56.$result' from process `\vibe_dll_tx.$proc$/workspace/rtl/dll/vibe_dll_tx.sv:0$840'.
No latch inferred for signal `\vibe_dll_tx.\crc30_bit$func$/workspace/rtl/dll/vibe_dll_tx.sv:82$56.c' from process `\vibe_dll_tx.$proc$/workspace/rtl/dll/vibe_dll_tx.sv:0$840'.
No latch inferred for signal `\vibe_dll_tx.\crc30_bit$func$/workspace/rtl/dll/vibe_dll_tx.sv:82$56.b' from process `\vibe_dll_tx.$proc$/workspace/rtl/dll/vibe_dll_tx.sv:0$840'.
No latch inferred for signal `\vibe_dll_tx.\crc30_bit$func$/workspace/rtl/dll/vibe_dll_tx.sv:82$56.fb' from process `\vibe_dll_tx.$proc$/workspace/rtl/dll/vibe_dll_tx.sv:0$840'.
No latch inferred for signal `\vibe_dll_tx.\crc30_bit$func$/workspace/rtl/dll/vibe_dll_tx.sv:82$57.$result' from process `\vibe_dll_tx.$proc$/workspace/rtl/dll/vibe_dll_tx.sv:0$840'.
No latch inferred for signal `\vibe_dll_tx.\crc30_bit$func$/workspace/rtl/dll/vibe_dll_tx.sv:82$57.c' from process `\vibe_dll_tx.$proc$/workspace/rtl/dll/vibe_dll_tx.sv:0$840'.
No latch inferred for signal `\vibe_dll_tx.\crc30_bit$func$/workspace/rtl/dll/vibe_dll_tx.sv:82$57.b' from process `\vibe_dll_tx.$proc$/workspace/rtl/dll/vibe_dll_tx.sv:0$840'.
No latch inferred for signal `\vibe_dll_tx.\crc30_bit$func$/workspace/rtl/dll/vibe_dll_tx.sv:82$57.fb' from process `\vibe_dll_tx.$proc$/workspace/rtl/dll/vibe_dll_tx.sv:0$840'.
No latch inferred for signal `\vibe_dll_tx.\crc30_bit$func$/workspace/rtl/dll/vibe_dll_tx.sv:82$58.$result' from process `\vibe_dll_tx.$proc$/workspace/rtl/dll/vibe_dll_tx.sv:0$840'.
No latch inferred for signal `\vibe_dll_tx.\crc30_bit$func$/workspace/rtl/dll/vibe_dll_tx.sv:82$58.c' from process `\vibe_dll_tx.$proc$/workspace/rtl/dll/vibe_dll_tx.sv:0$840'.
No latch inferred for signal `\vibe_dll_tx.\crc30_bit$func$/workspace/rtl/dll/vibe_dll_tx.sv:82$58.b' from process `\vibe_dll_tx.$proc$/workspace/rtl/dll/vibe_dll_tx.sv:0$840'.
No latch inferred for signal `\vibe_dll_tx.\crc30_bit$func$/workspace/rtl/dll/vibe_dll_tx.sv:82$58.fb' from process `\vibe_dll_tx.$proc$/workspace/rtl/dll/vibe_dll_tx.sv:0$840'.
No latch inferred for signal `\vibe_dll_tx.\crc30_bit$func$/workspace/rtl/dll/vibe_dll_tx.sv:82$59.$result' from process `\vibe_dll_tx.$proc$/workspace/rtl/dll/vibe_dll_tx.sv:0$840'.
No latch inferred for signal `\vibe_dll_tx.\crc30_bit$func$/workspace/rtl/dll/vibe_dll_tx.sv:82$59.c' from process `\vibe_dll_tx.$proc$/workspace/rtl/dll/vibe_dll_tx.sv:0$840'.
No latch inferred for signal `\vibe_dll_tx.\crc30_bit$func$/workspace/rtl/dll/vibe_dll_tx.sv:82$59.b' from process `\vibe_dll_tx.$proc$/workspace/rtl/dll/vibe_dll_tx.sv:0$840'.
No latch inferred for signal `\vibe_dll_tx.\crc30_bit$func$/workspace/rtl/dll/vibe_dll_tx.sv:82$59.fb' from process `\vibe_dll_tx.$proc$/workspace/rtl/dll/vibe_dll_tx.sv:0$840'.
No latch inferred for signal `\vibe_dll_tx.\crc30_bit$func$/workspace/rtl/dll/vibe_dll_tx.sv:82$60.$result' from process `\vibe_dll_tx.$proc$/workspace/rtl/dll/vibe_dll_tx.sv:0$840'.
No latch inferred for signal `\vibe_dll_tx.\crc30_bit$func$/workspace/rtl/dll/vibe_dll_tx.sv:82$60.c' from process `\vibe_dll_tx.$proc$/workspace/rtl/dll/vibe_dll_tx.sv:0$840'.
No latch inferred for signal `\vibe_dll_tx.\crc30_bit$func$/workspace/rtl/dll/vibe_dll_tx.sv:82$60.b' from process `\vibe_dll_tx.$proc$/workspace/rtl/dll/vibe_dll_tx.sv:0$840'.
No latch inferred for signal `\vibe_dll_tx.\crc30_bit$func$/workspace/rtl/dll/vibe_dll_tx.sv:82$60.fb' from process `\vibe_dll_tx.$proc$/workspace/rtl/dll/vibe_dll_tx.sv:0$840'.
No latch inferred for signal `\vibe_dll_tx.\crc30_bit$func$/workspace/rtl/dll/vibe_dll_tx.sv:82$61.$result' from process `\vibe_dll_tx.$proc$/workspace/rtl/dll/vibe_dll_tx.sv:0$840'.
No latch inferred for signal `\vibe_dll_tx.\crc30_bit$func$/workspace/rtl/dll/vibe_dll_tx.sv:82$61.c' from process `\vibe_dll_tx.$proc$/workspace/rtl/dll/vibe_dll_tx.sv:0$840'.
No latch inferred for signal `\vibe_dll_tx.\crc30_bit$func$/workspace/rtl/dll/vibe_dll_tx.sv:82$61.b' from process `\vibe_dll_tx.$proc$/workspace/rtl/dll/vibe_dll_tx.sv:0$840'.
No latch inferred for signal `\vibe_dll_tx.\crc30_bit$func$/workspace/rtl/dll/vibe_dll_tx.sv:82$61.fb' from process `\vibe_dll_tx.$proc$/workspace/rtl/dll/vibe_dll_tx.sv:0$840'.
No latch inferred for signal `\vibe_dll_tx.\crc30_bit$func$/workspace/rtl/dll/vibe_dll_tx.sv:82$62.$result' from process `\vibe_dll_tx.$proc$/workspace/rtl/dll/vibe_dll_tx.sv:0$840'.
No latch inferred for signal `\vibe_dll_tx.\crc30_bit$func$/workspace/rtl/dll/vibe_dll_tx.sv:82$62.c' from process `\vibe_dll_tx.$proc$/workspace/rtl/dll/vibe_dll_tx.sv:0$840'.
No latch inferred for signal `\vibe_dll_tx.\crc30_bit$func$/workspace/rtl/dll/vibe_dll_tx.sv:82$62.b' from process `\vibe_dll_tx.$proc$/workspace/rtl/dll/vibe_dll_tx.sv:0$840'.
No latch inferred for signal `\vibe_dll_tx.\crc30_bit$func$/workspace/rtl/dll/vibe_dll_tx.sv:82$62.fb' from process `\vibe_dll_tx.$proc$/workspace/rtl/dll/vibe_dll_tx.sv:0$840'.
No latch inferred for signal `\vibe_dll_tx.\crc30_bit$func$/workspace/rtl/dll/vibe_dll_tx.sv:82$63.$result' from process `\vibe_dll_tx.$proc$/workspace/rtl/dll/vibe_dll_tx.sv:0$840'.
No latch inferred for signal `\vibe_dll_tx.\crc30_bit$func$/workspace/rtl/dll/vibe_dll_tx.sv:82$63.c' from process `\vibe_dll_tx.$proc$/workspace/rtl/dll/vibe_dll_tx.sv:0$840'.
No latch inferred for signal `\vibe_dll_tx.\crc30_bit$func$/workspace/rtl/dll/vibe_dll_tx.sv:82$63.b' from process `\vibe_dll_tx.$proc$/workspace/rtl/dll/vibe_dll_tx.sv:0$840'.
No latch inferred for signal `\vibe_dll_tx.\crc30_bit$func$/workspace/rtl/dll/vibe_dll_tx.sv:82$63.fb' from process `\vibe_dll_tx.$proc$/workspace/rtl/dll/vibe_dll_tx.sv:0$840'.
No latch inferred for signal `\vibe_dll_tx.\crc30_bit$func$/workspace/rtl/dll/vibe_dll_tx.sv:82$64.$result' from process `\vibe_dll_tx.$proc$/workspace/rtl/dll/vibe_dll_tx.sv:0$840'.
No latch inferred for signal `\vibe_dll_tx.\crc30_bit$func$/workspace/rtl/dll/vibe_dll_tx.sv:82$64.c' from process `\vibe_dll_tx.$proc$/workspace/rtl/dll/vibe_dll_tx.sv:0$840'.
No latch inferred for signal `\vibe_dll_tx.\crc30_bit$func$/workspace/rtl/dll/vibe_dll_tx.sv:82$64.b' from process `\vibe_dll_tx.$proc$/workspace/rtl/dll/vibe_dll_tx.sv:0$840'.
No latch inferred for signal `\vibe_dll_tx.\crc30_bit$func$/workspace/rtl/dll/vibe_dll_tx.sv:82$64.fb' from process `\vibe_dll_tx.$proc$/workspace/rtl/dll/vibe_dll_tx.sv:0$840'.
No latch inferred for signal `\vibe_dll_tx.\crc30_bit$func$/workspace/rtl/dll/vibe_dll_tx.sv:82$65.$result' from process `\vibe_dll_tx.$proc$/workspace/rtl/dll/vibe_dll_tx.sv:0$840'.
No latch inferred for signal `\vibe_dll_tx.\crc30_bit$func$/workspace/rtl/dll/vibe_dll_tx.sv:82$65.c' from process `\vibe_dll_tx.$proc$/workspace/rtl/dll/vibe_dll_tx.sv:0$840'.
No latch inferred for signal `\vibe_dll_tx.\crc30_bit$func$/workspace/rtl/dll/vibe_dll_tx.sv:82$65.b' from process `\vibe_dll_tx.$proc$/workspace/rtl/dll/vibe_dll_tx.sv:0$840'.
No latch inferred for signal `\vibe_dll_tx.\crc30_bit$func$/workspace/rtl/dll/vibe_dll_tx.sv:82$65.fb' from process `\vibe_dll_tx.$proc$/workspace/rtl/dll/vibe_dll_tx.sv:0$840'.
No latch inferred for signal `\vibe_dll_tx.\crc30_bit$func$/workspace/rtl/dll/vibe_dll_tx.sv:82$66.$result' from process `\vibe_dll_tx.$proc$/workspace/rtl/dll/vibe_dll_tx.sv:0$840'.
No latch inferred for signal `\vibe_dll_tx.\crc30_bit$func$/workspace/rtl/dll/vibe_dll_tx.sv:82$66.c' from process `\vibe_dll_tx.$proc$/workspace/rtl/dll/vibe_dll_tx.sv:0$840'.
No latch inferred for signal `\vibe_dll_tx.\crc30_bit$func$/workspace/rtl/dll/vibe_dll_tx.sv:82$66.b' from process `\vibe_dll_tx.$proc$/workspace/rtl/dll/vibe_dll_tx.sv:0$840'.
No latch inferred for signal `\vibe_dll_tx.\crc30_bit$func$/workspace/rtl/dll/vibe_dll_tx.sv:82$66.fb' from process `\vibe_dll_tx.$proc$/workspace/rtl/dll/vibe_dll_tx.sv:0$840'.
No latch inferred for signal `\vibe_dll_tx.\crc30_bit$func$/workspace/rtl/dll/vibe_dll_tx.sv:82$67.$result' from process `\vibe_dll_tx.$proc$/workspace/rtl/dll/vibe_dll_tx.sv:0$840'.
No latch inferred for signal `\vibe_dll_tx.\crc30_bit$func$/workspace/rtl/dll/vibe_dll_tx.sv:82$67.c' from process `\vibe_dll_tx.$proc$/workspace/rtl/dll/vibe_dll_tx.sv:0$840'.
No latch inferred for signal `\vibe_dll_tx.\crc30_bit$func$/workspace/rtl/dll/vibe_dll_tx.sv:82$67.b' from process `\vibe_dll_tx.$proc$/workspace/rtl/dll/vibe_dll_tx.sv:0$840'.
No latch inferred for signal `\vibe_dll_tx.\crc30_bit$func$/workspace/rtl/dll/vibe_dll_tx.sv:82$67.fb' from process `\vibe_dll_tx.$proc$/workspace/rtl/dll/vibe_dll_tx.sv:0$840'.
No latch inferred for signal `\vibe_dll_tx.\crc30_bit$func$/workspace/rtl/dll/vibe_dll_tx.sv:82$68.$result' from process `\vibe_dll_tx.$proc$/workspace/rtl/dll/vibe_dll_tx.sv:0$840'.
No latch inferred for signal `\vibe_dll_tx.\crc30_bit$func$/workspace/rtl/dll/vibe_dll_tx.sv:82$68.c' from process `\vibe_dll_tx.$proc$/workspace/rtl/dll/vibe_dll_tx.sv:0$840'.
No latch inferred for signal `\vibe_dll_tx.\crc30_bit$func$/workspace/rtl/dll/vibe_dll_tx.sv:82$68.b' from process `\vibe_dll_tx.$proc$/workspace/rtl/dll/vibe_dll_tx.sv:0$840'.
No latch inferred for signal `\vibe_dll_tx.\crc30_bit$func$/workspace/rtl/dll/vibe_dll_tx.sv:82$68.fb' from process `\vibe_dll_tx.$proc$/workspace/rtl/dll/vibe_dll_tx.sv:0$840'.
No latch inferred for signal `\vibe_dll_tx.\crc30_bit$func$/workspace/rtl/dll/vibe_dll_tx.sv:82$69.$result' from process `\vibe_dll_tx.$proc$/workspace/rtl/dll/vibe_dll_tx.sv:0$840'.
No latch inferred for signal `\vibe_dll_tx.\crc30_bit$func$/workspace/rtl/dll/vibe_dll_tx.sv:82$69.c' from process `\vibe_dll_tx.$proc$/workspace/rtl/dll/vibe_dll_tx.sv:0$840'.
No latch inferred for signal `\vibe_dll_tx.\crc30_bit$func$/workspace/rtl/dll/vibe_dll_tx.sv:82$69.b' from process `\vibe_dll_tx.$proc$/workspace/rtl/dll/vibe_dll_tx.sv:0$840'.
No latch inferred for signal `\vibe_dll_tx.\crc30_bit$func$/workspace/rtl/dll/vibe_dll_tx.sv:82$69.fb' from process `\vibe_dll_tx.$proc$/workspace/rtl/dll/vibe_dll_tx.sv:0$840'.
No latch inferred for signal `\vibe_dll_tx.\crc30_bit$func$/workspace/rtl/dll/vibe_dll_tx.sv:82$70.$result' from process `\vibe_dll_tx.$proc$/workspace/rtl/dll/vibe_dll_tx.sv:0$840'.
No latch inferred for signal `\vibe_dll_tx.\crc30_bit$func$/workspace/rtl/dll/vibe_dll_tx.sv:82$70.c' from process `\vibe_dll_tx.$proc$/workspace/rtl/dll/vibe_dll_tx.sv:0$840'.
No latch inferred for signal `\vibe_dll_tx.\crc30_bit$func$/workspace/rtl/dll/vibe_dll_tx.sv:82$70.b' from process `\vibe_dll_tx.$proc$/workspace/rtl/dll/vibe_dll_tx.sv:0$840'.
No latch inferred for signal `\vibe_dll_tx.\crc30_bit$func$/workspace/rtl/dll/vibe_dll_tx.sv:82$70.fb' from process `\vibe_dll_tx.$proc$/workspace/rtl/dll/vibe_dll_tx.sv:0$840'.
No latch inferred for signal `\vibe_dll_tx.\crc30_bit$func$/workspace/rtl/dll/vibe_dll_tx.sv:82$71.$result' from process `\vibe_dll_tx.$proc$/workspace/rtl/dll/vibe_dll_tx.sv:0$840'.
No latch inferred for signal `\vibe_dll_tx.\crc30_bit$func$/workspace/rtl/dll/vibe_dll_tx.sv:82$71.c' from process `\vibe_dll_tx.$proc$/workspace/rtl/dll/vibe_dll_tx.sv:0$840'.
No latch inferred for signal `\vibe_dll_tx.\crc30_bit$func$/workspace/rtl/dll/vibe_dll_tx.sv:82$71.b' from process `\vibe_dll_tx.$proc$/workspace/rtl/dll/vibe_dll_tx.sv:0$840'.
No latch inferred for signal `\vibe_dll_tx.\crc30_bit$func$/workspace/rtl/dll/vibe_dll_tx.sv:82$71.fb' from process `\vibe_dll_tx.$proc$/workspace/rtl/dll/vibe_dll_tx.sv:0$840'.
No latch inferred for signal `\vibe_dll_tx.\crc30_bit$func$/workspace/rtl/dll/vibe_dll_tx.sv:82$72.$result' from process `\vibe_dll_tx.$proc$/workspace/rtl/dll/vibe_dll_tx.sv:0$840'.
No latch inferred for signal `\vibe_dll_tx.\crc30_bit$func$/workspace/rtl/dll/vibe_dll_tx.sv:82$72.c' from process `\vibe_dll_tx.$proc$/workspace/rtl/dll/vibe_dll_tx.sv:0$840'.
No latch inferred for signal `\vibe_dll_tx.\crc30_bit$func$/workspace/rtl/dll/vibe_dll_tx.sv:82$72.b' from process `\vibe_dll_tx.$proc$/workspace/rtl/dll/vibe_dll_tx.sv:0$840'.
No latch inferred for signal `\vibe_dll_tx.\crc30_bit$func$/workspace/rtl/dll/vibe_dll_tx.sv:82$72.fb' from process `\vibe_dll_tx.$proc$/workspace/rtl/dll/vibe_dll_tx.sv:0$840'.
No latch inferred for signal `\vibe_dll_tx.\crc30_bit$func$/workspace/rtl/dll/vibe_dll_tx.sv:82$73.$result' from process `\vibe_dll_tx.$proc$/workspace/rtl/dll/vibe_dll_tx.sv:0$840'.
No latch inferred for signal `\vibe_dll_tx.\crc30_bit$func$/workspace/rtl/dll/vibe_dll_tx.sv:82$73.c' from process `\vibe_dll_tx.$proc$/workspace/rtl/dll/vibe_dll_tx.sv:0$840'.
No latch inferred for signal `\vibe_dll_tx.\crc30_bit$func$/workspace/rtl/dll/vibe_dll_tx.sv:82$73.b' from process `\vibe_dll_tx.$proc$/workspace/rtl/dll/vibe_dll_tx.sv:0$840'.
No latch inferred for signal `\vibe_dll_tx.\crc30_bit$func$/workspace/rtl/dll/vibe_dll_tx.sv:82$73.fb' from process `\vibe_dll_tx.$proc$/workspace/rtl/dll/vibe_dll_tx.sv:0$840'.
No latch inferred for signal `\vibe_dll_tx.\crc30_bit$func$/workspace/rtl/dll/vibe_dll_tx.sv:82$74.$result' from process `\vibe_dll_tx.$proc$/workspace/rtl/dll/vibe_dll_tx.sv:0$840'.
No latch inferred for signal `\vibe_dll_tx.\crc30_bit$func$/workspace/rtl/dll/vibe_dll_tx.sv:82$74.c' from process `\vibe_dll_tx.$proc$/workspace/rtl/dll/vibe_dll_tx.sv:0$840'.
No latch inferred for signal `\vibe_dll_tx.\crc30_bit$func$/workspace/rtl/dll/vibe_dll_tx.sv:82$74.b' from process `\vibe_dll_tx.$proc$/workspace/rtl/dll/vibe_dll_tx.sv:0$840'.
No latch inferred for signal `\vibe_dll_tx.\crc30_bit$func$/workspace/rtl/dll/vibe_dll_tx.sv:82$74.fb' from process `\vibe_dll_tx.$proc$/workspace/rtl/dll/vibe_dll_tx.sv:0$840'.
No latch inferred for signal `\vibe_dll_tx.\crc30_bit$func$/workspace/rtl/dll/vibe_dll_tx.sv:82$75.$result' from process `\vibe_dll_tx.$proc$/workspace/rtl/dll/vibe_dll_tx.sv:0$840'.
No latch inferred for signal `\vibe_dll_tx.\crc30_bit$func$/workspace/rtl/dll/vibe_dll_tx.sv:82$75.c' from process `\vibe_dll_tx.$proc$/workspace/rtl/dll/vibe_dll_tx.sv:0$840'.
No latch inferred for signal `\vibe_dll_tx.\crc30_bit$func$/workspace/rtl/dll/vibe_dll_tx.sv:82$75.b' from process `\vibe_dll_tx.$proc$/workspace/rtl/dll/vibe_dll_tx.sv:0$840'.
No latch inferred for signal `\vibe_dll_tx.\crc30_bit$func$/workspace/rtl/dll/vibe_dll_tx.sv:82$75.fb' from process `\vibe_dll_tx.$proc$/workspace/rtl/dll/vibe_dll_tx.sv:0$840'.
No latch inferred for signal `\vibe_dll_tx.\crc30_bit$func$/workspace/rtl/dll/vibe_dll_tx.sv:82$76.$result' from process `\vibe_dll_tx.$proc$/workspace/rtl/dll/vibe_dll_tx.sv:0$840'.
No latch inferred for signal `\vibe_dll_tx.\crc30_bit$func$/workspace/rtl/dll/vibe_dll_tx.sv:82$76.c' from process `\vibe_dll_tx.$proc$/workspace/rtl/dll/vibe_dll_tx.sv:0$840'.
No latch inferred for signal `\vibe_dll_tx.\crc30_bit$func$/workspace/rtl/dll/vibe_dll_tx.sv:82$76.b' from process `\vibe_dll_tx.$proc$/workspace/rtl/dll/vibe_dll_tx.sv:0$840'.
No latch inferred for signal `\vibe_dll_tx.\crc30_bit$func$/workspace/rtl/dll/vibe_dll_tx.sv:82$76.fb' from process `\vibe_dll_tx.$proc$/workspace/rtl/dll/vibe_dll_tx.sv:0$840'.
No latch inferred for signal `\vibe_dll_tx.\crc30_bit$func$/workspace/rtl/dll/vibe_dll_tx.sv:82$77.$result' from process `\vibe_dll_tx.$proc$/workspace/rtl/dll/vibe_dll_tx.sv:0$840'.
No latch inferred for signal `\vibe_dll_tx.\crc30_bit$func$/workspace/rtl/dll/vibe_dll_tx.sv:82$77.c' from process `\vibe_dll_tx.$proc$/workspace/rtl/dll/vibe_dll_tx.sv:0$840'.
No latch inferred for signal `\vibe_dll_tx.\crc30_bit$func$/workspace/rtl/dll/vibe_dll_tx.sv:82$77.b' from process `\vibe_dll_tx.$proc$/workspace/rtl/dll/vibe_dll_tx.sv:0$840'.
No latch inferred for signal `\vibe_dll_tx.\crc30_bit$func$/workspace/rtl/dll/vibe_dll_tx.sv:82$77.fb' from process `\vibe_dll_tx.$proc$/workspace/rtl/dll/vibe_dll_tx.sv:0$840'.
No latch inferred for signal `\vibe_dll_tx.\crc30_bit$func$/workspace/rtl/dll/vibe_dll_tx.sv:82$78.$result' from process `\vibe_dll_tx.$proc$/workspace/rtl/dll/vibe_dll_tx.sv:0$840'.
No latch inferred for signal `\vibe_dll_tx.\crc30_bit$func$/workspace/rtl/dll/vibe_dll_tx.sv:82$78.c' from process `\vibe_dll_tx.$proc$/workspace/rtl/dll/vibe_dll_tx.sv:0$840'.
No latch inferred for signal `\vibe_dll_tx.\crc30_bit$func$/workspace/rtl/dll/vibe_dll_tx.sv:82$78.b' from process `\vibe_dll_tx.$proc$/workspace/rtl/dll/vibe_dll_tx.sv:0$840'.
No latch inferred for signal `\vibe_dll_tx.\crc30_bit$func$/workspace/rtl/dll/vibe_dll_tx.sv:82$78.fb' from process `\vibe_dll_tx.$proc$/workspace/rtl/dll/vibe_dll_tx.sv:0$840'.
No latch inferred for signal `\vibe_dll_tx.\crc30_bit$func$/workspace/rtl/dll/vibe_dll_tx.sv:82$79.$result' from process `\vibe_dll_tx.$proc$/workspace/rtl/dll/vibe_dll_tx.sv:0$840'.
No latch inferred for signal `\vibe_dll_tx.\crc30_bit$func$/workspace/rtl/dll/vibe_dll_tx.sv:82$79.c' from process `\vibe_dll_tx.$proc$/workspace/rtl/dll/vibe_dll_tx.sv:0$840'.
No latch inferred for signal `\vibe_dll_tx.\crc30_bit$func$/workspace/rtl/dll/vibe_dll_tx.sv:82$79.b' from process `\vibe_dll_tx.$proc$/workspace/rtl/dll/vibe_dll_tx.sv:0$840'.
No latch inferred for signal `\vibe_dll_tx.\crc30_bit$func$/workspace/rtl/dll/vibe_dll_tx.sv:82$79.fb' from process `\vibe_dll_tx.$proc$/workspace/rtl/dll/vibe_dll_tx.sv:0$840'.
No latch inferred for signal `\vibe_dll_tx.\crc30_bit$func$/workspace/rtl/dll/vibe_dll_tx.sv:82$80.$result' from process `\vibe_dll_tx.$proc$/workspace/rtl/dll/vibe_dll_tx.sv:0$840'.
No latch inferred for signal `\vibe_dll_tx.\crc30_bit$func$/workspace/rtl/dll/vibe_dll_tx.sv:82$80.c' from process `\vibe_dll_tx.$proc$/workspace/rtl/dll/vibe_dll_tx.sv:0$840'.
No latch inferred for signal `\vibe_dll_tx.\crc30_bit$func$/workspace/rtl/dll/vibe_dll_tx.sv:82$80.b' from process `\vibe_dll_tx.$proc$/workspace/rtl/dll/vibe_dll_tx.sv:0$840'.
No latch inferred for signal `\vibe_dll_tx.\crc30_bit$func$/workspace/rtl/dll/vibe_dll_tx.sv:82$80.fb' from process `\vibe_dll_tx.$proc$/workspace/rtl/dll/vibe_dll_tx.sv:0$840'.
No latch inferred for signal `\vibe_dll_tx.\crc30_bit$func$/workspace/rtl/dll/vibe_dll_tx.sv:82$81.$result' from process `\vibe_dll_tx.$proc$/workspace/rtl/dll/vibe_dll_tx.sv:0$840'.
No latch inferred for signal `\vibe_dll_tx.\crc30_bit$func$/workspace/rtl/dll/vibe_dll_tx.sv:82$81.c' from process `\vibe_dll_tx.$proc$/workspace/rtl/dll/vibe_dll_tx.sv:0$840'.
No latch inferred for signal `\vibe_dll_tx.\crc30_bit$func$/workspace/rtl/dll/vibe_dll_tx.sv:82$81.b' from process `\vibe_dll_tx.$proc$/workspace/rtl/dll/vibe_dll_tx.sv:0$840'.
No latch inferred for signal `\vibe_dll_tx.\crc30_bit$func$/workspace/rtl/dll/vibe_dll_tx.sv:82$81.fb' from process `\vibe_dll_tx.$proc$/workspace/rtl/dll/vibe_dll_tx.sv:0$840'.
No latch inferred for signal `\vibe_dll_tx.\crc30_bit$func$/workspace/rtl/dll/vibe_dll_tx.sv:82$82.$result' from process `\vibe_dll_tx.$proc$/workspace/rtl/dll/vibe_dll_tx.sv:0$840'.
No latch inferred for signal `\vibe_dll_tx.\crc30_bit$func$/workspace/rtl/dll/vibe_dll_tx.sv:82$82.c' from process `\vibe_dll_tx.$proc$/workspace/rtl/dll/vibe_dll_tx.sv:0$840'.
No latch inferred for signal `\vibe_dll_tx.\crc30_bit$func$/workspace/rtl/dll/vibe_dll_tx.sv:82$82.b' from process `\vibe_dll_tx.$proc$/workspace/rtl/dll/vibe_dll_tx.sv:0$840'.
No latch inferred for signal `\vibe_dll_tx.\crc30_bit$func$/workspace/rtl/dll/vibe_dll_tx.sv:82$82.fb' from process `\vibe_dll_tx.$proc$/workspace/rtl/dll/vibe_dll_tx.sv:0$840'.
No latch inferred for signal `\vibe_dll_tx.\crc30_bit$func$/workspace/rtl/dll/vibe_dll_tx.sv:82$83.$result' from process `\vibe_dll_tx.$proc$/workspace/rtl/dll/vibe_dll_tx.sv:0$840'.
No latch inferred for signal `\vibe_dll_tx.\crc30_bit$func$/workspace/rtl/dll/vibe_dll_tx.sv:82$83.c' from process `\vibe_dll_tx.$proc$/workspace/rtl/dll/vibe_dll_tx.sv:0$840'.
No latch inferred for signal `\vibe_dll_tx.\crc30_bit$func$/workspace/rtl/dll/vibe_dll_tx.sv:82$83.b' from process `\vibe_dll_tx.$proc$/workspace/rtl/dll/vibe_dll_tx.sv:0$840'.
No latch inferred for signal `\vibe_dll_tx.\crc30_bit$func$/workspace/rtl/dll/vibe_dll_tx.sv:82$83.fb' from process `\vibe_dll_tx.$proc$/workspace/rtl/dll/vibe_dll_tx.sv:0$840'.
No latch inferred for signal `\vibe_dll_tx.\crc30_bit$func$/workspace/rtl/dll/vibe_dll_tx.sv:82$84.$result' from process `\vibe_dll_tx.$proc$/workspace/rtl/dll/vibe_dll_tx.sv:0$840'.
No latch inferred for signal `\vibe_dll_tx.\crc30_bit$func$/workspace/rtl/dll/vibe_dll_tx.sv:82$84.c' from process `\vibe_dll_tx.$proc$/workspace/rtl/dll/vibe_dll_tx.sv:0$840'.
No latch inferred for signal `\vibe_dll_tx.\crc30_bit$func$/workspace/rtl/dll/vibe_dll_tx.sv:82$84.b' from process `\vibe_dll_tx.$proc$/workspace/rtl/dll/vibe_dll_tx.sv:0$840'.
No latch inferred for signal `\vibe_dll_tx.\crc30_bit$func$/workspace/rtl/dll/vibe_dll_tx.sv:82$84.fb' from process `\vibe_dll_tx.$proc$/workspace/rtl/dll/vibe_dll_tx.sv:0$840'.
No latch inferred for signal `\vibe_dll_tx.\crc30_bit$func$/workspace/rtl/dll/vibe_dll_tx.sv:82$85.$result' from process `\vibe_dll_tx.$proc$/workspace/rtl/dll/vibe_dll_tx.sv:0$840'.
No latch inferred for signal `\vibe_dll_tx.\crc30_bit$func$/workspace/rtl/dll/vibe_dll_tx.sv:82$85.c' from process `\vibe_dll_tx.$proc$/workspace/rtl/dll/vibe_dll_tx.sv:0$840'.
No latch inferred for signal `\vibe_dll_tx.\crc30_bit$func$/workspace/rtl/dll/vibe_dll_tx.sv:82$85.b' from process `\vibe_dll_tx.$proc$/workspace/rtl/dll/vibe_dll_tx.sv:0$840'.
No latch inferred for signal `\vibe_dll_tx.\crc30_bit$func$/workspace/rtl/dll/vibe_dll_tx.sv:82$85.fb' from process `\vibe_dll_tx.$proc$/workspace/rtl/dll/vibe_dll_tx.sv:0$840'.
No latch inferred for signal `\vibe_dll_tx.\crc30_bit$func$/workspace/rtl/dll/vibe_dll_tx.sv:82$86.$result' from process `\vibe_dll_tx.$proc$/workspace/rtl/dll/vibe_dll_tx.sv:0$840'.
No latch inferred for signal `\vibe_dll_tx.\crc30_bit$func$/workspace/rtl/dll/vibe_dll_tx.sv:82$86.c' from process `\vibe_dll_tx.$proc$/workspace/rtl/dll/vibe_dll_tx.sv:0$840'.
No latch inferred for signal `\vibe_dll_tx.\crc30_bit$func$/workspace/rtl/dll/vibe_dll_tx.sv:82$86.b' from process `\vibe_dll_tx.$proc$/workspace/rtl/dll/vibe_dll_tx.sv:0$840'.
No latch inferred for signal `\vibe_dll_tx.\crc30_bit$func$/workspace/rtl/dll/vibe_dll_tx.sv:82$86.fb' from process `\vibe_dll_tx.$proc$/workspace/rtl/dll/vibe_dll_tx.sv:0$840'.
No latch inferred for signal `\vibe_dll_tx.\crc30_bit$func$/workspace/rtl/dll/vibe_dll_tx.sv:82$87.$result' from process `\vibe_dll_tx.$proc$/workspace/rtl/dll/vibe_dll_tx.sv:0$840'.
No latch inferred for signal `\vibe_dll_tx.\crc30_bit$func$/workspace/rtl/dll/vibe_dll_tx.sv:82$87.c' from process `\vibe_dll_tx.$proc$/workspace/rtl/dll/vibe_dll_tx.sv:0$840'.
No latch inferred for signal `\vibe_dll_tx.\crc30_bit$func$/workspace/rtl/dll/vibe_dll_tx.sv:82$87.b' from process `\vibe_dll_tx.$proc$/workspace/rtl/dll/vibe_dll_tx.sv:0$840'.
No latch inferred for signal `\vibe_dll_tx.\crc30_bit$func$/workspace/rtl/dll/vibe_dll_tx.sv:82$87.fb' from process `\vibe_dll_tx.$proc$/workspace/rtl/dll/vibe_dll_tx.sv:0$840'.
No latch inferred for signal `\vibe_dll_tx.\crc30_bit$func$/workspace/rtl/dll/vibe_dll_tx.sv:82$88.$result' from process `\vibe_dll_tx.$proc$/workspace/rtl/dll/vibe_dll_tx.sv:0$840'.
No latch inferred for signal `\vibe_dll_tx.\crc30_bit$func$/workspace/rtl/dll/vibe_dll_tx.sv:82$88.c' from process `\vibe_dll_tx.$proc$/workspace/rtl/dll/vibe_dll_tx.sv:0$840'.
No latch inferred for signal `\vibe_dll_tx.\crc30_bit$func$/workspace/rtl/dll/vibe_dll_tx.sv:82$88.b' from process `\vibe_dll_tx.$proc$/workspace/rtl/dll/vibe_dll_tx.sv:0$840'.
No latch inferred for signal `\vibe_dll_tx.\crc30_bit$func$/workspace/rtl/dll/vibe_dll_tx.sv:82$88.fb' from process `\vibe_dll_tx.$proc$/workspace/rtl/dll/vibe_dll_tx.sv:0$840'.
No latch inferred for signal `\vibe_dll_tx.\crc30_bit$func$/workspace/rtl/dll/vibe_dll_tx.sv:82$89.$result' from process `\vibe_dll_tx.$proc$/workspace/rtl/dll/vibe_dll_tx.sv:0$840'.
No latch inferred for signal `\vibe_dll_tx.\crc30_bit$func$/workspace/rtl/dll/vibe_dll_tx.sv:82$89.c' from process `\vibe_dll_tx.$proc$/workspace/rtl/dll/vibe_dll_tx.sv:0$840'.
No latch inferred for signal `\vibe_dll_tx.\crc30_bit$func$/workspace/rtl/dll/vibe_dll_tx.sv:82$89.b' from process `\vibe_dll_tx.$proc$/workspace/rtl/dll/vibe_dll_tx.sv:0$840'.
No latch inferred for signal `\vibe_dll_tx.\crc30_bit$func$/workspace/rtl/dll/vibe_dll_tx.sv:82$89.fb' from process `\vibe_dll_tx.$proc$/workspace/rtl/dll/vibe_dll_tx.sv:0$840'.
No latch inferred for signal `\vibe_dll_tx.\crc30_bit$func$/workspace/rtl/dll/vibe_dll_tx.sv:82$90.$result' from process `\vibe_dll_tx.$proc$/workspace/rtl/dll/vibe_dll_tx.sv:0$840'.
No latch inferred for signal `\vibe_dll_tx.\crc30_bit$func$/workspace/rtl/dll/vibe_dll_tx.sv:82$90.c' from process `\vibe_dll_tx.$proc$/workspace/rtl/dll/vibe_dll_tx.sv:0$840'.
No latch inferred for signal `\vibe_dll_tx.\crc30_bit$func$/workspace/rtl/dll/vibe_dll_tx.sv:82$90.b' from process `\vibe_dll_tx.$proc$/workspace/rtl/dll/vibe_dll_tx.sv:0$840'.
No latch inferred for signal `\vibe_dll_tx.\crc30_bit$func$/workspace/rtl/dll/vibe_dll_tx.sv:82$90.fb' from process `\vibe_dll_tx.$proc$/workspace/rtl/dll/vibe_dll_tx.sv:0$840'.
No latch inferred for signal `\vibe_dll_tx.\crc30_bit$func$/workspace/rtl/dll/vibe_dll_tx.sv:82$91.$result' from process `\vibe_dll_tx.$proc$/workspace/rtl/dll/vibe_dll_tx.sv:0$840'.
No latch inferred for signal `\vibe_dll_tx.\crc30_bit$func$/workspace/rtl/dll/vibe_dll_tx.sv:82$91.c' from process `\vibe_dll_tx.$proc$/workspace/rtl/dll/vibe_dll_tx.sv:0$840'.
No latch inferred for signal `\vibe_dll_tx.\crc30_bit$func$/workspace/rtl/dll/vibe_dll_tx.sv:82$91.b' from process `\vibe_dll_tx.$proc$/workspace/rtl/dll/vibe_dll_tx.sv:0$840'.
No latch inferred for signal `\vibe_dll_tx.\crc30_bit$func$/workspace/rtl/dll/vibe_dll_tx.sv:82$91.fb' from process `\vibe_dll_tx.$proc$/workspace/rtl/dll/vibe_dll_tx.sv:0$840'.
No latch inferred for signal `\vibe_dll_tx.\crc30_bit$func$/workspace/rtl/dll/vibe_dll_tx.sv:82$92.$result' from process `\vibe_dll_tx.$proc$/workspace/rtl/dll/vibe_dll_tx.sv:0$840'.
No latch inferred for signal `\vibe_dll_tx.\crc30_bit$func$/workspace/rtl/dll/vibe_dll_tx.sv:82$92.c' from process `\vibe_dll_tx.$proc$/workspace/rtl/dll/vibe_dll_tx.sv:0$840'.
No latch inferred for signal `\vibe_dll_tx.\crc30_bit$func$/workspace/rtl/dll/vibe_dll_tx.sv:82$92.b' from process `\vibe_dll_tx.$proc$/workspace/rtl/dll/vibe_dll_tx.sv:0$840'.
No latch inferred for signal `\vibe_dll_tx.\crc30_bit$func$/workspace/rtl/dll/vibe_dll_tx.sv:82$92.fb' from process `\vibe_dll_tx.$proc$/workspace/rtl/dll/vibe_dll_tx.sv:0$840'.
No latch inferred for signal `\vibe_dll_tx.\crc30_bit$func$/workspace/rtl/dll/vibe_dll_tx.sv:82$93.$result' from process `\vibe_dll_tx.$proc$/workspace/rtl/dll/vibe_dll_tx.sv:0$840'.
No latch inferred for signal `\vibe_dll_tx.\crc30_bit$func$/workspace/rtl/dll/vibe_dll_tx.sv:82$93.c' from process `\vibe_dll_tx.$proc$/workspace/rtl/dll/vibe_dll_tx.sv:0$840'.
No latch inferred for signal `\vibe_dll_tx.\crc30_bit$func$/workspace/rtl/dll/vibe_dll_tx.sv:82$93.b' from process `\vibe_dll_tx.$proc$/workspace/rtl/dll/vibe_dll_tx.sv:0$840'.
No latch inferred for signal `\vibe_dll_tx.\crc30_bit$func$/workspace/rtl/dll/vibe_dll_tx.sv:82$93.fb' from process `\vibe_dll_tx.$proc$/workspace/rtl/dll/vibe_dll_tx.sv:0$840'.
No latch inferred for signal `\vibe_dll_tx.\crc30_bit$func$/workspace/rtl/dll/vibe_dll_tx.sv:82$94.$result' from process `\vibe_dll_tx.$proc$/workspace/rtl/dll/vibe_dll_tx.sv:0$840'.
No latch inferred for signal `\vibe_dll_tx.\crc30_bit$func$/workspace/rtl/dll/vibe_dll_tx.sv:82$94.c' from process `\vibe_dll_tx.$proc$/workspace/rtl/dll/vibe_dll_tx.sv:0$840'.
No latch inferred for signal `\vibe_dll_tx.\crc30_bit$func$/workspace/rtl/dll/vibe_dll_tx.sv:82$94.b' from process `\vibe_dll_tx.$proc$/workspace/rtl/dll/vibe_dll_tx.sv:0$840'.
No latch inferred for signal `\vibe_dll_tx.\crc30_bit$func$/workspace/rtl/dll/vibe_dll_tx.sv:82$94.fb' from process `\vibe_dll_tx.$proc$/workspace/rtl/dll/vibe_dll_tx.sv:0$840'.
No latch inferred for signal `\vibe_dll_tx.\crc30_bit$func$/workspace/rtl/dll/vibe_dll_tx.sv:82$95.$result' from process `\vibe_dll_tx.$proc$/workspace/rtl/dll/vibe_dll_tx.sv:0$840'.
No latch inferred for signal `\vibe_dll_tx.\crc30_bit$func$/workspace/rtl/dll/vibe_dll_tx.sv:82$95.c' from process `\vibe_dll_tx.$proc$/workspace/rtl/dll/vibe_dll_tx.sv:0$840'.
No latch inferred for signal `\vibe_dll_tx.\crc30_bit$func$/workspace/rtl/dll/vibe_dll_tx.sv:82$95.b' from process `\vibe_dll_tx.$proc$/workspace/rtl/dll/vibe_dll_tx.sv:0$840'.
No latch inferred for signal `\vibe_dll_tx.\crc30_bit$func$/workspace/rtl/dll/vibe_dll_tx.sv:82$95.fb' from process `\vibe_dll_tx.$proc$/workspace/rtl/dll/vibe_dll_tx.sv:0$840'.
No latch inferred for signal `\vibe_dll_tx.\crc30_bit$func$/workspace/rtl/dll/vibe_dll_tx.sv:82$96.$result' from process `\vibe_dll_tx.$proc$/workspace/rtl/dll/vibe_dll_tx.sv:0$840'.
No latch inferred for signal `\vibe_dll_tx.\crc30_bit$func$/workspace/rtl/dll/vibe_dll_tx.sv:82$96.c' from process `\vibe_dll_tx.$proc$/workspace/rtl/dll/vibe_dll_tx.sv:0$840'.
No latch inferred for signal `\vibe_dll_tx.\crc30_bit$func$/workspace/rtl/dll/vibe_dll_tx.sv:82$96.b' from process `\vibe_dll_tx.$proc$/workspace/rtl/dll/vibe_dll_tx.sv:0$840'.
No latch inferred for signal `\vibe_dll_tx.\crc30_bit$func$/workspace/rtl/dll/vibe_dll_tx.sv:82$96.fb' from process `\vibe_dll_tx.$proc$/workspace/rtl/dll/vibe_dll_tx.sv:0$840'.
No latch inferred for signal `\vibe_dll_tx.\crc30_bit$func$/workspace/rtl/dll/vibe_dll_tx.sv:82$97.$result' from process `\vibe_dll_tx.$proc$/workspace/rtl/dll/vibe_dll_tx.sv:0$840'.
No latch inferred for signal `\vibe_dll_tx.\crc30_bit$func$/workspace/rtl/dll/vibe_dll_tx.sv:82$97.c' from process `\vibe_dll_tx.$proc$/workspace/rtl/dll/vibe_dll_tx.sv:0$840'.
No latch inferred for signal `\vibe_dll_tx.\crc30_bit$func$/workspace/rtl/dll/vibe_dll_tx.sv:82$97.b' from process `\vibe_dll_tx.$proc$/workspace/rtl/dll/vibe_dll_tx.sv:0$840'.
No latch inferred for signal `\vibe_dll_tx.\crc30_bit$func$/workspace/rtl/dll/vibe_dll_tx.sv:82$97.fb' from process `\vibe_dll_tx.$proc$/workspace/rtl/dll/vibe_dll_tx.sv:0$840'.
No latch inferred for signal `\vibe_dll_tx.\crc30_bit$func$/workspace/rtl/dll/vibe_dll_tx.sv:82$98.$result' from process `\vibe_dll_tx.$proc$/workspace/rtl/dll/vibe_dll_tx.sv:0$840'.
No latch inferred for signal `\vibe_dll_tx.\crc30_bit$func$/workspace/rtl/dll/vibe_dll_tx.sv:82$98.c' from process `\vibe_dll_tx.$proc$/workspace/rtl/dll/vibe_dll_tx.sv:0$840'.
No latch inferred for signal `\vibe_dll_tx.\crc30_bit$func$/workspace/rtl/dll/vibe_dll_tx.sv:82$98.b' from process `\vibe_dll_tx.$proc$/workspace/rtl/dll/vibe_dll_tx.sv:0$840'.
No latch inferred for signal `\vibe_dll_tx.\crc30_bit$func$/workspace/rtl/dll/vibe_dll_tx.sv:82$98.fb' from process `\vibe_dll_tx.$proc$/workspace/rtl/dll/vibe_dll_tx.sv:0$840'.
No latch inferred for signal `\vibe_dll_tx.\crc30_bit$func$/workspace/rtl/dll/vibe_dll_tx.sv:82$99.$result' from process `\vibe_dll_tx.$proc$/workspace/rtl/dll/vibe_dll_tx.sv:0$840'.
No latch inferred for signal `\vibe_dll_tx.\crc30_bit$func$/workspace/rtl/dll/vibe_dll_tx.sv:82$99.c' from process `\vibe_dll_tx.$proc$/workspace/rtl/dll/vibe_dll_tx.sv:0$840'.
No latch inferred for signal `\vibe_dll_tx.\crc30_bit$func$/workspace/rtl/dll/vibe_dll_tx.sv:82$99.b' from process `\vibe_dll_tx.$proc$/workspace/rtl/dll/vibe_dll_tx.sv:0$840'.
No latch inferred for signal `\vibe_dll_tx.\crc30_bit$func$/workspace/rtl/dll/vibe_dll_tx.sv:82$99.fb' from process `\vibe_dll_tx.$proc$/workspace/rtl/dll/vibe_dll_tx.sv:0$840'.
No latch inferred for signal `\vibe_dll_tx.\crc30_bit$func$/workspace/rtl/dll/vibe_dll_tx.sv:82$100.$result' from process `\vibe_dll_tx.$proc$/workspace/rtl/dll/vibe_dll_tx.sv:0$840'.
No latch inferred for signal `\vibe_dll_tx.\crc30_bit$func$/workspace/rtl/dll/vibe_dll_tx.sv:82$100.c' from process `\vibe_dll_tx.$proc$/workspace/rtl/dll/vibe_dll_tx.sv:0$840'.
No latch inferred for signal `\vibe_dll_tx.\crc30_bit$func$/workspace/rtl/dll/vibe_dll_tx.sv:82$100.b' from process `\vibe_dll_tx.$proc$/workspace/rtl/dll/vibe_dll_tx.sv:0$840'.
No latch inferred for signal `\vibe_dll_tx.\crc30_bit$func$/workspace/rtl/dll/vibe_dll_tx.sv:82$100.fb' from process `\vibe_dll_tx.$proc$/workspace/rtl/dll/vibe_dll_tx.sv:0$840'.
No latch inferred for signal `\vibe_dll_tx.\crc30_bit$func$/workspace/rtl/dll/vibe_dll_tx.sv:82$101.$result' from process `\vibe_dll_tx.$proc$/workspace/rtl/dll/vibe_dll_tx.sv:0$840'.
No latch inferred for signal `\vibe_dll_tx.\crc30_bit$func$/workspace/rtl/dll/vibe_dll_tx.sv:82$101.c' from process `\vibe_dll_tx.$proc$/workspace/rtl/dll/vibe_dll_tx.sv:0$840'.
No latch inferred for signal `\vibe_dll_tx.\crc30_bit$func$/workspace/rtl/dll/vibe_dll_tx.sv:82$101.b' from process `\vibe_dll_tx.$proc$/workspace/rtl/dll/vibe_dll_tx.sv:0$840'.
No latch inferred for signal `\vibe_dll_tx.\crc30_bit$func$/workspace/rtl/dll/vibe_dll_tx.sv:82$101.fb' from process `\vibe_dll_tx.$proc$/workspace/rtl/dll/vibe_dll_tx.sv:0$840'.
No latch inferred for signal `\vibe_dll_tx.\crc30_bit$func$/workspace/rtl/dll/vibe_dll_tx.sv:82$102.$result' from process `\vibe_dll_tx.$proc$/workspace/rtl/dll/vibe_dll_tx.sv:0$840'.
No latch inferred for signal `\vibe_dll_tx.\crc30_bit$func$/workspace/rtl/dll/vibe_dll_tx.sv:82$102.c' from process `\vibe_dll_tx.$proc$/workspace/rtl/dll/vibe_dll_tx.sv:0$840'.
No latch inferred for signal `\vibe_dll_tx.\crc30_bit$func$/workspace/rtl/dll/vibe_dll_tx.sv:82$102.b' from process `\vibe_dll_tx.$proc$/workspace/rtl/dll/vibe_dll_tx.sv:0$840'.
No latch inferred for signal `\vibe_dll_tx.\crc30_bit$func$/workspace/rtl/dll/vibe_dll_tx.sv:82$102.fb' from process `\vibe_dll_tx.$proc$/workspace/rtl/dll/vibe_dll_tx.sv:0$840'.
No latch inferred for signal `\vibe_dll_tx.\crc30_bit$func$/workspace/rtl/dll/vibe_dll_tx.sv:82$103.$result' from process `\vibe_dll_tx.$proc$/workspace/rtl/dll/vibe_dll_tx.sv:0$840'.
No latch inferred for signal `\vibe_dll_tx.\crc30_bit$func$/workspace/rtl/dll/vibe_dll_tx.sv:82$103.c' from process `\vibe_dll_tx.$proc$/workspace/rtl/dll/vibe_dll_tx.sv:0$840'.
No latch inferred for signal `\vibe_dll_tx.\crc30_bit$func$/workspace/rtl/dll/vibe_dll_tx.sv:82$103.b' from process `\vibe_dll_tx.$proc$/workspace/rtl/dll/vibe_dll_tx.sv:0$840'.
No latch inferred for signal `\vibe_dll_tx.\crc30_bit$func$/workspace/rtl/dll/vibe_dll_tx.sv:82$103.fb' from process `\vibe_dll_tx.$proc$/workspace/rtl/dll/vibe_dll_tx.sv:0$840'.
No latch inferred for signal `\vibe_dll_tx.\crc30_bit$func$/workspace/rtl/dll/vibe_dll_tx.sv:82$104.$result' from process `\vibe_dll_tx.$proc$/workspace/rtl/dll/vibe_dll_tx.sv:0$840'.
No latch inferred for signal `\vibe_dll_tx.\crc30_bit$func$/workspace/rtl/dll/vibe_dll_tx.sv:82$104.c' from process `\vibe_dll_tx.$proc$/workspace/rtl/dll/vibe_dll_tx.sv:0$840'.
No latch inferred for signal `\vibe_dll_tx.\crc30_bit$func$/workspace/rtl/dll/vibe_dll_tx.sv:82$104.b' from process `\vibe_dll_tx.$proc$/workspace/rtl/dll/vibe_dll_tx.sv:0$840'.
No latch inferred for signal `\vibe_dll_tx.\crc30_bit$func$/workspace/rtl/dll/vibe_dll_tx.sv:82$104.fb' from process `\vibe_dll_tx.$proc$/workspace/rtl/dll/vibe_dll_tx.sv:0$840'.
No latch inferred for signal `\vibe_dll_tx.\crc30_bit$func$/workspace/rtl/dll/vibe_dll_tx.sv:82$105.$result' from process `\vibe_dll_tx.$proc$/workspace/rtl/dll/vibe_dll_tx.sv:0$840'.
No latch inferred for signal `\vibe_dll_tx.\crc30_bit$func$/workspace/rtl/dll/vibe_dll_tx.sv:82$105.c' from process `\vibe_dll_tx.$proc$/workspace/rtl/dll/vibe_dll_tx.sv:0$840'.
No latch inferred for signal `\vibe_dll_tx.\crc30_bit$func$/workspace/rtl/dll/vibe_dll_tx.sv:82$105.b' from process `\vibe_dll_tx.$proc$/workspace/rtl/dll/vibe_dll_tx.sv:0$840'.
No latch inferred for signal `\vibe_dll_tx.\crc30_bit$func$/workspace/rtl/dll/vibe_dll_tx.sv:82$105.fb' from process `\vibe_dll_tx.$proc$/workspace/rtl/dll/vibe_dll_tx.sv:0$840'.
No latch inferred for signal `\vibe_dll_tx.\crc30_bit$func$/workspace/rtl/dll/vibe_dll_tx.sv:82$106.$result' from process `\vibe_dll_tx.$proc$/workspace/rtl/dll/vibe_dll_tx.sv:0$840'.
No latch inferred for signal `\vibe_dll_tx.\crc30_bit$func$/workspace/rtl/dll/vibe_dll_tx.sv:82$106.c' from process `\vibe_dll_tx.$proc$/workspace/rtl/dll/vibe_dll_tx.sv:0$840'.
No latch inferred for signal `\vibe_dll_tx.\crc30_bit$func$/workspace/rtl/dll/vibe_dll_tx.sv:82$106.b' from process `\vibe_dll_tx.$proc$/workspace/rtl/dll/vibe_dll_tx.sv:0$840'.
No latch inferred for signal `\vibe_dll_tx.\crc30_bit$func$/workspace/rtl/dll/vibe_dll_tx.sv:82$106.fb' from process `\vibe_dll_tx.$proc$/workspace/rtl/dll/vibe_dll_tx.sv:0$840'.
No latch inferred for signal `\vibe_dll_tx.\crc30_bit$func$/workspace/rtl/dll/vibe_dll_tx.sv:82$107.$result' from process `\vibe_dll_tx.$proc$/workspace/rtl/dll/vibe_dll_tx.sv:0$840'.
No latch inferred for signal `\vibe_dll_tx.\crc30_bit$func$/workspace/rtl/dll/vibe_dll_tx.sv:82$107.c' from process `\vibe_dll_tx.$proc$/workspace/rtl/dll/vibe_dll_tx.sv:0$840'.
No latch inferred for signal `\vibe_dll_tx.\crc30_bit$func$/workspace/rtl/dll/vibe_dll_tx.sv:82$107.b' from process `\vibe_dll_tx.$proc$/workspace/rtl/dll/vibe_dll_tx.sv:0$840'.
No latch inferred for signal `\vibe_dll_tx.\crc30_bit$func$/workspace/rtl/dll/vibe_dll_tx.sv:82$107.fb' from process `\vibe_dll_tx.$proc$/workspace/rtl/dll/vibe_dll_tx.sv:0$840'.
No latch inferred for signal `\vibe_dll_tx.\crc30_bit$func$/workspace/rtl/dll/vibe_dll_tx.sv:82$108.$result' from process `\vibe_dll_tx.$proc$/workspace/rtl/dll/vibe_dll_tx.sv:0$840'.
No latch inferred for signal `\vibe_dll_tx.\crc30_bit$func$/workspace/rtl/dll/vibe_dll_tx.sv:82$108.c' from process `\vibe_dll_tx.$proc$/workspace/rtl/dll/vibe_dll_tx.sv:0$840'.
No latch inferred for signal `\vibe_dll_tx.\crc30_bit$func$/workspace/rtl/dll/vibe_dll_tx.sv:82$108.b' from process `\vibe_dll_tx.$proc$/workspace/rtl/dll/vibe_dll_tx.sv:0$840'.
No latch inferred for signal `\vibe_dll_tx.\crc30_bit$func$/workspace/rtl/dll/vibe_dll_tx.sv:82$108.fb' from process `\vibe_dll_tx.$proc$/workspace/rtl/dll/vibe_dll_tx.sv:0$840'.
No latch inferred for signal `\vibe_dll_tx.\crc30_bit$func$/workspace/rtl/dll/vibe_dll_tx.sv:82$109.$result' from process `\vibe_dll_tx.$proc$/workspace/rtl/dll/vibe_dll_tx.sv:0$840'.
No latch inferred for signal `\vibe_dll_tx.\crc30_bit$func$/workspace/rtl/dll/vibe_dll_tx.sv:82$109.c' from process `\vibe_dll_tx.$proc$/workspace/rtl/dll/vibe_dll_tx.sv:0$840'.
No latch inferred for signal `\vibe_dll_tx.\crc30_bit$func$/workspace/rtl/dll/vibe_dll_tx.sv:82$109.b' from process `\vibe_dll_tx.$proc$/workspace/rtl/dll/vibe_dll_tx.sv:0$840'.
No latch inferred for signal `\vibe_dll_tx.\crc30_bit$func$/workspace/rtl/dll/vibe_dll_tx.sv:82$109.fb' from process `\vibe_dll_tx.$proc$/workspace/rtl/dll/vibe_dll_tx.sv:0$840'.
No latch inferred for signal `\vibe_dll_tx.\crc30_bit$func$/workspace/rtl/dll/vibe_dll_tx.sv:82$110.$result' from process `\vibe_dll_tx.$proc$/workspace/rtl/dll/vibe_dll_tx.sv:0$840'.
No latch inferred for signal `\vibe_dll_tx.\crc30_bit$func$/workspace/rtl/dll/vibe_dll_tx.sv:82$110.c' from process `\vibe_dll_tx.$proc$/workspace/rtl/dll/vibe_dll_tx.sv:0$840'.
No latch inferred for signal `\vibe_dll_tx.\crc30_bit$func$/workspace/rtl/dll/vibe_dll_tx.sv:82$110.b' from process `\vibe_dll_tx.$proc$/workspace/rtl/dll/vibe_dll_tx.sv:0$840'.
No latch inferred for signal `\vibe_dll_tx.\crc30_bit$func$/workspace/rtl/dll/vibe_dll_tx.sv:82$110.fb' from process `\vibe_dll_tx.$proc$/workspace/rtl/dll/vibe_dll_tx.sv:0$840'.
No latch inferred for signal `\vibe_dll_tx.\crc30_bit$func$/workspace/rtl/dll/vibe_dll_tx.sv:82$111.$result' from process `\vibe_dll_tx.$proc$/workspace/rtl/dll/vibe_dll_tx.sv:0$840'.
No latch inferred for signal `\vibe_dll_tx.\crc30_bit$func$/workspace/rtl/dll/vibe_dll_tx.sv:82$111.c' from process `\vibe_dll_tx.$proc$/workspace/rtl/dll/vibe_dll_tx.sv:0$840'.
No latch inferred for signal `\vibe_dll_tx.\crc30_bit$func$/workspace/rtl/dll/vibe_dll_tx.sv:82$111.b' from process `\vibe_dll_tx.$proc$/workspace/rtl/dll/vibe_dll_tx.sv:0$840'.
No latch inferred for signal `\vibe_dll_tx.\crc30_bit$func$/workspace/rtl/dll/vibe_dll_tx.sv:82$111.fb' from process `\vibe_dll_tx.$proc$/workspace/rtl/dll/vibe_dll_tx.sv:0$840'.
No latch inferred for signal `\vibe_dll_tx.\crc30_bit$func$/workspace/rtl/dll/vibe_dll_tx.sv:82$112.$result' from process `\vibe_dll_tx.$proc$/workspace/rtl/dll/vibe_dll_tx.sv:0$840'.
No latch inferred for signal `\vibe_dll_tx.\crc30_bit$func$/workspace/rtl/dll/vibe_dll_tx.sv:82$112.c' from process `\vibe_dll_tx.$proc$/workspace/rtl/dll/vibe_dll_tx.sv:0$840'.
No latch inferred for signal `\vibe_dll_tx.\crc30_bit$func$/workspace/rtl/dll/vibe_dll_tx.sv:82$112.b' from process `\vibe_dll_tx.$proc$/workspace/rtl/dll/vibe_dll_tx.sv:0$840'.
No latch inferred for signal `\vibe_dll_tx.\crc30_bit$func$/workspace/rtl/dll/vibe_dll_tx.sv:82$112.fb' from process `\vibe_dll_tx.$proc$/workspace/rtl/dll/vibe_dll_tx.sv:0$840'.
No latch inferred for signal `\vibe_dll_tx.\crc30_bit$func$/workspace/rtl/dll/vibe_dll_tx.sv:82$113.$result' from process `\vibe_dll_tx.$proc$/workspace/rtl/dll/vibe_dll_tx.sv:0$840'.
No latch inferred for signal `\vibe_dll_tx.\crc30_bit$func$/workspace/rtl/dll/vibe_dll_tx.sv:82$113.c' from process `\vibe_dll_tx.$proc$/workspace/rtl/dll/vibe_dll_tx.sv:0$840'.
No latch inferred for signal `\vibe_dll_tx.\crc30_bit$func$/workspace/rtl/dll/vibe_dll_tx.sv:82$113.b' from process `\vibe_dll_tx.$proc$/workspace/rtl/dll/vibe_dll_tx.sv:0$840'.
No latch inferred for signal `\vibe_dll_tx.\crc30_bit$func$/workspace/rtl/dll/vibe_dll_tx.sv:82$113.fb' from process `\vibe_dll_tx.$proc$/workspace/rtl/dll/vibe_dll_tx.sv:0$840'.
No latch inferred for signal `\vibe_dll_tx.\crc30_bit$func$/workspace/rtl/dll/vibe_dll_tx.sv:82$114.$result' from process `\vibe_dll_tx.$proc$/workspace/rtl/dll/vibe_dll_tx.sv:0$840'.
No latch inferred for signal `\vibe_dll_tx.\crc30_bit$func$/workspace/rtl/dll/vibe_dll_tx.sv:82$114.c' from process `\vibe_dll_tx.$proc$/workspace/rtl/dll/vibe_dll_tx.sv:0$840'.
No latch inferred for signal `\vibe_dll_tx.\crc30_bit$func$/workspace/rtl/dll/vibe_dll_tx.sv:82$114.b' from process `\vibe_dll_tx.$proc$/workspace/rtl/dll/vibe_dll_tx.sv:0$840'.
No latch inferred for signal `\vibe_dll_tx.\crc30_bit$func$/workspace/rtl/dll/vibe_dll_tx.sv:82$114.fb' from process `\vibe_dll_tx.$proc$/workspace/rtl/dll/vibe_dll_tx.sv:0$840'.
No latch inferred for signal `\vibe_dll_tx.\crc30_bit$func$/workspace/rtl/dll/vibe_dll_tx.sv:82$115.$result' from process `\vibe_dll_tx.$proc$/workspace/rtl/dll/vibe_dll_tx.sv:0$840'.
No latch inferred for signal `\vibe_dll_tx.\crc30_bit$func$/workspace/rtl/dll/vibe_dll_tx.sv:82$115.c' from process `\vibe_dll_tx.$proc$/workspace/rtl/dll/vibe_dll_tx.sv:0$840'.
No latch inferred for signal `\vibe_dll_tx.\crc30_bit$func$/workspace/rtl/dll/vibe_dll_tx.sv:82$115.b' from process `\vibe_dll_tx.$proc$/workspace/rtl/dll/vibe_dll_tx.sv:0$840'.
No latch inferred for signal `\vibe_dll_tx.\crc30_bit$func$/workspace/rtl/dll/vibe_dll_tx.sv:82$115.fb' from process `\vibe_dll_tx.$proc$/workspace/rtl/dll/vibe_dll_tx.sv:0$840'.
No latch inferred for signal `\vibe_dll_tx.\crc30_bit$func$/workspace/rtl/dll/vibe_dll_tx.sv:82$116.$result' from process `\vibe_dll_tx.$proc$/workspace/rtl/dll/vibe_dll_tx.sv:0$840'.
No latch inferred for signal `\vibe_dll_tx.\crc30_bit$func$/workspace/rtl/dll/vibe_dll_tx.sv:82$116.c' from process `\vibe_dll_tx.$proc$/workspace/rtl/dll/vibe_dll_tx.sv:0$840'.
No latch inferred for signal `\vibe_dll_tx.\crc30_bit$func$/workspace/rtl/dll/vibe_dll_tx.sv:82$116.b' from process `\vibe_dll_tx.$proc$/workspace/rtl/dll/vibe_dll_tx.sv:0$840'.
No latch inferred for signal `\vibe_dll_tx.\crc30_bit$func$/workspace/rtl/dll/vibe_dll_tx.sv:82$116.fb' from process `\vibe_dll_tx.$proc$/workspace/rtl/dll/vibe_dll_tx.sv:0$840'.
No latch inferred for signal `\vibe_dll_tx.\crc30_bit$func$/workspace/rtl/dll/vibe_dll_tx.sv:82$117.$result' from process `\vibe_dll_tx.$proc$/workspace/rtl/dll/vibe_dll_tx.sv:0$840'.
No latch inferred for signal `\vibe_dll_tx.\crc30_bit$func$/workspace/rtl/dll/vibe_dll_tx.sv:82$117.c' from process `\vibe_dll_tx.$proc$/workspace/rtl/dll/vibe_dll_tx.sv:0$840'.
No latch inferred for signal `\vibe_dll_tx.\crc30_bit$func$/workspace/rtl/dll/vibe_dll_tx.sv:82$117.b' from process `\vibe_dll_tx.$proc$/workspace/rtl/dll/vibe_dll_tx.sv:0$840'.
No latch inferred for signal `\vibe_dll_tx.\crc30_bit$func$/workspace/rtl/dll/vibe_dll_tx.sv:82$117.fb' from process `\vibe_dll_tx.$proc$/workspace/rtl/dll/vibe_dll_tx.sv:0$840'.
No latch inferred for signal `\vibe_dll_tx.\crc30_bit$func$/workspace/rtl/dll/vibe_dll_tx.sv:82$118.$result' from process `\vibe_dll_tx.$proc$/workspace/rtl/dll/vibe_dll_tx.sv:0$840'.
No latch inferred for signal `\vibe_dll_tx.\crc30_bit$func$/workspace/rtl/dll/vibe_dll_tx.sv:82$118.c' from process `\vibe_dll_tx.$proc$/workspace/rtl/dll/vibe_dll_tx.sv:0$840'.
No latch inferred for signal `\vibe_dll_tx.\crc30_bit$func$/workspace/rtl/dll/vibe_dll_tx.sv:82$118.b' from process `\vibe_dll_tx.$proc$/workspace/rtl/dll/vibe_dll_tx.sv:0$840'.
No latch inferred for signal `\vibe_dll_tx.\crc30_bit$func$/workspace/rtl/dll/vibe_dll_tx.sv:82$118.fb' from process `\vibe_dll_tx.$proc$/workspace/rtl/dll/vibe_dll_tx.sv:0$840'.
No latch inferred for signal `\vibe_dll_tx.\crc30_bit$func$/workspace/rtl/dll/vibe_dll_tx.sv:82$119.$result' from process `\vibe_dll_tx.$proc$/workspace/rtl/dll/vibe_dll_tx.sv:0$840'.
No latch inferred for signal `\vibe_dll_tx.\crc30_bit$func$/workspace/rtl/dll/vibe_dll_tx.sv:82$119.c' from process `\vibe_dll_tx.$proc$/workspace/rtl/dll/vibe_dll_tx.sv:0$840'.
No latch inferred for signal `\vibe_dll_tx.\crc30_bit$func$/workspace/rtl/dll/vibe_dll_tx.sv:82$119.b' from process `\vibe_dll_tx.$proc$/workspace/rtl/dll/vibe_dll_tx.sv:0$840'.
No latch inferred for signal `\vibe_dll_tx.\crc30_bit$func$/workspace/rtl/dll/vibe_dll_tx.sv:82$119.fb' from process `\vibe_dll_tx.$proc$/workspace/rtl/dll/vibe_dll_tx.sv:0$840'.
No latch inferred for signal `\vibe_dll_tx.\crc30_bit$func$/workspace/rtl/dll/vibe_dll_tx.sv:82$120.$result' from process `\vibe_dll_tx.$proc$/workspace/rtl/dll/vibe_dll_tx.sv:0$840'.
No latch inferred for signal `\vibe_dll_tx.\crc30_bit$func$/workspace/rtl/dll/vibe_dll_tx.sv:82$120.c' from process `\vibe_dll_tx.$proc$/workspace/rtl/dll/vibe_dll_tx.sv:0$840'.
No latch inferred for signal `\vibe_dll_tx.\crc30_bit$func$/workspace/rtl/dll/vibe_dll_tx.sv:82$120.b' from process `\vibe_dll_tx.$proc$/workspace/rtl/dll/vibe_dll_tx.sv:0$840'.
No latch inferred for signal `\vibe_dll_tx.\crc30_bit$func$/workspace/rtl/dll/vibe_dll_tx.sv:82$120.fb' from process `\vibe_dll_tx.$proc$/workspace/rtl/dll/vibe_dll_tx.sv:0$840'.
No latch inferred for signal `\vibe_dll_tx.\crc30_bit$func$/workspace/rtl/dll/vibe_dll_tx.sv:82$121.$result' from process `\vibe_dll_tx.$proc$/workspace/rtl/dll/vibe_dll_tx.sv:0$840'.
No latch inferred for signal `\vibe_dll_tx.\crc30_bit$func$/workspace/rtl/dll/vibe_dll_tx.sv:82$121.c' from process `\vibe_dll_tx.$proc$/workspace/rtl/dll/vibe_dll_tx.sv:0$840'.
No latch inferred for signal `\vibe_dll_tx.\crc30_bit$func$/workspace/rtl/dll/vibe_dll_tx.sv:82$121.b' from process `\vibe_dll_tx.$proc$/workspace/rtl/dll/vibe_dll_tx.sv:0$840'.
No latch inferred for signal `\vibe_dll_tx.\crc30_bit$func$/workspace/rtl/dll/vibe_dll_tx.sv:82$121.fb' from process `\vibe_dll_tx.$proc$/workspace/rtl/dll/vibe_dll_tx.sv:0$840'.
No latch inferred for signal `\vibe_dll_tx.\crc30_bit$func$/workspace/rtl/dll/vibe_dll_tx.sv:82$122.$result' from process `\vibe_dll_tx.$proc$/workspace/rtl/dll/vibe_dll_tx.sv:0$840'.
No latch inferred for signal `\vibe_dll_tx.\crc30_bit$func$/workspace/rtl/dll/vibe_dll_tx.sv:82$122.c' from process `\vibe_dll_tx.$proc$/workspace/rtl/dll/vibe_dll_tx.sv:0$840'.
No latch inferred for signal `\vibe_dll_tx.\crc30_bit$func$/workspace/rtl/dll/vibe_dll_tx.sv:82$122.b' from process `\vibe_dll_tx.$proc$/workspace/rtl/dll/vibe_dll_tx.sv:0$840'.
No latch inferred for signal `\vibe_dll_tx.\crc30_bit$func$/workspace/rtl/dll/vibe_dll_tx.sv:82$122.fb' from process `\vibe_dll_tx.$proc$/workspace/rtl/dll/vibe_dll_tx.sv:0$840'.
No latch inferred for signal `\vibe_dll_tx.\crc30_bit$func$/workspace/rtl/dll/vibe_dll_tx.sv:82$123.$result' from process `\vibe_dll_tx.$proc$/workspace/rtl/dll/vibe_dll_tx.sv:0$840'.
No latch inferred for signal `\vibe_dll_tx.\crc30_bit$func$/workspace/rtl/dll/vibe_dll_tx.sv:82$123.c' from process `\vibe_dll_tx.$proc$/workspace/rtl/dll/vibe_dll_tx.sv:0$840'.
No latch inferred for signal `\vibe_dll_tx.\crc30_bit$func$/workspace/rtl/dll/vibe_dll_tx.sv:82$123.b' from process `\vibe_dll_tx.$proc$/workspace/rtl/dll/vibe_dll_tx.sv:0$840'.
No latch inferred for signal `\vibe_dll_tx.\crc30_bit$func$/workspace/rtl/dll/vibe_dll_tx.sv:82$123.fb' from process `\vibe_dll_tx.$proc$/workspace/rtl/dll/vibe_dll_tx.sv:0$840'.
No latch inferred for signal `\vibe_dll_tx.\crc30_bit$func$/workspace/rtl/dll/vibe_dll_tx.sv:82$124.$result' from process `\vibe_dll_tx.$proc$/workspace/rtl/dll/vibe_dll_tx.sv:0$840'.
No latch inferred for signal `\vibe_dll_tx.\crc30_bit$func$/workspace/rtl/dll/vibe_dll_tx.sv:82$124.c' from process `\vibe_dll_tx.$proc$/workspace/rtl/dll/vibe_dll_tx.sv:0$840'.
No latch inferred for signal `\vibe_dll_tx.\crc30_bit$func$/workspace/rtl/dll/vibe_dll_tx.sv:82$124.b' from process `\vibe_dll_tx.$proc$/workspace/rtl/dll/vibe_dll_tx.sv:0$840'.
No latch inferred for signal `\vibe_dll_tx.\crc30_bit$func$/workspace/rtl/dll/vibe_dll_tx.sv:82$124.fb' from process `\vibe_dll_tx.$proc$/workspace/rtl/dll/vibe_dll_tx.sv:0$840'.
No latch inferred for signal `\vibe_dll_tx.\crc30_bit$func$/workspace/rtl/dll/vibe_dll_tx.sv:82$125.$result' from process `\vibe_dll_tx.$proc$/workspace/rtl/dll/vibe_dll_tx.sv:0$840'.
No latch inferred for signal `\vibe_dll_tx.\crc30_bit$func$/workspace/rtl/dll/vibe_dll_tx.sv:82$125.c' from process `\vibe_dll_tx.$proc$/workspace/rtl/dll/vibe_dll_tx.sv:0$840'.
No latch inferred for signal `\vibe_dll_tx.\crc30_bit$func$/workspace/rtl/dll/vibe_dll_tx.sv:82$125.b' from process `\vibe_dll_tx.$proc$/workspace/rtl/dll/vibe_dll_tx.sv:0$840'.
No latch inferred for signal `\vibe_dll_tx.\crc30_bit$func$/workspace/rtl/dll/vibe_dll_tx.sv:82$125.fb' from process `\vibe_dll_tx.$proc$/workspace/rtl/dll/vibe_dll_tx.sv:0$840'.
No latch inferred for signal `\vibe_dll_tx.\crc30_bit$func$/workspace/rtl/dll/vibe_dll_tx.sv:82$126.$result' from process `\vibe_dll_tx.$proc$/workspace/rtl/dll/vibe_dll_tx.sv:0$840'.
No latch inferred for signal `\vibe_dll_tx.\crc30_bit$func$/workspace/rtl/dll/vibe_dll_tx.sv:82$126.c' from process `\vibe_dll_tx.$proc$/workspace/rtl/dll/vibe_dll_tx.sv:0$840'.
No latch inferred for signal `\vibe_dll_tx.\crc30_bit$func$/workspace/rtl/dll/vibe_dll_tx.sv:82$126.b' from process `\vibe_dll_tx.$proc$/workspace/rtl/dll/vibe_dll_tx.sv:0$840'.
No latch inferred for signal `\vibe_dll_tx.\crc30_bit$func$/workspace/rtl/dll/vibe_dll_tx.sv:82$126.fb' from process `\vibe_dll_tx.$proc$/workspace/rtl/dll/vibe_dll_tx.sv:0$840'.
No latch inferred for signal `\vibe_dll_tx.\crc30_bit$func$/workspace/rtl/dll/vibe_dll_tx.sv:82$127.$result' from process `\vibe_dll_tx.$proc$/workspace/rtl/dll/vibe_dll_tx.sv:0$840'.
No latch inferred for signal `\vibe_dll_tx.\crc30_bit$func$/workspace/rtl/dll/vibe_dll_tx.sv:82$127.c' from process `\vibe_dll_tx.$proc$/workspace/rtl/dll/vibe_dll_tx.sv:0$840'.
No latch inferred for signal `\vibe_dll_tx.\crc30_bit$func$/workspace/rtl/dll/vibe_dll_tx.sv:82$127.b' from process `\vibe_dll_tx.$proc$/workspace/rtl/dll/vibe_dll_tx.sv:0$840'.
No latch inferred for signal `\vibe_dll_tx.\crc30_bit$func$/workspace/rtl/dll/vibe_dll_tx.sv:82$127.fb' from process `\vibe_dll_tx.$proc$/workspace/rtl/dll/vibe_dll_tx.sv:0$840'.
No latch inferred for signal `\vibe_dll_tx.\crc30_bit$func$/workspace/rtl/dll/vibe_dll_tx.sv:82$128.$result' from process `\vibe_dll_tx.$proc$/workspace/rtl/dll/vibe_dll_tx.sv:0$840'.
No latch inferred for signal `\vibe_dll_tx.\crc30_bit$func$/workspace/rtl/dll/vibe_dll_tx.sv:82$128.c' from process `\vibe_dll_tx.$proc$/workspace/rtl/dll/vibe_dll_tx.sv:0$840'.
No latch inferred for signal `\vibe_dll_tx.\crc30_bit$func$/workspace/rtl/dll/vibe_dll_tx.sv:82$128.b' from process `\vibe_dll_tx.$proc$/workspace/rtl/dll/vibe_dll_tx.sv:0$840'.
No latch inferred for signal `\vibe_dll_tx.\crc30_bit$func$/workspace/rtl/dll/vibe_dll_tx.sv:82$128.fb' from process `\vibe_dll_tx.$proc$/workspace/rtl/dll/vibe_dll_tx.sv:0$840'.
No latch inferred for signal `\vibe_dll_tx.\crc30_bit$func$/workspace/rtl/dll/vibe_dll_tx.sv:82$129.$result' from process `\vibe_dll_tx.$proc$/workspace/rtl/dll/vibe_dll_tx.sv:0$840'.
No latch inferred for signal `\vibe_dll_tx.\crc30_bit$func$/workspace/rtl/dll/vibe_dll_tx.sv:82$129.c' from process `\vibe_dll_tx.$proc$/workspace/rtl/dll/vibe_dll_tx.sv:0$840'.
No latch inferred for signal `\vibe_dll_tx.\crc30_bit$func$/workspace/rtl/dll/vibe_dll_tx.sv:82$129.b' from process `\vibe_dll_tx.$proc$/workspace/rtl/dll/vibe_dll_tx.sv:0$840'.
No latch inferred for signal `\vibe_dll_tx.\crc30_bit$func$/workspace/rtl/dll/vibe_dll_tx.sv:82$129.fb' from process `\vibe_dll_tx.$proc$/workspace/rtl/dll/vibe_dll_tx.sv:0$840'.
No latch inferred for signal `\vibe_dll_tx.\crc30_bit$func$/workspace/rtl/dll/vibe_dll_tx.sv:82$130.$result' from process `\vibe_dll_tx.$proc$/workspace/rtl/dll/vibe_dll_tx.sv:0$840'.
No latch inferred for signal `\vibe_dll_tx.\crc30_bit$func$/workspace/rtl/dll/vibe_dll_tx.sv:82$130.c' from process `\vibe_dll_tx.$proc$/workspace/rtl/dll/vibe_dll_tx.sv:0$840'.
No latch inferred for signal `\vibe_dll_tx.\crc30_bit$func$/workspace/rtl/dll/vibe_dll_tx.sv:82$130.b' from process `\vibe_dll_tx.$proc$/workspace/rtl/dll/vibe_dll_tx.sv:0$840'.
No latch inferred for signal `\vibe_dll_tx.\crc30_bit$func$/workspace/rtl/dll/vibe_dll_tx.sv:82$130.fb' from process `\vibe_dll_tx.$proc$/workspace/rtl/dll/vibe_dll_tx.sv:0$840'.
No latch inferred for signal `\vibe_dll_tx.\crc30_bit$func$/workspace/rtl/dll/vibe_dll_tx.sv:82$131.$result' from process `\vibe_dll_tx.$proc$/workspace/rtl/dll/vibe_dll_tx.sv:0$840'.
No latch inferred for signal `\vibe_dll_tx.\crc30_bit$func$/workspace/rtl/dll/vibe_dll_tx.sv:82$131.c' from process `\vibe_dll_tx.$proc$/workspace/rtl/dll/vibe_dll_tx.sv:0$840'.
No latch inferred for signal `\vibe_dll_tx.\crc30_bit$func$/workspace/rtl/dll/vibe_dll_tx.sv:82$131.b' from process `\vibe_dll_tx.$proc$/workspace/rtl/dll/vibe_dll_tx.sv:0$840'.
No latch inferred for signal `\vibe_dll_tx.\crc30_bit$func$/workspace/rtl/dll/vibe_dll_tx.sv:82$131.fb' from process `\vibe_dll_tx.$proc$/workspace/rtl/dll/vibe_dll_tx.sv:0$840'.
No latch inferred for signal `\vibe_dll_tx.\crc30_bit$func$/workspace/rtl/dll/vibe_dll_tx.sv:82$132.$result' from process `\vibe_dll_tx.$proc$/workspace/rtl/dll/vibe_dll_tx.sv:0$840'.
No latch inferred for signal `\vibe_dll_tx.\crc30_bit$func$/workspace/rtl/dll/vibe_dll_tx.sv:82$132.c' from process `\vibe_dll_tx.$proc$/workspace/rtl/dll/vibe_dll_tx.sv:0$840'.
No latch inferred for signal `\vibe_dll_tx.\crc30_bit$func$/workspace/rtl/dll/vibe_dll_tx.sv:82$132.b' from process `\vibe_dll_tx.$proc$/workspace/rtl/dll/vibe_dll_tx.sv:0$840'.
No latch inferred for signal `\vibe_dll_tx.\crc30_bit$func$/workspace/rtl/dll/vibe_dll_tx.sv:82$132.fb' from process `\vibe_dll_tx.$proc$/workspace/rtl/dll/vibe_dll_tx.sv:0$840'.
No latch inferred for signal `\vibe_dll_tx.\crc30_bit$func$/workspace/rtl/dll/vibe_dll_tx.sv:82$133.$result' from process `\vibe_dll_tx.$proc$/workspace/rtl/dll/vibe_dll_tx.sv:0$840'.
No latch inferred for signal `\vibe_dll_tx.\crc30_bit$func$/workspace/rtl/dll/vibe_dll_tx.sv:82$133.c' from process `\vibe_dll_tx.$proc$/workspace/rtl/dll/vibe_dll_tx.sv:0$840'.
No latch inferred for signal `\vibe_dll_tx.\crc30_bit$func$/workspace/rtl/dll/vibe_dll_tx.sv:82$133.b' from process `\vibe_dll_tx.$proc$/workspace/rtl/dll/vibe_dll_tx.sv:0$840'.
No latch inferred for signal `\vibe_dll_tx.\crc30_bit$func$/workspace/rtl/dll/vibe_dll_tx.sv:82$133.fb' from process `\vibe_dll_tx.$proc$/workspace/rtl/dll/vibe_dll_tx.sv:0$840'.
No latch inferred for signal `\vibe_dll_tx.\crc30_bit$func$/workspace/rtl/dll/vibe_dll_tx.sv:82$134.$result' from process `\vibe_dll_tx.$proc$/workspace/rtl/dll/vibe_dll_tx.sv:0$840'.
No latch inferred for signal `\vibe_dll_tx.\crc30_bit$func$/workspace/rtl/dll/vibe_dll_tx.sv:82$134.c' from process `\vibe_dll_tx.$proc$/workspace/rtl/dll/vibe_dll_tx.sv:0$840'.
No latch inferred for signal `\vibe_dll_tx.\crc30_bit$func$/workspace/rtl/dll/vibe_dll_tx.sv:82$134.b' from process `\vibe_dll_tx.$proc$/workspace/rtl/dll/vibe_dll_tx.sv:0$840'.
No latch inferred for signal `\vibe_dll_tx.\crc30_bit$func$/workspace/rtl/dll/vibe_dll_tx.sv:82$134.fb' from process `\vibe_dll_tx.$proc$/workspace/rtl/dll/vibe_dll_tx.sv:0$840'.
No latch inferred for signal `\vibe_dll_tx.\crc30_bit$func$/workspace/rtl/dll/vibe_dll_tx.sv:82$135.$result' from process `\vibe_dll_tx.$proc$/workspace/rtl/dll/vibe_dll_tx.sv:0$840'.
No latch inferred for signal `\vibe_dll_tx.\crc30_bit$func$/workspace/rtl/dll/vibe_dll_tx.sv:82$135.c' from process `\vibe_dll_tx.$proc$/workspace/rtl/dll/vibe_dll_tx.sv:0$840'.
No latch inferred for signal `\vibe_dll_tx.\crc30_bit$func$/workspace/rtl/dll/vibe_dll_tx.sv:82$135.b' from process `\vibe_dll_tx.$proc$/workspace/rtl/dll/vibe_dll_tx.sv:0$840'.
No latch inferred for signal `\vibe_dll_tx.\crc30_bit$func$/workspace/rtl/dll/vibe_dll_tx.sv:82$135.fb' from process `\vibe_dll_tx.$proc$/workspace/rtl/dll/vibe_dll_tx.sv:0$840'.
No latch inferred for signal `\vibe_dll_tx.\crc30_bit$func$/workspace/rtl/dll/vibe_dll_tx.sv:82$136.$result' from process `\vibe_dll_tx.$proc$/workspace/rtl/dll/vibe_dll_tx.sv:0$840'.
No latch inferred for signal `\vibe_dll_tx.\crc30_bit$func$/workspace/rtl/dll/vibe_dll_tx.sv:82$136.c' from process `\vibe_dll_tx.$proc$/workspace/rtl/dll/vibe_dll_tx.sv:0$840'.
No latch inferred for signal `\vibe_dll_tx.\crc30_bit$func$/workspace/rtl/dll/vibe_dll_tx.sv:82$136.b' from process `\vibe_dll_tx.$proc$/workspace/rtl/dll/vibe_dll_tx.sv:0$840'.
No latch inferred for signal `\vibe_dll_tx.\crc30_bit$func$/workspace/rtl/dll/vibe_dll_tx.sv:82$136.fb' from process `\vibe_dll_tx.$proc$/workspace/rtl/dll/vibe_dll_tx.sv:0$840'.
No latch inferred for signal `\vibe_dll_tx.\crc30_bit$func$/workspace/rtl/dll/vibe_dll_tx.sv:82$137.$result' from process `\vibe_dll_tx.$proc$/workspace/rtl/dll/vibe_dll_tx.sv:0$840'.
No latch inferred for signal `\vibe_dll_tx.\crc30_bit$func$/workspace/rtl/dll/vibe_dll_tx.sv:82$137.c' from process `\vibe_dll_tx.$proc$/workspace/rtl/dll/vibe_dll_tx.sv:0$840'.
No latch inferred for signal `\vibe_dll_tx.\crc30_bit$func$/workspace/rtl/dll/vibe_dll_tx.sv:82$137.b' from process `\vibe_dll_tx.$proc$/workspace/rtl/dll/vibe_dll_tx.sv:0$840'.
No latch inferred for signal `\vibe_dll_tx.\crc30_bit$func$/workspace/rtl/dll/vibe_dll_tx.sv:82$137.fb' from process `\vibe_dll_tx.$proc$/workspace/rtl/dll/vibe_dll_tx.sv:0$840'.
No latch inferred for signal `\vibe_dll_tx.\crc30_bit$func$/workspace/rtl/dll/vibe_dll_tx.sv:82$138.$result' from process `\vibe_dll_tx.$proc$/workspace/rtl/dll/vibe_dll_tx.sv:0$840'.
No latch inferred for signal `\vibe_dll_tx.\crc30_bit$func$/workspace/rtl/dll/vibe_dll_tx.sv:82$138.c' from process `\vibe_dll_tx.$proc$/workspace/rtl/dll/vibe_dll_tx.sv:0$840'.
No latch inferred for signal `\vibe_dll_tx.\crc30_bit$func$/workspace/rtl/dll/vibe_dll_tx.sv:82$138.b' from process `\vibe_dll_tx.$proc$/workspace/rtl/dll/vibe_dll_tx.sv:0$840'.
No latch inferred for signal `\vibe_dll_tx.\crc30_bit$func$/workspace/rtl/dll/vibe_dll_tx.sv:82$138.fb' from process `\vibe_dll_tx.$proc$/workspace/rtl/dll/vibe_dll_tx.sv:0$840'.
No latch inferred for signal `\vibe_dll_tx.\crc30_bit$func$/workspace/rtl/dll/vibe_dll_tx.sv:82$139.$result' from process `\vibe_dll_tx.$proc$/workspace/rtl/dll/vibe_dll_tx.sv:0$840'.
No latch inferred for signal `\vibe_dll_tx.\crc30_bit$func$/workspace/rtl/dll/vibe_dll_tx.sv:82$139.c' from process `\vibe_dll_tx.$proc$/workspace/rtl/dll/vibe_dll_tx.sv:0$840'.
No latch inferred for signal `\vibe_dll_tx.\crc30_bit$func$/workspace/rtl/dll/vibe_dll_tx.sv:82$139.b' from process `\vibe_dll_tx.$proc$/workspace/rtl/dll/vibe_dll_tx.sv:0$840'.
No latch inferred for signal `\vibe_dll_tx.\crc30_bit$func$/workspace/rtl/dll/vibe_dll_tx.sv:82$139.fb' from process `\vibe_dll_tx.$proc$/workspace/rtl/dll/vibe_dll_tx.sv:0$840'.
No latch inferred for signal `\vibe_dll_tx.\crc30_bit$func$/workspace/rtl/dll/vibe_dll_tx.sv:82$140.$result' from process `\vibe_dll_tx.$proc$/workspace/rtl/dll/vibe_dll_tx.sv:0$840'.
No latch inferred for signal `\vibe_dll_tx.\crc30_bit$func$/workspace/rtl/dll/vibe_dll_tx.sv:82$140.c' from process `\vibe_dll_tx.$proc$/workspace/rtl/dll/vibe_dll_tx.sv:0$840'.
No latch inferred for signal `\vibe_dll_tx.\crc30_bit$func$/workspace/rtl/dll/vibe_dll_tx.sv:82$140.b' from process `\vibe_dll_tx.$proc$/workspace/rtl/dll/vibe_dll_tx.sv:0$840'.
No latch inferred for signal `\vibe_dll_tx.\crc30_bit$func$/workspace/rtl/dll/vibe_dll_tx.sv:82$140.fb' from process `\vibe_dll_tx.$proc$/workspace/rtl/dll/vibe_dll_tx.sv:0$840'.
No latch inferred for signal `\vibe_dll_tx.\crc30_bit$func$/workspace/rtl/dll/vibe_dll_tx.sv:82$141.$result' from process `\vibe_dll_tx.$proc$/workspace/rtl/dll/vibe_dll_tx.sv:0$840'.
No latch inferred for signal `\vibe_dll_tx.\crc30_bit$func$/workspace/rtl/dll/vibe_dll_tx.sv:82$141.c' from process `\vibe_dll_tx.$proc$/workspace/rtl/dll/vibe_dll_tx.sv:0$840'.
No latch inferred for signal `\vibe_dll_tx.\crc30_bit$func$/workspace/rtl/dll/vibe_dll_tx.sv:82$141.b' from process `\vibe_dll_tx.$proc$/workspace/rtl/dll/vibe_dll_tx.sv:0$840'.
No latch inferred for signal `\vibe_dll_tx.\crc30_bit$func$/workspace/rtl/dll/vibe_dll_tx.sv:82$141.fb' from process `\vibe_dll_tx.$proc$/workspace/rtl/dll/vibe_dll_tx.sv:0$840'.
No latch inferred for signal `\vibe_dll_tx.\crc30_bit$func$/workspace/rtl/dll/vibe_dll_tx.sv:82$142.$result' from process `\vibe_dll_tx.$proc$/workspace/rtl/dll/vibe_dll_tx.sv:0$840'.
No latch inferred for signal `\vibe_dll_tx.\crc30_bit$func$/workspace/rtl/dll/vibe_dll_tx.sv:82$142.c' from process `\vibe_dll_tx.$proc$/workspace/rtl/dll/vibe_dll_tx.sv:0$840'.
No latch inferred for signal `\vibe_dll_tx.\crc30_bit$func$/workspace/rtl/dll/vibe_dll_tx.sv:82$142.b' from process `\vibe_dll_tx.$proc$/workspace/rtl/dll/vibe_dll_tx.sv:0$840'.
No latch inferred for signal `\vibe_dll_tx.\crc30_bit$func$/workspace/rtl/dll/vibe_dll_tx.sv:82$142.fb' from process `\vibe_dll_tx.$proc$/workspace/rtl/dll/vibe_dll_tx.sv:0$840'.
No latch inferred for signal `\vibe_dll_tx.\crc30_bit$func$/workspace/rtl/dll/vibe_dll_tx.sv:82$143.$result' from process `\vibe_dll_tx.$proc$/workspace/rtl/dll/vibe_dll_tx.sv:0$840'.
No latch inferred for signal `\vibe_dll_tx.\crc30_bit$func$/workspace/rtl/dll/vibe_dll_tx.sv:82$143.c' from process `\vibe_dll_tx.$proc$/workspace/rtl/dll/vibe_dll_tx.sv:0$840'.
No latch inferred for signal `\vibe_dll_tx.\crc30_bit$func$/workspace/rtl/dll/vibe_dll_tx.sv:82$143.b' from process `\vibe_dll_tx.$proc$/workspace/rtl/dll/vibe_dll_tx.sv:0$840'.
No latch inferred for signal `\vibe_dll_tx.\crc30_bit$func$/workspace/rtl/dll/vibe_dll_tx.sv:82$143.fb' from process `\vibe_dll_tx.$proc$/workspace/rtl/dll/vibe_dll_tx.sv:0$840'.
No latch inferred for signal `\vibe_dll_tx.\crc30_bit$func$/workspace/rtl/dll/vibe_dll_tx.sv:82$144.$result' from process `\vibe_dll_tx.$proc$/workspace/rtl/dll/vibe_dll_tx.sv:0$840'.
No latch inferred for signal `\vibe_dll_tx.\crc30_bit$func$/workspace/rtl/dll/vibe_dll_tx.sv:82$144.c' from process `\vibe_dll_tx.$proc$/workspace/rtl/dll/vibe_dll_tx.sv:0$840'.
No latch inferred for signal `\vibe_dll_tx.\crc30_bit$func$/workspace/rtl/dll/vibe_dll_tx.sv:82$144.b' from process `\vibe_dll_tx.$proc$/workspace/rtl/dll/vibe_dll_tx.sv:0$840'.
No latch inferred for signal `\vibe_dll_tx.\crc30_bit$func$/workspace/rtl/dll/vibe_dll_tx.sv:82$144.fb' from process `\vibe_dll_tx.$proc$/workspace/rtl/dll/vibe_dll_tx.sv:0$840'.
No latch inferred for signal `\vibe_dll_tx.\crc30_bit$func$/workspace/rtl/dll/vibe_dll_tx.sv:82$145.$result' from process `\vibe_dll_tx.$proc$/workspace/rtl/dll/vibe_dll_tx.sv:0$840'.
No latch inferred for signal `\vibe_dll_tx.\crc30_bit$func$/workspace/rtl/dll/vibe_dll_tx.sv:82$145.c' from process `\vibe_dll_tx.$proc$/workspace/rtl/dll/vibe_dll_tx.sv:0$840'.
No latch inferred for signal `\vibe_dll_tx.\crc30_bit$func$/workspace/rtl/dll/vibe_dll_tx.sv:82$145.b' from process `\vibe_dll_tx.$proc$/workspace/rtl/dll/vibe_dll_tx.sv:0$840'.
No latch inferred for signal `\vibe_dll_tx.\crc30_bit$func$/workspace/rtl/dll/vibe_dll_tx.sv:82$145.fb' from process `\vibe_dll_tx.$proc$/workspace/rtl/dll/vibe_dll_tx.sv:0$840'.
No latch inferred for signal `\vibe_dll_tx.\crc30_bit$func$/workspace/rtl/dll/vibe_dll_tx.sv:82$146.$result' from process `\vibe_dll_tx.$proc$/workspace/rtl/dll/vibe_dll_tx.sv:0$840'.
No latch inferred for signal `\vibe_dll_tx.\crc30_bit$func$/workspace/rtl/dll/vibe_dll_tx.sv:82$146.c' from process `\vibe_dll_tx.$proc$/workspace/rtl/dll/vibe_dll_tx.sv:0$840'.
No latch inferred for signal `\vibe_dll_tx.\crc30_bit$func$/workspace/rtl/dll/vibe_dll_tx.sv:82$146.b' from process `\vibe_dll_tx.$proc$/workspace/rtl/dll/vibe_dll_tx.sv:0$840'.
No latch inferred for signal `\vibe_dll_tx.\crc30_bit$func$/workspace/rtl/dll/vibe_dll_tx.sv:82$146.fb' from process `\vibe_dll_tx.$proc$/workspace/rtl/dll/vibe_dll_tx.sv:0$840'.
No latch inferred for signal `\vibe_dll_tx.\crc30_bit$func$/workspace/rtl/dll/vibe_dll_tx.sv:82$147.$result' from process `\vibe_dll_tx.$proc$/workspace/rtl/dll/vibe_dll_tx.sv:0$840'.
No latch inferred for signal `\vibe_dll_tx.\crc30_bit$func$/workspace/rtl/dll/vibe_dll_tx.sv:82$147.c' from process `\vibe_dll_tx.$proc$/workspace/rtl/dll/vibe_dll_tx.sv:0$840'.
No latch inferred for signal `\vibe_dll_tx.\crc30_bit$func$/workspace/rtl/dll/vibe_dll_tx.sv:82$147.b' from process `\vibe_dll_tx.$proc$/workspace/rtl/dll/vibe_dll_tx.sv:0$840'.
No latch inferred for signal `\vibe_dll_tx.\crc30_bit$func$/workspace/rtl/dll/vibe_dll_tx.sv:82$147.fb' from process `\vibe_dll_tx.$proc$/workspace/rtl/dll/vibe_dll_tx.sv:0$840'.
No latch inferred for signal `\vibe_dll_tx.\crc30_bit$func$/workspace/rtl/dll/vibe_dll_tx.sv:82$148.$result' from process `\vibe_dll_tx.$proc$/workspace/rtl/dll/vibe_dll_tx.sv:0$840'.
No latch inferred for signal `\vibe_dll_tx.\crc30_bit$func$/workspace/rtl/dll/vibe_dll_tx.sv:82$148.c' from process `\vibe_dll_tx.$proc$/workspace/rtl/dll/vibe_dll_tx.sv:0$840'.
No latch inferred for signal `\vibe_dll_tx.\crc30_bit$func$/workspace/rtl/dll/vibe_dll_tx.sv:82$148.b' from process `\vibe_dll_tx.$proc$/workspace/rtl/dll/vibe_dll_tx.sv:0$840'.
No latch inferred for signal `\vibe_dll_tx.\crc30_bit$func$/workspace/rtl/dll/vibe_dll_tx.sv:82$148.fb' from process `\vibe_dll_tx.$proc$/workspace/rtl/dll/vibe_dll_tx.sv:0$840'.
No latch inferred for signal `\vibe_dll_tx.\crc30_bit$func$/workspace/rtl/dll/vibe_dll_tx.sv:82$149.$result' from process `\vibe_dll_tx.$proc$/workspace/rtl/dll/vibe_dll_tx.sv:0$840'.
No latch inferred for signal `\vibe_dll_tx.\crc30_bit$func$/workspace/rtl/dll/vibe_dll_tx.sv:82$149.c' from process `\vibe_dll_tx.$proc$/workspace/rtl/dll/vibe_dll_tx.sv:0$840'.
No latch inferred for signal `\vibe_dll_tx.\crc30_bit$func$/workspace/rtl/dll/vibe_dll_tx.sv:82$149.b' from process `\vibe_dll_tx.$proc$/workspace/rtl/dll/vibe_dll_tx.sv:0$840'.
No latch inferred for signal `\vibe_dll_tx.\crc30_bit$func$/workspace/rtl/dll/vibe_dll_tx.sv:82$149.fb' from process `\vibe_dll_tx.$proc$/workspace/rtl/dll/vibe_dll_tx.sv:0$840'.
No latch inferred for signal `\vibe_dll_tx.\crc30_bit$func$/workspace/rtl/dll/vibe_dll_tx.sv:82$150.$result' from process `\vibe_dll_tx.$proc$/workspace/rtl/dll/vibe_dll_tx.sv:0$840'.
No latch inferred for signal `\vibe_dll_tx.\crc30_bit$func$/workspace/rtl/dll/vibe_dll_tx.sv:82$150.c' from process `\vibe_dll_tx.$proc$/workspace/rtl/dll/vibe_dll_tx.sv:0$840'.
No latch inferred for signal `\vibe_dll_tx.\crc30_bit$func$/workspace/rtl/dll/vibe_dll_tx.sv:82$150.b' from process `\vibe_dll_tx.$proc$/workspace/rtl/dll/vibe_dll_tx.sv:0$840'.
No latch inferred for signal `\vibe_dll_tx.\crc30_bit$func$/workspace/rtl/dll/vibe_dll_tx.sv:82$150.fb' from process `\vibe_dll_tx.$proc$/workspace/rtl/dll/vibe_dll_tx.sv:0$840'.
No latch inferred for signal `\vibe_dll_tx.\crc30_bit$func$/workspace/rtl/dll/vibe_dll_tx.sv:82$151.$result' from process `\vibe_dll_tx.$proc$/workspace/rtl/dll/vibe_dll_tx.sv:0$840'.
No latch inferred for signal `\vibe_dll_tx.\crc30_bit$func$/workspace/rtl/dll/vibe_dll_tx.sv:82$151.c' from process `\vibe_dll_tx.$proc$/workspace/rtl/dll/vibe_dll_tx.sv:0$840'.
No latch inferred for signal `\vibe_dll_tx.\crc30_bit$func$/workspace/rtl/dll/vibe_dll_tx.sv:82$151.b' from process `\vibe_dll_tx.$proc$/workspace/rtl/dll/vibe_dll_tx.sv:0$840'.
No latch inferred for signal `\vibe_dll_tx.\crc30_bit$func$/workspace/rtl/dll/vibe_dll_tx.sv:82$151.fb' from process `\vibe_dll_tx.$proc$/workspace/rtl/dll/vibe_dll_tx.sv:0$840'.
No latch inferred for signal `\vibe_dll_tx.\crc30_bit$func$/workspace/rtl/dll/vibe_dll_tx.sv:82$152.$result' from process `\vibe_dll_tx.$proc$/workspace/rtl/dll/vibe_dll_tx.sv:0$840'.
No latch inferred for signal `\vibe_dll_tx.\crc30_bit$func$/workspace/rtl/dll/vibe_dll_tx.sv:82$152.c' from process `\vibe_dll_tx.$proc$/workspace/rtl/dll/vibe_dll_tx.sv:0$840'.
No latch inferred for signal `\vibe_dll_tx.\crc30_bit$func$/workspace/rtl/dll/vibe_dll_tx.sv:82$152.b' from process `\vibe_dll_tx.$proc$/workspace/rtl/dll/vibe_dll_tx.sv:0$840'.
No latch inferred for signal `\vibe_dll_tx.\crc30_bit$func$/workspace/rtl/dll/vibe_dll_tx.sv:82$152.fb' from process `\vibe_dll_tx.$proc$/workspace/rtl/dll/vibe_dll_tx.sv:0$840'.
No latch inferred for signal `\vibe_dll_tx.\crc30_bit$func$/workspace/rtl/dll/vibe_dll_tx.sv:82$153.$result' from process `\vibe_dll_tx.$proc$/workspace/rtl/dll/vibe_dll_tx.sv:0$840'.
No latch inferred for signal `\vibe_dll_tx.\crc30_bit$func$/workspace/rtl/dll/vibe_dll_tx.sv:82$153.c' from process `\vibe_dll_tx.$proc$/workspace/rtl/dll/vibe_dll_tx.sv:0$840'.
No latch inferred for signal `\vibe_dll_tx.\crc30_bit$func$/workspace/rtl/dll/vibe_dll_tx.sv:82$153.b' from process `\vibe_dll_tx.$proc$/workspace/rtl/dll/vibe_dll_tx.sv:0$840'.
No latch inferred for signal `\vibe_dll_tx.\crc30_bit$func$/workspace/rtl/dll/vibe_dll_tx.sv:82$153.fb' from process `\vibe_dll_tx.$proc$/workspace/rtl/dll/vibe_dll_tx.sv:0$840'.
No latch inferred for signal `\vibe_dll_tx.\crc30_bit$func$/workspace/rtl/dll/vibe_dll_tx.sv:82$154.$result' from process `\vibe_dll_tx.$proc$/workspace/rtl/dll/vibe_dll_tx.sv:0$840'.
No latch inferred for signal `\vibe_dll_tx.\crc30_bit$func$/workspace/rtl/dll/vibe_dll_tx.sv:82$154.c' from process `\vibe_dll_tx.$proc$/workspace/rtl/dll/vibe_dll_tx.sv:0$840'.
No latch inferred for signal `\vibe_dll_tx.\crc30_bit$func$/workspace/rtl/dll/vibe_dll_tx.sv:82$154.b' from process `\vibe_dll_tx.$proc$/workspace/rtl/dll/vibe_dll_tx.sv:0$840'.
No latch inferred for signal `\vibe_dll_tx.\crc30_bit$func$/workspace/rtl/dll/vibe_dll_tx.sv:82$154.fb' from process `\vibe_dll_tx.$proc$/workspace/rtl/dll/vibe_dll_tx.sv:0$840'.
No latch inferred for signal `\vibe_dll_tx.\crc30_bit$func$/workspace/rtl/dll/vibe_dll_tx.sv:82$155.$result' from process `\vibe_dll_tx.$proc$/workspace/rtl/dll/vibe_dll_tx.sv:0$840'.
No latch inferred for signal `\vibe_dll_tx.\crc30_bit$func$/workspace/rtl/dll/vibe_dll_tx.sv:82$155.c' from process `\vibe_dll_tx.$proc$/workspace/rtl/dll/vibe_dll_tx.sv:0$840'.
No latch inferred for signal `\vibe_dll_tx.\crc30_bit$func$/workspace/rtl/dll/vibe_dll_tx.sv:82$155.b' from process `\vibe_dll_tx.$proc$/workspace/rtl/dll/vibe_dll_tx.sv:0$840'.
No latch inferred for signal `\vibe_dll_tx.\crc30_bit$func$/workspace/rtl/dll/vibe_dll_tx.sv:82$155.fb' from process `\vibe_dll_tx.$proc$/workspace/rtl/dll/vibe_dll_tx.sv:0$840'.
No latch inferred for signal `\vibe_dll_tx.\crc30_bit$func$/workspace/rtl/dll/vibe_dll_tx.sv:82$156.$result' from process `\vibe_dll_tx.$proc$/workspace/rtl/dll/vibe_dll_tx.sv:0$840'.
No latch inferred for signal `\vibe_dll_tx.\crc30_bit$func$/workspace/rtl/dll/vibe_dll_tx.sv:82$156.c' from process `\vibe_dll_tx.$proc$/workspace/rtl/dll/vibe_dll_tx.sv:0$840'.
No latch inferred for signal `\vibe_dll_tx.\crc30_bit$func$/workspace/rtl/dll/vibe_dll_tx.sv:82$156.b' from process `\vibe_dll_tx.$proc$/workspace/rtl/dll/vibe_dll_tx.sv:0$840'.
No latch inferred for signal `\vibe_dll_tx.\crc30_bit$func$/workspace/rtl/dll/vibe_dll_tx.sv:82$156.fb' from process `\vibe_dll_tx.$proc$/workspace/rtl/dll/vibe_dll_tx.sv:0$840'.
No latch inferred for signal `\vibe_dll_tx.\crc30_bit$func$/workspace/rtl/dll/vibe_dll_tx.sv:82$157.$result' from process `\vibe_dll_tx.$proc$/workspace/rtl/dll/vibe_dll_tx.sv:0$840'.
No latch inferred for signal `\vibe_dll_tx.\crc30_bit$func$/workspace/rtl/dll/vibe_dll_tx.sv:82$157.c' from process `\vibe_dll_tx.$proc$/workspace/rtl/dll/vibe_dll_tx.sv:0$840'.
No latch inferred for signal `\vibe_dll_tx.\crc30_bit$func$/workspace/rtl/dll/vibe_dll_tx.sv:82$157.b' from process `\vibe_dll_tx.$proc$/workspace/rtl/dll/vibe_dll_tx.sv:0$840'.
No latch inferred for signal `\vibe_dll_tx.\crc30_bit$func$/workspace/rtl/dll/vibe_dll_tx.sv:82$157.fb' from process `\vibe_dll_tx.$proc$/workspace/rtl/dll/vibe_dll_tx.sv:0$840'.
No latch inferred for signal `\vibe_dll_tx.\crc30_bit$func$/workspace/rtl/dll/vibe_dll_tx.sv:82$158.$result' from process `\vibe_dll_tx.$proc$/workspace/rtl/dll/vibe_dll_tx.sv:0$840'.
No latch inferred for signal `\vibe_dll_tx.\crc30_bit$func$/workspace/rtl/dll/vibe_dll_tx.sv:82$158.c' from process `\vibe_dll_tx.$proc$/workspace/rtl/dll/vibe_dll_tx.sv:0$840'.
No latch inferred for signal `\vibe_dll_tx.\crc30_bit$func$/workspace/rtl/dll/vibe_dll_tx.sv:82$158.b' from process `\vibe_dll_tx.$proc$/workspace/rtl/dll/vibe_dll_tx.sv:0$840'.
No latch inferred for signal `\vibe_dll_tx.\crc30_bit$func$/workspace/rtl/dll/vibe_dll_tx.sv:82$158.fb' from process `\vibe_dll_tx.$proc$/workspace/rtl/dll/vibe_dll_tx.sv:0$840'.
No latch inferred for signal `\vibe_dll_tx.\crc30_bit$func$/workspace/rtl/dll/vibe_dll_tx.sv:82$159.$result' from process `\vibe_dll_tx.$proc$/workspace/rtl/dll/vibe_dll_tx.sv:0$840'.
No latch inferred for signal `\vibe_dll_tx.\crc30_bit$func$/workspace/rtl/dll/vibe_dll_tx.sv:82$159.c' from process `\vibe_dll_tx.$proc$/workspace/rtl/dll/vibe_dll_tx.sv:0$840'.
No latch inferred for signal `\vibe_dll_tx.\crc30_bit$func$/workspace/rtl/dll/vibe_dll_tx.sv:82$159.b' from process `\vibe_dll_tx.$proc$/workspace/rtl/dll/vibe_dll_tx.sv:0$840'.
No latch inferred for signal `\vibe_dll_tx.\crc30_bit$func$/workspace/rtl/dll/vibe_dll_tx.sv:82$159.fb' from process `\vibe_dll_tx.$proc$/workspace/rtl/dll/vibe_dll_tx.sv:0$840'.
No latch inferred for signal `\vibe_dll_tx.\crc30_bit$func$/workspace/rtl/dll/vibe_dll_tx.sv:82$160.$result' from process `\vibe_dll_tx.$proc$/workspace/rtl/dll/vibe_dll_tx.sv:0$840'.
No latch inferred for signal `\vibe_dll_tx.\crc30_bit$func$/workspace/rtl/dll/vibe_dll_tx.sv:82$160.c' from process `\vibe_dll_tx.$proc$/workspace/rtl/dll/vibe_dll_tx.sv:0$840'.
No latch inferred for signal `\vibe_dll_tx.\crc30_bit$func$/workspace/rtl/dll/vibe_dll_tx.sv:82$160.b' from process `\vibe_dll_tx.$proc$/workspace/rtl/dll/vibe_dll_tx.sv:0$840'.
No latch inferred for signal `\vibe_dll_tx.\crc30_bit$func$/workspace/rtl/dll/vibe_dll_tx.sv:82$160.fb' from process `\vibe_dll_tx.$proc$/workspace/rtl/dll/vibe_dll_tx.sv:0$840'.
No latch inferred for signal `\vibe_dll_tx.\crc30_bit$func$/workspace/rtl/dll/vibe_dll_tx.sv:82$161.$result' from process `\vibe_dll_tx.$proc$/workspace/rtl/dll/vibe_dll_tx.sv:0$840'.
No latch inferred for signal `\vibe_dll_tx.\crc30_bit$func$/workspace/rtl/dll/vibe_dll_tx.sv:82$161.c' from process `\vibe_dll_tx.$proc$/workspace/rtl/dll/vibe_dll_tx.sv:0$840'.
No latch inferred for signal `\vibe_dll_tx.\crc30_bit$func$/workspace/rtl/dll/vibe_dll_tx.sv:82$161.b' from process `\vibe_dll_tx.$proc$/workspace/rtl/dll/vibe_dll_tx.sv:0$840'.
No latch inferred for signal `\vibe_dll_tx.\crc30_bit$func$/workspace/rtl/dll/vibe_dll_tx.sv:82$161.fb' from process `\vibe_dll_tx.$proc$/workspace/rtl/dll/vibe_dll_tx.sv:0$840'.
No latch inferred for signal `\vibe_dll_tx.\crc30_bit$func$/workspace/rtl/dll/vibe_dll_tx.sv:82$162.$result' from process `\vibe_dll_tx.$proc$/workspace/rtl/dll/vibe_dll_tx.sv:0$840'.
No latch inferred for signal `\vibe_dll_tx.\crc30_bit$func$/workspace/rtl/dll/vibe_dll_tx.sv:82$162.c' from process `\vibe_dll_tx.$proc$/workspace/rtl/dll/vibe_dll_tx.sv:0$840'.
No latch inferred for signal `\vibe_dll_tx.\crc30_bit$func$/workspace/rtl/dll/vibe_dll_tx.sv:82$162.b' from process `\vibe_dll_tx.$proc$/workspace/rtl/dll/vibe_dll_tx.sv:0$840'.
No latch inferred for signal `\vibe_dll_tx.\crc30_bit$func$/workspace/rtl/dll/vibe_dll_tx.sv:82$162.fb' from process `\vibe_dll_tx.$proc$/workspace/rtl/dll/vibe_dll_tx.sv:0$840'.
No latch inferred for signal `\vibe_dll_tx.\crc30_bit$func$/workspace/rtl/dll/vibe_dll_tx.sv:82$163.$result' from process `\vibe_dll_tx.$proc$/workspace/rtl/dll/vibe_dll_tx.sv:0$840'.
No latch inferred for signal `\vibe_dll_tx.\crc30_bit$func$/workspace/rtl/dll/vibe_dll_tx.sv:82$163.c' from process `\vibe_dll_tx.$proc$/workspace/rtl/dll/vibe_dll_tx.sv:0$840'.
No latch inferred for signal `\vibe_dll_tx.\crc30_bit$func$/workspace/rtl/dll/vibe_dll_tx.sv:82$163.b' from process `\vibe_dll_tx.$proc$/workspace/rtl/dll/vibe_dll_tx.sv:0$840'.
No latch inferred for signal `\vibe_dll_tx.\crc30_bit$func$/workspace/rtl/dll/vibe_dll_tx.sv:82$163.fb' from process `\vibe_dll_tx.$proc$/workspace/rtl/dll/vibe_dll_tx.sv:0$840'.
No latch inferred for signal `\vibe_dll_tx.\crc30_bit$func$/workspace/rtl/dll/vibe_dll_tx.sv:82$164.$result' from process `\vibe_dll_tx.$proc$/workspace/rtl/dll/vibe_dll_tx.sv:0$840'.
No latch inferred for signal `\vibe_dll_tx.\crc30_bit$func$/workspace/rtl/dll/vibe_dll_tx.sv:82$164.c' from process `\vibe_dll_tx.$proc$/workspace/rtl/dll/vibe_dll_tx.sv:0$840'.
No latch inferred for signal `\vibe_dll_tx.\crc30_bit$func$/workspace/rtl/dll/vibe_dll_tx.sv:82$164.b' from process `\vibe_dll_tx.$proc$/workspace/rtl/dll/vibe_dll_tx.sv:0$840'.
No latch inferred for signal `\vibe_dll_tx.\crc30_bit$func$/workspace/rtl/dll/vibe_dll_tx.sv:82$164.fb' from process `\vibe_dll_tx.$proc$/workspace/rtl/dll/vibe_dll_tx.sv:0$840'.
No latch inferred for signal `\vibe_dll_tx.\crc30_bit$func$/workspace/rtl/dll/vibe_dll_tx.sv:82$165.$result' from process `\vibe_dll_tx.$proc$/workspace/rtl/dll/vibe_dll_tx.sv:0$840'.
No latch inferred for signal `\vibe_dll_tx.\crc30_bit$func$/workspace/rtl/dll/vibe_dll_tx.sv:82$165.c' from process `\vibe_dll_tx.$proc$/workspace/rtl/dll/vibe_dll_tx.sv:0$840'.
No latch inferred for signal `\vibe_dll_tx.\crc30_bit$func$/workspace/rtl/dll/vibe_dll_tx.sv:82$165.b' from process `\vibe_dll_tx.$proc$/workspace/rtl/dll/vibe_dll_tx.sv:0$840'.
No latch inferred for signal `\vibe_dll_tx.\crc30_bit$func$/workspace/rtl/dll/vibe_dll_tx.sv:82$165.fb' from process `\vibe_dll_tx.$proc$/workspace/rtl/dll/vibe_dll_tx.sv:0$840'.
No latch inferred for signal `\vibe_dll_tx.\crc30_bit$func$/workspace/rtl/dll/vibe_dll_tx.sv:82$166.$result' from process `\vibe_dll_tx.$proc$/workspace/rtl/dll/vibe_dll_tx.sv:0$840'.
No latch inferred for signal `\vibe_dll_tx.\crc30_bit$func$/workspace/rtl/dll/vibe_dll_tx.sv:82$166.c' from process `\vibe_dll_tx.$proc$/workspace/rtl/dll/vibe_dll_tx.sv:0$840'.
No latch inferred for signal `\vibe_dll_tx.\crc30_bit$func$/workspace/rtl/dll/vibe_dll_tx.sv:82$166.b' from process `\vibe_dll_tx.$proc$/workspace/rtl/dll/vibe_dll_tx.sv:0$840'.
No latch inferred for signal `\vibe_dll_tx.\crc30_bit$func$/workspace/rtl/dll/vibe_dll_tx.sv:82$166.fb' from process `\vibe_dll_tx.$proc$/workspace/rtl/dll/vibe_dll_tx.sv:0$840'.
No latch inferred for signal `\vibe_dll_tx.\crc30_bit$func$/workspace/rtl/dll/vibe_dll_tx.sv:82$167.$result' from process `\vibe_dll_tx.$proc$/workspace/rtl/dll/vibe_dll_tx.sv:0$840'.
No latch inferred for signal `\vibe_dll_tx.\crc30_bit$func$/workspace/rtl/dll/vibe_dll_tx.sv:82$167.c' from process `\vibe_dll_tx.$proc$/workspace/rtl/dll/vibe_dll_tx.sv:0$840'.
No latch inferred for signal `\vibe_dll_tx.\crc30_bit$func$/workspace/rtl/dll/vibe_dll_tx.sv:82$167.b' from process `\vibe_dll_tx.$proc$/workspace/rtl/dll/vibe_dll_tx.sv:0$840'.
No latch inferred for signal `\vibe_dll_tx.\crc30_bit$func$/workspace/rtl/dll/vibe_dll_tx.sv:82$167.fb' from process `\vibe_dll_tx.$proc$/workspace/rtl/dll/vibe_dll_tx.sv:0$840'.
No latch inferred for signal `\vibe_dll_tx.\crc30_bit$func$/workspace/rtl/dll/vibe_dll_tx.sv:82$168.$result' from process `\vibe_dll_tx.$proc$/workspace/rtl/dll/vibe_dll_tx.sv:0$840'.
No latch inferred for signal `\vibe_dll_tx.\crc30_bit$func$/workspace/rtl/dll/vibe_dll_tx.sv:82$168.c' from process `\vibe_dll_tx.$proc$/workspace/rtl/dll/vibe_dll_tx.sv:0$840'.
No latch inferred for signal `\vibe_dll_tx.\crc30_bit$func$/workspace/rtl/dll/vibe_dll_tx.sv:82$168.b' from process `\vibe_dll_tx.$proc$/workspace/rtl/dll/vibe_dll_tx.sv:0$840'.
No latch inferred for signal `\vibe_dll_tx.\crc30_bit$func$/workspace/rtl/dll/vibe_dll_tx.sv:82$168.fb' from process `\vibe_dll_tx.$proc$/workspace/rtl/dll/vibe_dll_tx.sv:0$840'.
No latch inferred for signal `\vibe_dll_tx.\crc30_bit$func$/workspace/rtl/dll/vibe_dll_tx.sv:82$169.$result' from process `\vibe_dll_tx.$proc$/workspace/rtl/dll/vibe_dll_tx.sv:0$840'.
No latch inferred for signal `\vibe_dll_tx.\crc30_bit$func$/workspace/rtl/dll/vibe_dll_tx.sv:82$169.c' from process `\vibe_dll_tx.$proc$/workspace/rtl/dll/vibe_dll_tx.sv:0$840'.
No latch inferred for signal `\vibe_dll_tx.\crc30_bit$func$/workspace/rtl/dll/vibe_dll_tx.sv:82$169.b' from process `\vibe_dll_tx.$proc$/workspace/rtl/dll/vibe_dll_tx.sv:0$840'.
No latch inferred for signal `\vibe_dll_tx.\crc30_bit$func$/workspace/rtl/dll/vibe_dll_tx.sv:82$169.fb' from process `\vibe_dll_tx.$proc$/workspace/rtl/dll/vibe_dll_tx.sv:0$840'.
No latch inferred for signal `\vibe_dll_tx.\crc30_bit$func$/workspace/rtl/dll/vibe_dll_tx.sv:82$170.$result' from process `\vibe_dll_tx.$proc$/workspace/rtl/dll/vibe_dll_tx.sv:0$840'.
No latch inferred for signal `\vibe_dll_tx.\crc30_bit$func$/workspace/rtl/dll/vibe_dll_tx.sv:82$170.c' from process `\vibe_dll_tx.$proc$/workspace/rtl/dll/vibe_dll_tx.sv:0$840'.
No latch inferred for signal `\vibe_dll_tx.\crc30_bit$func$/workspace/rtl/dll/vibe_dll_tx.sv:82$170.b' from process `\vibe_dll_tx.$proc$/workspace/rtl/dll/vibe_dll_tx.sv:0$840'.
No latch inferred for signal `\vibe_dll_tx.\crc30_bit$func$/workspace/rtl/dll/vibe_dll_tx.sv:82$170.fb' from process `\vibe_dll_tx.$proc$/workspace/rtl/dll/vibe_dll_tx.sv:0$840'.
No latch inferred for signal `\vibe_dll_tx.\crc30_bit$func$/workspace/rtl/dll/vibe_dll_tx.sv:82$171.$result' from process `\vibe_dll_tx.$proc$/workspace/rtl/dll/vibe_dll_tx.sv:0$840'.
No latch inferred for signal `\vibe_dll_tx.\crc30_bit$func$/workspace/rtl/dll/vibe_dll_tx.sv:82$171.c' from process `\vibe_dll_tx.$proc$/workspace/rtl/dll/vibe_dll_tx.sv:0$840'.
No latch inferred for signal `\vibe_dll_tx.\crc30_bit$func$/workspace/rtl/dll/vibe_dll_tx.sv:82$171.b' from process `\vibe_dll_tx.$proc$/workspace/rtl/dll/vibe_dll_tx.sv:0$840'.
No latch inferred for signal `\vibe_dll_tx.\crc30_bit$func$/workspace/rtl/dll/vibe_dll_tx.sv:82$171.fb' from process `\vibe_dll_tx.$proc$/workspace/rtl/dll/vibe_dll_tx.sv:0$840'.
No latch inferred for signal `\vibe_dll_tx.\crc30_bit$func$/workspace/rtl/dll/vibe_dll_tx.sv:82$172.$result' from process `\vibe_dll_tx.$proc$/workspace/rtl/dll/vibe_dll_tx.sv:0$840'.
No latch inferred for signal `\vibe_dll_tx.\crc30_bit$func$/workspace/rtl/dll/vibe_dll_tx.sv:82$172.c' from process `\vibe_dll_tx.$proc$/workspace/rtl/dll/vibe_dll_tx.sv:0$840'.
No latch inferred for signal `\vibe_dll_tx.\crc30_bit$func$/workspace/rtl/dll/vibe_dll_tx.sv:82$172.b' from process `\vibe_dll_tx.$proc$/workspace/rtl/dll/vibe_dll_tx.sv:0$840'.
No latch inferred for signal `\vibe_dll_tx.\crc30_bit$func$/workspace/rtl/dll/vibe_dll_tx.sv:82$172.fb' from process `\vibe_dll_tx.$proc$/workspace/rtl/dll/vibe_dll_tx.sv:0$840'.
No latch inferred for signal `\vibe_dll_tx.\crc30_bit$func$/workspace/rtl/dll/vibe_dll_tx.sv:82$173.$result' from process `\vibe_dll_tx.$proc$/workspace/rtl/dll/vibe_dll_tx.sv:0$840'.
No latch inferred for signal `\vibe_dll_tx.\crc30_bit$func$/workspace/rtl/dll/vibe_dll_tx.sv:82$173.c' from process `\vibe_dll_tx.$proc$/workspace/rtl/dll/vibe_dll_tx.sv:0$840'.
No latch inferred for signal `\vibe_dll_tx.\crc30_bit$func$/workspace/rtl/dll/vibe_dll_tx.sv:82$173.b' from process `\vibe_dll_tx.$proc$/workspace/rtl/dll/vibe_dll_tx.sv:0$840'.
No latch inferred for signal `\vibe_dll_tx.\crc30_bit$func$/workspace/rtl/dll/vibe_dll_tx.sv:82$173.fb' from process `\vibe_dll_tx.$proc$/workspace/rtl/dll/vibe_dll_tx.sv:0$840'.
No latch inferred for signal `\vibe_dll_tx.\crc30_bit$func$/workspace/rtl/dll/vibe_dll_tx.sv:82$174.$result' from process `\vibe_dll_tx.$proc$/workspace/rtl/dll/vibe_dll_tx.sv:0$840'.
No latch inferred for signal `\vibe_dll_tx.\crc30_bit$func$/workspace/rtl/dll/vibe_dll_tx.sv:82$174.c' from process `\vibe_dll_tx.$proc$/workspace/rtl/dll/vibe_dll_tx.sv:0$840'.
No latch inferred for signal `\vibe_dll_tx.\crc30_bit$func$/workspace/rtl/dll/vibe_dll_tx.sv:82$174.b' from process `\vibe_dll_tx.$proc$/workspace/rtl/dll/vibe_dll_tx.sv:0$840'.
No latch inferred for signal `\vibe_dll_tx.\crc30_bit$func$/workspace/rtl/dll/vibe_dll_tx.sv:82$174.fb' from process `\vibe_dll_tx.$proc$/workspace/rtl/dll/vibe_dll_tx.sv:0$840'.
No latch inferred for signal `\vibe_dll_tx.\crc30_bit$func$/workspace/rtl/dll/vibe_dll_tx.sv:82$175.$result' from process `\vibe_dll_tx.$proc$/workspace/rtl/dll/vibe_dll_tx.sv:0$840'.
No latch inferred for signal `\vibe_dll_tx.\crc30_bit$func$/workspace/rtl/dll/vibe_dll_tx.sv:82$175.c' from process `\vibe_dll_tx.$proc$/workspace/rtl/dll/vibe_dll_tx.sv:0$840'.
No latch inferred for signal `\vibe_dll_tx.\crc30_bit$func$/workspace/rtl/dll/vibe_dll_tx.sv:82$175.b' from process `\vibe_dll_tx.$proc$/workspace/rtl/dll/vibe_dll_tx.sv:0$840'.
No latch inferred for signal `\vibe_dll_tx.\crc30_bit$func$/workspace/rtl/dll/vibe_dll_tx.sv:82$175.fb' from process `\vibe_dll_tx.$proc$/workspace/rtl/dll/vibe_dll_tx.sv:0$840'.
No latch inferred for signal `\vibe_dll_tx.\crc30_bit$func$/workspace/rtl/dll/vibe_dll_tx.sv:82$176.$result' from process `\vibe_dll_tx.$proc$/workspace/rtl/dll/vibe_dll_tx.sv:0$840'.
No latch inferred for signal `\vibe_dll_tx.\crc30_bit$func$/workspace/rtl/dll/vibe_dll_tx.sv:82$176.c' from process `\vibe_dll_tx.$proc$/workspace/rtl/dll/vibe_dll_tx.sv:0$840'.
No latch inferred for signal `\vibe_dll_tx.\crc30_bit$func$/workspace/rtl/dll/vibe_dll_tx.sv:82$176.b' from process `\vibe_dll_tx.$proc$/workspace/rtl/dll/vibe_dll_tx.sv:0$840'.
No latch inferred for signal `\vibe_dll_tx.\crc30_bit$func$/workspace/rtl/dll/vibe_dll_tx.sv:82$176.fb' from process `\vibe_dll_tx.$proc$/workspace/rtl/dll/vibe_dll_tx.sv:0$840'.
No latch inferred for signal `\vibe_dll_tx.\crc30_bit$func$/workspace/rtl/dll/vibe_dll_tx.sv:82$177.$result' from process `\vibe_dll_tx.$proc$/workspace/rtl/dll/vibe_dll_tx.sv:0$840'.
No latch inferred for signal `\vibe_dll_tx.\crc30_bit$func$/workspace/rtl/dll/vibe_dll_tx.sv:82$177.c' from process `\vibe_dll_tx.$proc$/workspace/rtl/dll/vibe_dll_tx.sv:0$840'.
No latch inferred for signal `\vibe_dll_tx.\crc30_bit$func$/workspace/rtl/dll/vibe_dll_tx.sv:82$177.b' from process `\vibe_dll_tx.$proc$/workspace/rtl/dll/vibe_dll_tx.sv:0$840'.
No latch inferred for signal `\vibe_dll_tx.\crc30_bit$func$/workspace/rtl/dll/vibe_dll_tx.sv:82$177.fb' from process `\vibe_dll_tx.$proc$/workspace/rtl/dll/vibe_dll_tx.sv:0$840'.
No latch inferred for signal `\vibe_dll_tx.\crc30_bit$func$/workspace/rtl/dll/vibe_dll_tx.sv:82$178.$result' from process `\vibe_dll_tx.$proc$/workspace/rtl/dll/vibe_dll_tx.sv:0$840'.
No latch inferred for signal `\vibe_dll_tx.\crc30_bit$func$/workspace/rtl/dll/vibe_dll_tx.sv:82$178.c' from process `\vibe_dll_tx.$proc$/workspace/rtl/dll/vibe_dll_tx.sv:0$840'.
No latch inferred for signal `\vibe_dll_tx.\crc30_bit$func$/workspace/rtl/dll/vibe_dll_tx.sv:82$178.b' from process `\vibe_dll_tx.$proc$/workspace/rtl/dll/vibe_dll_tx.sv:0$840'.
No latch inferred for signal `\vibe_dll_tx.\crc30_bit$func$/workspace/rtl/dll/vibe_dll_tx.sv:82$178.fb' from process `\vibe_dll_tx.$proc$/workspace/rtl/dll/vibe_dll_tx.sv:0$840'.
No latch inferred for signal `\vibe_dll_tx.\crc30_bit$func$/workspace/rtl/dll/vibe_dll_tx.sv:82$179.$result' from process `\vibe_dll_tx.$proc$/workspace/rtl/dll/vibe_dll_tx.sv:0$840'.
No latch inferred for signal `\vibe_dll_tx.\crc30_bit$func$/workspace/rtl/dll/vibe_dll_tx.sv:82$179.c' from process `\vibe_dll_tx.$proc$/workspace/rtl/dll/vibe_dll_tx.sv:0$840'.
No latch inferred for signal `\vibe_dll_tx.\crc30_bit$func$/workspace/rtl/dll/vibe_dll_tx.sv:82$179.b' from process `\vibe_dll_tx.$proc$/workspace/rtl/dll/vibe_dll_tx.sv:0$840'.
No latch inferred for signal `\vibe_dll_tx.\crc30_bit$func$/workspace/rtl/dll/vibe_dll_tx.sv:82$179.fb' from process `\vibe_dll_tx.$proc$/workspace/rtl/dll/vibe_dll_tx.sv:0$840'.
No latch inferred for signal `\vibe_dll_tx.\crc30_bit$func$/workspace/rtl/dll/vibe_dll_tx.sv:82$180.$result' from process `\vibe_dll_tx.$proc$/workspace/rtl/dll/vibe_dll_tx.sv:0$840'.
No latch inferred for signal `\vibe_dll_tx.\crc30_bit$func$/workspace/rtl/dll/vibe_dll_tx.sv:82$180.c' from process `\vibe_dll_tx.$proc$/workspace/rtl/dll/vibe_dll_tx.sv:0$840'.
No latch inferred for signal `\vibe_dll_tx.\crc30_bit$func$/workspace/rtl/dll/vibe_dll_tx.sv:82$180.b' from process `\vibe_dll_tx.$proc$/workspace/rtl/dll/vibe_dll_tx.sv:0$840'.
No latch inferred for signal `\vibe_dll_tx.\crc30_bit$func$/workspace/rtl/dll/vibe_dll_tx.sv:82$180.fb' from process `\vibe_dll_tx.$proc$/workspace/rtl/dll/vibe_dll_tx.sv:0$840'.
No latch inferred for signal `\vibe_dll_tx.\crc30_bit$func$/workspace/rtl/dll/vibe_dll_tx.sv:82$181.$result' from process `\vibe_dll_tx.$proc$/workspace/rtl/dll/vibe_dll_tx.sv:0$840'.
No latch inferred for signal `\vibe_dll_tx.\crc30_bit$func$/workspace/rtl/dll/vibe_dll_tx.sv:82$181.c' from process `\vibe_dll_tx.$proc$/workspace/rtl/dll/vibe_dll_tx.sv:0$840'.
No latch inferred for signal `\vibe_dll_tx.\crc30_bit$func$/workspace/rtl/dll/vibe_dll_tx.sv:82$181.b' from process `\vibe_dll_tx.$proc$/workspace/rtl/dll/vibe_dll_tx.sv:0$840'.
No latch inferred for signal `\vibe_dll_tx.\crc30_bit$func$/workspace/rtl/dll/vibe_dll_tx.sv:82$181.fb' from process `\vibe_dll_tx.$proc$/workspace/rtl/dll/vibe_dll_tx.sv:0$840'.
No latch inferred for signal `\vibe_dll_tx.\vibe_pkt_bytes$func$/workspace/rtl/dll/vibe_dll_tx.sv:58$11.$result' from process `\vibe_dll_tx.$proc$/workspace/rtl/common/vibe_ub_fn.vh:0$819'.
No latch inferred for signal `\vibe_dll_tx.\vibe_pkt_bytes$func$/workspace/rtl/dll/vibe_dll_tx.sv:58$18.$result' from process `\vibe_dll_tx.$proc$/workspace/rtl/common/vibe_ub_fn.vh:0$819'.
No latch inferred for signal `\vibe_dll_tx.\vibe_pkt_bytes$func$/workspace/rtl/dll/vibe_dll_tx.sv:58$18.flit' from process `\vibe_dll_tx.$proc$/workspace/rtl/common/vibe_ub_fn.vh:0$819'.
No latch inferred for signal `\vibe_dll_tx.\vibe_pkt_bytes$func$/workspace/rtl/dll/vibe_dll_tx.sv:58$18.n' from process `\vibe_dll_tx.$proc$/workspace/rtl/common/vibe_ub_fn.vh:0$819'.
No latch inferred for signal `\vibe_dll_tx.\vibe_lph_plength$func$/workspace/rtl/common/vibe_ub_fn.vh:115$19.$result' from process `\vibe_dll_tx.$proc$/workspace/rtl/common/vibe_ub_fn.vh:0$819'.
No latch inferred for signal `\vibe_dll_tx.\vibe_lph_plength$func$/workspace/rtl/common/vibe_ub_fn.vh:115$19.flit' from process `\vibe_dll_tx.$proc$/workspace/rtl/common/vibe_ub_fn.vh:0$819'.
No latch inferred for signal `\vibe_dll_tx.\vibe_decl_flits$func$/workspace/rtl/common/vibe_ub_fn.vh:115$20.$result' from process `\vibe_dll_tx.$proc$/workspace/rtl/common/vibe_ub_fn.vh:0$819'.
No latch inferred for signal `\vibe_dll_tx.\vibe_decl_flits$func$/workspace/rtl/common/vibe_ub_fn.vh:115$20.plen' from process `\vibe_dll_tx.$proc$/workspace/rtl/common/vibe_ub_fn.vh:0$819'.
No latch inferred for signal `\vibe_dll_tx.\vibe_decl_flits$func$/workspace/rtl/common/vibe_ub_fn.vh:115$20.nblk' from process `\vibe_dll_tx.$proc$/workspace/rtl/common/vibe_ub_fn.vh:0$819'.
No latch inferred for signal `\vibe_dll_tx.\vibe_decl_flits$func$/workspace/rtl/common/vibe_ub_fn.vh:115$20.lastn' from process `\vibe_dll_tx.$proc$/workspace/rtl/common/vibe_ub_fn.vh:0$819'.
No latch inferred for signal `\vibe_dll_tx.\vibe_nw512_flit0$func$/workspace/rtl/dll/vibe_dll_tx.sv:57$10.$result' from process `\vibe_dll_tx.$proc$/workspace/rtl/common/vibe_ub_fn.vh:0$815'.
No latch inferred for signal `\vibe_dll_tx.\vibe_nw512_flit0$func$/workspace/rtl/dll/vibe_dll_tx.sv:57$17.$result' from process `\vibe_dll_tx.$proc$/workspace/rtl/common/vibe_ub_fn.vh:0$815'.
No latch inferred for signal `\vibe_dll_tx.\vibe_nw512_flit0$func$/workspace/rtl/dll/vibe_dll_tx.sv:57$17.beat' from process `\vibe_dll_tx.$proc$/workspace/rtl/common/vibe_ub_fn.vh:0$815'.
No latch inferred for signal `\vibe_dll_tx.\fq_n_nxt' from process `\vibe_dll_tx.$proc$/workspace/rtl/dll/vibe_dll_tx.sv:132$736'.
No latch inferred for signal `\vibe_dll_tx.\k' from process `\vibe_dll_tx.$proc$/workspace/rtl/dll/vibe_dll_tx.sv:132$736'.
No latch inferred for signal `\vibe_dll_tx.\fq_nxt[0]' from process `\vibe_dll_tx.$proc$/workspace/rtl/dll/vibe_dll_tx.sv:132$736'.
No latch inferred for signal `\vibe_dll_tx.\fq_nxt[1]' from process `\vibe_dll_tx.$proc$/workspace/rtl/dll/vibe_dll_tx.sv:132$736'.
No latch inferred for signal `\vibe_dll_tx.\fq_nxt[2]' from process `\vibe_dll_tx.$proc$/workspace/rtl/dll/vibe_dll_tx.sv:132$736'.
No latch inferred for signal `\vibe_dll_tx.\fq_nxt[3]' from process `\vibe_dll_tx.$proc$/workspace/rtl/dll/vibe_dll_tx.sv:132$736'.
No latch inferred for signal `\vibe_dll_tx.\fq_nxt[4]' from process `\vibe_dll_tx.$proc$/workspace/rtl/dll/vibe_dll_tx.sv:132$736'.
No latch inferred for signal `\vibe_dll_tx.\fq_nxt[5]' from process `\vibe_dll_tx.$proc$/workspace/rtl/dll/vibe_dll_tx.sv:132$736'.
No latch inferred for signal `\vibe_dll_tx.\fq_nxt[6]' from process `\vibe_dll_tx.$proc$/workspace/rtl/dll/vibe_dll_tx.sv:132$736'.
No latch inferred for signal `\vibe_dll_tx.\fq_nxt[7]' from process `\vibe_dll_tx.$proc$/workspace/rtl/dll/vibe_dll_tx.sv:132$736'.
No latch inferred for signal `\vibe_dll_tx.$mem2reg_wr$\fq_nxt$/workspace/rtl/dll/vibe_dll_tx.sv:144$666_ADDR' from process `\vibe_dll_tx.$proc$/workspace/rtl/dll/vibe_dll_tx.sv:132$736'.
No latch inferred for signal `\vibe_dll_tx.$mem2reg_wr$\fq_nxt$/workspace/rtl/dll/vibe_dll_tx.sv:144$666_DATA' from process `\vibe_dll_tx.$proc$/workspace/rtl/dll/vibe_dll_tx.sv:132$736'.
No latch inferred for signal `\vibe_dll_tx.$mem2reg_wr$\fq_nxt$/workspace/rtl/dll/vibe_dll_tx.sv:145$667_ADDR' from process `\vibe_dll_tx.$proc$/workspace/rtl/dll/vibe_dll_tx.sv:132$736'.
No latch inferred for signal `\vibe_dll_tx.$mem2reg_wr$\fq_nxt$/workspace/rtl/dll/vibe_dll_tx.sv:145$667_DATA' from process `\vibe_dll_tx.$proc$/workspace/rtl/dll/vibe_dll_tx.sv:132$736'.
No latch inferred for signal `\vibe_dll_tx.$mem2reg_wr$\fq_nxt$/workspace/rtl/dll/vibe_dll_tx.sv:146$668_ADDR' from process `\vibe_dll_tx.$proc$/workspace/rtl/dll/vibe_dll_tx.sv:132$736'.
No latch inferred for signal `\vibe_dll_tx.$mem2reg_wr$\fq_nxt$/workspace/rtl/dll/vibe_dll_tx.sv:146$668_DATA' from process `\vibe_dll_tx.$proc$/workspace/rtl/dll/vibe_dll_tx.sv:132$736'.
No latch inferred for signal `\vibe_dll_tx.$mem2reg_wr$\fq_nxt$/workspace/rtl/dll/vibe_dll_tx.sv:147$669_ADDR' from process `\vibe_dll_tx.$proc$/workspace/rtl/dll/vibe_dll_tx.sv:132$736'.
No latch inferred for signal `\vibe_dll_tx.$mem2reg_wr$\fq_nxt$/workspace/rtl/dll/vibe_dll_tx.sv:147$669_DATA' from process `\vibe_dll_tx.$proc$/workspace/rtl/dll/vibe_dll_tx.sv:132$736'.
No latch inferred for signal `\vibe_dll_tx.$mem2reg_wr$\fq_nxt$/workspace/rtl/dll/vibe_dll_tx.sv:152$670_ADDR' from process `\vibe_dll_tx.$proc$/workspace/rtl/dll/vibe_dll_tx.sv:132$736'.
No latch inferred for signal `\vibe_dll_tx.$mem2reg_wr$\fq_nxt$/workspace/rtl/dll/vibe_dll_tx.sv:152$670_DATA' from process `\vibe_dll_tx.$proc$/workspace/rtl/dll/vibe_dll_tx.sv:132$736'.
No latch inferred for signal `\vibe_dll_tx.$mem2reg_wr$\fq_nxt$/workspace/rtl/dll/vibe_dll_tx.sv:156$671_ADDR' from process `\vibe_dll_tx.$proc$/workspace/rtl/dll/vibe_dll_tx.sv:132$736'.
No latch inferred for signal `\vibe_dll_tx.$mem2reg_wr$\fq_nxt$/workspace/rtl/dll/vibe_dll_tx.sv:156$671_DATA' from process `\vibe_dll_tx.$proc$/workspace/rtl/dll/vibe_dll_tx.sv:132$736'.
No latch inferred for signal `\vibe_dll_tx.$mem2reg_wr$\fq_nxt$/workspace/rtl/dll/vibe_dll_tx.sv:160$672_ADDR' from process `\vibe_dll_tx.$proc$/workspace/rtl/dll/vibe_dll_tx.sv:132$736'.
No latch inferred for signal `\vibe_dll_tx.$mem2reg_wr$\fq_nxt$/workspace/rtl/dll/vibe_dll_tx.sv:160$672_DATA' from process `\vibe_dll_tx.$proc$/workspace/rtl/dll/vibe_dll_tx.sv:132$736'.
No latch inferred for signal `\vibe_dll_tx.\stream' from process `\vibe_dll_tx.$proc$/workspace/rtl/dll/vibe_dll_tx.sv:91$711'.
No latch inferred for signal `\vibe_dll_tx.\rem_c' from process `\vibe_dll_tx.$proc$/workspace/rtl/dll/vibe_dll_tx.sv:91$711'.
No latch inferred for signal `\vibe_dll_tx.\nw_c' from process `\vibe_dll_tx.$proc$/workspace/rtl/dll/vibe_dll_tx.sv:91$711'.
No latch inferred for signal `\vibe_dll_tx.\rem_bits' from process `\vibe_dll_tx.$proc$/workspace/rtl/dll/vibe_dll_tx.sv:91$711'.
No latch inferred for signal `\vibe_dll_tx.\val_bits' from process `\vibe_dll_tx.$proc$/workspace/rtl/dll/vibe_dll_tx.sv:91$711'.
No latch inferred for signal `\vibe_dll_tx.\gap' from process `\vibe_dll_tx.$proc$/workspace/rtl/dll/vibe_dll_tx.sv:91$711'.

yosys> proc_dff

2.2.9. Executing PROC_DFF pass (convert process syncs to FFs).
Creating register for signal `\vibe_dll_tx.\pcs_data' using process `\vibe_dll_tx.$proc$/workspace/rtl/dll/vibe_dll_tx.sv:167$802'.
  created $adff cell `$procdff$7096' with positive edge clock and positive level reset.
Creating register for signal `\vibe_dll_tx.\pcs_vld' using process `\vibe_dll_tx.$proc$/workspace/rtl/dll/vibe_dll_tx.sv:167$802'.
  created $adff cell `$procdff$7101' with positive edge clock and positive level reset.
Creating register for signal `\vibe_dll_tx.\rem_lj' using process `\vibe_dll_tx.$proc$/workspace/rtl/dll/vibe_dll_tx.sv:167$802'.
  created $adff cell `$procdff$7106' with positive edge clock and positive level reset.
Creating register for signal `\vibe_dll_tx.\rem_b' using process `\vibe_dll_tx.$proc$/workspace/rtl/dll/vibe_dll_tx.sv:167$802'.
  created $adff cell `$procdff$7111' with positive edge clock and positive level reset.
Creating register for signal `\vibe_dll_tx.\pkt_act' using process `\vibe_dll_tx.$proc$/workspace/rtl/dll/vibe_dll_tx.sv:167$802'.
  created $adff cell `$procdff$7116' with positive edge clock and positive level reset.
Creating register for signal `\vibe_dll_tx.\pkt_left' using process `\vibe_dll_tx.$proc$/workspace/rtl/dll/vibe_dll_tx.sv:167$802'.
  created $adff cell `$procdff$7121' with positive edge clock and positive level reset.
Creating register for signal `\vibe_dll_tx.\fq_n' using process `\vibe_dll_tx.$proc$/workspace/rtl/dll/vibe_dll_tx.sv:167$802'.
  created $adff cell `$procdff$7126' with positive edge clock and positive level reset.
Creating register for signal `\vibe_dll_tx.\k' using process `\vibe_dll_tx.$proc$/workspace/rtl/dll/vibe_dll_tx.sv:167$802'.
  created $dff cell `$procdff$7133' with positive edge clock.
Creating register for signal `\vibe_dll_tx.\fq[0]' using process `\vibe_dll_tx.$proc$/workspace/rtl/dll/vibe_dll_tx.sv:167$802'.
  created $adff cell `$procdff$7138' with positive edge clock and positive level reset.
Creating register for signal `\vibe_dll_tx.\fq[1]' using process `\vibe_dll_tx.$proc$/workspace/rtl/dll/vibe_dll_tx.sv:167$802'.
  created $adff cell `$procdff$7143' with positive edge clock and positive level reset.
Creating register for signal `\vibe_dll_tx.\fq[2]' using process `\vibe_dll_tx.$proc$/workspace/rtl/dll/vibe_dll_tx.sv:167$802'.
  created $adff cell `$procdff$7148' with positive edge clock and positive level reset.
Creating register for signal `\vibe_dll_tx.\fq[3]' using process `\vibe_dll_tx.$proc$/workspace/rtl/dll/vibe_dll_tx.sv:167$802'.
  created $adff cell `$procdff$7153' with positive edge clock and positive level reset.
Creating register for signal `\vibe_dll_tx.\fq[4]' using process `\vibe_dll_tx.$proc$/workspace/rtl/dll/vibe_dll_tx.sv:167$802'.
  created $adff cell `$procdff$7158' with positive edge clock and positive level reset.
Creating register for signal `\vibe_dll_tx.\fq[5]' using process `\vibe_dll_tx.$proc$/workspace/rtl/dll/vibe_dll_tx.sv:167$802'.
  created $adff cell `$procdff$7163' with positive edge clock and positive level reset.
Creating register for signal `\vibe_dll_tx.\fq[6]' using process `\vibe_dll_tx.$proc$/workspace/rtl/dll/vibe_dll_tx.sv:167$802'.
  created $adff cell `$procdff$7168' with positive edge clock and positive level reset.
Creating register for signal `\vibe_dll_tx.\fq[7]' using process `\vibe_dll_tx.$proc$/workspace/rtl/dll/vibe_dll_tx.sv:167$802'.
  created $adff cell `$procdff$7173' with positive edge clock and positive level reset.

yosys> proc_memwr

2.2.10. Executing PROC_MEMWR pass (convert process memory writes to cells).

yosys> proc_clean

2.2.11. Executing PROC_CLEAN pass (remove empty switches from decision trees).
Removing empty process `vibe_dll_tx.$proc$/workspace/rtl/common/vibe_ub_fn.vh:0$5343'.
Removing empty process `vibe_dll_tx.$proc$/workspace/rtl/dll/vibe_dll_tx.sv:0$4217'.
Removing empty process `vibe_dll_tx.$proc$/workspace/rtl/dll/vibe_dll_tx.sv:0$3091'.
Removing empty process `vibe_dll_tx.$proc$/workspace/rtl/dll/vibe_dll_tx.sv:0$1965'.
Removing empty process `vibe_dll_tx.$proc$/workspace/rtl/dll/vibe_dll_tx.sv:0$840'.
Found and cleaned up 2 empty switches in `\vibe_dll_tx.$proc$/workspace/rtl/common/vibe_ub_fn.vh:0$819'.
Removing empty process `vibe_dll_tx.$proc$/workspace/rtl/common/vibe_ub_fn.vh:0$819'.
Removing empty process `vibe_dll_tx.$proc$/workspace/rtl/common/vibe_ub_fn.vh:0$815'.
Found and cleaned up 9 empty switches in `\vibe_dll_tx.$proc$/workspace/rtl/dll/vibe_dll_tx.sv:167$802'.
Removing empty process `vibe_dll_tx.$proc$/workspace/rtl/dll/vibe_dll_tx.sv:167$802'.
Found and cleaned up 17 empty switches in `\vibe_dll_tx.$proc$/workspace/rtl/dll/vibe_dll_tx.sv:132$736'.
Removing empty process `vibe_dll_tx.$proc$/workspace/rtl/dll/vibe_dll_tx.sv:132$736'.
Found and cleaned up 2 empty switches in `\vibe_dll_tx.$proc$/workspace/rtl/dll/vibe_dll_tx.sv:91$711'.
Removing empty process `vibe_dll_tx.$proc$/workspace/rtl/dll/vibe_dll_tx.sv:91$711'.
Cleaned up 30 empty switches.

yosys> opt_expr -keepdc

2.2.12. Executing OPT_EXPR pass (perform const folding).
Optimizing module vibe_dll_tx.
<suppressed ~754 debug messages>

yosys> opt_expr

2.3. Executing OPT_EXPR pass (perform const folding).
Optimizing module vibe_dll_tx.
<suppressed ~8 debug messages>

yosys> opt_clean

2.4. Executing OPT_CLEAN pass (remove unused cells and wires).
Finding unused cells or wires in module \vibe_dll_tx..
Removed 79 unused cells and 4678 unused wires.
<suppressed ~80 debug messages>

yosys> check

2.5. Executing CHECK pass (checking for obvious problems).
Checking module vibe_dll_tx...
Found and reported 0 problems.

yosys> opt -nodffe -nosdff

2.6. Executing OPT pass (performing simple optimizations).

yosys> opt_expr

2.6.1. Executing OPT_EXPR pass (perform const folding).
Optimizing module vibe_dll_tx.

yosys> opt_merge -nomux

2.6.2. Executing OPT_MERGE pass (detect identical cells).
Finding identical cells in module `\vibe_dll_tx'.
<suppressed ~1215 debug messages>
Removed a total of 405 cells.

yosys> opt_muxtree

2.6.3. Executing OPT_MUXTREE pass (detect dead branches in mux trees).
Running muxtree optimizer on module \vibe_dll_tx..
  Creating internal representation of mux trees.
  Evaluating internal representation of mux trees.
  Analyzing evaluation results.
    dead port 2/2 on $mux $procmux$5983.
    dead port 2/2 on $mux $procmux$5985.
    dead port 2/2 on $mux $procmux$5987.
    dead port 2/2 on $mux $procmux$5461.
    dead port 2/2 on $mux $procmux$5463.
    dead port 2/2 on $mux $procmux$5465.
    dead port 2/2 on $mux $procmux$6001.
    dead port 2/2 on $mux $procmux$6003.
    dead port 2/2 on $mux $procmux$6005.
    dead port 2/2 on $mux $procmux$5479.
    dead port 2/2 on $mux $procmux$5481.
    dead port 2/2 on $mux $procmux$6019.
    dead port 2/2 on $mux $procmux$6021.
    dead port 2/2 on $mux $procmux$6023.
    dead port 2/2 on $mux $procmux$5483.
    dead port 2/2 on $mux $procmux$6037.
    dead port 2/2 on $mux $procmux$6039.
    dead port 2/2 on $mux $procmux$6041.
    dead port 2/2 on $mux $procmux$5497.
    dead port 2/2 on $mux $procmux$5499.
    dead port 2/2 on $mux $procmux$5501.
    dead port 2/2 on $mux $procmux$6055.
    dead port 2/2 on $mux $procmux$6057.
    dead port 2/2 on $mux $procmux$6059.
    dead port 2/2 on $mux $procmux$5515.
    dead port 2/2 on $mux $procmux$5517.
    dead port 2/2 on $mux $procmux$6073.
    dead port 2/2 on $mux $procmux$6075.
    dead port 2/2 on $mux $procmux$6077.
    dead port 2/2 on $mux $procmux$6093.
    dead port 2/2 on $mux $procmux$6095.
    dead port 2/2 on $mux $procmux$6102.
    dead port 2/2 on $mux $procmux$6104.
    dead port 2/2 on $mux $procmux$6111.
    dead port 2/2 on $mux $procmux$6113.
    dead port 2/2 on $mux $procmux$6120.
    dead port 2/2 on $mux $procmux$6122.
    dead port 2/2 on $mux $procmux$6129.
    dead port 2/2 on $mux $procmux$6131.
    dead port 2/2 on $mux $procmux$6138.
    dead port 2/2 on $mux $procmux$6140.
    dead port 2/2 on $mux $procmux$6147.
    dead port 2/2 on $mux $procmux$6149.
    dead port 2/2 on $mux $procmux$6156.
    dead port 2/2 on $mux $procmux$6158.
    dead port 2/2 on $mux $procmux$6194.
    dead port 2/2 on $mux $procmux$6200.
    dead port 2/2 on $mux $procmux$6206.
    dead port 2/2 on $mux $procmux$6212.
    dead port 2/2 on $mux $procmux$6218.
    dead port 2/2 on $mux $procmux$6224.
    dead port 2/2 on $mux $procmux$6230.
    dead port 2/2 on $mux $procmux$6236.
    dead port 2/2 on $mux $procmux$6242.
    dead port 2/2 on $mux $procmux$6279.
    dead port 2/2 on $mux $procmux$6281.
    dead port 2/2 on $mux $procmux$5519.
    dead port 2/2 on $mux $procmux$6294.
    dead port 2/2 on $mux $procmux$6296.
    dead port 2/2 on $mux $procmux$5533.
    dead port 2/2 on $mux $procmux$5535.
    dead port 2/2 on $mux $procmux$5537.
    dead port 2/2 on $mux $procmux$6309.
    dead port 2/2 on $mux $procmux$6311.
    dead port 2/2 on $mux $procmux$5551.
    dead port 2/2 on $mux $procmux$5553.
    dead port 2/2 on $mux $procmux$6324.
    dead port 2/2 on $mux $procmux$6326.
    dead port 2/2 on $mux $procmux$5555.
    dead port 2/2 on $mux $procmux$6339.
    dead port 2/2 on $mux $procmux$6341.
    dead port 2/2 on $mux $procmux$5569.
    dead port 2/2 on $mux $procmux$5571.
    dead port 2/2 on $mux $procmux$5573.
    dead port 2/2 on $mux $procmux$6354.
    dead port 2/2 on $mux $procmux$6356.
    dead port 2/2 on $mux $procmux$5587.
    dead port 2/2 on $mux $procmux$5589.
    dead port 2/2 on $mux $procmux$6369.
    dead port 2/2 on $mux $procmux$6371.
    dead port 2/2 on $mux $procmux$5591.
    dead port 2/2 on $mux $procmux$5598.
    dead port 2/2 on $mux $procmux$5600.
    dead port 2/2 on $mux $procmux$5607.
    dead port 2/2 on $mux $procmux$5609.
    dead port 2/2 on $mux $procmux$6384.
    dead port 2/2 on $mux $procmux$6386.
    dead port 2/2 on $mux $procmux$6392.
    dead port 2/2 on $mux $procmux$6398.
    dead port 2/2 on $mux $procmux$6404.
    dead port 2/2 on $mux $procmux$6410.
    dead port 2/2 on $mux $procmux$6416.
    dead port 2/2 on $mux $procmux$6422.
    dead port 2/2 on $mux $procmux$6428.
    dead port 2/2 on $mux $procmux$6434.
    dead port 2/2 on $mux $procmux$6459.
    dead port 2/2 on $mux $procmux$6461.
    dead port 2/2 on $mux $procmux$5616.
    dead port 2/2 on $mux $procmux$5618.
    dead port 2/2 on $mux $procmux$5625.
    dead port 2/2 on $mux $procmux$5627.
    dead port 2/2 on $mux $procmux$5634.
    dead port 2/2 on $mux $procmux$5636.
    dead port 2/2 on $mux $procmux$6474.
    dead port 2/2 on $mux $procmux$6476.
    dead port 2/2 on $mux $procmux$5643.
    dead port 2/2 on $mux $procmux$5645.
    dead port 2/2 on $mux $procmux$5652.
    dead port 2/2 on $mux $procmux$5654.
    dead port 2/2 on $mux $procmux$5661.
    dead port 2/2 on $mux $procmux$6489.
    dead port 2/2 on $mux $procmux$6491.
    dead port 2/2 on $mux $procmux$5663.
    dead port 2/2 on $mux $procmux$5670.
    dead port 2/2 on $mux $procmux$5672.
    dead port 2/2 on $mux $procmux$6504.
    dead port 2/2 on $mux $procmux$6506.
    dead port 2/2 on $mux $procmux$5704.
    dead port 2/2 on $mux $procmux$5706.
    dead port 2/2 on $mux $procmux$5708.
    dead port 2/2 on $mux $procmux$6519.
    dead port 2/2 on $mux $procmux$6521.
    dead port 2/2 on $mux $procmux$6534.
    dead port 2/2 on $mux $procmux$6536.
    dead port 2/2 on $mux $procmux$5722.
    dead port 2/2 on $mux $procmux$5724.
    dead port 2/2 on $mux $procmux$5726.
    dead port 2/2 on $mux $procmux$6549.
    dead port 2/2 on $mux $procmux$6551.
    dead port 2/2 on $mux $procmux$5740.
    dead port 2/2 on $mux $procmux$5742.
    dead port 2/2 on $mux $procmux$5744.
    dead port 2/2 on $mux $procmux$6564.
    dead port 2/2 on $mux $procmux$6566.
    dead port 2/2 on $mux $procmux$6639.
    dead port 2/2 on $mux $procmux$6641.
    dead port 2/2 on $mux $procmux$6654.
    dead port 2/2 on $mux $procmux$6656.
    dead port 2/2 on $mux $procmux$5758.
    dead port 2/2 on $mux $procmux$5760.
    dead port 2/2 on $mux $procmux$5762.
    dead port 2/2 on $mux $procmux$6669.
    dead port 2/2 on $mux $procmux$6671.
    dead port 2/2 on $mux $procmux$5776.
    dead port 2/2 on $mux $procmux$5778.
    dead port 2/2 on $mux $procmux$5780.
    dead port 2/2 on $mux $procmux$6684.
    dead port 2/2 on $mux $procmux$6686.
    dead port 2/2 on $mux $procmux$6699.
    dead port 2/2 on $mux $procmux$6701.
    dead port 2/2 on $mux $procmux$5794.
    dead port 2/2 on $mux $procmux$5796.
    dead port 2/2 on $mux $procmux$5798.
    dead port 2/2 on $mux $procmux$6714.
    dead port 2/2 on $mux $procmux$6716.
    dead port 2/2 on $mux $procmux$5812.
    dead port 2/2 on $mux $procmux$5814.
    dead port 2/2 on $mux $procmux$5816.
    dead port 2/2 on $mux $procmux$6729.
    dead port 2/2 on $mux $procmux$6731.
    dead port 2/2 on $mux $procmux$6744.
    dead port 2/2 on $mux $procmux$6746.
    dead port 2/2 on $mux $procmux$6752.
    dead port 2/2 on $mux $procmux$6758.
    dead port 2/2 on $mux $procmux$6764.
    dead port 2/2 on $mux $procmux$6770.
    dead port 2/2 on $mux $procmux$6776.
    dead port 2/2 on $mux $procmux$6782.
    dead port 2/2 on $mux $procmux$6788.
    dead port 2/2 on $mux $procmux$6794.
    dead port 2/2 on $mux $procmux$6819.
    dead port 2/2 on $mux $procmux$6821.
    dead port 2/2 on $mux $procmux$5830.
    dead port 2/2 on $mux $procmux$5832.
    dead port 2/2 on $mux $procmux$5834.
    dead port 2/2 on $mux $procmux$6834.
    dead port 2/2 on $mux $procmux$6836.
    dead port 2/2 on $mux $procmux$5850.
    dead port 2/2 on $mux $procmux$5852.
    dead port 2/2 on $mux $procmux$5859.
    dead port 2/2 on $mux $procmux$5861.
    dead port 2/2 on $mux $procmux$5868.
    dead port 2/2 on $mux $procmux$5870.
    dead port 2/2 on $mux $procmux$6849.
    dead port 2/2 on $mux $procmux$6851.
    dead port 2/2 on $mux $procmux$5877.
    dead port 2/2 on $mux $procmux$5879.
    dead port 2/2 on $mux $procmux$5886.
    dead port 2/2 on $mux $procmux$5888.
    dead port 2/2 on $mux $procmux$5895.
    dead port 2/2 on $mux $procmux$6864.
    dead port 2/2 on $mux $procmux$6866.
    dead port 2/2 on $mux $procmux$5897.
    dead port 2/2 on $mux $procmux$5904.
    dead port 2/2 on $mux $procmux$5906.
    dead port 2/2 on $mux $procmux$5913.
    dead port 2/2 on $mux $procmux$5915.
    dead port 2/2 on $mux $procmux$6879.
    dead port 2/2 on $mux $procmux$6881.
    dead port 2/2 on $mux $procmux$6894.
    dead port 2/2 on $mux $procmux$6896.
    dead port 2/2 on $mux $procmux$5947.
    dead port 2/2 on $mux $procmux$5949.
    dead port 2/2 on $mux $procmux$5951.
    dead port 2/2 on $mux $procmux$6909.
    dead port 2/2 on $mux $procmux$6911.
    dead port 2/2 on $mux $procmux$5965.
    dead port 2/2 on $mux $procmux$5967.
    dead port 2/2 on $mux $procmux$5969.
    dead port 2/2 on $mux $procmux$6924.
    dead port 2/2 on $mux $procmux$6926.
Removed 211 multiplexer ports.
<suppressed ~105 debug messages>

yosys> opt_reduce

2.6.4. Executing OPT_REDUCE pass (consolidate $*mux and $reduce_* inputs).
  Optimizing cells in module \vibe_dll_tx.
    New ctrl vector for $pmux cell $procmux$6450: { $procmux$6458_CMP $auto$opt_reduce.cc:137:opt_pmux$7179 }
    New ctrl vector for $pmux cell $procmux$5470: { $auto$opt_reduce.cc:137:opt_pmux$7181 $procmux$5453_CMP }
    New ctrl vector for $pmux cell $procmux$6465: { $auto$opt_reduce.cc:137:opt_pmux$7183 $procmux$6451_CMP }
    New ctrl vector for $pmux cell $procmux$6046: { $procmux$5944_CMP $auto$opt_reduce.cc:137:opt_pmux$7185 }
    New ctrl vector for $pmux cell $procmux$6480: { $procmux$6452_CMP $auto$opt_reduce.cc:137:opt_pmux$7187 }
    New ctrl vector for $pmux cell $procmux$5452: { $procmux$5460_CMP $auto$opt_reduce.cc:137:opt_pmux$7189 }
    New ctrl vector for $pmux cell $procmux$6495: { $procmux$6453_CMP $auto$opt_reduce.cc:137:opt_pmux$7191 }
    New ctrl vector for $pmux cell $procmux$5506: { $procmux$5455_CMP $auto$opt_reduce.cc:137:opt_pmux$7193 }
    New ctrl vector for $pmux cell $procmux$5695: { $procmux$5703_CMP $auto$opt_reduce.cc:137:opt_pmux$7195 }
    New ctrl vector for $pmux cell $procmux$6270: { $procmux$6278_CMP $auto$opt_reduce.cc:137:opt_pmux$7197 }
    New ctrl vector for $pmux cell $procmux$6510: { $procmux$6454_CMP $auto$opt_reduce.cc:137:opt_pmux$7199 }
    New ctrl vector for $pmux cell $procmux$6525: { $procmux$6455_CMP $auto$opt_reduce.cc:137:opt_pmux$7201 }
    New ctrl vector for $pmux cell $procmux$5713: { $auto$opt_reduce.cc:137:opt_pmux$7203 $procmux$5696_CMP }
    New ctrl vector for $pmux cell $procmux$6540: { $procmux$6456_CMP $auto$opt_reduce.cc:137:opt_pmux$7205 }
    New ctrl vector for $pmux cell $procmux$6285: { $auto$opt_reduce.cc:137:opt_pmux$7207 $procmux$6271_CMP }
    New ctrl vector for $pmux cell $procmux$5731: { $procmux$5697_CMP $auto$opt_reduce.cc:137:opt_pmux$7209 }
    New ctrl vector for $pmux cell $procmux$6010: { $procmux$5942_CMP $auto$opt_reduce.cc:137:opt_pmux$7211 }
    New ctrl vector for $pmux cell $procmux$5524: { $procmux$5456_CMP $auto$opt_reduce.cc:137:opt_pmux$7213 }
    New ctrl vector for $pmux cell $procmux$6555: { $procmux$6457_CMP $auto$opt_reduce.cc:137:opt_pmux$7215 }
    New ctrl vector for $pmux cell $procmux$6630: { $procmux$6638_CMP $auto$opt_reduce.cc:137:opt_pmux$7217 }
    New ctrl vector for $pmux cell $procmux$6645: { $auto$opt_reduce.cc:137:opt_pmux$7219 $procmux$6631_CMP }
    New ctrl vector for $pmux cell $procmux$5749: { $procmux$5698_CMP $auto$opt_reduce.cc:137:opt_pmux$7221 }
    New ctrl vector for $pmux cell $procmux$6064: { $procmux$5945_CMP $auto$opt_reduce.cc:137:opt_pmux$7223 }
    New ctrl vector for $pmux cell $procmux$6300: { $procmux$6272_CMP $auto$opt_reduce.cc:137:opt_pmux$7225 }
    New ctrl vector for $pmux cell $procmux$6660: { $procmux$6632_CMP $auto$opt_reduce.cc:137:opt_pmux$7227 }
    New ctrl vector for $pmux cell $procmux$5767: { $procmux$5699_CMP $auto$opt_reduce.cc:137:opt_pmux$7229 }
    New ctrl vector for $pmux cell $procmux$6675: { $procmux$6633_CMP $auto$opt_reduce.cc:137:opt_pmux$7231 }
    New ctrl vector for $pmux cell $procmux$5542: { $procmux$5457_CMP $auto$opt_reduce.cc:137:opt_pmux$7233 }
    New ctrl vector for $pmux cell $procmux$6690: { $procmux$6634_CMP $auto$opt_reduce.cc:137:opt_pmux$7235 }
    New ctrl vector for $pmux cell $procmux$5785: { $procmux$5700_CMP $auto$opt_reduce.cc:137:opt_pmux$7237 }
    New ctrl vector for $pmux cell $procmux$6315: { $procmux$6273_CMP $auto$opt_reduce.cc:137:opt_pmux$7239 }
    New ctrl vector for $pmux cell $procmux$6705: { $procmux$6635_CMP $auto$opt_reduce.cc:137:opt_pmux$7241 }
    New ctrl vector for $pmux cell $procmux$5803: { $procmux$5701_CMP $auto$opt_reduce.cc:137:opt_pmux$7243 }
    New ctrl vector for $pmux cell $procmux$6720: { $procmux$6636_CMP $auto$opt_reduce.cc:137:opt_pmux$7245 }
    New ctrl vector for $pmux cell $procmux$6330: { $procmux$6274_CMP $auto$opt_reduce.cc:137:opt_pmux$7247 }
    New ctrl vector for $pmux cell $procmux$6735: { $procmux$6637_CMP $auto$opt_reduce.cc:137:opt_pmux$7249 }
    New ctrl vector for $pmux cell $procmux$5821: { $procmux$5702_CMP $auto$opt_reduce.cc:137:opt_pmux$7251 }
    New ctrl vector for $pmux cell $procmux$5560: { $procmux$5458_CMP $auto$opt_reduce.cc:137:opt_pmux$7253 }
    New ctrl vector for $pmux cell $procmux$6810: { $procmux$6818_CMP $auto$opt_reduce.cc:137:opt_pmux$7255 }
    New ctrl vector for $pmux cell $procmux$6345: { $procmux$6275_CMP $auto$opt_reduce.cc:137:opt_pmux$7257 }
    New ctrl vector for $pmux cell $procmux$6825: { $auto$opt_reduce.cc:137:opt_pmux$7259 $procmux$6811_CMP }
    New ctrl vector for $pmux cell $procmux$5578: { $procmux$5459_CMP $auto$opt_reduce.cc:137:opt_pmux$7261 }
    New ctrl vector for $pmux cell $procmux$6840: { $procmux$6812_CMP $auto$opt_reduce.cc:137:opt_pmux$7263 }
    New ctrl vector for $pmux cell $procmux$5992: { $procmux$5941_CMP $auto$opt_reduce.cc:137:opt_pmux$7265 }
    New ctrl vector for $pmux cell $procmux$6360: { $procmux$6276_CMP $auto$opt_reduce.cc:137:opt_pmux$7267 }
    New ctrl vector for $pmux cell $procmux$6855: { $procmux$6813_CMP $auto$opt_reduce.cc:137:opt_pmux$7269 }
    New ctrl vector for $pmux cell $procmux$6870: { $procmux$6814_CMP $auto$opt_reduce.cc:137:opt_pmux$7271 }
    New ctrl vector for $pmux cell $procmux$6375: { $procmux$6277_CMP $auto$opt_reduce.cc:137:opt_pmux$7273 }
    New ctrl vector for $pmux cell $procmux$6028: { $procmux$5943_CMP $auto$opt_reduce.cc:137:opt_pmux$7275 }
    New ctrl vector for $pmux cell $procmux$5938: { $procmux$5946_CMP $auto$opt_reduce.cc:137:opt_pmux$7277 }
    New ctrl vector for $pmux cell $procmux$6885: { $procmux$6815_CMP $auto$opt_reduce.cc:137:opt_pmux$7279 }
    New ctrl vector for $pmux cell $procmux$5488: { $procmux$5454_CMP $auto$opt_reduce.cc:137:opt_pmux$7281 }
    New ctrl vector for $pmux cell $procmux$6900: { $procmux$6816_CMP $auto$opt_reduce.cc:137:opt_pmux$7283 }
    New ctrl vector for $pmux cell $procmux$5956: { $auto$opt_reduce.cc:137:opt_pmux$7285 $procmux$5939_CMP }
    New ctrl vector for $pmux cell $procmux$6915: { $procmux$6817_CMP $auto$opt_reduce.cc:137:opt_pmux$7287 }
    New ctrl vector for $pmux cell $procmux$5974: { $procmux$5940_CMP $auto$opt_reduce.cc:137:opt_pmux$7289 }
  Optimizing cells in module \vibe_dll_tx.
Performed a total of 56 changes.

yosys> opt_merge

2.6.5. Executing OPT_MERGE pass (detect identical cells).
Finding identical cells in module `\vibe_dll_tx'.
<suppressed ~3 debug messages>
Removed a total of 1 cells.

yosys> opt_dff -nodffe -nosdff

2.6.6. Executing OPT_DFF pass (perform DFF optimizations).

yosys> opt_clean

2.6.7. Executing OPT_CLEAN pass (remove unused cells and wires).
Finding unused cells or wires in module \vibe_dll_tx..
Removed 0 unused cells and 617 unused wires.
<suppressed ~1 debug messages>

yosys> opt_expr

2.6.8. Executing OPT_EXPR pass (perform const folding).
Optimizing module vibe_dll_tx.

2.6.9. Rerunning OPT passes. (Maybe there is more to do..)

yosys> opt_muxtree

2.6.10. Executing OPT_MUXTREE pass (detect dead branches in mux trees).
Running muxtree optimizer on module \vibe_dll_tx..
  Creating internal representation of mux trees.
  Evaluating internal representation of mux trees.
  Analyzing evaluation results.
    dead port 2/2 on $mux $procmux$6932.
    dead port 2/2 on $mux $procmux$6938.
    dead port 2/2 on $mux $procmux$6944.
    dead port 2/2 on $mux $procmux$6950.
    dead port 2/2 on $mux $procmux$6956.
    dead port 2/2 on $mux $procmux$6962.
    dead port 2/2 on $mux $procmux$6968.
    dead port 2/2 on $mux $procmux$6974.
Removed 8 multiplexer ports.
<suppressed ~90 debug messages>

yosys> opt_reduce

2.6.11. Executing OPT_REDUCE pass (consolidate $*mux and $reduce_* inputs).
  Optimizing cells in module \vibe_dll_tx.
Performed a total of 0 changes.

yosys> opt_merge

2.6.12. Executing OPT_MERGE pass (detect identical cells).
Finding identical cells in module `\vibe_dll_tx'.
Removed a total of 0 cells.

yosys> opt_dff -nodffe -nosdff

2.6.13. Executing OPT_DFF pass (perform DFF optimizations).

yosys> opt_clean

2.6.14. Executing OPT_CLEAN pass (remove unused cells and wires).
Finding unused cells or wires in module \vibe_dll_tx..
Removed 0 unused cells and 8 unused wires.
<suppressed ~1 debug messages>

yosys> opt_expr

2.6.15. Executing OPT_EXPR pass (perform const folding).
Optimizing module vibe_dll_tx.

2.6.16. Rerunning OPT passes. (Maybe there is more to do..)

yosys> opt_muxtree

2.6.17. Executing OPT_MUXTREE pass (detect dead branches in mux trees).
Running muxtree optimizer on module \vibe_dll_tx..
  Creating internal representation of mux trees.
  Evaluating internal representation of mux trees.
  Analyzing evaluation results.
Removed 0 multiplexer ports.
<suppressed ~90 debug messages>

yosys> opt_reduce

2.6.18. Executing OPT_REDUCE pass (consolidate $*mux and $reduce_* inputs).
  Optimizing cells in module \vibe_dll_tx.
Performed a total of 0 changes.

yosys> opt_merge

2.6.19. Executing OPT_MERGE pass (detect identical cells).
Finding identical cells in module `\vibe_dll_tx'.
Removed a total of 0 cells.

yosys> opt_dff -nodffe -nosdff

2.6.20. Executing OPT_DFF pass (perform DFF optimizations).

yosys> opt_clean

2.6.21. Executing OPT_CLEAN pass (remove unused cells and wires).
Finding unused cells or wires in module \vibe_dll_tx..

yosys> opt_expr

2.6.22. Executing OPT_EXPR pass (perform const folding).
Optimizing module vibe_dll_tx.

2.6.23. Finished OPT passes. (There is nothing left to do.)

yosys> fsm

2.7. Executing FSM pass (extract and optimize FSM).

yosys> fsm_detect

2.7.1. Executing FSM_DETECT pass (finding FSMs in design).

yosys> fsm_extract

2.7.2. Executing FSM_EXTRACT pass (extracting FSM from design).

yosys> fsm_opt

2.7.3. Executing FSM_OPT pass (simple optimizations of FSMs).

yosys> opt_clean

2.7.4. Executing OPT_CLEAN pass (remove unused cells and wires).
Finding unused cells or wires in module \vibe_dll_tx..

yosys> fsm_opt

2.7.5. Executing FSM_OPT pass (simple optimizations of FSMs).

yosys> fsm_recode

2.7.6. Executing FSM_RECODE pass (re-assigning FSM state encoding).

yosys> fsm_info

2.7.7. Executing FSM_INFO pass (dumping all available information on FSM cells).

yosys> fsm_map

2.7.8. Executing FSM_MAP pass (mapping FSMs to basic logic).

yosys> opt

2.8. Executing OPT pass (performing simple optimizations).

yosys> opt_expr

2.8.1. Executing OPT_EXPR pass (perform const folding).
Optimizing module vibe_dll_tx.

yosys> opt_merge -nomux

2.8.2. Executing OPT_MERGE pass (detect identical cells).
Finding identical cells in module `\vibe_dll_tx'.
Removed a total of 0 cells.

yosys> opt_muxtree

2.8.3. Executing OPT_MUXTREE pass (detect dead branches in mux trees).
Running muxtree optimizer on module \vibe_dll_tx..
  Creating internal representation of mux trees.
  Evaluating internal representation of mux trees.
  Analyzing evaluation results.
Removed 0 multiplexer ports.
<suppressed ~90 debug messages>

yosys> opt_reduce

2.8.4. Executing OPT_REDUCE pass (consolidate $*mux and $reduce_* inputs).
  Optimizing cells in module \vibe_dll_tx.
Performed a total of 0 changes.

yosys> opt_merge

2.8.5. Executing OPT_MERGE pass (detect identical cells).
Finding identical cells in module `\vibe_dll_tx'.
Removed a total of 0 cells.

yosys> opt_dff

2.8.6. Executing OPT_DFF pass (perform DFF optimizations).
Adding EN signal on $procdff$7173 ($adff) from module vibe_dll_tx (D = \fq_nxt[7], Q = \fq[7]).
Adding EN signal on $procdff$7168 ($adff) from module vibe_dll_tx (D = \fq_nxt[6], Q = \fq[6]).
Adding EN signal on $procdff$7163 ($adff) from module vibe_dll_tx (D = \fq_nxt[5], Q = \fq[5]).
Adding EN signal on $procdff$7158 ($adff) from module vibe_dll_tx (D = \fq_nxt[4], Q = \fq[4]).
Adding EN signal on $procdff$7153 ($adff) from module vibe_dll_tx (D = \fq_nxt[3], Q = \fq[3]).
Adding EN signal on $procdff$7148 ($adff) from module vibe_dll_tx (D = \fq_nxt[2], Q = \fq[2]).
Adding EN signal on $procdff$7143 ($adff) from module vibe_dll_tx (D = \fq_nxt[1], Q = \fq[1]).
Adding EN signal on $procdff$7138 ($adff) from module vibe_dll_tx (D = \fq_nxt[0], Q = \fq[0]).
Adding EN signal on $procdff$7121 ($adff) from module vibe_dll_tx (D = $0\pkt_left[15:0], Q = \pkt_left).
Adding EN signal on $procdff$7116 ($adff) from module vibe_dll_tx (D = $0\pkt_act[0:0], Q = \pkt_act).
Adding EN signal on $procdff$7111 ($adff) from module vibe_dll_tx (D = $0\rem_b[4:0], Q = \rem_b).
Adding EN signal on $procdff$7106 ($adff) from module vibe_dll_tx (D = $0\rem_lj[159:0], Q = \rem_lj).
Adding EN signal on $procdff$7101 ($adff) from module vibe_dll_tx (D = $0\pcs_vld[0:0], Q = \pcs_vld).
Adding EN signal on $procdff$7096 ($adff) from module vibe_dll_tx (D = $procmux$5444_Y, Q = \pcs_data).

yosys> opt_clean

2.8.7. Executing OPT_CLEAN pass (remove unused cells and wires).
Finding unused cells or wires in module \vibe_dll_tx..
Removed 9 unused cells and 9 unused wires.
<suppressed ~10 debug messages>

yosys> opt_expr

2.8.8. Executing OPT_EXPR pass (perform const folding).
Optimizing module vibe_dll_tx.
<suppressed ~1 debug messages>

2.8.9. Rerunning OPT passes. (Maybe there is more to do..)

yosys> opt_muxtree

2.8.10. Executing OPT_MUXTREE pass (detect dead branches in mux trees).
Running muxtree optimizer on module \vibe_dll_tx..
  Creating internal representation of mux trees.
  Evaluating internal representation of mux trees.
  Analyzing evaluation results.
Removed 0 multiplexer ports.
<suppressed ~106 debug messages>

yosys> opt_reduce

2.8.11. Executing OPT_REDUCE pass (consolidate $*mux and $reduce_* inputs).
  Optimizing cells in module \vibe_dll_tx.
Performed a total of 0 changes.

yosys> opt_merge

2.8.12. Executing OPT_MERGE pass (detect identical cells).
Finding identical cells in module `\vibe_dll_tx'.
<suppressed ~9 debug messages>
Removed a total of 3 cells.

yosys> opt_dff

2.8.13. Executing OPT_DFF pass (perform DFF optimizations).

yosys> opt_clean

2.8.14. Executing OPT_CLEAN pass (remove unused cells and wires).
Finding unused cells or wires in module \vibe_dll_tx..
Removed 0 unused cells and 3 unused wires.
<suppressed ~1 debug messages>

yosys> opt_expr

2.8.15. Executing OPT_EXPR pass (perform const folding).
Optimizing module vibe_dll_tx.

2.8.16. Rerunning OPT passes. (Maybe there is more to do..)

yosys> opt_muxtree

2.8.17. Executing OPT_MUXTREE pass (detect dead branches in mux trees).
Running muxtree optimizer on module \vibe_dll_tx..
  Creating internal representation of mux trees.
  Evaluating internal representation of mux trees.
  Analyzing evaluation results.
Removed 0 multiplexer ports.
<suppressed ~106 debug messages>

yosys> opt_reduce

2.8.18. Executing OPT_REDUCE pass (consolidate $*mux and $reduce_* inputs).
  Optimizing cells in module \vibe_dll_tx.
Performed a total of 0 changes.

yosys> opt_merge

2.8.19. Executing OPT_MERGE pass (detect identical cells).
Finding identical cells in module `\vibe_dll_tx'.
Removed a total of 0 cells.

yosys> opt_dff

2.8.20. Executing OPT_DFF pass (perform DFF optimizations).

yosys> opt_clean

2.8.21. Executing OPT_CLEAN pass (remove unused cells and wires).
Finding unused cells or wires in module \vibe_dll_tx..

yosys> opt_expr

2.8.22. Executing OPT_EXPR pass (perform const folding).
Optimizing module vibe_dll_tx.

2.8.23. Finished OPT passes. (There is nothing left to do.)

yosys> wreduce

2.9. Executing WREDUCE pass (reducing word size of cells).
Removed top 3 bits (of 8) from port B of cell vibe_dll_tx.$div$/workspace/rtl/dll/vibe_dll_tx.sv:62$709 ($div).
Removed top 3 bits (of 8) from port B of cell vibe_dll_tx.$mod$/workspace/rtl/dll/vibe_dll_tx.sv:63$710 ($mod).
Removed top 1 bits (of 4) from port B of cell vibe_dll_tx.$ge$/workspace/rtl/dll/vibe_dll_tx.sv:48$673 ($ge).
Removed top 1 bits (of 4) from mux cell vibe_dll_tx.$ternary$/workspace/rtl/dll/vibe_dll_tx.sv:50$685 ($mux).
Removed top 1 bits (of 4) from port B of cell vibe_dll_tx.$sub$/workspace/rtl/dll/vibe_dll_tx.sv:50$686 ($sub).
Removed top 1 bits (of 4) from port B of cell vibe_dll_tx.$le$/workspace/rtl/dll/vibe_dll_tx.sv:55$703 ($le).
Removed top 9 bits (of 16) from port B of cell vibe_dll_tx.$gt$/workspace/rtl/dll/vibe_dll_tx.sv:60$706 ($gt).
Removed top 3 bits (of 8) from port A of cell vibe_dll_tx.$add$/workspace/rtl/dll/vibe_dll_tx.sv:61$708 ($add).
Removed top 1 bits (of 8) from port B of cell vibe_dll_tx.$add$/workspace/rtl/dll/vibe_dll_tx.sv:61$708 ($add).
Removed top 21 bits (of 32) from port A of cell vibe_dll_tx.$sub$/workspace/rtl/dll/vibe_dll_tx.sv:101$719 ($sub).
Removed top 21 bits (of 32) from port B of cell vibe_dll_tx.$sub$/workspace/rtl/dll/vibe_dll_tx.sv:101$719 ($sub).
Converting cell vibe_dll_tx.$sub$/workspace/rtl/dll/vibe_dll_tx.sv:101$719 ($sub) from signed to unsigned.
Removed top 20 bits (of 32) from port Y of cell vibe_dll_tx.$sub$/workspace/rtl/dll/vibe_dll_tx.sv:101$719 ($sub).
Removed top 1 bits (of 11) from port A of cell vibe_dll_tx.$sub$/workspace/rtl/dll/vibe_dll_tx.sv:101$719 ($sub).
Removed top 1 bits (of 11) from port B of cell vibe_dll_tx.$sub$/workspace/rtl/dll/vibe_dll_tx.sv:101$719 ($sub).
Removed top 1 bits (of 12) from port Y of cell vibe_dll_tx.$sub$/workspace/rtl/dll/vibe_dll_tx.sv:101$719 ($sub).
Removed top 23 bits (of 32) from port A of cell vibe_dll_tx.$sub$/workspace/rtl/dll/vibe_dll_tx.sv:102$722 ($sub).
Removed top 23 bits (of 32) from port B of cell vibe_dll_tx.$sub$/workspace/rtl/dll/vibe_dll_tx.sv:102$722 ($sub).
Converting cell vibe_dll_tx.$sub$/workspace/rtl/dll/vibe_dll_tx.sv:102$722 ($sub) from signed to unsigned.
Removed top 22 bits (of 32) from port Y of cell vibe_dll_tx.$sub$/workspace/rtl/dll/vibe_dll_tx.sv:102$722 ($sub).
Removed top 1 bits (of 9) from port A of cell vibe_dll_tx.$sub$/workspace/rtl/dll/vibe_dll_tx.sv:102$722 ($sub).
Removed top 1 bits (of 9) from port B of cell vibe_dll_tx.$sub$/workspace/rtl/dll/vibe_dll_tx.sv:102$722 ($sub).
Removed top 1 bits (of 10) from port Y of cell vibe_dll_tx.$sub$/workspace/rtl/dll/vibe_dll_tx.sv:102$722 ($sub).
Removed top 160 bits (of 672) from port A of cell vibe_dll_tx.$shl$/workspace/rtl/dll/vibe_dll_tx.sv:103$723 ($shl).
Removed top 8 bits (of 11) from port B of cell vibe_dll_tx.$mul$/workspace/rtl/dll/vibe_dll_tx.sv:110$725 ($mul).
Removed top 5 bits (of 11) from port Y of cell vibe_dll_tx.$mul$/workspace/rtl/dll/vibe_dll_tx.sv:110$725 ($mul).
Removed top 5 bits (of 16) from port B of cell vibe_dll_tx.$shl$/workspace/rtl/dll/vibe_dll_tx.sv:110$726 ($shl).
Removed top 1 bits (of 4) from port B of cell vibe_dll_tx.$sub$/workspace/rtl/dll/vibe_dll_tx.sv:141$751 ($sub).
Removed top 2 bits (of 3) from port B of cell vibe_dll_tx.$ge$/workspace/rtl/dll/vibe_dll_tx.sv:144$767 ($ge).
Removed top 1 bits (of 3) from port B of cell vibe_dll_tx.$ge$/workspace/rtl/dll/vibe_dll_tx.sv:145$770 ($ge).
Removed top 3 bits (of 4) from port B of cell vibe_dll_tx.$add$/workspace/rtl/dll/vibe_dll_tx.sv:145$773 ($add).
Removed top 1 bits (of 4) from port Y of cell vibe_dll_tx.$add$/workspace/rtl/dll/vibe_dll_tx.sv:145$773 ($add).
Removed top 1 bits (of 4) from port A of cell vibe_dll_tx.$add$/workspace/rtl/dll/vibe_dll_tx.sv:145$773 ($add).
Removed top 1 bits (of 3) from port B of cell vibe_dll_tx.$ge$/workspace/rtl/dll/vibe_dll_tx.sv:146$774 ($ge).
Removed top 2 bits (of 4) from port B of cell vibe_dll_tx.$add$/workspace/rtl/dll/vibe_dll_tx.sv:146$777 ($add).
Removed top 1 bits (of 4) from port Y of cell vibe_dll_tx.$add$/workspace/rtl/dll/vibe_dll_tx.sv:146$777 ($add).
Removed top 1 bits (of 4) from port A of cell vibe_dll_tx.$add$/workspace/rtl/dll/vibe_dll_tx.sv:146$777 ($add).
Removed top 2 bits (of 4) from port B of cell vibe_dll_tx.$add$/workspace/rtl/dll/vibe_dll_tx.sv:147$781 ($add).
Removed top 1 bits (of 4) from port Y of cell vibe_dll_tx.$add$/workspace/rtl/dll/vibe_dll_tx.sv:147$781 ($add).
Removed top 1 bits (of 4) from port A of cell vibe_dll_tx.$add$/workspace/rtl/dll/vibe_dll_tx.sv:147$781 ($add).
Removed top 1 bits (of 4) from port B of cell vibe_dll_tx.$add$/workspace/rtl/dll/vibe_dll_tx.sv:148$782 ($add).
Removed top 9 bits (of 16) from port B of cell vibe_dll_tx.$le$/workspace/rtl/dll/vibe_dll_tx.sv:150$783 ($le).
Removed top 3 bits (of 4) from port B of cell vibe_dll_tx.$add$/workspace/rtl/dll/vibe_dll_tx.sv:153$793 ($add).
Removed top 3 bits (of 4) from port B of cell vibe_dll_tx.$add$/workspace/rtl/dll/vibe_dll_tx.sv:157$797 ($add).
Removed top 3 bits (of 4) from port B of cell vibe_dll_tx.$add$/workspace/rtl/dll/vibe_dll_tx.sv:161$801 ($add).
Removed top 1 bits (of 2) from port B of cell vibe_dll_tx.$auto$opt_dff.cc:195:make_patterns_logic$7319 ($ne).
Removed top 9 bits (of 16) from port B of cell vibe_dll_tx.$sub$/workspace/rtl/dll/vibe_dll_tx.sv:215$814 ($sub).
Removed top 31 bits (of 32) from port B of cell vibe_dll_tx.$add$/workspace/rtl/common/vibe_ub_fn.vh:94$830 ($add).
Removed top 27 bits (of 32) from port Y of cell vibe_dll_tx.$add$/workspace/rtl/common/vibe_ub_fn.vh:94$830 ($add).
Removed top 31 bits (of 32) from port B of cell vibe_dll_tx.$add$/workspace/rtl/common/vibe_ub_fn.vh:95$831 ($add).
Removed top 26 bits (of 32) from port Y of cell vibe_dll_tx.$add$/workspace/rtl/common/vibe_ub_fn.vh:95$831 ($add).
Removed top 26 bits (of 32) from port A of cell vibe_dll_tx.$sub$/workspace/rtl/common/vibe_ub_fn.vh:96$832 ($sub).
Removed top 30 bits (of 32) from port B of cell vibe_dll_tx.$sub$/workspace/rtl/common/vibe_ub_fn.vh:96$832 ($sub).
Converting cell vibe_dll_tx.$sub$/workspace/rtl/common/vibe_ub_fn.vh:96$832 ($sub) from signed to unsigned.
Removed top 25 bits (of 32) from port Y of cell vibe_dll_tx.$sub$/workspace/rtl/common/vibe_ub_fn.vh:96$832 ($sub).
Removed top 1 bits (of 6) from port A of cell vibe_dll_tx.$sub$/workspace/rtl/common/vibe_ub_fn.vh:96$832 ($sub).
Removed top 1 bits (of 2) from port B of cell vibe_dll_tx.$sub$/workspace/rtl/common/vibe_ub_fn.vh:96$832 ($sub).
Removed top 1 bits (of 7) from port Y of cell vibe_dll_tx.$sub$/workspace/rtl/common/vibe_ub_fn.vh:96$832 ($sub).
Converting cell vibe_dll_tx.$add$/workspace/rtl/common/vibe_ub_fn.vh:96$834 ($add) from unsigned to signed.
Removed top 21 bits (of 32) from port A of cell vibe_dll_tx.$add$/workspace/rtl/common/vibe_ub_fn.vh:96$834 ($add).
Removed top 25 bits (of 32) from port B of cell vibe_dll_tx.$add$/workspace/rtl/common/vibe_ub_fn.vh:96$834 ($add).
Removed top 20 bits (of 32) from port Y of cell vibe_dll_tx.$add$/workspace/rtl/common/vibe_ub_fn.vh:96$834 ($add).
Removed top 20 bits (of 32) from port A of cell vibe_dll_tx.$lt$/workspace/rtl/common/vibe_ub_fn.vh:97$835 ($lt).
Removed top 30 bits (of 32) from port B of cell vibe_dll_tx.$lt$/workspace/rtl/common/vibe_ub_fn.vh:97$835 ($lt).
Removed top 21 bits (of 32) from port B of cell vibe_dll_tx.$gt$/workspace/rtl/common/vibe_ub_fn.vh:98$837 ($gt).
Removed top 11 bits (of 14) from port B of cell vibe_dll_tx.$mul$/workspace/rtl/common/vibe_ub_fn.vh:116$839 ($mul).
Removed top 16 bits (of 30) from port Y of cell vibe_dll_tx.$mul$/workspace/rtl/common/vibe_ub_fn.vh:116$839 ($mul).
Removed top 1 bits (of 29) from port A of cell vibe_dll_tx.$auto$opt_expr.cc:716:replace_const_cells$7176 ($not).
Removed top 1 bits (of 30) from port B of cell vibe_dll_tx.$xor$/workspace/rtl/dll/vibe_dll_tx.sv:71$1490 ($xor).
Removed top 1 bits (of 30) from port B of cell vibe_dll_tx.$xor$/workspace/rtl/dll/vibe_dll_tx.sv:71$1493 ($xor).
Removed top 1 bits (of 30) from port B of cell vibe_dll_tx.$xor$/workspace/rtl/dll/vibe_dll_tx.sv:71$1496 ($xor).
Removed top 1 bits (of 30) from port B of cell vibe_dll_tx.$xor$/workspace/rtl/dll/vibe_dll_tx.sv:71$1499 ($xor).
Removed top 1 bits (of 30) from port B of cell vibe_dll_tx.$xor$/workspace/rtl/dll/vibe_dll_tx.sv:71$1502 ($xor).
Removed top 1 bits (of 30) from port B of cell vibe_dll_tx.$xor$/workspace/rtl/dll/vibe_dll_tx.sv:71$1505 ($xor).
Removed top 1 bits (of 30) from port B of cell vibe_dll_tx.$xor$/workspace/rtl/dll/vibe_dll_tx.sv:71$1508 ($xor).
Removed top 1 bits (of 30) from port B of cell vibe_dll_tx.$xor$/workspace/rtl/dll/vibe_dll_tx.sv:71$1511 ($xor).
Removed top 1 bits (of 30) from port B of cell vibe_dll_tx.$xor$/workspace/rtl/dll/vibe_dll_tx.sv:71$1514 ($xor).
Removed top 1 bits (of 30) from port B of cell vibe_dll_tx.$xor$/workspace/rtl/dll/vibe_dll_tx.sv:71$1517 ($xor).
Removed top 1 bits (of 30) from port B of cell vibe_dll_tx.$xor$/workspace/rtl/dll/vibe_dll_tx.sv:71$1520 ($xor).
Removed top 1 bits (of 30) from port B of cell vibe_dll_tx.$xor$/workspace/rtl/dll/vibe_dll_tx.sv:71$1523 ($xor).
Removed top 1 bits (of 30) from port B of cell vibe_dll_tx.$xor$/workspace/rtl/dll/vibe_dll_tx.sv:71$1526 ($xor).
Removed top 1 bits (of 30) from port B of cell vibe_dll_tx.$xor$/workspace/rtl/dll/vibe_dll_tx.sv:71$1529 ($xor).
Removed top 1 bits (of 30) from port B of cell vibe_dll_tx.$xor$/workspace/rtl/dll/vibe_dll_tx.sv:71$1532 ($xor).
Removed top 1 bits (of 30) from port B of cell vibe_dll_tx.$xor$/workspace/rtl/dll/vibe_dll_tx.sv:71$1535 ($xor).
Removed top 1 bits (of 30) from port B of cell vibe_dll_tx.$xor$/workspace/rtl/dll/vibe_dll_tx.sv:71$1538 ($xor).
Removed top 1 bits (of 30) from port B of cell vibe_dll_tx.$xor$/workspace/rtl/dll/vibe_dll_tx.sv:71$1541 ($xor).
Removed top 1 bits (of 30) from port B of cell vibe_dll_tx.$xor$/workspace/rtl/dll/vibe_dll_tx.sv:71$1544 ($xor).
Removed top 1 bits (of 30) from port B of cell vibe_dll_tx.$xor$/workspace/rtl/dll/vibe_dll_tx.sv:71$1547 ($xor).
Removed top 1 bits (of 30) from port B of cell vibe_dll_tx.$xor$/workspace/rtl/dll/vibe_dll_tx.sv:71$1550 ($xor).
Removed top 1 bits (of 30) from port B of cell vibe_dll_tx.$xor$/workspace/rtl/dll/vibe_dll_tx.sv:71$1553 ($xor).
Removed top 1 bits (of 30) from port B of cell vibe_dll_tx.$xor$/workspace/rtl/dll/vibe_dll_tx.sv:71$1556 ($xor).
Removed top 1 bits (of 30) from port B of cell vibe_dll_tx.$xor$/workspace/rtl/dll/vibe_dll_tx.sv:71$1559 ($xor).
Removed top 1 bits (of 30) from port B of cell vibe_dll_tx.$xor$/workspace/rtl/dll/vibe_dll_tx.sv:71$1562 ($xor).
Removed top 1 bits (of 30) from port B of cell vibe_dll_tx.$xor$/workspace/rtl/dll/vibe_dll_tx.sv:71$1565 ($xor).
Removed top 1 bits (of 30) from port B of cell vibe_dll_tx.$xor$/workspace/rtl/dll/vibe_dll_tx.sv:71$1568 ($xor).
Removed top 1 bits (of 30) from port B of cell vibe_dll_tx.$xor$/workspace/rtl/dll/vibe_dll_tx.sv:71$1571 ($xor).
Removed top 1 bits (of 30) from port B of cell vibe_dll_tx.$xor$/workspace/rtl/dll/vibe_dll_tx.sv:71$1574 ($xor).
Removed top 1 bits (of 30) from port B of cell vibe_dll_tx.$xor$/workspace/rtl/dll/vibe_dll_tx.sv:71$1577 ($xor).
Removed top 1 bits (of 30) from port B of cell vibe_dll_tx.$xor$/workspace/rtl/dll/vibe_dll_tx.sv:71$1580 ($xor).
Removed top 1 bits (of 30) from port B of cell vibe_dll_tx.$xor$/workspace/rtl/dll/vibe_dll_tx.sv:71$1583 ($xor).
Removed top 1 bits (of 30) from port B of cell vibe_dll_tx.$xor$/workspace/rtl/dll/vibe_dll_tx.sv:71$1586 ($xor).
Removed top 1 bits (of 30) from port B of cell vibe_dll_tx.$xor$/workspace/rtl/dll/vibe_dll_tx.sv:71$1589 ($xor).
Removed top 1 bits (of 30) from port B of cell vibe_dll_tx.$xor$/workspace/rtl/dll/vibe_dll_tx.sv:71$1592 ($xor).
Removed top 1 bits (of 30) from port B of cell vibe_dll_tx.$xor$/workspace/rtl/dll/vibe_dll_tx.sv:71$1595 ($xor).
Removed top 1 bits (of 30) from port B of cell vibe_dll_tx.$xor$/workspace/rtl/dll/vibe_dll_tx.sv:71$1598 ($xor).
Removed top 1 bits (of 30) from port B of cell vibe_dll_tx.$xor$/workspace/rtl/dll/vibe_dll_tx.sv:71$1601 ($xor).
Removed top 1 bits (of 30) from port B of cell vibe_dll_tx.$xor$/workspace/rtl/dll/vibe_dll_tx.sv:71$1604 ($xor).
Removed top 1 bits (of 30) from port B of cell vibe_dll_tx.$xor$/workspace/rtl/dll/vibe_dll_tx.sv:71$1607 ($xor).
Removed top 1 bits (of 30) from port B of cell vibe_dll_tx.$xor$/workspace/rtl/dll/vibe_dll_tx.sv:71$1610 ($xor).
Removed top 1 bits (of 30) from port B of cell vibe_dll_tx.$xor$/workspace/rtl/dll/vibe_dll_tx.sv:71$1613 ($xor).
Removed top 1 bits (of 30) from port B of cell vibe_dll_tx.$xor$/workspace/rtl/dll/vibe_dll_tx.sv:71$1616 ($xor).
Removed top 1 bits (of 30) from port B of cell vibe_dll_tx.$xor$/workspace/rtl/dll/vibe_dll_tx.sv:71$1619 ($xor).
Removed top 1 bits (of 30) from port B of cell vibe_dll_tx.$xor$/workspace/rtl/dll/vibe_dll_tx.sv:71$1622 ($xor).
Removed top 1 bits (of 30) from port B of cell vibe_dll_tx.$xor$/workspace/rtl/dll/vibe_dll_tx.sv:71$1625 ($xor).
Removed top 1 bits (of 30) from port B of cell vibe_dll_tx.$xor$/workspace/rtl/dll/vibe_dll_tx.sv:71$1628 ($xor).
Removed top 1 bits (of 30) from port B of cell vibe_dll_tx.$xor$/workspace/rtl/dll/vibe_dll_tx.sv:71$1631 ($xor).
Removed top 1 bits (of 30) from port B of cell vibe_dll_tx.$xor$/workspace/rtl/dll/vibe_dll_tx.sv:71$1634 ($xor).
Removed top 1 bits (of 30) from port B of cell vibe_dll_tx.$xor$/workspace/rtl/dll/vibe_dll_tx.sv:71$1637 ($xor).
Removed top 1 bits (of 30) from port B of cell vibe_dll_tx.$xor$/workspace/rtl/dll/vibe_dll_tx.sv:71$1640 ($xor).
Removed top 1 bits (of 30) from port B of cell vibe_dll_tx.$xor$/workspace/rtl/dll/vibe_dll_tx.sv:71$1643 ($xor).
Removed top 1 bits (of 30) from port B of cell vibe_dll_tx.$xor$/workspace/rtl/dll/vibe_dll_tx.sv:71$1646 ($xor).
Removed top 1 bits (of 30) from port B of cell vibe_dll_tx.$xor$/workspace/rtl/dll/vibe_dll_tx.sv:71$1649 ($xor).
Removed top 1 bits (of 30) from port B of cell vibe_dll_tx.$xor$/workspace/rtl/dll/vibe_dll_tx.sv:71$1652 ($xor).
Removed top 1 bits (of 30) from port B of cell vibe_dll_tx.$xor$/workspace/rtl/dll/vibe_dll_tx.sv:71$1655 ($xor).
Removed top 1 bits (of 30) from port B of cell vibe_dll_tx.$xor$/workspace/rtl/dll/vibe_dll_tx.sv:71$1658 ($xor).
Removed top 1 bits (of 30) from port B of cell vibe_dll_tx.$xor$/workspace/rtl/dll/vibe_dll_tx.sv:71$1661 ($xor).
Removed top 1 bits (of 30) from port B of cell vibe_dll_tx.$xor$/workspace/rtl/dll/vibe_dll_tx.sv:71$1664 ($xor).
Removed top 1 bits (of 30) from port B of cell vibe_dll_tx.$xor$/workspace/rtl/dll/vibe_dll_tx.sv:71$1667 ($xor).
Removed top 1 bits (of 30) from port B of cell vibe_dll_tx.$xor$/workspace/rtl/dll/vibe_dll_tx.sv:71$1670 ($xor).
Removed top 1 bits (of 30) from port B of cell vibe_dll_tx.$xor$/workspace/rtl/dll/vibe_dll_tx.sv:71$1673 ($xor).
Removed top 1 bits (of 30) from port B of cell vibe_dll_tx.$xor$/workspace/rtl/dll/vibe_dll_tx.sv:71$1676 ($xor).
Removed top 1 bits (of 30) from port B of cell vibe_dll_tx.$xor$/workspace/rtl/dll/vibe_dll_tx.sv:71$1679 ($xor).
Removed top 1 bits (of 30) from port B of cell vibe_dll_tx.$xor$/workspace/rtl/dll/vibe_dll_tx.sv:71$1682 ($xor).
Removed top 1 bits (of 30) from port B of cell vibe_dll_tx.$xor$/workspace/rtl/dll/vibe_dll_tx.sv:71$1685 ($xor).
Removed top 1 bits (of 30) from port B of cell vibe_dll_tx.$xor$/workspace/rtl/dll/vibe_dll_tx.sv:71$1688 ($xor).
Removed top 1 bits (of 30) from port B of cell vibe_dll_tx.$xor$/workspace/rtl/dll/vibe_dll_tx.sv:71$1691 ($xor).
Removed top 1 bits (of 30) from port B of cell vibe_dll_tx.$xor$/workspace/rtl/dll/vibe_dll_tx.sv:71$1694 ($xor).
Removed top 1 bits (of 30) from port B of cell vibe_dll_tx.$xor$/workspace/rtl/dll/vibe_dll_tx.sv:71$1697 ($xor).
Removed top 1 bits (of 30) from port B of cell vibe_dll_tx.$xor$/workspace/rtl/dll/vibe_dll_tx.sv:71$1700 ($xor).
Removed top 1 bits (of 30) from port B of cell vibe_dll_tx.$xor$/workspace/rtl/dll/vibe_dll_tx.sv:71$1703 ($xor).
Removed top 1 bits (of 30) from port B of cell vibe_dll_tx.$xor$/workspace/rtl/dll/vibe_dll_tx.sv:71$1706 ($xor).
Removed top 1 bits (of 30) from port B of cell vibe_dll_tx.$xor$/workspace/rtl/dll/vibe_dll_tx.sv:71$1709 ($xor).
Removed top 1 bits (of 30) from port B of cell vibe_dll_tx.$xor$/workspace/rtl/dll/vibe_dll_tx.sv:71$1712 ($xor).
Removed top 1 bits (of 30) from port B of cell vibe_dll_tx.$xor$/workspace/rtl/dll/vibe_dll_tx.sv:71$1715 ($xor).
Removed top 1 bits (of 30) from port B of cell vibe_dll_tx.$xor$/workspace/rtl/dll/vibe_dll_tx.sv:71$1718 ($xor).
Removed top 1 bits (of 30) from port B of cell vibe_dll_tx.$xor$/workspace/rtl/dll/vibe_dll_tx.sv:71$1721 ($xor).
Removed top 1 bits (of 30) from port B of cell vibe_dll_tx.$xor$/workspace/rtl/dll/vibe_dll_tx.sv:71$1724 ($xor).
Removed top 1 bits (of 30) from port B of cell vibe_dll_tx.$xor$/workspace/rtl/dll/vibe_dll_tx.sv:71$1727 ($xor).
Removed top 1 bits (of 30) from port B of cell vibe_dll_tx.$xor$/workspace/rtl/dll/vibe_dll_tx.sv:71$1730 ($xor).
Removed top 1 bits (of 30) from port B of cell vibe_dll_tx.$xor$/workspace/rtl/dll/vibe_dll_tx.sv:71$1733 ($xor).
Removed top 1 bits (of 30) from port B of cell vibe_dll_tx.$xor$/workspace/rtl/dll/vibe_dll_tx.sv:71$1736 ($xor).
Removed top 1 bits (of 30) from port B of cell vibe_dll_tx.$xor$/workspace/rtl/dll/vibe_dll_tx.sv:71$1739 ($xor).
Removed top 1 bits (of 30) from port B of cell vibe_dll_tx.$xor$/workspace/rtl/dll/vibe_dll_tx.sv:71$1742 ($xor).
Removed top 1 bits (of 30) from port B of cell vibe_dll_tx.$xor$/workspace/rtl/dll/vibe_dll_tx.sv:71$1745 ($xor).
Removed top 1 bits (of 30) from port B of cell vibe_dll_tx.$xor$/workspace/rtl/dll/vibe_dll_tx.sv:71$1748 ($xor).
Removed top 1 bits (of 30) from port B of cell vibe_dll_tx.$xor$/workspace/rtl/dll/vibe_dll_tx.sv:71$1751 ($xor).
Removed top 1 bits (of 30) from port B of cell vibe_dll_tx.$xor$/workspace/rtl/dll/vibe_dll_tx.sv:71$1754 ($xor).
Removed top 1 bits (of 30) from port B of cell vibe_dll_tx.$xor$/workspace/rtl/dll/vibe_dll_tx.sv:71$1757 ($xor).
Removed top 1 bits (of 30) from port B of cell vibe_dll_tx.$xor$/workspace/rtl/dll/vibe_dll_tx.sv:71$1760 ($xor).
Removed top 1 bits (of 30) from port B of cell vibe_dll_tx.$xor$/workspace/rtl/dll/vibe_dll_tx.sv:71$1763 ($xor).
Removed top 1 bits (of 30) from port B of cell vibe_dll_tx.$xor$/workspace/rtl/dll/vibe_dll_tx.sv:71$1766 ($xor).
Removed top 1 bits (of 30) from port B of cell vibe_dll_tx.$xor$/workspace/rtl/dll/vibe_dll_tx.sv:71$1769 ($xor).
Removed top 1 bits (of 30) from port B of cell vibe_dll_tx.$xor$/workspace/rtl/dll/vibe_dll_tx.sv:71$1772 ($xor).
Removed top 1 bits (of 30) from port B of cell vibe_dll_tx.$xor$/workspace/rtl/dll/vibe_dll_tx.sv:71$1775 ($xor).
Removed top 1 bits (of 30) from port B of cell vibe_dll_tx.$xor$/workspace/rtl/dll/vibe_dll_tx.sv:71$1778 ($xor).
Removed top 1 bits (of 30) from port B of cell vibe_dll_tx.$xor$/workspace/rtl/dll/vibe_dll_tx.sv:71$1781 ($xor).
Removed top 1 bits (of 30) from port B of cell vibe_dll_tx.$xor$/workspace/rtl/dll/vibe_dll_tx.sv:71$1784 ($xor).
Removed top 1 bits (of 30) from port B of cell vibe_dll_tx.$xor$/workspace/rtl/dll/vibe_dll_tx.sv:71$1787 ($xor).
Removed top 1 bits (of 30) from port B of cell vibe_dll_tx.$xor$/workspace/rtl/dll/vibe_dll_tx.sv:71$1790 ($xor).
Removed top 1 bits (of 30) from port B of cell vibe_dll_tx.$xor$/workspace/rtl/dll/vibe_dll_tx.sv:71$1793 ($xor).
Removed top 1 bits (of 30) from port B of cell vibe_dll_tx.$xor$/workspace/rtl/dll/vibe_dll_tx.sv:71$1796 ($xor).
Removed top 1 bits (of 30) from port B of cell vibe_dll_tx.$xor$/workspace/rtl/dll/vibe_dll_tx.sv:71$1799 ($xor).
Removed top 1 bits (of 30) from port B of cell vibe_dll_tx.$xor$/workspace/rtl/dll/vibe_dll_tx.sv:71$1802 ($xor).
Removed top 1 bits (of 30) from port B of cell vibe_dll_tx.$xor$/workspace/rtl/dll/vibe_dll_tx.sv:71$1805 ($xor).
Removed top 1 bits (of 30) from port B of cell vibe_dll_tx.$xor$/workspace/rtl/dll/vibe_dll_tx.sv:71$1808 ($xor).
Removed top 1 bits (of 30) from port B of cell vibe_dll_tx.$xor$/workspace/rtl/dll/vibe_dll_tx.sv:71$1811 ($xor).
Removed top 1 bits (of 30) from port B of cell vibe_dll_tx.$xor$/workspace/rtl/dll/vibe_dll_tx.sv:71$1814 ($xor).
Removed top 1 bits (of 30) from port B of cell vibe_dll_tx.$xor$/workspace/rtl/dll/vibe_dll_tx.sv:71$1817 ($xor).
Removed top 1 bits (of 30) from port B of cell vibe_dll_tx.$xor$/workspace/rtl/dll/vibe_dll_tx.sv:71$1820 ($xor).
Removed top 1 bits (of 30) from port B of cell vibe_dll_tx.$xor$/workspace/rtl/dll/vibe_dll_tx.sv:71$1823 ($xor).
Removed top 1 bits (of 30) from port B of cell vibe_dll_tx.$xor$/workspace/rtl/dll/vibe_dll_tx.sv:71$1826 ($xor).
Removed top 1 bits (of 30) from port B of cell vibe_dll_tx.$xor$/workspace/rtl/dll/vibe_dll_tx.sv:71$1829 ($xor).
Removed top 1 bits (of 30) from port B of cell vibe_dll_tx.$xor$/workspace/rtl/dll/vibe_dll_tx.sv:71$1832 ($xor).
Removed top 1 bits (of 30) from port B of cell vibe_dll_tx.$xor$/workspace/rtl/dll/vibe_dll_tx.sv:71$1835 ($xor).
Removed top 1 bits (of 30) from port B of cell vibe_dll_tx.$xor$/workspace/rtl/dll/vibe_dll_tx.sv:71$1838 ($xor).
Removed top 1 bits (of 30) from port B of cell vibe_dll_tx.$xor$/workspace/rtl/dll/vibe_dll_tx.sv:71$1841 ($xor).
Removed top 1 bits (of 30) from port B of cell vibe_dll_tx.$xor$/workspace/rtl/dll/vibe_dll_tx.sv:71$1844 ($xor).
Removed top 1 bits (of 30) from port B of cell vibe_dll_tx.$xor$/workspace/rtl/dll/vibe_dll_tx.sv:71$1847 ($xor).
Removed top 1 bits (of 30) from port B of cell vibe_dll_tx.$xor$/workspace/rtl/dll/vibe_dll_tx.sv:71$1850 ($xor).
Removed top 1 bits (of 30) from port B of cell vibe_dll_tx.$xor$/workspace/rtl/dll/vibe_dll_tx.sv:71$1853 ($xor).
Removed top 1 bits (of 30) from port B of cell vibe_dll_tx.$xor$/workspace/rtl/dll/vibe_dll_tx.sv:71$1856 ($xor).
Removed top 1 bits (of 30) from port B of cell vibe_dll_tx.$xor$/workspace/rtl/dll/vibe_dll_tx.sv:71$1859 ($xor).
Removed top 1 bits (of 30) from port B of cell vibe_dll_tx.$xor$/workspace/rtl/dll/vibe_dll_tx.sv:71$1862 ($xor).
Removed top 1 bits (of 30) from port B of cell vibe_dll_tx.$xor$/workspace/rtl/dll/vibe_dll_tx.sv:71$1865 ($xor).
Removed top 1 bits (of 30) from port B of cell vibe_dll_tx.$xor$/workspace/rtl/dll/vibe_dll_tx.sv:71$1868 ($xor).
Removed top 1 bits (of 30) from port B of cell vibe_dll_tx.$xor$/workspace/rtl/dll/vibe_dll_tx.sv:71$1871 ($xor).
Removed top 1 bits (of 30) from port B of cell vibe_dll_tx.$xor$/workspace/rtl/dll/vibe_dll_tx.sv:71$1874 ($xor).
Removed top 1 bits (of 30) from port B of cell vibe_dll_tx.$xor$/workspace/rtl/dll/vibe_dll_tx.sv:71$1877 ($xor).
Removed top 1 bits (of 30) from port B of cell vibe_dll_tx.$xor$/workspace/rtl/dll/vibe_dll_tx.sv:71$1880 ($xor).
Removed top 1 bits (of 30) from port B of cell vibe_dll_tx.$xor$/workspace/rtl/dll/vibe_dll_tx.sv:71$1883 ($xor).
Removed top 1 bits (of 30) from port B of cell vibe_dll_tx.$xor$/workspace/rtl/dll/vibe_dll_tx.sv:71$1886 ($xor).
Removed top 1 bits (of 30) from port B of cell vibe_dll_tx.$xor$/workspace/rtl/dll/vibe_dll_tx.sv:71$1889 ($xor).
Removed top 1 bits (of 30) from port B of cell vibe_dll_tx.$xor$/workspace/rtl/dll/vibe_dll_tx.sv:71$1892 ($xor).
Removed top 1 bits (of 30) from port B of cell vibe_dll_tx.$xor$/workspace/rtl/dll/vibe_dll_tx.sv:71$1895 ($xor).
Removed top 1 bits (of 30) from port B of cell vibe_dll_tx.$xor$/workspace/rtl/dll/vibe_dll_tx.sv:71$1898 ($xor).
Removed top 1 bits (of 30) from port B of cell vibe_dll_tx.$xor$/workspace/rtl/dll/vibe_dll_tx.sv:71$1901 ($xor).
Removed top 1 bits (of 30) from port B of cell vibe_dll_tx.$xor$/workspace/rtl/dll/vibe_dll_tx.sv:71$1904 ($xor).
Removed top 1 bits (of 30) from port B of cell vibe_dll_tx.$xor$/workspace/rtl/dll/vibe_dll_tx.sv:71$1907 ($xor).
Removed top 1 bits (of 30) from port B of cell vibe_dll_tx.$xor$/workspace/rtl/dll/vibe_dll_tx.sv:71$1910 ($xor).
Removed top 1 bits (of 30) from port B of cell vibe_dll_tx.$xor$/workspace/rtl/dll/vibe_dll_tx.sv:71$1913 ($xor).
Removed top 1 bits (of 30) from port B of cell vibe_dll_tx.$xor$/workspace/rtl/dll/vibe_dll_tx.sv:71$1916 ($xor).
Removed top 1 bits (of 30) from port B of cell vibe_dll_tx.$xor$/workspace/rtl/dll/vibe_dll_tx.sv:71$1919 ($xor).
Removed top 1 bits (of 30) from port B of cell vibe_dll_tx.$xor$/workspace/rtl/dll/vibe_dll_tx.sv:71$1922 ($xor).
Removed top 1 bits (of 30) from port B of cell vibe_dll_tx.$xor$/workspace/rtl/dll/vibe_dll_tx.sv:71$1925 ($xor).
Removed top 1 bits (of 30) from port B of cell vibe_dll_tx.$xor$/workspace/rtl/dll/vibe_dll_tx.sv:71$1928 ($xor).
Removed top 1 bits (of 30) from port B of cell vibe_dll_tx.$xor$/workspace/rtl/dll/vibe_dll_tx.sv:71$1931 ($xor).
Removed top 1 bits (of 30) from port B of cell vibe_dll_tx.$xor$/workspace/rtl/dll/vibe_dll_tx.sv:71$1934 ($xor).
Removed top 1 bits (of 30) from port B of cell vibe_dll_tx.$xor$/workspace/rtl/dll/vibe_dll_tx.sv:71$1937 ($xor).
Removed top 1 bits (of 30) from port B of cell vibe_dll_tx.$xor$/workspace/rtl/dll/vibe_dll_tx.sv:71$1940 ($xor).
Removed top 1 bits (of 30) from port B of cell vibe_dll_tx.$xor$/workspace/rtl/dll/vibe_dll_tx.sv:71$1943 ($xor).
Removed top 1 bits (of 30) from port B of cell vibe_dll_tx.$xor$/workspace/rtl/dll/vibe_dll_tx.sv:71$1946 ($xor).
Removed top 1 bits (of 30) from port B of cell vibe_dll_tx.$xor$/workspace/rtl/dll/vibe_dll_tx.sv:71$1949 ($xor).
Removed top 1 bits (of 30) from port B of cell vibe_dll_tx.$xor$/workspace/rtl/dll/vibe_dll_tx.sv:71$1952 ($xor).
Removed top 1 bits (of 30) from port B of cell vibe_dll_tx.$xor$/workspace/rtl/dll/vibe_dll_tx.sv:71$1955 ($xor).
Removed top 1 bits (of 30) from port B of cell vibe_dll_tx.$xor$/workspace/rtl/dll/vibe_dll_tx.sv:71$1958 ($xor).
Removed top 1 bits (of 30) from port B of cell vibe_dll_tx.$xor$/workspace/rtl/dll/vibe_dll_tx.sv:71$1961 ($xor).
Removed top 1 bits (of 30) from port B of cell vibe_dll_tx.$xor$/workspace/rtl/dll/vibe_dll_tx.sv:71$1964 ($xor).
Removed top 1 bits (of 30) from port B of cell vibe_dll_tx.$xor$/workspace/rtl/dll/vibe_dll_tx.sv:71$2613 ($xor).
Removed top 1 bits (of 30) from port B of cell vibe_dll_tx.$xor$/workspace/rtl/dll/vibe_dll_tx.sv:71$2616 ($xor).
Removed top 1 bits (of 30) from port B of cell vibe_dll_tx.$xor$/workspace/rtl/dll/vibe_dll_tx.sv:71$2619 ($xor).
Removed top 1 bits (of 30) from port B of cell vibe_dll_tx.$xor$/workspace/rtl/dll/vibe_dll_tx.sv:71$2622 ($xor).
Removed top 1 bits (of 30) from port B of cell vibe_dll_tx.$xor$/workspace/rtl/dll/vibe_dll_tx.sv:71$2625 ($xor).
Removed top 1 bits (of 30) from port B of cell vibe_dll_tx.$xor$/workspace/rtl/dll/vibe_dll_tx.sv:71$2628 ($xor).
Removed top 1 bits (of 30) from port B of cell vibe_dll_tx.$xor$/workspace/rtl/dll/vibe_dll_tx.sv:71$2631 ($xor).
Removed top 1 bits (of 30) from port B of cell vibe_dll_tx.$xor$/workspace/rtl/dll/vibe_dll_tx.sv:71$2634 ($xor).
Removed top 1 bits (of 30) from port B of cell vibe_dll_tx.$xor$/workspace/rtl/dll/vibe_dll_tx.sv:71$2637 ($xor).
Removed top 1 bits (of 30) from port B of cell vibe_dll_tx.$xor$/workspace/rtl/dll/vibe_dll_tx.sv:71$2640 ($xor).
Removed top 1 bits (of 30) from port B of cell vibe_dll_tx.$xor$/workspace/rtl/dll/vibe_dll_tx.sv:71$2643 ($xor).
Removed top 1 bits (of 30) from port B of cell vibe_dll_tx.$xor$/workspace/rtl/dll/vibe_dll_tx.sv:71$2646 ($xor).
Removed top 1 bits (of 30) from port B of cell vibe_dll_tx.$xor$/workspace/rtl/dll/vibe_dll_tx.sv:71$2649 ($xor).
Removed top 1 bits (of 30) from port B of cell vibe_dll_tx.$xor$/workspace/rtl/dll/vibe_dll_tx.sv:71$2652 ($xor).
Removed top 1 bits (of 30) from port B of cell vibe_dll_tx.$xor$/workspace/rtl/dll/vibe_dll_tx.sv:71$2655 ($xor).
Removed top 1 bits (of 30) from port B of cell vibe_dll_tx.$xor$/workspace/rtl/dll/vibe_dll_tx.sv:71$2658 ($xor).
Removed top 1 bits (of 30) from port B of cell vibe_dll_tx.$xor$/workspace/rtl/dll/vibe_dll_tx.sv:71$2661 ($xor).
Removed top 1 bits (of 30) from port B of cell vibe_dll_tx.$xor$/workspace/rtl/dll/vibe_dll_tx.sv:71$2664 ($xor).
Removed top 1 bits (of 30) from port B of cell vibe_dll_tx.$xor$/workspace/rtl/dll/vibe_dll_tx.sv:71$2667 ($xor).
Removed top 1 bits (of 30) from port B of cell vibe_dll_tx.$xor$/workspace/rtl/dll/vibe_dll_tx.sv:71$2670 ($xor).
Removed top 1 bits (of 30) from port B of cell vibe_dll_tx.$xor$/workspace/rtl/dll/vibe_dll_tx.sv:71$2673 ($xor).
Removed top 1 bits (of 30) from port B of cell vibe_dll_tx.$xor$/workspace/rtl/dll/vibe_dll_tx.sv:71$2676 ($xor).
Removed top 1 bits (of 30) from port B of cell vibe_dll_tx.$xor$/workspace/rtl/dll/vibe_dll_tx.sv:71$2679 ($xor).
Removed top 1 bits (of 30) from port B of cell vibe_dll_tx.$xor$/workspace/rtl/dll/vibe_dll_tx.sv:71$2682 ($xor).
Removed top 1 bits (of 30) from port B of cell vibe_dll_tx.$xor$/workspace/rtl/dll/vibe_dll_tx.sv:71$2685 ($xor).
Removed top 1 bits (of 30) from port B of cell vibe_dll_tx.$xor$/workspace/rtl/dll/vibe_dll_tx.sv:71$2688 ($xor).
Removed top 1 bits (of 30) from port B of cell vibe_dll_tx.$xor$/workspace/rtl/dll/vibe_dll_tx.sv:71$2691 ($xor).
Removed top 1 bits (of 30) from port B of cell vibe_dll_tx.$xor$/workspace/rtl/dll/vibe_dll_tx.sv:71$2694 ($xor).
Removed top 1 bits (of 30) from port B of cell vibe_dll_tx.$xor$/workspace/rtl/dll/vibe_dll_tx.sv:71$2697 ($xor).
Removed top 1 bits (of 30) from port B of cell vibe_dll_tx.$xor$/workspace/rtl/dll/vibe_dll_tx.sv:71$2700 ($xor).
Removed top 1 bits (of 30) from port B of cell vibe_dll_tx.$xor$/workspace/rtl/dll/vibe_dll_tx.sv:71$2703 ($xor).
Removed top 1 bits (of 30) from port B of cell vibe_dll_tx.$xor$/workspace/rtl/dll/vibe_dll_tx.sv:71$2706 ($xor).
Removed top 1 bits (of 30) from port B of cell vibe_dll_tx.$xor$/workspace/rtl/dll/vibe_dll_tx.sv:71$2709 ($xor).
Removed top 1 bits (of 30) from port B of cell vibe_dll_tx.$xor$/workspace/rtl/dll/vibe_dll_tx.sv:71$2712 ($xor).
Removed top 1 bits (of 30) from port B of cell vibe_dll_tx.$xor$/workspace/rtl/dll/vibe_dll_tx.sv:71$2715 ($xor).
Removed top 1 bits (of 30) from port B of cell vibe_dll_tx.$xor$/workspace/rtl/dll/vibe_dll_tx.sv:71$2718 ($xor).
Removed top 1 bits (of 30) from port B of cell vibe_dll_tx.$xor$/workspace/rtl/dll/vibe_dll_tx.sv:71$2721 ($xor).
Removed top 1 bits (of 30) from port B of cell vibe_dll_tx.$xor$/workspace/rtl/dll/vibe_dll_tx.sv:71$2724 ($xor).
Removed top 1 bits (of 30) from port B of cell vibe_dll_tx.$xor$/workspace/rtl/dll/vibe_dll_tx.sv:71$2727 ($xor).
Removed top 1 bits (of 30) from port B of cell vibe_dll_tx.$xor$/workspace/rtl/dll/vibe_dll_tx.sv:71$2730 ($xor).
Removed top 1 bits (of 30) from port B of cell vibe_dll_tx.$xor$/workspace/rtl/dll/vibe_dll_tx.sv:71$2733 ($xor).
Removed top 1 bits (of 30) from port B of cell vibe_dll_tx.$xor$/workspace/rtl/dll/vibe_dll_tx.sv:71$2736 ($xor).
Removed top 1 bits (of 30) from port B of cell vibe_dll_tx.$xor$/workspace/rtl/dll/vibe_dll_tx.sv:71$2739 ($xor).
Removed top 1 bits (of 30) from port B of cell vibe_dll_tx.$xor$/workspace/rtl/dll/vibe_dll_tx.sv:71$2742 ($xor).
Removed top 1 bits (of 30) from port B of cell vibe_dll_tx.$xor$/workspace/rtl/dll/vibe_dll_tx.sv:71$2745 ($xor).
Removed top 1 bits (of 30) from port B of cell vibe_dll_tx.$xor$/workspace/rtl/dll/vibe_dll_tx.sv:71$2748 ($xor).
Removed top 1 bits (of 30) from port B of cell vibe_dll_tx.$xor$/workspace/rtl/dll/vibe_dll_tx.sv:71$2751 ($xor).
Removed top 1 bits (of 30) from port B of cell vibe_dll_tx.$xor$/workspace/rtl/dll/vibe_dll_tx.sv:71$2754 ($xor).
Removed top 1 bits (of 30) from port B of cell vibe_dll_tx.$xor$/workspace/rtl/dll/vibe_dll_tx.sv:71$2757 ($xor).
Removed top 1 bits (of 30) from port B of cell vibe_dll_tx.$xor$/workspace/rtl/dll/vibe_dll_tx.sv:71$2760 ($xor).
Removed top 1 bits (of 30) from port B of cell vibe_dll_tx.$xor$/workspace/rtl/dll/vibe_dll_tx.sv:71$2763 ($xor).
Removed top 1 bits (of 30) from port B of cell vibe_dll_tx.$xor$/workspace/rtl/dll/vibe_dll_tx.sv:71$2766 ($xor).
Removed top 1 bits (of 30) from port B of cell vibe_dll_tx.$xor$/workspace/rtl/dll/vibe_dll_tx.sv:71$2769 ($xor).
Removed top 1 bits (of 30) from port B of cell vibe_dll_tx.$xor$/workspace/rtl/dll/vibe_dll_tx.sv:71$2772 ($xor).
Removed top 1 bits (of 30) from port B of cell vibe_dll_tx.$xor$/workspace/rtl/dll/vibe_dll_tx.sv:71$2775 ($xor).
Removed top 1 bits (of 30) from port B of cell vibe_dll_tx.$xor$/workspace/rtl/dll/vibe_dll_tx.sv:71$2778 ($xor).
Removed top 1 bits (of 30) from port B of cell vibe_dll_tx.$xor$/workspace/rtl/dll/vibe_dll_tx.sv:71$2781 ($xor).
Removed top 1 bits (of 30) from port B of cell vibe_dll_tx.$xor$/workspace/rtl/dll/vibe_dll_tx.sv:71$2784 ($xor).
Removed top 1 bits (of 30) from port B of cell vibe_dll_tx.$xor$/workspace/rtl/dll/vibe_dll_tx.sv:71$2787 ($xor).
Removed top 1 bits (of 30) from port B of cell vibe_dll_tx.$xor$/workspace/rtl/dll/vibe_dll_tx.sv:71$2790 ($xor).
Removed top 1 bits (of 30) from port B of cell vibe_dll_tx.$xor$/workspace/rtl/dll/vibe_dll_tx.sv:71$2793 ($xor).
Removed top 1 bits (of 30) from port B of cell vibe_dll_tx.$xor$/workspace/rtl/dll/vibe_dll_tx.sv:71$2796 ($xor).
Removed top 1 bits (of 30) from port B of cell vibe_dll_tx.$xor$/workspace/rtl/dll/vibe_dll_tx.sv:71$2799 ($xor).
Removed top 1 bits (of 30) from port B of cell vibe_dll_tx.$xor$/workspace/rtl/dll/vibe_dll_tx.sv:71$2802 ($xor).
Removed top 1 bits (of 30) from port B of cell vibe_dll_tx.$xor$/workspace/rtl/dll/vibe_dll_tx.sv:71$2805 ($xor).
Removed top 1 bits (of 30) from port B of cell vibe_dll_tx.$xor$/workspace/rtl/dll/vibe_dll_tx.sv:71$2808 ($xor).
Removed top 1 bits (of 30) from port B of cell vibe_dll_tx.$xor$/workspace/rtl/dll/vibe_dll_tx.sv:71$2811 ($xor).
Removed top 1 bits (of 30) from port B of cell vibe_dll_tx.$xor$/workspace/rtl/dll/vibe_dll_tx.sv:71$2814 ($xor).
Removed top 1 bits (of 30) from port B of cell vibe_dll_tx.$xor$/workspace/rtl/dll/vibe_dll_tx.sv:71$2817 ($xor).
Removed top 1 bits (of 30) from port B of cell vibe_dll_tx.$xor$/workspace/rtl/dll/vibe_dll_tx.sv:71$2820 ($xor).
Removed top 1 bits (of 30) from port B of cell vibe_dll_tx.$xor$/workspace/rtl/dll/vibe_dll_tx.sv:71$2823 ($xor).
Removed top 1 bits (of 30) from port B of cell vibe_dll_tx.$xor$/workspace/rtl/dll/vibe_dll_tx.sv:71$2826 ($xor).
Removed top 1 bits (of 30) from port B of cell vibe_dll_tx.$xor$/workspace/rtl/dll/vibe_dll_tx.sv:71$2829 ($xor).
Removed top 1 bits (of 30) from port B of cell vibe_dll_tx.$xor$/workspace/rtl/dll/vibe_dll_tx.sv:71$2832 ($xor).
Removed top 1 bits (of 30) from port B of cell vibe_dll_tx.$xor$/workspace/rtl/dll/vibe_dll_tx.sv:71$2835 ($xor).
Removed top 1 bits (of 30) from port B of cell vibe_dll_tx.$xor$/workspace/rtl/dll/vibe_dll_tx.sv:71$2838 ($xor).
Removed top 1 bits (of 30) from port B of cell vibe_dll_tx.$xor$/workspace/rtl/dll/vibe_dll_tx.sv:71$2841 ($xor).
Removed top 1 bits (of 30) from port B of cell vibe_dll_tx.$xor$/workspace/rtl/dll/vibe_dll_tx.sv:71$2844 ($xor).
Removed top 1 bits (of 30) from port B of cell vibe_dll_tx.$xor$/workspace/rtl/dll/vibe_dll_tx.sv:71$2847 ($xor).
Removed top 1 bits (of 30) from port B of cell vibe_dll_tx.$xor$/workspace/rtl/dll/vibe_dll_tx.sv:71$2850 ($xor).
Removed top 1 bits (of 30) from port B of cell vibe_dll_tx.$xor$/workspace/rtl/dll/vibe_dll_tx.sv:71$2853 ($xor).
Removed top 1 bits (of 30) from port B of cell vibe_dll_tx.$xor$/workspace/rtl/dll/vibe_dll_tx.sv:71$2856 ($xor).
Removed top 1 bits (of 30) from port B of cell vibe_dll_tx.$xor$/workspace/rtl/dll/vibe_dll_tx.sv:71$2859 ($xor).
Removed top 1 bits (of 30) from port B of cell vibe_dll_tx.$xor$/workspace/rtl/dll/vibe_dll_tx.sv:71$2862 ($xor).
Removed top 1 bits (of 30) from port B of cell vibe_dll_tx.$xor$/workspace/rtl/dll/vibe_dll_tx.sv:71$2865 ($xor).
Removed top 1 bits (of 30) from port B of cell vibe_dll_tx.$xor$/workspace/rtl/dll/vibe_dll_tx.sv:71$2868 ($xor).
Removed top 1 bits (of 30) from port B of cell vibe_dll_tx.$xor$/workspace/rtl/dll/vibe_dll_tx.sv:71$2871 ($xor).
Removed top 1 bits (of 30) from port B of cell vibe_dll_tx.$xor$/workspace/rtl/dll/vibe_dll_tx.sv:71$2874 ($xor).
Removed top 1 bits (of 30) from port B of cell vibe_dll_tx.$xor$/workspace/rtl/dll/vibe_dll_tx.sv:71$2877 ($xor).
Removed top 1 bits (of 30) from port B of cell vibe_dll_tx.$xor$/workspace/rtl/dll/vibe_dll_tx.sv:71$2880 ($xor).
Removed top 1 bits (of 30) from port B of cell vibe_dll_tx.$xor$/workspace/rtl/dll/vibe_dll_tx.sv:71$2883 ($xor).
Removed top 1 bits (of 30) from port B of cell vibe_dll_tx.$xor$/workspace/rtl/dll/vibe_dll_tx.sv:71$2886 ($xor).
Removed top 1 bits (of 30) from port B of cell vibe_dll_tx.$xor$/workspace/rtl/dll/vibe_dll_tx.sv:71$2889 ($xor).
Removed top 1 bits (of 30) from port B of cell vibe_dll_tx.$xor$/workspace/rtl/dll/vibe_dll_tx.sv:71$2892 ($xor).
Removed top 1 bits (of 30) from port B of cell vibe_dll_tx.$xor$/workspace/rtl/dll/vibe_dll_tx.sv:71$2895 ($xor).
Removed top 1 bits (of 30) from port B of cell vibe_dll_tx.$xor$/workspace/rtl/dll/vibe_dll_tx.sv:71$2898 ($xor).
Removed top 1 bits (of 30) from port B of cell vibe_dll_tx.$xor$/workspace/rtl/dll/vibe_dll_tx.sv:71$2901 ($xor).
Removed top 1 bits (of 30) from port B of cell vibe_dll_tx.$xor$/workspace/rtl/dll/vibe_dll_tx.sv:71$2904 ($xor).
Removed top 1 bits (of 30) from port B of cell vibe_dll_tx.$xor$/workspace/rtl/dll/vibe_dll_tx.sv:71$2907 ($xor).
Removed top 1 bits (of 30) from port B of cell vibe_dll_tx.$xor$/workspace/rtl/dll/vibe_dll_tx.sv:71$2910 ($xor).
Removed top 1 bits (of 30) from port B of cell vibe_dll_tx.$xor$/workspace/rtl/dll/vibe_dll_tx.sv:71$2913 ($xor).
Removed top 1 bits (of 30) from port B of cell vibe_dll_tx.$xor$/workspace/rtl/dll/vibe_dll_tx.sv:71$2916 ($xor).
Removed top 1 bits (of 30) from port B of cell vibe_dll_tx.$xor$/workspace/rtl/dll/vibe_dll_tx.sv:71$2919 ($xor).
Removed top 1 bits (of 30) from port B of cell vibe_dll_tx.$xor$/workspace/rtl/dll/vibe_dll_tx.sv:71$2922 ($xor).
Removed top 1 bits (of 30) from port B of cell vibe_dll_tx.$xor$/workspace/rtl/dll/vibe_dll_tx.sv:71$2925 ($xor).
Removed top 1 bits (of 30) from port B of cell vibe_dll_tx.$xor$/workspace/rtl/dll/vibe_dll_tx.sv:71$2928 ($xor).
Removed top 1 bits (of 30) from port B of cell vibe_dll_tx.$xor$/workspace/rtl/dll/vibe_dll_tx.sv:71$2931 ($xor).
Removed top 1 bits (of 30) from port B of cell vibe_dll_tx.$xor$/workspace/rtl/dll/vibe_dll_tx.sv:71$2934 ($xor).
Removed top 1 bits (of 30) from port B of cell vibe_dll_tx.$xor$/workspace/rtl/dll/vibe_dll_tx.sv:71$2937 ($xor).
Removed top 1 bits (of 30) from port B of cell vibe_dll_tx.$xor$/workspace/rtl/dll/vibe_dll_tx.sv:71$2940 ($xor).
Removed top 1 bits (of 30) from port B of cell vibe_dll_tx.$xor$/workspace/rtl/dll/vibe_dll_tx.sv:71$2943 ($xor).
Removed top 1 bits (of 30) from port B of cell vibe_dll_tx.$xor$/workspace/rtl/dll/vibe_dll_tx.sv:71$2946 ($xor).
Removed top 1 bits (of 30) from port B of cell vibe_dll_tx.$xor$/workspace/rtl/dll/vibe_dll_tx.sv:71$2949 ($xor).
Removed top 1 bits (of 30) from port B of cell vibe_dll_tx.$xor$/workspace/rtl/dll/vibe_dll_tx.sv:71$2952 ($xor).
Removed top 1 bits (of 30) from port B of cell vibe_dll_tx.$xor$/workspace/rtl/dll/vibe_dll_tx.sv:71$2955 ($xor).
Removed top 1 bits (of 30) from port B of cell vibe_dll_tx.$xor$/workspace/rtl/dll/vibe_dll_tx.sv:71$2958 ($xor).
Removed top 1 bits (of 30) from port B of cell vibe_dll_tx.$xor$/workspace/rtl/dll/vibe_dll_tx.sv:71$2961 ($xor).
Removed top 1 bits (of 30) from port B of cell vibe_dll_tx.$xor$/workspace/rtl/dll/vibe_dll_tx.sv:71$2964 ($xor).
Removed top 1 bits (of 30) from port B of cell vibe_dll_tx.$xor$/workspace/rtl/dll/vibe_dll_tx.sv:71$2967 ($xor).
Removed top 1 bits (of 30) from port B of cell vibe_dll_tx.$xor$/workspace/rtl/dll/vibe_dll_tx.sv:71$2970 ($xor).
Removed top 1 bits (of 30) from port B of cell vibe_dll_tx.$xor$/workspace/rtl/dll/vibe_dll_tx.sv:71$2973 ($xor).
Removed top 1 bits (of 30) from port B of cell vibe_dll_tx.$xor$/workspace/rtl/dll/vibe_dll_tx.sv:71$2976 ($xor).
Removed top 1 bits (of 30) from port B of cell vibe_dll_tx.$xor$/workspace/rtl/dll/vibe_dll_tx.sv:71$2979 ($xor).
Removed top 1 bits (of 30) from port B of cell vibe_dll_tx.$xor$/workspace/rtl/dll/vibe_dll_tx.sv:71$2982 ($xor).
Removed top 1 bits (of 30) from port B of cell vibe_dll_tx.$xor$/workspace/rtl/dll/vibe_dll_tx.sv:71$2985 ($xor).
Removed top 1 bits (of 30) from port B of cell vibe_dll_tx.$xor$/workspace/rtl/dll/vibe_dll_tx.sv:71$2988 ($xor).
Removed top 1 bits (of 30) from port B of cell vibe_dll_tx.$xor$/workspace/rtl/dll/vibe_dll_tx.sv:71$2991 ($xor).
Removed top 1 bits (of 30) from port B of cell vibe_dll_tx.$xor$/workspace/rtl/dll/vibe_dll_tx.sv:71$2994 ($xor).
Removed top 1 bits (of 30) from port B of cell vibe_dll_tx.$xor$/workspace/rtl/dll/vibe_dll_tx.sv:71$2997 ($xor).
Removed top 1 bits (of 30) from port B of cell vibe_dll_tx.$xor$/workspace/rtl/dll/vibe_dll_tx.sv:71$3000 ($xor).
Removed top 1 bits (of 30) from port B of cell vibe_dll_tx.$xor$/workspace/rtl/dll/vibe_dll_tx.sv:71$3003 ($xor).
Removed top 1 bits (of 30) from port B of cell vibe_dll_tx.$xor$/workspace/rtl/dll/vibe_dll_tx.sv:71$3006 ($xor).
Removed top 1 bits (of 30) from port B of cell vibe_dll_tx.$xor$/workspace/rtl/dll/vibe_dll_tx.sv:71$3009 ($xor).
Removed top 1 bits (of 30) from port B of cell vibe_dll_tx.$xor$/workspace/rtl/dll/vibe_dll_tx.sv:71$3012 ($xor).
Removed top 1 bits (of 30) from port B of cell vibe_dll_tx.$xor$/workspace/rtl/dll/vibe_dll_tx.sv:71$3015 ($xor).
Removed top 1 bits (of 30) from port B of cell vibe_dll_tx.$xor$/workspace/rtl/dll/vibe_dll_tx.sv:71$3018 ($xor).
Removed top 1 bits (of 30) from port B of cell vibe_dll_tx.$xor$/workspace/rtl/dll/vibe_dll_tx.sv:71$3021 ($xor).
Removed top 1 bits (of 30) from port B of cell vibe_dll_tx.$xor$/workspace/rtl/dll/vibe_dll_tx.sv:71$3024 ($xor).
Removed top 1 bits (of 30) from port B of cell vibe_dll_tx.$xor$/workspace/rtl/dll/vibe_dll_tx.sv:71$3027 ($xor).
Removed top 1 bits (of 30) from port B of cell vibe_dll_tx.$xor$/workspace/rtl/dll/vibe_dll_tx.sv:71$3030 ($xor).
Removed top 1 bits (of 30) from port B of cell vibe_dll_tx.$xor$/workspace/rtl/dll/vibe_dll_tx.sv:71$3033 ($xor).
Removed top 1 bits (of 30) from port B of cell vibe_dll_tx.$xor$/workspace/rtl/dll/vibe_dll_tx.sv:71$3036 ($xor).
Removed top 1 bits (of 30) from port B of cell vibe_dll_tx.$xor$/workspace/rtl/dll/vibe_dll_tx.sv:71$3039 ($xor).
Removed top 1 bits (of 30) from port B of cell vibe_dll_tx.$xor$/workspace/rtl/dll/vibe_dll_tx.sv:71$3042 ($xor).
Removed top 1 bits (of 30) from port B of cell vibe_dll_tx.$xor$/workspace/rtl/dll/vibe_dll_tx.sv:71$3045 ($xor).
Removed top 1 bits (of 30) from port B of cell vibe_dll_tx.$xor$/workspace/rtl/dll/vibe_dll_tx.sv:71$3048 ($xor).
Removed top 1 bits (of 30) from port B of cell vibe_dll_tx.$xor$/workspace/rtl/dll/vibe_dll_tx.sv:71$3051 ($xor).
Removed top 1 bits (of 30) from port B of cell vibe_dll_tx.$xor$/workspace/rtl/dll/vibe_dll_tx.sv:71$3054 ($xor).
Removed top 1 bits (of 30) from port B of cell vibe_dll_tx.$xor$/workspace/rtl/dll/vibe_dll_tx.sv:71$3057 ($xor).
Removed top 1 bits (of 30) from port B of cell vibe_dll_tx.$xor$/workspace/rtl/dll/vibe_dll_tx.sv:71$3060 ($xor).
Removed top 1 bits (of 30) from port B of cell vibe_dll_tx.$xor$/workspace/rtl/dll/vibe_dll_tx.sv:71$3063 ($xor).
Removed top 1 bits (of 30) from port B of cell vibe_dll_tx.$xor$/workspace/rtl/dll/vibe_dll_tx.sv:71$3066 ($xor).
Removed top 1 bits (of 30) from port B of cell vibe_dll_tx.$xor$/workspace/rtl/dll/vibe_dll_tx.sv:71$3069 ($xor).
Removed top 1 bits (of 30) from port B of cell vibe_dll_tx.$xor$/workspace/rtl/dll/vibe_dll_tx.sv:71$3072 ($xor).
Removed top 1 bits (of 30) from port B of cell vibe_dll_tx.$xor$/workspace/rtl/dll/vibe_dll_tx.sv:71$3075 ($xor).
Removed top 1 bits (of 30) from port B of cell vibe_dll_tx.$xor$/workspace/rtl/dll/vibe_dll_tx.sv:71$3078 ($xor).
Removed top 1 bits (of 30) from port B of cell vibe_dll_tx.$xor$/workspace/rtl/dll/vibe_dll_tx.sv:71$3081 ($xor).
Removed top 1 bits (of 30) from port B of cell vibe_dll_tx.$xor$/workspace/rtl/dll/vibe_dll_tx.sv:71$3084 ($xor).
Removed top 1 bits (of 30) from port B of cell vibe_dll_tx.$xor$/workspace/rtl/dll/vibe_dll_tx.sv:71$3087 ($xor).
Removed top 1 bits (of 30) from port B of cell vibe_dll_tx.$xor$/workspace/rtl/dll/vibe_dll_tx.sv:71$3090 ($xor).
Removed top 1 bits (of 30) from port B of cell vibe_dll_tx.$xor$/workspace/rtl/dll/vibe_dll_tx.sv:71$3739 ($xor).
Removed top 1 bits (of 30) from port B of cell vibe_dll_tx.$xor$/workspace/rtl/dll/vibe_dll_tx.sv:71$3742 ($xor).
Removed top 1 bits (of 30) from port B of cell vibe_dll_tx.$xor$/workspace/rtl/dll/vibe_dll_tx.sv:71$3745 ($xor).
Removed top 1 bits (of 30) from port B of cell vibe_dll_tx.$xor$/workspace/rtl/dll/vibe_dll_tx.sv:71$3748 ($xor).
Removed top 1 bits (of 30) from port B of cell vibe_dll_tx.$xor$/workspace/rtl/dll/vibe_dll_tx.sv:71$3751 ($xor).
Removed top 1 bits (of 30) from port B of cell vibe_dll_tx.$xor$/workspace/rtl/dll/vibe_dll_tx.sv:71$3754 ($xor).
Removed top 1 bits (of 30) from port B of cell vibe_dll_tx.$xor$/workspace/rtl/dll/vibe_dll_tx.sv:71$3757 ($xor).
Removed top 1 bits (of 30) from port B of cell vibe_dll_tx.$xor$/workspace/rtl/dll/vibe_dll_tx.sv:71$3760 ($xor).
Removed top 1 bits (of 30) from port B of cell vibe_dll_tx.$xor$/workspace/rtl/dll/vibe_dll_tx.sv:71$3763 ($xor).
Removed top 1 bits (of 30) from port B of cell vibe_dll_tx.$xor$/workspace/rtl/dll/vibe_dll_tx.sv:71$3766 ($xor).
Removed top 1 bits (of 30) from port B of cell vibe_dll_tx.$xor$/workspace/rtl/dll/vibe_dll_tx.sv:71$3769 ($xor).
Removed top 1 bits (of 30) from port B of cell vibe_dll_tx.$xor$/workspace/rtl/dll/vibe_dll_tx.sv:71$3772 ($xor).
Removed top 1 bits (of 30) from port B of cell vibe_dll_tx.$xor$/workspace/rtl/dll/vibe_dll_tx.sv:71$3775 ($xor).
Removed top 1 bits (of 30) from port B of cell vibe_dll_tx.$xor$/workspace/rtl/dll/vibe_dll_tx.sv:71$3778 ($xor).
Removed top 1 bits (of 30) from port B of cell vibe_dll_tx.$xor$/workspace/rtl/dll/vibe_dll_tx.sv:71$3781 ($xor).
Removed top 1 bits (of 30) from port B of cell vibe_dll_tx.$xor$/workspace/rtl/dll/vibe_dll_tx.sv:71$3784 ($xor).
Removed top 1 bits (of 30) from port B of cell vibe_dll_tx.$xor$/workspace/rtl/dll/vibe_dll_tx.sv:71$3787 ($xor).
Removed top 1 bits (of 30) from port B of cell vibe_dll_tx.$xor$/workspace/rtl/dll/vibe_dll_tx.sv:71$3790 ($xor).
Removed top 1 bits (of 30) from port B of cell vibe_dll_tx.$xor$/workspace/rtl/dll/vibe_dll_tx.sv:71$3793 ($xor).
Removed top 1 bits (of 30) from port B of cell vibe_dll_tx.$xor$/workspace/rtl/dll/vibe_dll_tx.sv:71$3796 ($xor).
Removed top 1 bits (of 30) from port B of cell vibe_dll_tx.$xor$/workspace/rtl/dll/vibe_dll_tx.sv:71$3799 ($xor).
Removed top 1 bits (of 30) from port B of cell vibe_dll_tx.$xor$/workspace/rtl/dll/vibe_dll_tx.sv:71$3802 ($xor).
Removed top 1 bits (of 30) from port B of cell vibe_dll_tx.$xor$/workspace/rtl/dll/vibe_dll_tx.sv:71$3805 ($xor).
Removed top 1 bits (of 30) from port B of cell vibe_dll_tx.$xor$/workspace/rtl/dll/vibe_dll_tx.sv:71$3808 ($xor).
Removed top 1 bits (of 30) from port B of cell vibe_dll_tx.$xor$/workspace/rtl/dll/vibe_dll_tx.sv:71$3811 ($xor).
Removed top 1 bits (of 30) from port B of cell vibe_dll_tx.$xor$/workspace/rtl/dll/vibe_dll_tx.sv:71$3814 ($xor).
Removed top 1 bits (of 30) from port B of cell vibe_dll_tx.$xor$/workspace/rtl/dll/vibe_dll_tx.sv:71$3817 ($xor).
Removed top 1 bits (of 30) from port B of cell vibe_dll_tx.$xor$/workspace/rtl/dll/vibe_dll_tx.sv:71$3820 ($xor).
Removed top 1 bits (of 30) from port B of cell vibe_dll_tx.$xor$/workspace/rtl/dll/vibe_dll_tx.sv:71$3823 ($xor).
Removed top 1 bits (of 30) from port B of cell vibe_dll_tx.$xor$/workspace/rtl/dll/vibe_dll_tx.sv:71$3826 ($xor).
Removed top 1 bits (of 30) from port B of cell vibe_dll_tx.$xor$/workspace/rtl/dll/vibe_dll_tx.sv:71$3829 ($xor).
Removed top 1 bits (of 30) from port B of cell vibe_dll_tx.$xor$/workspace/rtl/dll/vibe_dll_tx.sv:71$3832 ($xor).
Removed top 1 bits (of 30) from port B of cell vibe_dll_tx.$xor$/workspace/rtl/dll/vibe_dll_tx.sv:71$3835 ($xor).
Removed top 1 bits (of 30) from port B of cell vibe_dll_tx.$xor$/workspace/rtl/dll/vibe_dll_tx.sv:71$3838 ($xor).
Removed top 1 bits (of 30) from port B of cell vibe_dll_tx.$xor$/workspace/rtl/dll/vibe_dll_tx.sv:71$3841 ($xor).
Removed top 1 bits (of 30) from port B of cell vibe_dll_tx.$xor$/workspace/rtl/dll/vibe_dll_tx.sv:71$3844 ($xor).
Removed top 1 bits (of 30) from port B of cell vibe_dll_tx.$xor$/workspace/rtl/dll/vibe_dll_tx.sv:71$3847 ($xor).
Removed top 1 bits (of 30) from port B of cell vibe_dll_tx.$xor$/workspace/rtl/dll/vibe_dll_tx.sv:71$3850 ($xor).
Removed top 1 bits (of 30) from port B of cell vibe_dll_tx.$xor$/workspace/rtl/dll/vibe_dll_tx.sv:71$3853 ($xor).
Removed top 1 bits (of 30) from port B of cell vibe_dll_tx.$xor$/workspace/rtl/dll/vibe_dll_tx.sv:71$3856 ($xor).
Removed top 1 bits (of 30) from port B of cell vibe_dll_tx.$xor$/workspace/rtl/dll/vibe_dll_tx.sv:71$3859 ($xor).
Removed top 1 bits (of 30) from port B of cell vibe_dll_tx.$xor$/workspace/rtl/dll/vibe_dll_tx.sv:71$3862 ($xor).
Removed top 1 bits (of 30) from port B of cell vibe_dll_tx.$xor$/workspace/rtl/dll/vibe_dll_tx.sv:71$3865 ($xor).
Removed top 1 bits (of 30) from port B of cell vibe_dll_tx.$xor$/workspace/rtl/dll/vibe_dll_tx.sv:71$3868 ($xor).
Removed top 1 bits (of 30) from port B of cell vibe_dll_tx.$xor$/workspace/rtl/dll/vibe_dll_tx.sv:71$3871 ($xor).
Removed top 1 bits (of 30) from port B of cell vibe_dll_tx.$xor$/workspace/rtl/dll/vibe_dll_tx.sv:71$3874 ($xor).
Removed top 1 bits (of 30) from port B of cell vibe_dll_tx.$xor$/workspace/rtl/dll/vibe_dll_tx.sv:71$3877 ($xor).
Removed top 1 bits (of 30) from port B of cell vibe_dll_tx.$xor$/workspace/rtl/dll/vibe_dll_tx.sv:71$3880 ($xor).
Removed top 1 bits (of 30) from port B of cell vibe_dll_tx.$xor$/workspace/rtl/dll/vibe_dll_tx.sv:71$3883 ($xor).
Removed top 1 bits (of 30) from port B of cell vibe_dll_tx.$xor$/workspace/rtl/dll/vibe_dll_tx.sv:71$3886 ($xor).
Removed top 1 bits (of 30) from port B of cell vibe_dll_tx.$xor$/workspace/rtl/dll/vibe_dll_tx.sv:71$3889 ($xor).
Removed top 1 bits (of 30) from port B of cell vibe_dll_tx.$xor$/workspace/rtl/dll/vibe_dll_tx.sv:71$3892 ($xor).
Removed top 1 bits (of 30) from port B of cell vibe_dll_tx.$xor$/workspace/rtl/dll/vibe_dll_tx.sv:71$3895 ($xor).
Removed top 1 bits (of 30) from port B of cell vibe_dll_tx.$xor$/workspace/rtl/dll/vibe_dll_tx.sv:71$3898 ($xor).
Removed top 1 bits (of 30) from port B of cell vibe_dll_tx.$xor$/workspace/rtl/dll/vibe_dll_tx.sv:71$3901 ($xor).
Removed top 1 bits (of 30) from port B of cell vibe_dll_tx.$xor$/workspace/rtl/dll/vibe_dll_tx.sv:71$3904 ($xor).
Removed top 1 bits (of 30) from port B of cell vibe_dll_tx.$xor$/workspace/rtl/dll/vibe_dll_tx.sv:71$3907 ($xor).
Removed top 1 bits (of 30) from port B of cell vibe_dll_tx.$xor$/workspace/rtl/dll/vibe_dll_tx.sv:71$3910 ($xor).
Removed top 1 bits (of 30) from port B of cell vibe_dll_tx.$xor$/workspace/rtl/dll/vibe_dll_tx.sv:71$3913 ($xor).
Removed top 1 bits (of 30) from port B of cell vibe_dll_tx.$xor$/workspace/rtl/dll/vibe_dll_tx.sv:71$3916 ($xor).
Removed top 1 bits (of 30) from port B of cell vibe_dll_tx.$xor$/workspace/rtl/dll/vibe_dll_tx.sv:71$3919 ($xor).
Removed top 1 bits (of 30) from port B of cell vibe_dll_tx.$xor$/workspace/rtl/dll/vibe_dll_tx.sv:71$3922 ($xor).
Removed top 1 bits (of 30) from port B of cell vibe_dll_tx.$xor$/workspace/rtl/dll/vibe_dll_tx.sv:71$3925 ($xor).
Removed top 1 bits (of 30) from port B of cell vibe_dll_tx.$xor$/workspace/rtl/dll/vibe_dll_tx.sv:71$3928 ($xor).
Removed top 1 bits (of 30) from port B of cell vibe_dll_tx.$xor$/workspace/rtl/dll/vibe_dll_tx.sv:71$3931 ($xor).
Removed top 1 bits (of 30) from port B of cell vibe_dll_tx.$xor$/workspace/rtl/dll/vibe_dll_tx.sv:71$3934 ($xor).
Removed top 1 bits (of 30) from port B of cell vibe_dll_tx.$xor$/workspace/rtl/dll/vibe_dll_tx.sv:71$3937 ($xor).
Removed top 1 bits (of 30) from port B of cell vibe_dll_tx.$xor$/workspace/rtl/dll/vibe_dll_tx.sv:71$3940 ($xor).
Removed top 1 bits (of 30) from port B of cell vibe_dll_tx.$xor$/workspace/rtl/dll/vibe_dll_tx.sv:71$3943 ($xor).
Removed top 1 bits (of 30) from port B of cell vibe_dll_tx.$xor$/workspace/rtl/dll/vibe_dll_tx.sv:71$3946 ($xor).
Removed top 1 bits (of 30) from port B of cell vibe_dll_tx.$xor$/workspace/rtl/dll/vibe_dll_tx.sv:71$3949 ($xor).
Removed top 1 bits (of 30) from port B of cell vibe_dll_tx.$xor$/workspace/rtl/dll/vibe_dll_tx.sv:71$3952 ($xor).
Removed top 1 bits (of 30) from port B of cell vibe_dll_tx.$xor$/workspace/rtl/dll/vibe_dll_tx.sv:71$3955 ($xor).
Removed top 1 bits (of 30) from port B of cell vibe_dll_tx.$xor$/workspace/rtl/dll/vibe_dll_tx.sv:71$3958 ($xor).
Removed top 1 bits (of 30) from port B of cell vibe_dll_tx.$xor$/workspace/rtl/dll/vibe_dll_tx.sv:71$3961 ($xor).
Removed top 1 bits (of 30) from port B of cell vibe_dll_tx.$xor$/workspace/rtl/dll/vibe_dll_tx.sv:71$3964 ($xor).
Removed top 1 bits (of 30) from port B of cell vibe_dll_tx.$xor$/workspace/rtl/dll/vibe_dll_tx.sv:71$3967 ($xor).
Removed top 1 bits (of 30) from port B of cell vibe_dll_tx.$xor$/workspace/rtl/dll/vibe_dll_tx.sv:71$3970 ($xor).
Removed top 1 bits (of 30) from port B of cell vibe_dll_tx.$xor$/workspace/rtl/dll/vibe_dll_tx.sv:71$3973 ($xor).
Removed top 1 bits (of 30) from port B of cell vibe_dll_tx.$xor$/workspace/rtl/dll/vibe_dll_tx.sv:71$3976 ($xor).
Removed top 1 bits (of 30) from port B of cell vibe_dll_tx.$xor$/workspace/rtl/dll/vibe_dll_tx.sv:71$3979 ($xor).
Removed top 1 bits (of 30) from port B of cell vibe_dll_tx.$xor$/workspace/rtl/dll/vibe_dll_tx.sv:71$3982 ($xor).
Removed top 1 bits (of 30) from port B of cell vibe_dll_tx.$xor$/workspace/rtl/dll/vibe_dll_tx.sv:71$3985 ($xor).
Removed top 1 bits (of 30) from port B of cell vibe_dll_tx.$xor$/workspace/rtl/dll/vibe_dll_tx.sv:71$3988 ($xor).
Removed top 1 bits (of 30) from port B of cell vibe_dll_tx.$xor$/workspace/rtl/dll/vibe_dll_tx.sv:71$3991 ($xor).
Removed top 1 bits (of 30) from port B of cell vibe_dll_tx.$xor$/workspace/rtl/dll/vibe_dll_tx.sv:71$3994 ($xor).
Removed top 1 bits (of 30) from port B of cell vibe_dll_tx.$xor$/workspace/rtl/dll/vibe_dll_tx.sv:71$3997 ($xor).
Removed top 1 bits (of 30) from port B of cell vibe_dll_tx.$xor$/workspace/rtl/dll/vibe_dll_tx.sv:71$4000 ($xor).
Removed top 1 bits (of 30) from port B of cell vibe_dll_tx.$xor$/workspace/rtl/dll/vibe_dll_tx.sv:71$4003 ($xor).
Removed top 1 bits (of 30) from port B of cell vibe_dll_tx.$xor$/workspace/rtl/dll/vibe_dll_tx.sv:71$4006 ($xor).
Removed top 1 bits (of 30) from port B of cell vibe_dll_tx.$xor$/workspace/rtl/dll/vibe_dll_tx.sv:71$4009 ($xor).
Removed top 1 bits (of 30) from port B of cell vibe_dll_tx.$xor$/workspace/rtl/dll/vibe_dll_tx.sv:71$4012 ($xor).
Removed top 1 bits (of 30) from port B of cell vibe_dll_tx.$xor$/workspace/rtl/dll/vibe_dll_tx.sv:71$4015 ($xor).
Removed top 1 bits (of 30) from port B of cell vibe_dll_tx.$xor$/workspace/rtl/dll/vibe_dll_tx.sv:71$4018 ($xor).
Removed top 1 bits (of 30) from port B of cell vibe_dll_tx.$xor$/workspace/rtl/dll/vibe_dll_tx.sv:71$4021 ($xor).
Removed top 1 bits (of 30) from port B of cell vibe_dll_tx.$xor$/workspace/rtl/dll/vibe_dll_tx.sv:71$4024 ($xor).
Removed top 1 bits (of 30) from port B of cell vibe_dll_tx.$xor$/workspace/rtl/dll/vibe_dll_tx.sv:71$4027 ($xor).
Removed top 1 bits (of 30) from port B of cell vibe_dll_tx.$xor$/workspace/rtl/dll/vibe_dll_tx.sv:71$4030 ($xor).
Removed top 1 bits (of 30) from port B of cell vibe_dll_tx.$xor$/workspace/rtl/dll/vibe_dll_tx.sv:71$4033 ($xor).
Removed top 1 bits (of 30) from port B of cell vibe_dll_tx.$xor$/workspace/rtl/dll/vibe_dll_tx.sv:71$4036 ($xor).
Removed top 1 bits (of 30) from port B of cell vibe_dll_tx.$xor$/workspace/rtl/dll/vibe_dll_tx.sv:71$4039 ($xor).
Removed top 1 bits (of 30) from port B of cell vibe_dll_tx.$xor$/workspace/rtl/dll/vibe_dll_tx.sv:71$4042 ($xor).
Removed top 1 bits (of 30) from port B of cell vibe_dll_tx.$xor$/workspace/rtl/dll/vibe_dll_tx.sv:71$4045 ($xor).
Removed top 1 bits (of 30) from port B of cell vibe_dll_tx.$xor$/workspace/rtl/dll/vibe_dll_tx.sv:71$4048 ($xor).
Removed top 1 bits (of 30) from port B of cell vibe_dll_tx.$xor$/workspace/rtl/dll/vibe_dll_tx.sv:71$4051 ($xor).
Removed top 1 bits (of 30) from port B of cell vibe_dll_tx.$xor$/workspace/rtl/dll/vibe_dll_tx.sv:71$4054 ($xor).
Removed top 1 bits (of 30) from port B of cell vibe_dll_tx.$xor$/workspace/rtl/dll/vibe_dll_tx.sv:71$4057 ($xor).
Removed top 1 bits (of 30) from port B of cell vibe_dll_tx.$xor$/workspace/rtl/dll/vibe_dll_tx.sv:71$4060 ($xor).
Removed top 1 bits (of 30) from port B of cell vibe_dll_tx.$xor$/workspace/rtl/dll/vibe_dll_tx.sv:71$4063 ($xor).
Removed top 1 bits (of 30) from port B of cell vibe_dll_tx.$xor$/workspace/rtl/dll/vibe_dll_tx.sv:71$4066 ($xor).
Removed top 1 bits (of 30) from port B of cell vibe_dll_tx.$xor$/workspace/rtl/dll/vibe_dll_tx.sv:71$4069 ($xor).
Removed top 1 bits (of 30) from port B of cell vibe_dll_tx.$xor$/workspace/rtl/dll/vibe_dll_tx.sv:71$4072 ($xor).
Removed top 1 bits (of 30) from port B of cell vibe_dll_tx.$xor$/workspace/rtl/dll/vibe_dll_tx.sv:71$4075 ($xor).
Removed top 1 bits (of 30) from port B of cell vibe_dll_tx.$xor$/workspace/rtl/dll/vibe_dll_tx.sv:71$4078 ($xor).
Removed top 1 bits (of 30) from port B of cell vibe_dll_tx.$xor$/workspace/rtl/dll/vibe_dll_tx.sv:71$4081 ($xor).
Removed top 1 bits (of 30) from port B of cell vibe_dll_tx.$xor$/workspace/rtl/dll/vibe_dll_tx.sv:71$4084 ($xor).
Removed top 1 bits (of 30) from port B of cell vibe_dll_tx.$xor$/workspace/rtl/dll/vibe_dll_tx.sv:71$4087 ($xor).
Removed top 1 bits (of 30) from port B of cell vibe_dll_tx.$xor$/workspace/rtl/dll/vibe_dll_tx.sv:71$4090 ($xor).
Removed top 1 bits (of 30) from port B of cell vibe_dll_tx.$xor$/workspace/rtl/dll/vibe_dll_tx.sv:71$4093 ($xor).
Removed top 1 bits (of 30) from port B of cell vibe_dll_tx.$xor$/workspace/rtl/dll/vibe_dll_tx.sv:71$4096 ($xor).
Removed top 1 bits (of 30) from port B of cell vibe_dll_tx.$xor$/workspace/rtl/dll/vibe_dll_tx.sv:71$4099 ($xor).
Removed top 1 bits (of 30) from port B of cell vibe_dll_tx.$xor$/workspace/rtl/dll/vibe_dll_tx.sv:71$4102 ($xor).
Removed top 1 bits (of 30) from port B of cell vibe_dll_tx.$xor$/workspace/rtl/dll/vibe_dll_tx.sv:71$4105 ($xor).
Removed top 1 bits (of 30) from port B of cell vibe_dll_tx.$xor$/workspace/rtl/dll/vibe_dll_tx.sv:71$4108 ($xor).
Removed top 1 bits (of 30) from port B of cell vibe_dll_tx.$xor$/workspace/rtl/dll/vibe_dll_tx.sv:71$4111 ($xor).
Removed top 1 bits (of 30) from port B of cell vibe_dll_tx.$xor$/workspace/rtl/dll/vibe_dll_tx.sv:71$4114 ($xor).
Removed top 1 bits (of 30) from port B of cell vibe_dll_tx.$xor$/workspace/rtl/dll/vibe_dll_tx.sv:71$4117 ($xor).
Removed top 1 bits (of 30) from port B of cell vibe_dll_tx.$xor$/workspace/rtl/dll/vibe_dll_tx.sv:71$4120 ($xor).
Removed top 1 bits (of 30) from port B of cell vibe_dll_tx.$xor$/workspace/rtl/dll/vibe_dll_tx.sv:71$4123 ($xor).
Removed top 1 bits (of 30) from port B of cell vibe_dll_tx.$xor$/workspace/rtl/dll/vibe_dll_tx.sv:71$4126 ($xor).
Removed top 1 bits (of 30) from port B of cell vibe_dll_tx.$xor$/workspace/rtl/dll/vibe_dll_tx.sv:71$4129 ($xor).
Removed top 1 bits (of 30) from port B of cell vibe_dll_tx.$xor$/workspace/rtl/dll/vibe_dll_tx.sv:71$4132 ($xor).
Removed top 1 bits (of 30) from port B of cell vibe_dll_tx.$xor$/workspace/rtl/dll/vibe_dll_tx.sv:71$4135 ($xor).
Removed top 1 bits (of 30) from port B of cell vibe_dll_tx.$xor$/workspace/rtl/dll/vibe_dll_tx.sv:71$4138 ($xor).
Removed top 1 bits (of 30) from port B of cell vibe_dll_tx.$xor$/workspace/rtl/dll/vibe_dll_tx.sv:71$4141 ($xor).
Removed top 1 bits (of 30) from port B of cell vibe_dll_tx.$xor$/workspace/rtl/dll/vibe_dll_tx.sv:71$4144 ($xor).
Removed top 1 bits (of 30) from port B of cell vibe_dll_tx.$xor$/workspace/rtl/dll/vibe_dll_tx.sv:71$4147 ($xor).
Removed top 1 bits (of 30) from port B of cell vibe_dll_tx.$xor$/workspace/rtl/dll/vibe_dll_tx.sv:71$4150 ($xor).
Removed top 1 bits (of 30) from port B of cell vibe_dll_tx.$xor$/workspace/rtl/dll/vibe_dll_tx.sv:71$4153 ($xor).
Removed top 1 bits (of 30) from port B of cell vibe_dll_tx.$xor$/workspace/rtl/dll/vibe_dll_tx.sv:71$4156 ($xor).
Removed top 1 bits (of 30) from port B of cell vibe_dll_tx.$xor$/workspace/rtl/dll/vibe_dll_tx.sv:71$4159 ($xor).
Removed top 1 bits (of 30) from port B of cell vibe_dll_tx.$xor$/workspace/rtl/dll/vibe_dll_tx.sv:71$4162 ($xor).
Removed top 1 bits (of 30) from port B of cell vibe_dll_tx.$xor$/workspace/rtl/dll/vibe_dll_tx.sv:71$4165 ($xor).
Removed top 1 bits (of 30) from port B of cell vibe_dll_tx.$xor$/workspace/rtl/dll/vibe_dll_tx.sv:71$4168 ($xor).
Removed top 1 bits (of 30) from port B of cell vibe_dll_tx.$xor$/workspace/rtl/dll/vibe_dll_tx.sv:71$4171 ($xor).
Removed top 1 bits (of 30) from port B of cell vibe_dll_tx.$xor$/workspace/rtl/dll/vibe_dll_tx.sv:71$4174 ($xor).
Removed top 1 bits (of 30) from port B of cell vibe_dll_tx.$xor$/workspace/rtl/dll/vibe_dll_tx.sv:71$4177 ($xor).
Removed top 1 bits (of 30) from port B of cell vibe_dll_tx.$xor$/workspace/rtl/dll/vibe_dll_tx.sv:71$4180 ($xor).
Removed top 1 bits (of 30) from port B of cell vibe_dll_tx.$xor$/workspace/rtl/dll/vibe_dll_tx.sv:71$4183 ($xor).
Removed top 1 bits (of 30) from port B of cell vibe_dll_tx.$xor$/workspace/rtl/dll/vibe_dll_tx.sv:71$4186 ($xor).
Removed top 1 bits (of 30) from port B of cell vibe_dll_tx.$xor$/workspace/rtl/dll/vibe_dll_tx.sv:71$4189 ($xor).
Removed top 1 bits (of 30) from port B of cell vibe_dll_tx.$xor$/workspace/rtl/dll/vibe_dll_tx.sv:71$4192 ($xor).
Removed top 1 bits (of 30) from port B of cell vibe_dll_tx.$xor$/workspace/rtl/dll/vibe_dll_tx.sv:71$4195 ($xor).
Removed top 1 bits (of 30) from port B of cell vibe_dll_tx.$xor$/workspace/rtl/dll/vibe_dll_tx.sv:71$4198 ($xor).
Removed top 1 bits (of 30) from port B of cell vibe_dll_tx.$xor$/workspace/rtl/dll/vibe_dll_tx.sv:71$4201 ($xor).
Removed top 1 bits (of 30) from port B of cell vibe_dll_tx.$xor$/workspace/rtl/dll/vibe_dll_tx.sv:71$4204 ($xor).
Removed top 1 bits (of 30) from port B of cell vibe_dll_tx.$xor$/workspace/rtl/dll/vibe_dll_tx.sv:71$4207 ($xor).
Removed top 1 bits (of 30) from port B of cell vibe_dll_tx.$xor$/workspace/rtl/dll/vibe_dll_tx.sv:71$4210 ($xor).
Removed top 1 bits (of 30) from port B of cell vibe_dll_tx.$xor$/workspace/rtl/dll/vibe_dll_tx.sv:71$4213 ($xor).
Removed top 1 bits (of 30) from port B of cell vibe_dll_tx.$xor$/workspace/rtl/dll/vibe_dll_tx.sv:71$4216 ($xor).
Removed top 1 bits (of 30) from port B of cell vibe_dll_tx.$xor$/workspace/rtl/dll/vibe_dll_tx.sv:71$4865 ($xor).
Removed top 1 bits (of 30) from port B of cell vibe_dll_tx.$xor$/workspace/rtl/dll/vibe_dll_tx.sv:71$4868 ($xor).
Removed top 1 bits (of 30) from port B of cell vibe_dll_tx.$xor$/workspace/rtl/dll/vibe_dll_tx.sv:71$4871 ($xor).
Removed top 1 bits (of 30) from port B of cell vibe_dll_tx.$xor$/workspace/rtl/dll/vibe_dll_tx.sv:71$4874 ($xor).
Removed top 1 bits (of 30) from port B of cell vibe_dll_tx.$xor$/workspace/rtl/dll/vibe_dll_tx.sv:71$4877 ($xor).
Removed top 1 bits (of 30) from port B of cell vibe_dll_tx.$xor$/workspace/rtl/dll/vibe_dll_tx.sv:71$4880 ($xor).
Removed top 1 bits (of 30) from port B of cell vibe_dll_tx.$xor$/workspace/rtl/dll/vibe_dll_tx.sv:71$4883 ($xor).
Removed top 1 bits (of 30) from port B of cell vibe_dll_tx.$xor$/workspace/rtl/dll/vibe_dll_tx.sv:71$4886 ($xor).
Removed top 1 bits (of 30) from port B of cell vibe_dll_tx.$xor$/workspace/rtl/dll/vibe_dll_tx.sv:71$4889 ($xor).
Removed top 1 bits (of 30) from port B of cell vibe_dll_tx.$xor$/workspace/rtl/dll/vibe_dll_tx.sv:71$4892 ($xor).
Removed top 1 bits (of 30) from port B of cell vibe_dll_tx.$xor$/workspace/rtl/dll/vibe_dll_tx.sv:71$4895 ($xor).
Removed top 1 bits (of 30) from port B of cell vibe_dll_tx.$xor$/workspace/rtl/dll/vibe_dll_tx.sv:71$4898 ($xor).
Removed top 1 bits (of 30) from port B of cell vibe_dll_tx.$xor$/workspace/rtl/dll/vibe_dll_tx.sv:71$4901 ($xor).
Removed top 1 bits (of 30) from port B of cell vibe_dll_tx.$xor$/workspace/rtl/dll/vibe_dll_tx.sv:71$4904 ($xor).
Removed top 1 bits (of 30) from port B of cell vibe_dll_tx.$xor$/workspace/rtl/dll/vibe_dll_tx.sv:71$4907 ($xor).
Removed top 1 bits (of 30) from port B of cell vibe_dll_tx.$xor$/workspace/rtl/dll/vibe_dll_tx.sv:71$4910 ($xor).
Removed top 1 bits (of 30) from port B of cell vibe_dll_tx.$xor$/workspace/rtl/dll/vibe_dll_tx.sv:71$4913 ($xor).
Removed top 1 bits (of 30) from port B of cell vibe_dll_tx.$xor$/workspace/rtl/dll/vibe_dll_tx.sv:71$4916 ($xor).
Removed top 1 bits (of 30) from port B of cell vibe_dll_tx.$xor$/workspace/rtl/dll/vibe_dll_tx.sv:71$4919 ($xor).
Removed top 1 bits (of 30) from port B of cell vibe_dll_tx.$xor$/workspace/rtl/dll/vibe_dll_tx.sv:71$4922 ($xor).
Removed top 1 bits (of 30) from port B of cell vibe_dll_tx.$xor$/workspace/rtl/dll/vibe_dll_tx.sv:71$4925 ($xor).
Removed top 1 bits (of 30) from port B of cell vibe_dll_tx.$xor$/workspace/rtl/dll/vibe_dll_tx.sv:71$4928 ($xor).
Removed top 1 bits (of 30) from port B of cell vibe_dll_tx.$xor$/workspace/rtl/dll/vibe_dll_tx.sv:71$4931 ($xor).
Removed top 1 bits (of 30) from port B of cell vibe_dll_tx.$xor$/workspace/rtl/dll/vibe_dll_tx.sv:71$4934 ($xor).
Removed top 1 bits (of 30) from port B of cell vibe_dll_tx.$xor$/workspace/rtl/dll/vibe_dll_tx.sv:71$4937 ($xor).
Removed top 1 bits (of 30) from port B of cell vibe_dll_tx.$xor$/workspace/rtl/dll/vibe_dll_tx.sv:71$4940 ($xor).
Removed top 1 bits (of 30) from port B of cell vibe_dll_tx.$xor$/workspace/rtl/dll/vibe_dll_tx.sv:71$4943 ($xor).
Removed top 1 bits (of 30) from port B of cell vibe_dll_tx.$xor$/workspace/rtl/dll/vibe_dll_tx.sv:71$4946 ($xor).
Removed top 1 bits (of 30) from port B of cell vibe_dll_tx.$xor$/workspace/rtl/dll/vibe_dll_tx.sv:71$4949 ($xor).
Removed top 1 bits (of 30) from port B of cell vibe_dll_tx.$xor$/workspace/rtl/dll/vibe_dll_tx.sv:71$4952 ($xor).
Removed top 1 bits (of 30) from port B of cell vibe_dll_tx.$xor$/workspace/rtl/dll/vibe_dll_tx.sv:71$4955 ($xor).
Removed top 1 bits (of 30) from port B of cell vibe_dll_tx.$xor$/workspace/rtl/dll/vibe_dll_tx.sv:71$4958 ($xor).
Removed top 1 bits (of 30) from port B of cell vibe_dll_tx.$xor$/workspace/rtl/dll/vibe_dll_tx.sv:71$4961 ($xor).
Removed top 1 bits (of 30) from port B of cell vibe_dll_tx.$xor$/workspace/rtl/dll/vibe_dll_tx.sv:71$4964 ($xor).
Removed top 1 bits (of 30) from port B of cell vibe_dll_tx.$xor$/workspace/rtl/dll/vibe_dll_tx.sv:71$4967 ($xor).
Removed top 1 bits (of 30) from port B of cell vibe_dll_tx.$xor$/workspace/rtl/dll/vibe_dll_tx.sv:71$4970 ($xor).
Removed top 1 bits (of 30) from port B of cell vibe_dll_tx.$xor$/workspace/rtl/dll/vibe_dll_tx.sv:71$4973 ($xor).
Removed top 1 bits (of 30) from port B of cell vibe_dll_tx.$xor$/workspace/rtl/dll/vibe_dll_tx.sv:71$4976 ($xor).
Removed top 1 bits (of 30) from port B of cell vibe_dll_tx.$xor$/workspace/rtl/dll/vibe_dll_tx.sv:71$4979 ($xor).
Removed top 1 bits (of 30) from port B of cell vibe_dll_tx.$xor$/workspace/rtl/dll/vibe_dll_tx.sv:71$4982 ($xor).
Removed top 1 bits (of 30) from port B of cell vibe_dll_tx.$xor$/workspace/rtl/dll/vibe_dll_tx.sv:71$4985 ($xor).
Removed top 1 bits (of 30) from port B of cell vibe_dll_tx.$xor$/workspace/rtl/dll/vibe_dll_tx.sv:71$4988 ($xor).
Removed top 1 bits (of 30) from port B of cell vibe_dll_tx.$xor$/workspace/rtl/dll/vibe_dll_tx.sv:71$4991 ($xor).
Removed top 1 bits (of 30) from port B of cell vibe_dll_tx.$xor$/workspace/rtl/dll/vibe_dll_tx.sv:71$4994 ($xor).
Removed top 1 bits (of 30) from port B of cell vibe_dll_tx.$xor$/workspace/rtl/dll/vibe_dll_tx.sv:71$4997 ($xor).
Removed top 1 bits (of 30) from port B of cell vibe_dll_tx.$xor$/workspace/rtl/dll/vibe_dll_tx.sv:71$5000 ($xor).
Removed top 1 bits (of 30) from port B of cell vibe_dll_tx.$xor$/workspace/rtl/dll/vibe_dll_tx.sv:71$5003 ($xor).
Removed top 1 bits (of 30) from port B of cell vibe_dll_tx.$xor$/workspace/rtl/dll/vibe_dll_tx.sv:71$5006 ($xor).
Removed top 1 bits (of 30) from port B of cell vibe_dll_tx.$xor$/workspace/rtl/dll/vibe_dll_tx.sv:71$5009 ($xor).
Removed top 1 bits (of 30) from port B of cell vibe_dll_tx.$xor$/workspace/rtl/dll/vibe_dll_tx.sv:71$5012 ($xor).
Removed top 1 bits (of 30) from port B of cell vibe_dll_tx.$xor$/workspace/rtl/dll/vibe_dll_tx.sv:71$5015 ($xor).
Removed top 1 bits (of 30) from port B of cell vibe_dll_tx.$xor$/workspace/rtl/dll/vibe_dll_tx.sv:71$5018 ($xor).
Removed top 1 bits (of 30) from port B of cell vibe_dll_tx.$xor$/workspace/rtl/dll/vibe_dll_tx.sv:71$5021 ($xor).
Removed top 1 bits (of 30) from port B of cell vibe_dll_tx.$xor$/workspace/rtl/dll/vibe_dll_tx.sv:71$5024 ($xor).
Removed top 1 bits (of 30) from port B of cell vibe_dll_tx.$xor$/workspace/rtl/dll/vibe_dll_tx.sv:71$5027 ($xor).
Removed top 1 bits (of 30) from port B of cell vibe_dll_tx.$xor$/workspace/rtl/dll/vibe_dll_tx.sv:71$5030 ($xor).
Removed top 1 bits (of 30) from port B of cell vibe_dll_tx.$xor$/workspace/rtl/dll/vibe_dll_tx.sv:71$5033 ($xor).
Removed top 1 bits (of 30) from port B of cell vibe_dll_tx.$xor$/workspace/rtl/dll/vibe_dll_tx.sv:71$5036 ($xor).
Removed top 1 bits (of 30) from port B of cell vibe_dll_tx.$xor$/workspace/rtl/dll/vibe_dll_tx.sv:71$5039 ($xor).
Removed top 1 bits (of 30) from port B of cell vibe_dll_tx.$xor$/workspace/rtl/dll/vibe_dll_tx.sv:71$5042 ($xor).
Removed top 1 bits (of 30) from port B of cell vibe_dll_tx.$xor$/workspace/rtl/dll/vibe_dll_tx.sv:71$5045 ($xor).
Removed top 1 bits (of 30) from port B of cell vibe_dll_tx.$xor$/workspace/rtl/dll/vibe_dll_tx.sv:71$5048 ($xor).
Removed top 1 bits (of 30) from port B of cell vibe_dll_tx.$xor$/workspace/rtl/dll/vibe_dll_tx.sv:71$5051 ($xor).
Removed top 1 bits (of 30) from port B of cell vibe_dll_tx.$xor$/workspace/rtl/dll/vibe_dll_tx.sv:71$5054 ($xor).
Removed top 1 bits (of 30) from port B of cell vibe_dll_tx.$xor$/workspace/rtl/dll/vibe_dll_tx.sv:71$5057 ($xor).
Removed top 1 bits (of 30) from port B of cell vibe_dll_tx.$xor$/workspace/rtl/dll/vibe_dll_tx.sv:71$5060 ($xor).
Removed top 1 bits (of 30) from port B of cell vibe_dll_tx.$xor$/workspace/rtl/dll/vibe_dll_tx.sv:71$5063 ($xor).
Removed top 1 bits (of 30) from port B of cell vibe_dll_tx.$xor$/workspace/rtl/dll/vibe_dll_tx.sv:71$5066 ($xor).
Removed top 1 bits (of 30) from port B of cell vibe_dll_tx.$xor$/workspace/rtl/dll/vibe_dll_tx.sv:71$5069 ($xor).
Removed top 1 bits (of 30) from port B of cell vibe_dll_tx.$xor$/workspace/rtl/dll/vibe_dll_tx.sv:71$5072 ($xor).
Removed top 1 bits (of 30) from port B of cell vibe_dll_tx.$xor$/workspace/rtl/dll/vibe_dll_tx.sv:71$5075 ($xor).
Removed top 1 bits (of 30) from port B of cell vibe_dll_tx.$xor$/workspace/rtl/dll/vibe_dll_tx.sv:71$5078 ($xor).
Removed top 1 bits (of 30) from port B of cell vibe_dll_tx.$xor$/workspace/rtl/dll/vibe_dll_tx.sv:71$5081 ($xor).
Removed top 1 bits (of 30) from port B of cell vibe_dll_tx.$xor$/workspace/rtl/dll/vibe_dll_tx.sv:71$5084 ($xor).
Removed top 1 bits (of 30) from port B of cell vibe_dll_tx.$xor$/workspace/rtl/dll/vibe_dll_tx.sv:71$5087 ($xor).
Removed top 1 bits (of 30) from port B of cell vibe_dll_tx.$xor$/workspace/rtl/dll/vibe_dll_tx.sv:71$5090 ($xor).
Removed top 1 bits (of 30) from port B of cell vibe_dll_tx.$xor$/workspace/rtl/dll/vibe_dll_tx.sv:71$5093 ($xor).
Removed top 1 bits (of 30) from port B of cell vibe_dll_tx.$xor$/workspace/rtl/dll/vibe_dll_tx.sv:71$5096 ($xor).
Removed top 1 bits (of 30) from port B of cell vibe_dll_tx.$xor$/workspace/rtl/dll/vibe_dll_tx.sv:71$5099 ($xor).
Removed top 1 bits (of 30) from port B of cell vibe_dll_tx.$xor$/workspace/rtl/dll/vibe_dll_tx.sv:71$5102 ($xor).
Removed top 1 bits (of 30) from port B of cell vibe_dll_tx.$xor$/workspace/rtl/dll/vibe_dll_tx.sv:71$5105 ($xor).
Removed top 1 bits (of 30) from port B of cell vibe_dll_tx.$xor$/workspace/rtl/dll/vibe_dll_tx.sv:71$5108 ($xor).
Removed top 1 bits (of 30) from port B of cell vibe_dll_tx.$xor$/workspace/rtl/dll/vibe_dll_tx.sv:71$5111 ($xor).
Removed top 1 bits (of 30) from port B of cell vibe_dll_tx.$xor$/workspace/rtl/dll/vibe_dll_tx.sv:71$5114 ($xor).
Removed top 1 bits (of 30) from port B of cell vibe_dll_tx.$xor$/workspace/rtl/dll/vibe_dll_tx.sv:71$5117 ($xor).
Removed top 1 bits (of 30) from port B of cell vibe_dll_tx.$xor$/workspace/rtl/dll/vibe_dll_tx.sv:71$5120 ($xor).
Removed top 1 bits (of 30) from port B of cell vibe_dll_tx.$xor$/workspace/rtl/dll/vibe_dll_tx.sv:71$5123 ($xor).
Removed top 1 bits (of 30) from port B of cell vibe_dll_tx.$xor$/workspace/rtl/dll/vibe_dll_tx.sv:71$5126 ($xor).
Removed top 1 bits (of 30) from port B of cell vibe_dll_tx.$xor$/workspace/rtl/dll/vibe_dll_tx.sv:71$5129 ($xor).
Removed top 1 bits (of 30) from port B of cell vibe_dll_tx.$xor$/workspace/rtl/dll/vibe_dll_tx.sv:71$5132 ($xor).
Removed top 1 bits (of 30) from port B of cell vibe_dll_tx.$xor$/workspace/rtl/dll/vibe_dll_tx.sv:71$5135 ($xor).
Removed top 1 bits (of 30) from port B of cell vibe_dll_tx.$xor$/workspace/rtl/dll/vibe_dll_tx.sv:71$5138 ($xor).
Removed top 1 bits (of 30) from port B of cell vibe_dll_tx.$xor$/workspace/rtl/dll/vibe_dll_tx.sv:71$5141 ($xor).
Removed top 1 bits (of 30) from port B of cell vibe_dll_tx.$xor$/workspace/rtl/dll/vibe_dll_tx.sv:71$5144 ($xor).
Removed top 1 bits (of 30) from port B of cell vibe_dll_tx.$xor$/workspace/rtl/dll/vibe_dll_tx.sv:71$5147 ($xor).
Removed top 1 bits (of 30) from port B of cell vibe_dll_tx.$xor$/workspace/rtl/dll/vibe_dll_tx.sv:71$5150 ($xor).
Removed top 1 bits (of 30) from port B of cell vibe_dll_tx.$xor$/workspace/rtl/dll/vibe_dll_tx.sv:71$5153 ($xor).
Removed top 1 bits (of 30) from port B of cell vibe_dll_tx.$xor$/workspace/rtl/dll/vibe_dll_tx.sv:71$5156 ($xor).
Removed top 1 bits (of 30) from port B of cell vibe_dll_tx.$xor$/workspace/rtl/dll/vibe_dll_tx.sv:71$5159 ($xor).
Removed top 1 bits (of 30) from port B of cell vibe_dll_tx.$xor$/workspace/rtl/dll/vibe_dll_tx.sv:71$5162 ($xor).
Removed top 1 bits (of 30) from port B of cell vibe_dll_tx.$xor$/workspace/rtl/dll/vibe_dll_tx.sv:71$5165 ($xor).
Removed top 1 bits (of 30) from port B of cell vibe_dll_tx.$xor$/workspace/rtl/dll/vibe_dll_tx.sv:71$5168 ($xor).
Removed top 1 bits (of 30) from port B of cell vibe_dll_tx.$xor$/workspace/rtl/dll/vibe_dll_tx.sv:71$5171 ($xor).
Removed top 1 bits (of 30) from port B of cell vibe_dll_tx.$xor$/workspace/rtl/dll/vibe_dll_tx.sv:71$5174 ($xor).
Removed top 1 bits (of 30) from port B of cell vibe_dll_tx.$xor$/workspace/rtl/dll/vibe_dll_tx.sv:71$5177 ($xor).
Removed top 1 bits (of 30) from port B of cell vibe_dll_tx.$xor$/workspace/rtl/dll/vibe_dll_tx.sv:71$5180 ($xor).
Removed top 1 bits (of 30) from port B of cell vibe_dll_tx.$xor$/workspace/rtl/dll/vibe_dll_tx.sv:71$5183 ($xor).
Removed top 1 bits (of 30) from port B of cell vibe_dll_tx.$xor$/workspace/rtl/dll/vibe_dll_tx.sv:71$5186 ($xor).
Removed top 1 bits (of 30) from port B of cell vibe_dll_tx.$xor$/workspace/rtl/dll/vibe_dll_tx.sv:71$5189 ($xor).
Removed top 1 bits (of 30) from port B of cell vibe_dll_tx.$xor$/workspace/rtl/dll/vibe_dll_tx.sv:71$5192 ($xor).
Removed top 1 bits (of 30) from port B of cell vibe_dll_tx.$xor$/workspace/rtl/dll/vibe_dll_tx.sv:71$5195 ($xor).
Removed top 1 bits (of 30) from port B of cell vibe_dll_tx.$xor$/workspace/rtl/dll/vibe_dll_tx.sv:71$5198 ($xor).
Removed top 1 bits (of 30) from port B of cell vibe_dll_tx.$xor$/workspace/rtl/dll/vibe_dll_tx.sv:71$5201 ($xor).
Removed top 1 bits (of 30) from port B of cell vibe_dll_tx.$xor$/workspace/rtl/dll/vibe_dll_tx.sv:71$5204 ($xor).
Removed top 1 bits (of 30) from port B of cell vibe_dll_tx.$xor$/workspace/rtl/dll/vibe_dll_tx.sv:71$5207 ($xor).
Removed top 1 bits (of 30) from port B of cell vibe_dll_tx.$xor$/workspace/rtl/dll/vibe_dll_tx.sv:71$5210 ($xor).
Removed top 1 bits (of 30) from port B of cell vibe_dll_tx.$xor$/workspace/rtl/dll/vibe_dll_tx.sv:71$5213 ($xor).
Removed top 1 bits (of 30) from port B of cell vibe_dll_tx.$xor$/workspace/rtl/dll/vibe_dll_tx.sv:71$5216 ($xor).
Removed top 1 bits (of 30) from port B of cell vibe_dll_tx.$xor$/workspace/rtl/dll/vibe_dll_tx.sv:71$5219 ($xor).
Removed top 1 bits (of 30) from port B of cell vibe_dll_tx.$xor$/workspace/rtl/dll/vibe_dll_tx.sv:71$5222 ($xor).
Removed top 1 bits (of 30) from port B of cell vibe_dll_tx.$xor$/workspace/rtl/dll/vibe_dll_tx.sv:71$5225 ($xor).
Removed top 1 bits (of 30) from port B of cell vibe_dll_tx.$xor$/workspace/rtl/dll/vibe_dll_tx.sv:71$5228 ($xor).
Removed top 1 bits (of 30) from port B of cell vibe_dll_tx.$xor$/workspace/rtl/dll/vibe_dll_tx.sv:71$5231 ($xor).
Removed top 1 bits (of 30) from port B of cell vibe_dll_tx.$xor$/workspace/rtl/dll/vibe_dll_tx.sv:71$5234 ($xor).
Removed top 1 bits (of 30) from port B of cell vibe_dll_tx.$xor$/workspace/rtl/dll/vibe_dll_tx.sv:71$5237 ($xor).
Removed top 1 bits (of 30) from port B of cell vibe_dll_tx.$xor$/workspace/rtl/dll/vibe_dll_tx.sv:71$5240 ($xor).
Removed top 1 bits (of 30) from port B of cell vibe_dll_tx.$xor$/workspace/rtl/dll/vibe_dll_tx.sv:71$5243 ($xor).
Removed top 1 bits (of 30) from port B of cell vibe_dll_tx.$xor$/workspace/rtl/dll/vibe_dll_tx.sv:71$5246 ($xor).
Removed top 1 bits (of 30) from port B of cell vibe_dll_tx.$xor$/workspace/rtl/dll/vibe_dll_tx.sv:71$5249 ($xor).
Removed top 1 bits (of 30) from port B of cell vibe_dll_tx.$xor$/workspace/rtl/dll/vibe_dll_tx.sv:71$5252 ($xor).
Removed top 1 bits (of 30) from port B of cell vibe_dll_tx.$xor$/workspace/rtl/dll/vibe_dll_tx.sv:71$5255 ($xor).
Removed top 1 bits (of 30) from port B of cell vibe_dll_tx.$xor$/workspace/rtl/dll/vibe_dll_tx.sv:71$5258 ($xor).
Removed top 1 bits (of 30) from port B of cell vibe_dll_tx.$xor$/workspace/rtl/dll/vibe_dll_tx.sv:71$5261 ($xor).
Removed top 1 bits (of 30) from port B of cell vibe_dll_tx.$xor$/workspace/rtl/dll/vibe_dll_tx.sv:71$5264 ($xor).
Removed top 1 bits (of 30) from port B of cell vibe_dll_tx.$xor$/workspace/rtl/dll/vibe_dll_tx.sv:71$5267 ($xor).
Removed top 1 bits (of 30) from port B of cell vibe_dll_tx.$xor$/workspace/rtl/dll/vibe_dll_tx.sv:71$5270 ($xor).
Removed top 1 bits (of 30) from port B of cell vibe_dll_tx.$xor$/workspace/rtl/dll/vibe_dll_tx.sv:71$5273 ($xor).
Removed top 1 bits (of 30) from port B of cell vibe_dll_tx.$xor$/workspace/rtl/dll/vibe_dll_tx.sv:71$5276 ($xor).
Removed top 1 bits (of 30) from port B of cell vibe_dll_tx.$xor$/workspace/rtl/dll/vibe_dll_tx.sv:71$5279 ($xor).
Removed top 1 bits (of 30) from port B of cell vibe_dll_tx.$xor$/workspace/rtl/dll/vibe_dll_tx.sv:71$5282 ($xor).
Removed top 1 bits (of 30) from port B of cell vibe_dll_tx.$xor$/workspace/rtl/dll/vibe_dll_tx.sv:71$5285 ($xor).
Removed top 1 bits (of 30) from port B of cell vibe_dll_tx.$xor$/workspace/rtl/dll/vibe_dll_tx.sv:71$5288 ($xor).
Removed top 1 bits (of 30) from port B of cell vibe_dll_tx.$xor$/workspace/rtl/dll/vibe_dll_tx.sv:71$5291 ($xor).
Removed top 1 bits (of 30) from port B of cell vibe_dll_tx.$xor$/workspace/rtl/dll/vibe_dll_tx.sv:71$5294 ($xor).
Removed top 1 bits (of 30) from port B of cell vibe_dll_tx.$xor$/workspace/rtl/dll/vibe_dll_tx.sv:71$5297 ($xor).
Removed top 1 bits (of 30) from port B of cell vibe_dll_tx.$xor$/workspace/rtl/dll/vibe_dll_tx.sv:71$5300 ($xor).
Removed top 1 bits (of 30) from port B of cell vibe_dll_tx.$xor$/workspace/rtl/dll/vibe_dll_tx.sv:71$5303 ($xor).
Removed top 1 bits (of 30) from port B of cell vibe_dll_tx.$xor$/workspace/rtl/dll/vibe_dll_tx.sv:71$5306 ($xor).
Removed top 1 bits (of 30) from port B of cell vibe_dll_tx.$xor$/workspace/rtl/dll/vibe_dll_tx.sv:71$5309 ($xor).
Removed top 1 bits (of 30) from port B of cell vibe_dll_tx.$xor$/workspace/rtl/dll/vibe_dll_tx.sv:71$5312 ($xor).
Removed top 1 bits (of 30) from port B of cell vibe_dll_tx.$xor$/workspace/rtl/dll/vibe_dll_tx.sv:71$5315 ($xor).
Removed top 1 bits (of 30) from port B of cell vibe_dll_tx.$xor$/workspace/rtl/dll/vibe_dll_tx.sv:71$5318 ($xor).
Removed top 1 bits (of 30) from port B of cell vibe_dll_tx.$xor$/workspace/rtl/dll/vibe_dll_tx.sv:71$5321 ($xor).
Removed top 1 bits (of 30) from port B of cell vibe_dll_tx.$xor$/workspace/rtl/dll/vibe_dll_tx.sv:71$5324 ($xor).
Removed top 1 bits (of 30) from port B of cell vibe_dll_tx.$xor$/workspace/rtl/dll/vibe_dll_tx.sv:71$5327 ($xor).
Removed top 1 bits (of 30) from port B of cell vibe_dll_tx.$xor$/workspace/rtl/dll/vibe_dll_tx.sv:71$5330 ($xor).
Removed top 1 bits (of 30) from port B of cell vibe_dll_tx.$xor$/workspace/rtl/dll/vibe_dll_tx.sv:71$5333 ($xor).
Removed top 1 bits (of 30) from port B of cell vibe_dll_tx.$xor$/workspace/rtl/dll/vibe_dll_tx.sv:71$5336 ($xor).
Removed top 1 bits (of 30) from port B of cell vibe_dll_tx.$xor$/workspace/rtl/dll/vibe_dll_tx.sv:71$5339 ($xor).
Removed top 1 bits (of 30) from port B of cell vibe_dll_tx.$xor$/workspace/rtl/dll/vibe_dll_tx.sv:71$5342 ($xor).
Removed top 1 bits (of 3) from port B of cell vibe_dll_tx.$procmux$5457_CMP0 ($eq).
Removed top 1 bits (of 3) from port B of cell vibe_dll_tx.$procmux$5458_CMP0 ($eq).
Removed top 2 bits (of 3) from port B of cell vibe_dll_tx.$procmux$5459_CMP0 ($eq).
Removed top 1 bits (of 3) from port B of cell vibe_dll_tx.$procmux$5700_CMP0 ($eq).
Removed top 1 bits (of 3) from port B of cell vibe_dll_tx.$procmux$5701_CMP0 ($eq).
Removed top 2 bits (of 3) from port B of cell vibe_dll_tx.$procmux$5702_CMP0 ($eq).
Removed top 1 bits (of 3) from port B of cell vibe_dll_tx.$procmux$5943_CMP0 ($eq).
Removed top 1 bits (of 3) from port B of cell vibe_dll_tx.$procmux$5944_CMP0 ($eq).
Removed top 2 bits (of 3) from port B of cell vibe_dll_tx.$procmux$5945_CMP0 ($eq).
Removed top 1 bits (of 3) from port B of cell vibe_dll_tx.$procmux$6275_CMP0 ($eq).
Removed top 1 bits (of 3) from port B of cell vibe_dll_tx.$procmux$6276_CMP0 ($eq).
Removed top 2 bits (of 3) from port B of cell vibe_dll_tx.$procmux$6277_CMP0 ($eq).
Removed top 1 bits (of 3) from port B of cell vibe_dll_tx.$procmux$6455_CMP0 ($eq).
Removed top 1 bits (of 3) from port B of cell vibe_dll_tx.$procmux$6456_CMP0 ($eq).
Removed top 2 bits (of 3) from port B of cell vibe_dll_tx.$procmux$6457_CMP0 ($eq).
Removed top 1 bits (of 3) from port B of cell vibe_dll_tx.$procmux$6635_CMP0 ($eq).
Removed top 1 bits (of 3) from port B of cell vibe_dll_tx.$procmux$6636_CMP0 ($eq).
Removed top 2 bits (of 3) from port B of cell vibe_dll_tx.$procmux$6637_CMP0 ($eq).
Removed top 1 bits (of 3) from port B of cell vibe_dll_tx.$procmux$6815_CMP0 ($eq).
Removed top 1 bits (of 3) from port B of cell vibe_dll_tx.$procmux$6816_CMP0 ($eq).
Removed top 2 bits (of 3) from port B of cell vibe_dll_tx.$procmux$6817_CMP0 ($eq).
Removed top 2 bits (of 3) from port B of cell vibe_dll_tx.$auto$opt_dff.cc:195:make_patterns_logic$7317 ($ne).
Removed top 1 bits (of 2) from port B of cell vibe_dll_tx.$auto$opt_dff.cc:195:make_patterns_logic$7300 ($ne).
Removed top 4 bits (of 5) from port B of cell vibe_dll_tx.$auto$opt_dff.cc:195:make_patterns_logic$7312 ($ne).
Removed top 26 bits (of 32) from wire vibe_dll_tx.$0\vibe_decl_flits$func$/workspace/rtl/common/vibe_ub_fn.vh:115$20.lastn[31:0]$829.
Removed top 27 bits (of 32) from wire vibe_dll_tx.$0\vibe_decl_flits$func$/workspace/rtl/common/vibe_ub_fn.vh:115$20.nblk[31:0]$828.
Removed top 1 bits (of 4) from wire vibe_dll_tx.$add$/workspace/rtl/dll/vibe_dll_tx.sv:145$773_Y.
Removed top 1 bits (of 4) from wire vibe_dll_tx.$add$/workspace/rtl/dll/vibe_dll_tx.sv:146$777_Y.
Removed top 1 bits (of 4) from wire vibe_dll_tx.$add$/workspace/rtl/dll/vibe_dll_tx.sv:147$781_Y.
Removed top 5 bits (of 16) from wire vibe_dll_tx.$mul$/workspace/rtl/dll/vibe_dll_tx.sv:110$725_Y.
Removed top 5 bits (of 32) from wire vibe_dll_tx.$sub$/workspace/rtl/common/vibe_ub_fn.vh:96$832_Y.
Removed top 1 bits (of 4) from wire vibe_dll_tx.$ternary$/workspace/rtl/dll/vibe_dll_tx.sv:50$685_Y.
Removed top 24 bits (of 32) from wire vibe_dll_tx.rem_bits.
Removed top 22 bits (of 32) from wire vibe_dll_tx.val_bits.

yosys> peepopt

2.10. Executing PEEPOPT pass (run peephole optimizers).

yosys> opt_clean

2.11. Executing OPT_CLEAN pass (remove unused cells and wires).
Finding unused cells or wires in module \vibe_dll_tx..
Removed 0 unused cells and 12 unused wires.
<suppressed ~1 debug messages>

yosys> alumacc

2.12. Executing ALUMACC pass (create $alu and $macc cells).
Extracting $alu and $macc cells in module vibe_dll_tx:
  creating $macc model for $add$/workspace/rtl/common/vibe_ub_fn.vh:94$830 ($add).
  creating $macc model for $add$/workspace/rtl/common/vibe_ub_fn.vh:95$831 ($add).
  creating $macc model for $add$/workspace/rtl/common/vibe_ub_fn.vh:96$834 ($add).
  creating $macc model for $add$/workspace/rtl/dll/vibe_dll_tx.sv:145$773 ($add).
  creating $macc model for $add$/workspace/rtl/dll/vibe_dll_tx.sv:146$777 ($add).
  creating $macc model for $add$/workspace/rtl/dll/vibe_dll_tx.sv:147$781 ($add).
  creating $macc model for $add$/workspace/rtl/dll/vibe_dll_tx.sv:148$782 ($add).
  creating $macc model for $add$/workspace/rtl/dll/vibe_dll_tx.sv:153$793 ($add).
  creating $macc model for $add$/workspace/rtl/dll/vibe_dll_tx.sv:157$797 ($add).
  creating $macc model for $add$/workspace/rtl/dll/vibe_dll_tx.sv:161$801 ($add).
  creating $macc model for $add$/workspace/rtl/dll/vibe_dll_tx.sv:61$708 ($add).
  creating $macc model for $mul$/workspace/rtl/common/vibe_ub_fn.vh:116$839 ($mul).
  creating $macc model for $mul$/workspace/rtl/dll/vibe_dll_tx.sv:110$725 ($mul).
  creating $macc model for $sub$/workspace/rtl/common/vibe_ub_fn.vh:96$832 ($sub).
  creating $macc model for $sub$/workspace/rtl/dll/vibe_dll_tx.sv:101$719 ($sub).
  creating $macc model for $sub$/workspace/rtl/dll/vibe_dll_tx.sv:102$722 ($sub).
  creating $macc model for $sub$/workspace/rtl/dll/vibe_dll_tx.sv:141$751 ($sub).
  creating $macc model for $sub$/workspace/rtl/dll/vibe_dll_tx.sv:215$814 ($sub).
  creating $macc model for $sub$/workspace/rtl/dll/vibe_dll_tx.sv:50$686 ($sub).
  merging $macc model for $add$/workspace/rtl/common/vibe_ub_fn.vh:94$830 into $sub$/workspace/rtl/common/vibe_ub_fn.vh:96$832.
  creating $alu model for $macc $sub$/workspace/rtl/dll/vibe_dll_tx.sv:215$814.
  creating $alu model for $macc $sub$/workspace/rtl/dll/vibe_dll_tx.sv:141$751.
  creating $alu model for $macc $sub$/workspace/rtl/dll/vibe_dll_tx.sv:102$722.
  creating $alu model for $macc $sub$/workspace/rtl/dll/vibe_dll_tx.sv:101$719.
  creating $alu model for $macc $add$/workspace/rtl/dll/vibe_dll_tx.sv:61$708.
  creating $alu model for $macc $add$/workspace/rtl/dll/vibe_dll_tx.sv:161$801.
  creating $alu model for $macc $add$/workspace/rtl/dll/vibe_dll_tx.sv:157$797.
  creating $alu model for $macc $add$/workspace/rtl/dll/vibe_dll_tx.sv:153$793.
  creating $alu model for $macc $add$/workspace/rtl/dll/vibe_dll_tx.sv:148$782.
  creating $alu model for $macc $add$/workspace/rtl/dll/vibe_dll_tx.sv:147$781.
  creating $alu model for $macc $add$/workspace/rtl/dll/vibe_dll_tx.sv:146$777.
  creating $alu model for $macc $add$/workspace/rtl/dll/vibe_dll_tx.sv:145$773.
  creating $alu model for $macc $add$/workspace/rtl/common/vibe_ub_fn.vh:96$834.
  creating $alu model for $macc $add$/workspace/rtl/common/vibe_ub_fn.vh:95$831.
  creating $alu model for $macc $sub$/workspace/rtl/dll/vibe_dll_tx.sv:50$686.
  creating $macc cell for $mul$/workspace/rtl/dll/vibe_dll_tx.sv:110$725: $auto$alumacc.cc:365:replace_macc$7332
  creating $macc cell for $sub$/workspace/rtl/common/vibe_ub_fn.vh:96$832: $auto$alumacc.cc:365:replace_macc$7333
  creating $macc cell for $mul$/workspace/rtl/common/vibe_ub_fn.vh:116$839: $auto$alumacc.cc:365:replace_macc$7334
  creating $alu model for $ge$/workspace/rtl/dll/vibe_dll_tx.sv:144$767 ($ge): new $alu
  creating $alu model for $ge$/workspace/rtl/dll/vibe_dll_tx.sv:145$770 ($ge): new $alu
  creating $alu model for $ge$/workspace/rtl/dll/vibe_dll_tx.sv:146$774 ($ge): new $alu
  creating $alu model for $ge$/workspace/rtl/dll/vibe_dll_tx.sv:147$778 ($ge): new $alu
  creating $alu model for $ge$/workspace/rtl/dll/vibe_dll_tx.sv:48$673 ($ge): merged with $sub$/workspace/rtl/dll/vibe_dll_tx.sv:141$751.
  creating $alu model for $gt$/workspace/rtl/common/vibe_ub_fn.vh:98$837 ($gt): new $alu
  creating $alu model for $gt$/workspace/rtl/dll/vibe_dll_tx.sv:60$706 ($gt): new $alu
  creating $alu model for $le$/workspace/rtl/dll/vibe_dll_tx.sv:150$783 ($le): merged with $sub$/workspace/rtl/dll/vibe_dll_tx.sv:215$814.
  creating $alu model for $le$/workspace/rtl/dll/vibe_dll_tx.sv:55$703 ($le): new $alu
  creating $alu model for $lt$/workspace/rtl/common/vibe_ub_fn.vh:97$835 ($lt): new $alu
  creating $alu cell for $lt$/workspace/rtl/common/vibe_ub_fn.vh:97$835: $auto$alumacc.cc:495:replace_alu$7343
  creating $alu cell for $le$/workspace/rtl/dll/vibe_dll_tx.sv:55$703: $auto$alumacc.cc:495:replace_alu$7350
  creating $alu cell for $gt$/workspace/rtl/dll/vibe_dll_tx.sv:60$706: $auto$alumacc.cc:495:replace_alu$7359
  creating $alu cell for $gt$/workspace/rtl/common/vibe_ub_fn.vh:98$837: $auto$alumacc.cc:495:replace_alu$7370
  creating $alu cell for $ge$/workspace/rtl/dll/vibe_dll_tx.sv:147$778: $auto$alumacc.cc:495:replace_alu$7383
  creating $alu cell for $ge$/workspace/rtl/dll/vibe_dll_tx.sv:146$774: $auto$alumacc.cc:495:replace_alu$7396
  creating $alu cell for $ge$/workspace/rtl/dll/vibe_dll_tx.sv:145$770: $auto$alumacc.cc:495:replace_alu$7409
  creating $alu cell for $ge$/workspace/rtl/dll/vibe_dll_tx.sv:144$767: $auto$alumacc.cc:495:replace_alu$7422
  creating $alu cell for $sub$/workspace/rtl/dll/vibe_dll_tx.sv:50$686: $auto$alumacc.cc:495:replace_alu$7435
  creating $alu cell for $add$/workspace/rtl/common/vibe_ub_fn.vh:95$831: $auto$alumacc.cc:495:replace_alu$7438
  creating $alu cell for $add$/workspace/rtl/common/vibe_ub_fn.vh:96$834: $auto$alumacc.cc:495:replace_alu$7441
  creating $alu cell for $add$/workspace/rtl/dll/vibe_dll_tx.sv:145$773: $auto$alumacc.cc:495:replace_alu$7444
  creating $alu cell for $add$/workspace/rtl/dll/vibe_dll_tx.sv:146$777: $auto$alumacc.cc:495:replace_alu$7447
  creating $alu cell for $add$/workspace/rtl/dll/vibe_dll_tx.sv:147$781: $auto$alumacc.cc:495:replace_alu$7450
  creating $alu cell for $add$/workspace/rtl/dll/vibe_dll_tx.sv:148$782: $auto$alumacc.cc:495:replace_alu$7453
  creating $alu cell for $add$/workspace/rtl/dll/vibe_dll_tx.sv:153$793: $auto$alumacc.cc:495:replace_alu$7456
  creating $alu cell for $add$/workspace/rtl/dll/vibe_dll_tx.sv:157$797: $auto$alumacc.cc:495:replace_alu$7459
  creating $alu cell for $add$/workspace/rtl/dll/vibe_dll_tx.sv:161$801: $auto$alumacc.cc:495:replace_alu$7462
  creating $alu cell for $add$/workspace/rtl/dll/vibe_dll_tx.sv:61$708: $auto$alumacc.cc:495:replace_alu$7465
  creating $alu cell for $sub$/workspace/rtl/dll/vibe_dll_tx.sv:101$719: $auto$alumacc.cc:495:replace_alu$7468
  creating $alu cell for $sub$/workspace/rtl/dll/vibe_dll_tx.sv:102$722: $auto$alumacc.cc:495:replace_alu$7471
  creating $alu cell for $sub$/workspace/rtl/dll/vibe_dll_tx.sv:141$751, $ge$/workspace/rtl/dll/vibe_dll_tx.sv:48$673: $auto$alumacc.cc:495:replace_alu$7474
  creating $alu cell for $sub$/workspace/rtl/dll/vibe_dll_tx.sv:215$814, $le$/workspace/rtl/dll/vibe_dll_tx.sv:150$783: $auto$alumacc.cc:495:replace_alu$7487
  created 23 $alu and 3 $macc cells.

yosys> share

2.13. Executing SHARE pass (SAT-based resource sharing).
Found 5 cells in module vibe_dll_tx that may be considered for resource sharing.
  Analyzing resource sharing options for $shl$/workspace/rtl/dll/vibe_dll_tx.sv:97$716 ($shl):
    Found 1 activation_patterns using ctrl signal $eq$/workspace/rtl/dll/vibe_dll_tx.sv:94$714_Y.
    No candidates found.
  Analyzing resource sharing options for $shl$/workspace/rtl/dll/vibe_dll_tx.sv:110$726 ($shl):
    Found 1 activation_patterns using ctrl signal { $auto$rtlil.cc:2961:ReduceOr$7495 \consume_vld \link_up }.
    No candidates found.
  Analyzing resource sharing options for $shl$/workspace/rtl/dll/vibe_dll_tx.sv:103$723 ($shl):
    Cell is always active. Therefore no sharing is possible.
  Analyzing resource sharing options for $shl$/workspace/rtl/dll/vibe_dll_tx.sv:101$720 ($shl):
    Found 1 activation_patterns using ctrl signal $eq$/workspace/rtl/dll/vibe_dll_tx.sv:98$718_Y.
    No candidates found.
  Analyzing resource sharing options for $mod$/workspace/rtl/dll/vibe_dll_tx.sv:63$710 ($mod):
    Found 1 activation_patterns using ctrl signal { $auto$rtlil.cc:2961:ReduceOr$7495 \consume_vld \link_up }.
    No candidates found.

yosys> opt

2.14. Executing OPT pass (performing simple optimizations).

yosys> opt_expr

2.14.1. Executing OPT_EXPR pass (perform const folding).
Optimizing module vibe_dll_tx.
<suppressed ~2 debug messages>

yosys> opt_merge -nomux

2.14.2. Executing OPT_MERGE pass (detect identical cells).
Finding identical cells in module `\vibe_dll_tx'.
Removed a total of 0 cells.

yosys> opt_muxtree

2.14.3. Executing OPT_MUXTREE pass (detect dead branches in mux trees).
Running muxtree optimizer on module \vibe_dll_tx..
  Creating internal representation of mux trees.
  Evaluating internal representation of mux trees.
  Analyzing evaluation results.
Removed 0 multiplexer ports.
<suppressed ~106 debug messages>

yosys> opt_reduce

2.14.4. Executing OPT_REDUCE pass (consolidate $*mux and $reduce_* inputs).
  Optimizing cells in module \vibe_dll_tx.
Performed a total of 0 changes.

yosys> opt_merge

2.14.5. Executing OPT_MERGE pass (detect identical cells).
Finding identical cells in module `\vibe_dll_tx'.
Removed a total of 0 cells.

yosys> opt_dff

2.14.6. Executing OPT_DFF pass (perform DFF optimizations).

yosys> opt_clean

2.14.7. Executing OPT_CLEAN pass (remove unused cells and wires).
Finding unused cells or wires in module \vibe_dll_tx..
Removed 3 unused cells and 13 unused wires.
<suppressed ~4 debug messages>

yosys> opt_expr

2.14.8. Executing OPT_EXPR pass (perform const folding).
Optimizing module vibe_dll_tx.

2.14.9. Rerunning OPT passes. (Maybe there is more to do..)

yosys> opt_muxtree

2.14.10. Executing OPT_MUXTREE pass (detect dead branches in mux trees).
Running muxtree optimizer on module \vibe_dll_tx..
  Creating internal representation of mux trees.
  Evaluating internal representation of mux trees.
  Analyzing evaluation results.
Removed 0 multiplexer ports.
<suppressed ~106 debug messages>

yosys> opt_reduce

2.14.11. Executing OPT_REDUCE pass (consolidate $*mux and $reduce_* inputs).
  Optimizing cells in module \vibe_dll_tx.
Performed a total of 0 changes.

yosys> opt_merge

2.14.12. Executing OPT_MERGE pass (detect identical cells).
Finding identical cells in module `\vibe_dll_tx'.
Removed a total of 0 cells.

yosys> opt_dff

2.14.13. Executing OPT_DFF pass (perform DFF optimizations).

yosys> opt_clean

2.14.14. Executing OPT_CLEAN pass (remove unused cells and wires).
Finding unused cells or wires in module \vibe_dll_tx..

yosys> opt_expr

2.14.15. Executing OPT_EXPR pass (perform const folding).
Optimizing module vibe_dll_tx.

2.14.16. Finished OPT passes. (There is nothing left to do.)

yosys> memory -nomap

2.15. Executing MEMORY pass.

yosys> opt_mem

2.15.1. Executing OPT_MEM pass (optimize memories).
Performed a total of 0 transformations.

yosys> opt_mem_priority

2.15.2. Executing OPT_MEM_PRIORITY pass (removing unnecessary memory write priority relations).
Performed a total of 0 transformations.

yosys> opt_mem_feedback

2.15.3. Executing OPT_MEM_FEEDBACK pass (finding memory read-to-write feedback paths).

yosys> memory_bmux2rom

2.15.4. Executing MEMORY_BMUX2ROM pass (converting muxes to ROMs).

yosys> memory_dff

2.15.5. Executing MEMORY_DFF pass (merging $dff cells to $memrd).

yosys> opt_clean

2.15.6. Executing OPT_CLEAN pass (remove unused cells and wires).
Finding unused cells or wires in module \vibe_dll_tx..

yosys> memory_share

2.15.7. Executing MEMORY_SHARE pass (consolidating $memrd/$memwr cells).

yosys> opt_mem_widen

2.15.8. Executing OPT_MEM_WIDEN pass (optimize memories where all ports are wide).
Performed a total of 0 transformations.

yosys> opt_clean

2.15.9. Executing OPT_CLEAN pass (remove unused cells and wires).
Finding unused cells or wires in module \vibe_dll_tx..

yosys> memory_collect

2.15.10. Executing MEMORY_COLLECT pass (generating $mem cells).

yosys> opt_clean

2.16. Executing OPT_CLEAN pass (remove unused cells and wires).
Finding unused cells or wires in module \vibe_dll_tx..

yosys> tee -o /workspace/reports/synth/blocks/vibe_dll_tx/hierarchy.rpt stat

yosys> stat

3. Printing statistics.

=== vibe_dll_tx ===

   Number of wires:               3730
   Number of wire bits:          78777
   Number of public wires:        2016
   Number of public wire bits:   30633
   Number of ports:                 26
   Number of port bits:           1503
   Number of memories:               0
   Number of memory bits:            0
   Number of processes:              0
   Number of cells:               1713
     $adff                           1
     $adffe                         14
     $alu                           23
     $and                            2
     $div                            1
     $eq                            49
     $logic_and                     20
     $logic_not                     20
     $logic_or                       4
     $macc_v2                        3
     $mod                            1
     $mux                          129
     $ne                             4
     $not                           15
     $or                             8
     $pmux                          56
     $reduce_and                    10
     $reduce_bool                    4
     $reduce_or                     63
     $shl                            4
     $xor                         1282


yosys> opt -fast -full

4. Executing OPT pass (performing simple optimizations).

yosys> opt_expr -full

4.1. Executing OPT_EXPR pass (perform const folding).
Optimizing module vibe_dll_tx.
<suppressed ~3377 debug messages>

yosys> opt_merge

4.2. Executing OPT_MERGE pass (detect identical cells).
Finding identical cells in module `\vibe_dll_tx'.
<suppressed ~3 debug messages>
Removed a total of 1 cells.

yosys> opt_dff

4.3. Executing OPT_DFF pass (perform DFF optimizations).

yosys> opt_clean

4.4. Executing OPT_CLEAN pass (remove unused cells and wires).
Finding unused cells or wires in module \vibe_dll_tx..
Removed 7 unused cells and 2000 unused wires.
<suppressed ~8 debug messages>

4.5. Finished fast OPT passes.

yosys> techmap

5. Executing TECHMAP pass (map to technology primitives).

5.1. Executing Verilog-2005 frontend: /tmp/oss-cad/oss-cad-suite/lib/../share/yosys/techmap.v
Parsing Verilog input from `/tmp/oss-cad/oss-cad-suite/lib/../share/yosys/techmap.v' to AST representation.
Generating RTLIL representation for module `\_90_simplemap_bool_ops'.
Generating RTLIL representation for module `\_90_simplemap_reduce_ops'.
Generating RTLIL representation for module `\_90_simplemap_logic_ops'.
Generating RTLIL representation for module `\_90_simplemap_compare_ops'.
Generating RTLIL representation for module `\_90_simplemap_various'.
Generating RTLIL representation for module `\_90_simplemap_registers'.
Generating RTLIL representation for module `\_90_shift_ops_shr_shl_sshl_sshr'.
Generating RTLIL representation for module `\_90_shift_shiftx'.
Generating RTLIL representation for module `\_90_fa'.
Generating RTLIL representation for module `\_90_lcu_brent_kung'.
Generating RTLIL representation for module `\_90_alu'.
Generating RTLIL representation for module `\_90_macc'.
Generating RTLIL representation for module `\_90_alumacc'.
Generating RTLIL representation for module `\$__div_mod_u'.
Generating RTLIL representation for module `\$__div_mod_trunc'.
Generating RTLIL representation for module `\_90_div'.
Generating RTLIL representation for module `\_90_mod'.
Generating RTLIL representation for module `\$__div_mod_floor'.
Generating RTLIL representation for module `\_90_divfloor'.
Generating RTLIL representation for module `\_90_modfloor'.
Generating RTLIL representation for module `\_90_pow'.
Generating RTLIL representation for module `\_90_pmux'.
Generating RTLIL representation for module `\_90_demux'.
Generating RTLIL representation for module `\_90_lut'.
Successfully finished Verilog frontend.

5.2. Continuing TECHMAP pass.
Using template $paramod$795d817be7d199881e47de72f8a46d9f056cb4cd\_90_alu for cells of type $alu.
Using extmapper simplemap for cells of type $xor.
Using extmapper simplemap for cells of type $logic_and.
Using extmapper simplemap for cells of type $or.
Using extmapper simplemap for cells of type $logic_not.
Using extmapper simplemap for cells of type $mux.
Using template $paramod$5e23d2e0f07f5403e3d2c5b606bab0c16e4174c1\_90_alu for cells of type $alu.
Using template $paramod$1eb759649286d7485bd82f4dfc30385bade4b4b3\_90_alu for cells of type $alu.
Using template $paramod$8263b6154cd7ab2bbb8571662288869c1a1d06e5\_90_alu for cells of type $alu.
Using template $paramod$5e422c97d4648c7864402691d7b06fc43e6ffb33\_90_alu for cells of type $alu.
Using template $paramod$fccaddc94a453f2efefc738dfbe79d456579c31f\_90_alu for cells of type $alu.
Using template $paramod$5d2e07eca6b9fbd538aff231e6f05d9604b7a77e\_90_div for cells of type $div.
Using template $paramod$5d2e07eca6b9fbd538aff231e6f05d9604b7a77e\_90_mod for cells of type $mod.
Using extmapper simplemap for cells of type $not.
Using template $paramod$719aadea7a94d31a13cd25a777432aacb0e462b5\_90_alu for cells of type $alu.
Using template $paramod$constmap:f1230e2a6e3ce8a6ec519ff993df657f39f970ad$paramod$613b9e2f265e9022e14b01c0acc34cc85229c9f9\_90_shift_ops_shr_shl_sshl_sshr for cells of type $shl.
Using extmapper simplemap for cells of type $and.
Using template $paramod$constmap:9a4bc70cd995b87c3d1fee84c7a3290171876b5a$paramod$52ca57f36e34e9d3bb5e2fe1c737ac32a22d4527\_90_shift_ops_shr_shl_sshl_sshr for cells of type $shl.
Using template $paramod$ba698a254f9a5947e85cbe7beae6b161eefc5386\_90_alu for cells of type $alu.
Using template $paramod$constmap:2567ef8f6eb0d5a1f003f1dfa3335dc1780f7859$paramod$3b24d34f422c93f305172bf0b92c46bc152f6095\_90_shift_ops_shr_shl_sshl_sshr for cells of type $shl.
Using extmapper maccmap for cells of type $macc_v2.
  add \nw_data [373:370] (4 bits, unsigned)
Using template $paramod$constmap:c62f19c803e4a3eb642b4ad17df7ae9be0d26357$paramod$9c844f04312b55e3284c55b6fb9f3a44e649e998\_90_shift_ops_shr_shl_sshl_sshr for cells of type $shl.
Using extmapper simplemap for cells of type $logic_or.
Using template $paramod$f956edc9fe4df758d9fdb10bfc518a364c99e75e\_90_alu for cells of type $alu.
Using template $paramod$b8c0a997bce700f23568a5ada79cc6781d1f5ca0\_90_alu for cells of type $alu.
Using template $paramod$175e67c02b86e96b1288b9dc100122520d7240d8\_90_alu for cells of type $alu.
Using template $paramod$79fc7abbb3333dbd5736999d565fd903198fb1eb\_90_alu for cells of type $alu.
Using template $paramod$2116a631f856d4d4902c2618dca73dafa3b8c9c0\_90_alu for cells of type $alu.
Using template $paramod$1a3a0c35c4a4896fbfd612699525c057298e72d2\_90_alu for cells of type $alu.
Using template $paramod$32a7b7b86c07519b7537abc18e96f0331f97914d\_90_alu for cells of type $alu.
Using extmapper simplemap for cells of type $reduce_bool.
  add \n_flits * 3'101 (3x3 bits, unsigned)
Using extmapper simplemap for cells of type $reduce_and.
Using extmapper simplemap for cells of type $ne.
Using template $paramod$207692717c51e48d82d715cfaf2668de98d70b09\_90_alu for cells of type $alu.
  add $0\vibe_decl_flits$func$/workspace/rtl/common/vibe_ub_fn.vh:115$20.$result[31:0]$826 * 3'101 (32x3 bits, unsigned)
Using template $paramod$f2c02b535aa5a3ee3328d157e65221153244f56e\_90_alu for cells of type $alu.
Using template $paramod$3ef7d3dd227da7627a99c5e5a6a4deb817573e39\_90_alu for cells of type $alu.
Using template $paramod$fc972a7a46956c1788f3cb5257b53c8f1df2d0cc\_90_alu for cells of type $alu.
Using extmapper simplemap for cells of type $eq.
Using extmapper simplemap for cells of type $adffe.
Using extmapper simplemap for cells of type $adff.
Using template $paramod$5d2e07eca6b9fbd538aff231e6f05d9604b7a77e\$__div_mod_trunc for cells of type $__div_mod_trunc.
Using extmapper simplemap for cells of type $pos.
Using template $paramod\_90_lcu_brent_kung\WIDTH=32'00000000000000000000000000000110 for cells of type $lcu.
Using template $paramod\_90_lcu_brent_kung\WIDTH=32'00000000000000000000000000001000 for cells of type $lcu.
Using template $paramod\_90_lcu_brent_kung\WIDTH=32'00000000000000000000000000010111 for cells of type $lcu.
Using template $paramod\_90_lcu_brent_kung\WIDTH=32'00000000000000000000000000001010 for cells of type $lcu.
Using template $paramod\_90_lcu_brent_kung\WIDTH=32'00000000000000000000000000010000 for cells of type $lcu.
Using template $paramod\_90_lcu_brent_kung\WIDTH=32'00000000000000000000000000000010 for cells of type $lcu.
Using template $paramod\_90_lcu_brent_kung\WIDTH=32'00000000000000000000000000000100 for cells of type $lcu.
Using template $paramod\_90_lcu_brent_kung\WIDTH=32'00000000000000000000000000000011 for cells of type $lcu.
Using template $paramod\_90_fa\WIDTH=32'00000000000000000000000000000110 for cells of type $fa.
Using template $paramod$00298f3f8094950cb9a5ff2fda48d0d8bde8806c\_90_alu for cells of type $alu.
Using template $paramod\_90_lcu_brent_kung\WIDTH=32'00000000000000000000000000000111 for cells of type $lcu.
Using template $paramod\_90_fa\WIDTH=32'00000000000000000000000000001110 for cells of type $fa.
Using template $paramod$091610cd349a68bd5539cffd7126f0d76e9bca00\_90_alu for cells of type $alu.
Using template $paramod\_90_lcu_brent_kung\WIDTH=32'00000000000000000000000000001100 for cells of type $lcu.
Using template $paramod\_90_lcu_brent_kung\WIDTH=32'00000000000000000000000000000001 for cells of type $lcu.
Running "alumacc" on wrapper $extern:wrap:$neg:Y_WIDTH=8:A_WIDTH=8:A_SIGNED=0:394426c56d1a028ba8fdd5469b163e04011def47.
Using template $extern:wrap:$neg:Y_WIDTH=8:A_WIDTH=8:A_SIGNED=0:394426c56d1a028ba8fdd5469b163e04011def47 for cells of type $extern:wrap:$neg:Y_WIDTH=8:A_WIDTH=8:A_SIGNED=0:394426c56d1a028ba8fdd5469b163e04011def47.
Using template $paramod\$__div_mod_u\WIDTH=32'00000000000000000000000000001000 for cells of type $__div_mod_u.
Running "alumacc" on wrapper $extern:wrap:$neg:A_SIGNED=0:A_WIDTH=8:Y_WIDTH=8:394426c56d1a028ba8fdd5469b163e04011def47.
Using template $extern:wrap:$neg:A_SIGNED=0:A_WIDTH=8:Y_WIDTH=8:394426c56d1a028ba8fdd5469b163e04011def47 for cells of type $extern:wrap:$neg:A_SIGNED=0:A_WIDTH=8:Y_WIDTH=8:394426c56d1a028ba8fdd5469b163e04011def47.
Using template $paramod\_90_lcu_brent_kung\WIDTH=32'00000000000000000000000000001110 for cells of type $lcu.
Using template $paramod$fd7bfb1a4f3a7c2ac1a35670d0fa64ccc7b91841\_90_alu for cells of type $alu.
Running "alumacc" on wrapper $extern:wrap:$sub:Y_WIDTH=8:B_WIDTH=8:A_WIDTH=8:B_SIGNED=0:A_SIGNED=0:394426c56d1a028ba8fdd5469b163e04011def47.
Using template $extern:wrap:$sub:Y_WIDTH=8:B_WIDTH=8:A_WIDTH=8:B_SIGNED=0:A_SIGNED=0:394426c56d1a028ba8fdd5469b163e04011def47 for cells of type $extern:wrap:$sub:Y_WIDTH=8:B_WIDTH=8:A_WIDTH=8:B_SIGNED=0:A_SIGNED=0:394426c56d1a028ba8fdd5469b163e04011def47.
Running "alumacc" on wrapper $extern:wrap:$ge:Y_WIDTH=1:B_WIDTH=8:A_WIDTH=8:B_SIGNED=0:A_SIGNED=0:394426c56d1a028ba8fdd5469b163e04011def47.
Using template $extern:wrap:$ge:Y_WIDTH=1:B_WIDTH=8:A_WIDTH=8:B_SIGNED=0:A_SIGNED=0:394426c56d1a028ba8fdd5469b163e04011def47 for cells of type $extern:wrap:$ge:Y_WIDTH=1:B_WIDTH=8:A_WIDTH=8:B_SIGNED=0:A_SIGNED=0:394426c56d1a028ba8fdd5469b163e04011def47.
Running "alumacc" on wrapper $extern:wrap:$sub:Y_WIDTH=9:B_WIDTH=9:A_WIDTH=8:B_SIGNED=0:A_SIGNED=0:394426c56d1a028ba8fdd5469b163e04011def47.
Using template $extern:wrap:$sub:Y_WIDTH=9:B_WIDTH=9:A_WIDTH=8:B_SIGNED=0:A_SIGNED=0:394426c56d1a028ba8fdd5469b163e04011def47 for cells of type $extern:wrap:$sub:Y_WIDTH=9:B_WIDTH=9:A_WIDTH=8:B_SIGNED=0:A_SIGNED=0:394426c56d1a028ba8fdd5469b163e04011def47.
Running "alumacc" on wrapper $extern:wrap:$ge:Y_WIDTH=1:B_WIDTH=9:A_WIDTH=8:B_SIGNED=0:A_SIGNED=0:394426c56d1a028ba8fdd5469b163e04011def47.
Using template $extern:wrap:$ge:Y_WIDTH=1:B_WIDTH=9:A_WIDTH=8:B_SIGNED=0:A_SIGNED=0:394426c56d1a028ba8fdd5469b163e04011def47 for cells of type $extern:wrap:$ge:Y_WIDTH=1:B_WIDTH=9:A_WIDTH=8:B_SIGNED=0:A_SIGNED=0:394426c56d1a028ba8fdd5469b163e04011def47.
Running "alumacc" on wrapper $extern:wrap:$sub:Y_WIDTH=10:B_WIDTH=10:A_WIDTH=8:B_SIGNED=0:A_SIGNED=0:394426c56d1a028ba8fdd5469b163e04011def47.
Using template $extern:wrap:$sub:Y_WIDTH=10:B_WIDTH=10:A_WIDTH=8:B_SIGNED=0:A_SIGNED=0:394426c56d1a028ba8fdd5469b163e04011def47 for cells of type $extern:wrap:$sub:Y_WIDTH=10:B_WIDTH=10:A_WIDTH=8:B_SIGNED=0:A_SIGNED=0:394426c56d1a028ba8fdd5469b163e04011def47.
Running "alumacc" on wrapper $extern:wrap:$ge:Y_WIDTH=1:B_WIDTH=10:A_WIDTH=8:B_SIGNED=0:A_SIGNED=0:394426c56d1a028ba8fdd5469b163e04011def47.
Using template $extern:wrap:$ge:Y_WIDTH=1:B_WIDTH=10:A_WIDTH=8:B_SIGNED=0:A_SIGNED=0:394426c56d1a028ba8fdd5469b163e04011def47 for cells of type $extern:wrap:$ge:Y_WIDTH=1:B_WIDTH=10:A_WIDTH=8:B_SIGNED=0:A_SIGNED=0:394426c56d1a028ba8fdd5469b163e04011def47.
Running "alumacc" on wrapper $extern:wrap:$sub:Y_WIDTH=11:B_WIDTH=11:A_WIDTH=8:B_SIGNED=0:A_SIGNED=0:394426c56d1a028ba8fdd5469b163e04011def47.
Using template $extern:wrap:$sub:Y_WIDTH=11:B_WIDTH=11:A_WIDTH=8:B_SIGNED=0:A_SIGNED=0:394426c56d1a028ba8fdd5469b163e04011def47 for cells of type $extern:wrap:$sub:Y_WIDTH=11:B_WIDTH=11:A_WIDTH=8:B_SIGNED=0:A_SIGNED=0:394426c56d1a028ba8fdd5469b163e04011def47.
Running "alumacc" on wrapper $extern:wrap:$ge:Y_WIDTH=1:B_WIDTH=11:A_WIDTH=8:B_SIGNED=0:A_SIGNED=0:394426c56d1a028ba8fdd5469b163e04011def47.
Using template $extern:wrap:$ge:Y_WIDTH=1:B_WIDTH=11:A_WIDTH=8:B_SIGNED=0:A_SIGNED=0:394426c56d1a028ba8fdd5469b163e04011def47 for cells of type $extern:wrap:$ge:Y_WIDTH=1:B_WIDTH=11:A_WIDTH=8:B_SIGNED=0:A_SIGNED=0:394426c56d1a028ba8fdd5469b163e04011def47.
Running "alumacc" on wrapper $extern:wrap:$sub:Y_WIDTH=12:B_WIDTH=12:A_WIDTH=8:B_SIGNED=0:A_SIGNED=0:394426c56d1a028ba8fdd5469b163e04011def47.
Using template $extern:wrap:$sub:Y_WIDTH=12:B_WIDTH=12:A_WIDTH=8:B_SIGNED=0:A_SIGNED=0:394426c56d1a028ba8fdd5469b163e04011def47 for cells of type $extern:wrap:$sub:Y_WIDTH=12:B_WIDTH=12:A_WIDTH=8:B_SIGNED=0:A_SIGNED=0:394426c56d1a028ba8fdd5469b163e04011def47.
Running "alumacc" on wrapper $extern:wrap:$ge:Y_WIDTH=1:B_WIDTH=12:A_WIDTH=8:B_SIGNED=0:A_SIGNED=0:394426c56d1a028ba8fdd5469b163e04011def47.
Using template $extern:wrap:$ge:Y_WIDTH=1:B_WIDTH=12:A_WIDTH=8:B_SIGNED=0:A_SIGNED=0:394426c56d1a028ba8fdd5469b163e04011def47 for cells of type $extern:wrap:$ge:Y_WIDTH=1:B_WIDTH=12:A_WIDTH=8:B_SIGNED=0:A_SIGNED=0:394426c56d1a028ba8fdd5469b163e04011def47.
Running "alumacc" on wrapper $extern:wrap:$sub:Y_WIDTH=13:B_WIDTH=13:A_WIDTH=8:B_SIGNED=0:A_SIGNED=0:394426c56d1a028ba8fdd5469b163e04011def47.
Using template $extern:wrap:$sub:Y_WIDTH=13:B_WIDTH=13:A_WIDTH=8:B_SIGNED=0:A_SIGNED=0:394426c56d1a028ba8fdd5469b163e04011def47 for cells of type $extern:wrap:$sub:Y_WIDTH=13:B_WIDTH=13:A_WIDTH=8:B_SIGNED=0:A_SIGNED=0:394426c56d1a028ba8fdd5469b163e04011def47.
Running "alumacc" on wrapper $extern:wrap:$ge:Y_WIDTH=1:B_WIDTH=13:A_WIDTH=8:B_SIGNED=0:A_SIGNED=0:394426c56d1a028ba8fdd5469b163e04011def47.
Using template $extern:wrap:$ge:Y_WIDTH=1:B_WIDTH=13:A_WIDTH=8:B_SIGNED=0:A_SIGNED=0:394426c56d1a028ba8fdd5469b163e04011def47 for cells of type $extern:wrap:$ge:Y_WIDTH=1:B_WIDTH=13:A_WIDTH=8:B_SIGNED=0:A_SIGNED=0:394426c56d1a028ba8fdd5469b163e04011def47.
Running "alumacc" on wrapper $extern:wrap:$sub:Y_WIDTH=14:B_WIDTH=14:A_WIDTH=8:B_SIGNED=0:A_SIGNED=0:394426c56d1a028ba8fdd5469b163e04011def47.
Using template $extern:wrap:$sub:Y_WIDTH=14:B_WIDTH=14:A_WIDTH=8:B_SIGNED=0:A_SIGNED=0:394426c56d1a028ba8fdd5469b163e04011def47 for cells of type $extern:wrap:$sub:Y_WIDTH=14:B_WIDTH=14:A_WIDTH=8:B_SIGNED=0:A_SIGNED=0:394426c56d1a028ba8fdd5469b163e04011def47.
Running "alumacc" on wrapper $extern:wrap:$ge:Y_WIDTH=1:B_WIDTH=14:A_WIDTH=8:B_SIGNED=0:A_SIGNED=0:394426c56d1a028ba8fdd5469b163e04011def47.
Using template $extern:wrap:$ge:Y_WIDTH=1:B_WIDTH=14:A_WIDTH=8:B_SIGNED=0:A_SIGNED=0:394426c56d1a028ba8fdd5469b163e04011def47 for cells of type $extern:wrap:$ge:Y_WIDTH=1:B_WIDTH=14:A_WIDTH=8:B_SIGNED=0:A_SIGNED=0:394426c56d1a028ba8fdd5469b163e04011def47.
Running "alumacc" on wrapper $extern:wrap:$sub:Y_WIDTH=15:B_WIDTH=15:A_WIDTH=8:B_SIGNED=0:A_SIGNED=0:394426c56d1a028ba8fdd5469b163e04011def47.
Using template $extern:wrap:$sub:Y_WIDTH=15:B_WIDTH=15:A_WIDTH=8:B_SIGNED=0:A_SIGNED=0:394426c56d1a028ba8fdd5469b163e04011def47 for cells of type $extern:wrap:$sub:Y_WIDTH=15:B_WIDTH=15:A_WIDTH=8:B_SIGNED=0:A_SIGNED=0:394426c56d1a028ba8fdd5469b163e04011def47.
Running "alumacc" on wrapper $extern:wrap:$ge:Y_WIDTH=1:B_WIDTH=15:A_WIDTH=8:B_SIGNED=0:A_SIGNED=0:394426c56d1a028ba8fdd5469b163e04011def47.
Using template $extern:wrap:$ge:Y_WIDTH=1:B_WIDTH=15:A_WIDTH=8:B_SIGNED=0:A_SIGNED=0:394426c56d1a028ba8fdd5469b163e04011def47 for cells of type $extern:wrap:$ge:Y_WIDTH=1:B_WIDTH=15:A_WIDTH=8:B_SIGNED=0:A_SIGNED=0:394426c56d1a028ba8fdd5469b163e04011def47.
Using template $paramod$a1bc51c02ce12ac21eb18988e83292af48ed7d72\_90_alu for cells of type $alu.
Using template $paramod$78464f9f65d57061f7490f3fe5dd257e4a61e2b7\_90_alu for cells of type $alu.
Using template $paramod$78648aff6d035ceca1e51be5292d8e9748cdc2be\_90_alu for cells of type $alu.
Using template $paramod$5ece6c5f43fb71f6d288804e401c83703363913e\_90_alu for cells of type $alu.
Using template $paramod$faa58573f9d1592ccf4bfc12206a71a8d2733e33\_90_alu for cells of type $alu.
Using template $paramod$7fb440a4f56077cf55596eac05c516869c752d23\_90_alu for cells of type $alu.
Using template $paramod$33acca59acb78d0be1d2963f30b104550f2b2c75\_90_alu for cells of type $alu.
Using template $paramod$f7417944f96f261f97a49c7e5ba603b32499b5a9\_90_alu for cells of type $alu.
Using template $paramod\_90_lcu_brent_kung\WIDTH=32'00000000000000000000000000001001 for cells of type $lcu.
Using template $paramod\_90_lcu_brent_kung\WIDTH=32'00000000000000000000000000001011 for cells of type $lcu.
Using template $paramod\_90_lcu_brent_kung\WIDTH=32'00000000000000000000000000001101 for cells of type $lcu.
Using template $paramod\_90_lcu_brent_kung\WIDTH=32'00000000000000000000000000001111 for cells of type $lcu.
No more expansions possible.
<suppressed ~39302 debug messages>

yosys> opt -fast

6. Executing OPT pass (performing simple optimizations).

yosys> opt_expr

6.1. Executing OPT_EXPR pass (perform const folding).
Optimizing module vibe_dll_tx.
<suppressed ~12437 debug messages>

yosys> opt_merge

6.2. Executing OPT_MERGE pass (detect identical cells).
Finding identical cells in module `\vibe_dll_tx'.
<suppressed ~9585 debug messages>
Removed a total of 3195 cells.

yosys> opt_dff

6.3. Executing OPT_DFF pass (perform DFF optimizations).
Adding EN signal on $auto$ff.cc:266:slice$90860 ($_DFF_PN0_) from module vibe_dll_tx (D = $0\fq_n[3:0] [1], Q = \fq_n [1]).
Adding EN signal on $auto$ff.cc:266:slice$90859 ($_DFF_PN0_) from module vibe_dll_tx (D = $0\fq_n[3:0] [0], Q = \fq_n [0]).
Setting constant 0-bit at position 0 on $auto$ff.cc:266:slice$90013 ($_DFFE_PN0P_) from module vibe_dll_tx.

yosys> opt_clean

6.4. Executing OPT_CLEAN pass (remove unused cells and wires).
Finding unused cells or wires in module \vibe_dll_tx..
Removed 1754 unused cells and 4356 unused wires.
<suppressed ~1755 debug messages>

6.5. Rerunning OPT passes. (Removed registers in this run.)

yosys> opt_expr

6.6. Executing OPT_EXPR pass (perform const folding).
Optimizing module vibe_dll_tx.
<suppressed ~16 debug messages>

yosys> opt_merge

6.7. Executing OPT_MERGE pass (detect identical cells).
Finding identical cells in module `\vibe_dll_tx'.
<suppressed ~12 debug messages>
Removed a total of 4 cells.

yosys> opt_dff

6.8. Executing OPT_DFF pass (perform DFF optimizations).

yosys> opt_clean

6.9. Executing OPT_CLEAN pass (remove unused cells and wires).
Finding unused cells or wires in module \vibe_dll_tx..
Removed 1 unused cells and 9 unused wires.
<suppressed ~2 debug messages>

6.10. Finished fast OPT passes.

yosys> dfflibmap -liberty /workspace/scripts/synth/work/sky130_fd_sc_hd__tt_025C_1v80.lib

7. Executing DFFLIBMAP pass (mapping DFF cells to sequential cells from liberty file).
  cell sky130_fd_sc_hd__dfxtp_1 (noninv, pins=3, area=20.02) is a direct match for cell type $_DFF_P_.
  cell sky130_fd_sc_hd__dfrtn_1 (noninv, pins=4, area=25.02) is a direct match for cell type $_DFF_NN0_.
  cell sky130_fd_sc_hd__dfrtp_1 (noninv, pins=4, area=25.02) is a direct match for cell type $_DFF_PN0_.
  cell sky130_fd_sc_hd__dfstp_2 (noninv, pins=4, area=26.28) is a direct match for cell type $_DFF_PN1_.
  cell sky130_fd_sc_hd__edfxtp_1 (noninv, pins=4, area=30.03) is a direct match for cell type $_DFFE_PP_.
  cell sky130_fd_sc_hd__dfbbn_1 (noninv, pins=6, area=32.53) is a direct match for cell type $_DFFSR_NNN_.
  cell sky130_fd_sc_hd__dfbbp_1 (noninv, pins=6, area=32.53) is a direct match for cell type $_DFFSR_PNN_.
  final dff cell mappings:
    unmapped dff cell: $_DFF_N_
    \sky130_fd_sc_hd__dfxtp_1 _DFF_P_ (.CLK( C), .D( D), .Q( Q));
    \sky130_fd_sc_hd__dfrtn_1 _DFF_NN0_ (.CLK_N( C), .D( D), .Q( Q), .RESET_B( R));
    unmapped dff cell: $_DFF_NN1_
    unmapped dff cell: $_DFF_NP0_
    unmapped dff cell: $_DFF_NP1_
    \sky130_fd_sc_hd__dfrtp_1 _DFF_PN0_ (.CLK( C), .D( D), .Q( Q), .RESET_B( R));
    \sky130_fd_sc_hd__dfstp_2 _DFF_PN1_ (.CLK( C), .D( D), .Q( Q), .SET_B( R));
    unmapped dff cell: $_DFF_PP0_
    unmapped dff cell: $_DFF_PP1_
    unmapped dff cell: $_DFFE_NN_
    unmapped dff cell: $_DFFE_NP_
    unmapped dff cell: $_DFFE_PN_
    \sky130_fd_sc_hd__edfxtp_1 _DFFE_PP_ (.CLK( C), .D( D), .DE( E), .Q( Q));
    \sky130_fd_sc_hd__dfbbn_1 _DFFSR_NNN_ (.CLK_N( C), .D( D), .Q( Q), .Q_N(~Q), .RESET_B( R), .SET_B( S));
    unmapped dff cell: $_DFFSR_NNP_
    unmapped dff cell: $_DFFSR_NPN_
    unmapped dff cell: $_DFFSR_NPP_
    \sky130_fd_sc_hd__dfbbp_1 _DFFSR_PNN_ (.CLK( C), .D( D), .Q( Q), .Q_N(~Q), .RESET_B( R), .SET_B( S));
    unmapped dff cell: $_DFFSR_PNP_
    unmapped dff cell: $_DFFSR_PPN_
    unmapped dff cell: $_DFFSR_PPP_

yosys> dfflegalize -cell $_DFF_P_ 01 -cell $_DFFE_PP_ 01 -cell $_DFF_NN0_ 01 -cell $_DFF_PN0_ 01 -cell $_DFF_PN1_ 01 -cell $_DFFSR_NNN_ 01 -cell $_DFFSR_PNN_ 01 t:$_DFF* t:$_SDFF*

7.1. Executing DFFLEGALIZE pass (convert FFs to types supported by the target).
<suppressed ~24 debug messages>
Mapping DFF cells in module `\vibe_dll_tx':
  mapped 2105 $_DFF_PN0_ cells to \sky130_fd_sc_hd__dfrtp_1 cells.

yosys> abc -liberty /workspace/scripts/synth/work/sky130_fd_sc_hd__tt_025C_1v80.lib

8. Executing ABC pass (technology mapping using ABC).

8.1. Extracting gate netlist of module `\vibe_dll_tx' to `<abc-temp-dir>/input.blif'..
Replacing 2 occurrences of constant undef bits with constant zero bits
Extracted 45732 gates and 48524 wires to a netlist network with 2789 inputs and 2113 outputs.

8.1.1. Executing ABC.
Running ABC command: "<yosys-exe-dir>/yosys-abc" -s -f <abc-temp-dir>/abc.script 2>&1
ABC: ABC command line: "source <abc-temp-dir>/abc.script".
ABC: 
ABC: + read_blif <abc-temp-dir>/input.blif 
ABC: + read_lib -w /workspace/scripts/synth/work/sky130_fd_sc_hd__tt_025C_1v80.lib 
ABC: Parsing finished successfully.  Parsing time =     0.07 sec
ABC: Scl_LibertyReadGenlib() skipped cell "sky130_fd_sc_hd__decap_12" without logic function.
ABC: Scl_LibertyReadGenlib() skipped cell "sky130_fd_sc_hd__decap_3" without logic function.
ABC: Scl_LibertyReadGenlib() skipped cell "sky130_fd_sc_hd__decap_4" without logic function.
ABC: Scl_LibertyReadGenlib() skipped cell "sky130_fd_sc_hd__decap_6" without logic function.
ABC: Scl_LibertyReadGenlib() skipped cell "sky130_fd_sc_hd__decap_8" without logic function.
ABC: Scl_LibertyReadGenlib() skipped sequential cell "sky130_fd_sc_hd__dfbbn_1".
ABC: Scl_LibertyReadGenlib() skipped sequential cell "sky130_fd_sc_hd__dfbbn_2".
ABC: Scl_LibertyReadGenlib() skipped sequential cell "sky130_fd_sc_hd__dfbbp_1".
ABC: Scl_LibertyReadGenlib() skipped sequential cell "sky130_fd_sc_hd__dfrbp_1".
ABC: Scl_LibertyReadGenlib() skipped sequential cell "sky130_fd_sc_hd__dfrbp_2".
ABC: Scl_LibertyReadGenlib() skipped sequential cell "sky130_fd_sc_hd__dfrtn_1".
ABC: Scl_LibertyReadGenlib() skipped sequential cell "sky130_fd_sc_hd__dfrtp_1".
ABC: Scl_LibertyReadGenlib() skipped sequential cell "sky130_fd_sc_hd__dfrtp_2".
ABC: Scl_LibertyReadGenlib() skipped sequential cell "sky130_fd_sc_hd__dfrtp_4".
ABC: Scl_LibertyReadGenlib() skipped sequential cell "sky130_fd_sc_hd__dfsbp_1".
ABC: Scl_LibertyReadGenlib() skipped sequential cell "sky130_fd_sc_hd__dfsbp_2".
ABC: Scl_LibertyReadGenlib() skipped sequential cell "sky130_fd_sc_hd__dfstp_1".
ABC: Scl_LibertyReadGenlib() skipped sequential cell "sky130_fd_sc_hd__dfstp_2".
ABC: Scl_LibertyReadGenlib() skipped sequential cell "sky130_fd_sc_hd__dfstp_4".
ABC: Scl_LibertyReadGenlib() skipped sequential cell "sky130_fd_sc_hd__dfxbp_1".
ABC: Scl_LibertyReadGenlib() skipped sequential cell "sky130_fd_sc_hd__dfxbp_2".
ABC: Scl_LibertyReadGenlib() skipped sequential cell "sky130_fd_sc_hd__dfxtp_1".
ABC: Scl_LibertyReadGenlib() skipped sequential cell "sky130_fd_sc_hd__dfxtp_2".
ABC: Scl_LibertyReadGenlib() skipped sequential cell "sky130_fd_sc_hd__dfxtp_4".
ABC: Scl_LibertyReadGenlib() skipped cell "sky130_fd_sc_hd__diode_2" without logic function.
ABC: Scl_LibertyReadGenlib() skipped cell "sky130_fd_sc_hd__dlclkp_1" without logic function.
ABC: Scl_LibertyReadGenlib() skipped cell "sky130_fd_sc_hd__dlclkp_2" without logic function.
ABC: Scl_LibertyReadGenlib() skipped cell "sky130_fd_sc_hd__dlclkp_4" without logic function.
ABC: Scl_LibertyReadGenlib() skipped sequential cell "sky130_fd_sc_hd__dlrbn_1".
ABC: Scl_LibertyReadGenlib() skipped sequential cell "sky130_fd_sc_hd__dlrbn_2".
ABC: Scl_LibertyReadGenlib() skipped sequential cell "sky130_fd_sc_hd__dlrbp_1".
ABC: Scl_LibertyReadGenlib() skipped sequential cell "sky130_fd_sc_hd__dlrbp_2".
ABC: Scl_LibertyReadGenlib() skipped sequential cell "sky130_fd_sc_hd__dlrtn_1".
ABC: Scl_LibertyReadGenlib() skipped sequential cell "sky130_fd_sc_hd__dlrtn_2".
ABC: Scl_LibertyReadGenlib() skipped sequential cell "sky130_fd_sc_hd__dlrtn_4".
ABC: Scl_LibertyReadGenlib() skipped sequential cell "sky130_fd_sc_hd__dlrtp_1".
ABC: Scl_LibertyReadGenlib() skipped sequential cell "sky130_fd_sc_hd__dlrtp_2".
ABC: Scl_LibertyReadGenlib() skipped sequential cell "sky130_fd_sc_hd__dlrtp_4".
ABC: Scl_LibertyReadGenlib() skipped sequential cell "sky130_fd_sc_hd__dlxbn_1".
ABC: Scl_LibertyReadGenlib() skipped sequential cell "sky130_fd_sc_hd__dlxbn_2".
ABC: Scl_LibertyReadGenlib() skipped sequential cell "sky130_fd_sc_hd__dlxbp_1".
ABC: Scl_LibertyReadGenlib() skipped sequential cell "sky130_fd_sc_hd__dlxtn_1".
ABC: Scl_LibertyReadGenlib() skipped sequential cell "sky130_fd_sc_hd__dlxtn_2".
ABC: Scl_LibertyReadGenlib() skipped sequential cell "sky130_fd_sc_hd__dlxtn_4".
ABC: Scl_LibertyReadGenlib() skipped sequential cell "sky130_fd_sc_hd__dlxtp_1".
ABC: Scl_LibertyReadGenlib() skipped three-state cell "sky130_fd_sc_hd__ebufn_1".
ABC: Scl_LibertyReadGenlib() skipped three-state cell "sky130_fd_sc_hd__ebufn_2".
ABC: Scl_LibertyReadGenlib() skipped three-state cell "sky130_fd_sc_hd__ebufn_4".
ABC: Scl_LibertyReadGenlib() skipped three-state cell "sky130_fd_sc_hd__ebufn_8".
ABC: Scl_LibertyReadGenlib() skipped sequential cell "sky130_fd_sc_hd__edfxbp_1".
ABC: Scl_LibertyReadGenlib() skipped sequential cell "sky130_fd_sc_hd__edfxtp_1".
ABC: Scl_LibertyReadGenlib() skipped three-state cell "sky130_fd_sc_hd__einvn_0".
ABC: Scl_LibertyReadGenlib() skipped three-state cell "sky130_fd_sc_hd__einvn_1".
ABC: Scl_LibertyReadGenlib() skipped three-state cell "sky130_fd_sc_hd__einvn_2".
ABC: Scl_LibertyReadGenlib() skipped three-state cell "sky130_fd_sc_hd__einvn_4".
ABC: Scl_LibertyReadGenlib() skipped three-state cell "sky130_fd_sc_hd__einvn_8".
ABC: Scl_LibertyReadGenlib() skipped three-state cell "sky130_fd_sc_hd__einvp_1".
ABC: Scl_LibertyReadGenlib() skipped three-state cell "sky130_fd_sc_hd__einvp_2".
ABC: Scl_LibertyReadGenlib() skipped three-state cell "sky130_fd_sc_hd__einvp_4".
ABC: Scl_LibertyReadGenlib() skipped three-state cell "sky130_fd_sc_hd__einvp_8".
ABC: Scl_LibertyReadGenlib() skipped cell "sky130_fd_sc_hd__lpflow_bleeder_1" without logic function.
ABC: Scl_LibertyReadGenlib() skipped cell "sky130_fd_sc_hd__lpflow_decapkapwr_12" without logic function.
ABC: Scl_LibertyReadGenlib() skipped cell "sky130_fd_sc_hd__lpflow_decapkapwr_3" without logic function.
ABC: Scl_LibertyReadGenlib() skipped cell "sky130_fd_sc_hd__lpflow_decapkapwr_4" without logic function.
ABC: Scl_LibertyReadGenlib() skipped cell "sky130_fd_sc_hd__lpflow_decapkapwr_6" without logic function.
ABC: Scl_LibertyReadGenlib() skipped cell "sky130_fd_sc_hd__lpflow_decapkapwr_8" without logic function.
ABC: Scl_LibertyReadGenlib() skipped sequential cell "sky130_fd_sc_hd__lpflow_inputisolatch_1".
ABC: Scl_LibertyReadGenlib() skipped sequential cell "sky130_fd_sc_hd__sdfbbn_1".
ABC: Scl_LibertyReadGenlib() skipped sequential cell "sky130_fd_sc_hd__sdfbbn_2".
ABC: Scl_LibertyReadGenlib() skipped sequential cell "sky130_fd_sc_hd__sdfbbp_1".
ABC: Scl_LibertyReadGenlib() skipped sequential cell "sky130_fd_sc_hd__sdfrbp_1".
ABC: Scl_LibertyReadGenlib() skipped sequential cell "sky130_fd_sc_hd__sdfrbp_2".
ABC: Scl_LibertyReadGenlib() skipped sequential cell "sky130_fd_sc_hd__sdfrtn_1".
ABC: Scl_LibertyReadGenlib() skipped sequential cell "sky130_fd_sc_hd__sdfrtp_1".
ABC: Scl_LibertyReadGenlib() skipped sequential cell "sky130_fd_sc_hd__sdfrtp_2".
ABC: Scl_LibertyReadGenlib() skipped sequential cell "sky130_fd_sc_hd__sdfrtp_4".
ABC: Scl_LibertyReadGenlib() skipped sequential cell "sky130_fd_sc_hd__sdfsbp_1".
ABC: Scl_LibertyReadGenlib() skipped sequential cell "sky130_fd_sc_hd__sdfsbp_2".
ABC: Scl_LibertyReadGenlib() skipped sequential cell "sky130_fd_sc_hd__sdfstp_1".
ABC: Scl_LibertyReadGenlib() skipped sequential cell "sky130_fd_sc_hd__sdfstp_2".
ABC: Scl_LibertyReadGenlib() skipped sequential cell "sky130_fd_sc_hd__sdfstp_4".
ABC: Scl_LibertyReadGenlib() skipped sequential cell "sky130_fd_sc_hd__sdfxbp_1".
ABC: Scl_LibertyReadGenlib() skipped sequential cell "sky130_fd_sc_hd__sdfxbp_2".
ABC: Scl_LibertyReadGenlib() skipped sequential cell "sky130_fd_sc_hd__sdfxtp_1".
ABC: Scl_LibertyReadGenlib() skipped sequential cell "sky130_fd_sc_hd__sdfxtp_2".
ABC: Scl_LibertyReadGenlib() skipped sequential cell "sky130_fd_sc_hd__sdfxtp_4".
ABC: Scl_LibertyReadGenlib() skipped cell "sky130_fd_sc_hd__sdlclkp_1" without logic function.
ABC: Scl_LibertyReadGenlib() skipped cell "sky130_fd_sc_hd__sdlclkp_2" without logic function.
ABC: Scl_LibertyReadGenlib() skipped cell "sky130_fd_sc_hd__sdlclkp_4" without logic function.
ABC: Scl_LibertyReadGenlib() skipped sequential cell "sky130_fd_sc_hd__sedfxbp_1".
ABC: Scl_LibertyReadGenlib() skipped sequential cell "sky130_fd_sc_hd__sedfxbp_2".
ABC: Scl_LibertyReadGenlib() skipped sequential cell "sky130_fd_sc_hd__sedfxtp_1".
ABC: Scl_LibertyReadGenlib() skipped sequential cell "sky130_fd_sc_hd__sedfxtp_2".
ABC: Scl_LibertyReadGenlib() skipped sequential cell "sky130_fd_sc_hd__sedfxtp_4".
ABC: Library "sky130_fd_sc_hd__tt_025C_1v80" from "/workspace/scripts/synth/work/sky130_fd_sc_hd__tt_025C_1v80.lib" has 334 cells (94 skipped: 63 seq; 13 tri-state; 18 no func; 0 dont_use).  Time =     0.09 sec
ABC: Memory =   19.81 MB. Time =     0.09 sec
ABC: Warning: Detected 9 multi-output gates (for example, "sky130_fd_sc_hd__fa_1").
ABC: + strash 
ABC: + &get -n 
ABC: + &fraig -x 
ABC: + &put 
ABC: + scorr 
ABC: Warning: The network is combinational (run "fraig" or "fraig_sweep").
ABC: + dc2 
ABC: + dretime 
ABC: + strash 
ABC: + &get -n 
ABC: + &dch -f 
ABC: + &nf 
ABC: + &put 
ABC: + write_blif <abc-temp-dir>/output.blif 

8.1.2. Re-integrating ABC results.
ABC RESULTS:   sky130_fd_sc_hd__a2111oi_0 cells:        1
ABC RESULTS:   sky130_fd_sc_hd__a211o_1 cells:       12
ABC RESULTS:   sky130_fd_sc_hd__a211oi_1 cells:      608
ABC RESULTS:   sky130_fd_sc_hd__a21boi_0 cells:        2
ABC RESULTS:   sky130_fd_sc_hd__a21o_1 cells:       59
ABC RESULTS:   sky130_fd_sc_hd__a21oi_1 cells:     3111
ABC RESULTS:   sky130_fd_sc_hd__a221o_1 cells:       56
ABC RESULTS:   sky130_fd_sc_hd__a221oi_1 cells:       99
ABC RESULTS:   sky130_fd_sc_hd__a222oi_1 cells:        9
ABC RESULTS:   sky130_fd_sc_hd__a22o_1 cells:      416
ABC RESULTS:   sky130_fd_sc_hd__a22oi_1 cells:      357
ABC RESULTS:   sky130_fd_sc_hd__a2bb2oi_1 cells:        6
ABC RESULTS:   sky130_fd_sc_hd__a311oi_1 cells:       76
ABC RESULTS:   sky130_fd_sc_hd__a31o_1 cells:        2
ABC RESULTS:   sky130_fd_sc_hd__a31oi_1 cells:      147
ABC RESULTS:   sky130_fd_sc_hd__a32o_1 cells:        1
ABC RESULTS:   sky130_fd_sc_hd__a32oi_1 cells:       10
ABC RESULTS:   sky130_fd_sc_hd__a41oi_1 cells:        8
ABC RESULTS:   sky130_fd_sc_hd__and2_0 cells:       61
ABC RESULTS:   sky130_fd_sc_hd__and3_1 cells:      108
ABC RESULTS:   sky130_fd_sc_hd__and3b_1 cells:        1
ABC RESULTS:   sky130_fd_sc_hd__clkinv_1 cells:      223
ABC RESULTS:   sky130_fd_sc_hd__lpflow_inputiso1p_1 cells:       24
ABC RESULTS:   sky130_fd_sc_hd__lpflow_isobufsrc_1 cells:       25
ABC RESULTS:   sky130_fd_sc_hd__mux2_1 cells:      243
ABC RESULTS:   sky130_fd_sc_hd__mux2i_1 cells:     1113
ABC RESULTS:   sky130_fd_sc_hd__nand2_1 cells:     3142
ABC RESULTS:   sky130_fd_sc_hd__nand2b_1 cells:        5
ABC RESULTS:   sky130_fd_sc_hd__nand3_1 cells:      787
ABC RESULTS:   sky130_fd_sc_hd__nand4_1 cells:        6
ABC RESULTS:   sky130_fd_sc_hd__nor2_1 cells:     2272
ABC RESULTS:   sky130_fd_sc_hd__nor2b_1 cells:        2
ABC RESULTS:   sky130_fd_sc_hd__nor3_1 cells:      138
ABC RESULTS:   sky130_fd_sc_hd__nor3b_1 cells:        1
ABC RESULTS:   sky130_fd_sc_hd__nor4_1 cells:        3
ABC RESULTS:   sky130_fd_sc_hd__o2111ai_1 cells:        2
ABC RESULTS:   sky130_fd_sc_hd__o211a_1 cells:        1
ABC RESULTS:   sky130_fd_sc_hd__o211ai_1 cells:      369
ABC RESULTS:   sky130_fd_sc_hd__o21a_1 cells:       31
ABC RESULTS:   sky130_fd_sc_hd__o21ai_0 cells:     4501
ABC RESULTS:   sky130_fd_sc_hd__o21bai_1 cells:        3
ABC RESULTS:   sky130_fd_sc_hd__o221a_1 cells:        7
ABC RESULTS:   sky130_fd_sc_hd__o221ai_1 cells:      298
ABC RESULTS:   sky130_fd_sc_hd__o22a_1 cells:        9
ABC RESULTS:   sky130_fd_sc_hd__o22ai_1 cells:      422
ABC RESULTS:   sky130_fd_sc_hd__o2bb2ai_1 cells:       17
ABC RESULTS:   sky130_fd_sc_hd__o311ai_0 cells:        4
ABC RESULTS:   sky130_fd_sc_hd__o31a_1 cells:        1
ABC RESULTS:   sky130_fd_sc_hd__o31ai_1 cells:       20
ABC RESULTS:   sky130_fd_sc_hd__o32a_1 cells:       27
ABC RESULTS:   sky130_fd_sc_hd__o32ai_1 cells:        7
ABC RESULTS:   sky130_fd_sc_hd__o41ai_1 cells:        2
ABC RESULTS:   sky130_fd_sc_hd__or3_1 cells:       12
ABC RESULTS:   sky130_fd_sc_hd__xnor2_1 cells:     2526
ABC RESULTS:   sky130_fd_sc_hd__xnor3_1 cells:      710
ABC RESULTS:   sky130_fd_sc_hd__xor2_1 cells:      748
ABC RESULTS:   sky130_fd_sc_hd__xor3_1 cells:      129
ABC RESULTS:        internal signals:    43622
ABC RESULTS:           input signals:     2789
ABC RESULTS:          output signals:     2113
Removing temp directory.

yosys> opt_clean

9. Executing OPT_CLEAN pass (remove unused cells and wires).
Finding unused cells or wires in module \vibe_dll_tx..
Removed 0 unused cells and 6365 unused wires.
<suppressed ~28 debug messages>

yosys> tee -o /workspace/reports/synth/blocks/vibe_dll_tx/stat.rpt stat -liberty /workspace/scripts/synth/work/sky130_fd_sc_hd__tt_025C_1v80.lib

yosys> stat -liberty /workspace/scripts/synth/work/sky130_fd_sc_hd__tt_025C_1v80.lib

10. Printing statistics.

=== vibe_dll_tx ===

   Number of wires:              24959
   Number of wire bits:          49320
   Number of public wires:        1988
   Number of public wire bits:   26346
   Number of ports:                 26
   Number of port bits:           1503
   Number of memories:               0
   Number of memory bits:            0
   Number of processes:              0
   Number of cells:              25085
     sky130_fd_sc_hd__a2111oi_0      1
     sky130_fd_sc_hd__a211o_1       12
     sky130_fd_sc_hd__a211oi_1     608
     sky130_fd_sc_hd__a21boi_0       2
     sky130_fd_sc_hd__a21o_1        59
     sky130_fd_sc_hd__a21oi_1     3111
     sky130_fd_sc_hd__a221o_1       56
     sky130_fd_sc_hd__a221oi_1      99
     sky130_fd_sc_hd__a222oi_1       9
     sky130_fd_sc_hd__a22o_1       416
     sky130_fd_sc_hd__a22oi_1      357
     sky130_fd_sc_hd__a2bb2oi_1      6
     sky130_fd_sc_hd__a311oi_1      76
     sky130_fd_sc_hd__a31o_1         2
     sky130_fd_sc_hd__a31oi_1      147
     sky130_fd_sc_hd__a32o_1         1
     sky130_fd_sc_hd__a32oi_1       10
     sky130_fd_sc_hd__a41oi_1        8
     sky130_fd_sc_hd__and2_0        61
     sky130_fd_sc_hd__and3_1       108
     sky130_fd_sc_hd__and3b_1        1
     sky130_fd_sc_hd__clkinv_1     223
     sky130_fd_sc_hd__dfrtp_1     2105
     sky130_fd_sc_hd__lpflow_inputiso1p_1     24
     sky130_fd_sc_hd__lpflow_isobufsrc_1     25
     sky130_fd_sc_hd__mux2_1       243
     sky130_fd_sc_hd__mux2i_1     1113
     sky130_fd_sc_hd__nand2_1     3142
     sky130_fd_sc_hd__nand2b_1       5
     sky130_fd_sc_hd__nand3_1      787
     sky130_fd_sc_hd__nand4_1        6
     sky130_fd_sc_hd__nor2_1      2272
     sky130_fd_sc_hd__nor2b_1        2
     sky130_fd_sc_hd__nor3_1       138
     sky130_fd_sc_hd__nor3b_1        1
     sky130_fd_sc_hd__nor4_1         3
     sky130_fd_sc_hd__o2111ai_1      2
     sky130_fd_sc_hd__o211a_1        1
     sky130_fd_sc_hd__o211ai_1     369
     sky130_fd_sc_hd__o21a_1        31
     sky130_fd_sc_hd__o21ai_0     4501
     sky130_fd_sc_hd__o21bai_1       3
     sky130_fd_sc_hd__o221a_1        7
     sky130_fd_sc_hd__o221ai_1     298
     sky130_fd_sc_hd__o22a_1         9
     sky130_fd_sc_hd__o22ai_1      422
     sky130_fd_sc_hd__o2bb2ai_1     17
     sky130_fd_sc_hd__o311ai_0       4
     sky130_fd_sc_hd__o31a_1         1
     sky130_fd_sc_hd__o31ai_1       20
     sky130_fd_sc_hd__o32a_1        27
     sky130_fd_sc_hd__o32ai_1        7
     sky130_fd_sc_hd__o41ai_1        2
     sky130_fd_sc_hd__or3_1         12
     sky130_fd_sc_hd__xnor2_1     2526
     sky130_fd_sc_hd__xnor3_1      710
     sky130_fd_sc_hd__xor2_1       748
     sky130_fd_sc_hd__xor3_1       129

   Chip area for module '\vibe_dll_tx': 203677.843200
     of which used for sequential elements: 52675.520000 (25.86%)


yosys> write_verilog -noattr /workspace/scripts/synth/work/blocks/vibe_dll_tx/vibe_dll_tx.synth.v

11. Executing Verilog backend.

yosys> bmuxmap

11.1. Executing BMUXMAP pass.

yosys> demuxmap

11.2. Executing DEMUXMAP pass.

yosys> clean_zerowidth
Dumping module `\vibe_dll_tx'.

Warnings: 2 unique messages, 2 total
End of script. Logfile hash: c8f0f28225, CPU: user 12.58s system 0.17s, MEM: 236.78 MB peak
Yosys 0.54+29 (git sha1 7b0c1fe49, clang++ 18.1.8 -fPIC -O3)
Time spent: 42% 1x abc (9 sec), 13% 34x opt_clean (2 sec), ...
